participant_id,signup_date,email_verified_date,profile_completed_date,demographic_survey_completed_date,first_study_completed_date,is_activated
P102902,2024-01-04 03:08:52,2024-01-04 17:08:52,2024-01-05 14:31:20.857512,2024-01-07 09:57:55.245945,,False
P102604,2024-01-10 10:50:41,2024-01-10 12:50:41,2024-01-10 13:40:18.896873,2024-01-12 02:47:14.799405,2024-01-14 14:25:02.060249,True
P102714,2024-01-28 17:21:54,2024-01-28 23:21:54,2024-01-30 04:08:20.261554,2024-01-30 06:14:09.686552,2024-01-30 06:45:56.129467,True
P102327,2024-01-29 03:50:54,2024-01-29 15:50:54,2024-01-30 09:09:58.259785,2024-02-01 16:03:22.208482,2024-02-02 18:48:19.973859,True
P102911,2024-01-29 11:21:10,2024-01-29 16:21:10,2024-01-30 02:41:51.418183,2024-01-30 23:59:04.274889,2024-01-31 12:29:53.070811,True
P101921,2024-02-10 16:52:38,2024-02-11 06:52:38,,,,False
P102611,2024-02-13 20:30:05,2024-02-13 21:30:05,2024-02-14 17:37:13.653998,2024-02-15 03:32:42.811657,2024-02-15 07:40:22.177941,True
P102632,2024-02-16 00:08:54,2024-02-16 10:08:54,2024-02-17 05:24:22.399900,2024-02-17 22:40:18.916968,2024-02-18 18:54:53.243390,True
P100821,2024-02-17 23:55:24,2024-02-18 21:55:24,2024-02-19 20:18:48.655435,2024-02-21 06:03:10.487864,2024-02-24 16:46:26.481574,True
P101426,2024-02-18 23:08:49,2024-02-19 02:08:49,2024-02-19 06:35:30.995785,,,False
P100208,2024-02-19 21:18:29,,,,,False
P101901,2024-02-20 22:38:53,,,,,False
P100072,2024-02-21 05:20:33,2024-02-21 13:20:33,2024-02-22 11:52:06.466529,,,False
P102294,2024-02-21 18:52:26,2024-02-22 00:52:26,2024-02-24 22:47:43.539943,2024-02-28 09:21:07.980309,2024-02-28 16:12:21.504970,True
P101483,2024-02-22 08:20:05,2024-02-22 08:20:05,2024-02-22 16:02:40.876813,,,False
P101168,2024-02-24 11:27:27,2024-02-24 22:27:27,,,,False
P100128,2024-02-27 01:08:58,2024-02-27 15:08:58,2024-02-27 16:31:49.929542,2024-02-29 06:29:33.403314,2024-02-29 13:07:26.265763,True
P101515,2024-02-29 07:00:16,2024-03-01 02:00:16,,,,False
P102295,2024-02-29 18:42:36,2024-03-01 00:42:36,2024-03-01 23:44:47.721988,2024-03-04 10:19:05.013688,2024-03-14 23:49:00.167966,True
P102761,2024-03-01 14:14:47,2024-03-01 18:14:47,2024-03-01 21:01:29.858289,2024-03-03 20:40:07.800631,2024-03-07 21:19:28.337297,True
P102528,2024-03-04 04:23:12,2024-03-04 20:23:12,2024-03-06 00:39:12.903046,2024-03-06 16:01:01.266973,2024-03-07 07:52:04.679798,True
P100205,2024-03-05 07:03:18,2024-03-05 11:03:18,2024-03-06 00:25:49.027676,2024-03-07 15:09:21.674104,2024-03-08 15:19:39.389944,True
P102818,2024-03-05 21:25:29,2024-03-06 05:25:29,,,,False
P101886,2024-03-06 07:52:59,,,,,False
P101283,2024-03-07 10:45:24,,,,,False
P102692,2024-03-08 05:35:16,2024-03-08 05:35:16,2024-03-08 09:29:16.243008,,,False
P102349,2024-03-08 16:54:52,2024-03-08 16:54:52,2024-03-08 18:24:39.737151,2024-03-11 09:58:22.389622,2024-03-13 10:27:33.034357,True
P100407,2024-03-10 04:37:13,2024-03-10 08:37:13,2024-03-10 12:02:45.837318,2024-03-11 03:27:35.998246,2024-03-11 22:53:46.308685,True
P101743,2024-03-11 17:44:11,2024-03-11 22:44:11,,,,False
P100945,2024-03-11 21:19:37,2024-03-12 10:19:37,2024-03-15 07:50:30.487659,2024-03-15 23:38:49.780210,2024-03-16 18:53:45.585919,True
P100456,2024-03-12 16:49:53,,,,,False
P102977,2024-03-12 17:23:00,,,,,False
P101264,2024-03-13 01:22:02,2024-03-13 05:22:02,2024-03-13 21:06:38.691431,2024-03-13 22:23:43.209165,2024-03-14 19:15:01.056232,True
P102360,2024-03-13 06:24:25,2024-03-13 08:24:25,2024-03-14 21:38:27.807291,2024-03-15 01:26:56.783939,2024-03-18 14:56:44.375365,True
P102817,2024-03-14 01:33:56,2024-03-14 01:33:56,2024-03-14 08:49:39.170190,2024-03-14 12:56:20.141760,,False
P100470,2024-03-14 08:48:29,2024-03-14 08:48:29,2024-03-18 23:07:38.441090,2024-03-19 01:54:16.006193,2024-03-25 04:27:18.953310,True
P101752,2024-03-14 10:58:36,,,,,False
P101799,2024-03-14 14:38:39,2024-03-14 14:38:39,2024-03-19 06:20:27.802176,2024-03-20 01:10:40.333710,2024-03-21 20:48:08.173693,True
P102224,2024-03-15 05:17:45,2024-03-15 06:17:45,2024-03-15 17:59:26.454179,2024-03-15 23:39:13.338061,2024-03-19 13:05:51.751612,True
P102131,2024-03-15 22:30:10,2024-03-16 10:30:10,2024-03-17 18:24:01.039097,,,False
P100898,2024-03-16 11:37:10,2024-03-16 13:37:10,2024-03-18 13:03:32.805882,2024-03-19 10:53:02.012359,2024-03-23 08:11:27.154428,True
P100840,2024-03-17 09:24:45,2024-03-17 09:24:45,,,,False
P102533,2024-03-20 00:13:06,,,,,False
P100332,2024-03-20 02:57:35,2024-03-20 09:57:35,2024-03-29 23:18:27.160178,2024-04-03 21:03:46.907513,,False
P100563,2024-03-20 19:06:38,2024-03-20 19:06:38,2024-03-24 17:51:35.151100,2024-03-26 04:41:27.699265,,False
P102682,2024-03-21 02:35:27,2024-03-21 02:35:27,,,,False
P100244,2024-03-23 03:04:47,2024-03-23 10:04:47,,,,False
P100171,2024-03-25 06:42:50,2024-03-25 12:42:50,,,,False
P102703,2024-03-26 00:21:09,2024-03-26 00:21:09,,,,False
P102708,2024-03-27 10:45:29,2024-03-27 12:45:29,2024-03-29 07:48:16.761197,2024-04-03 11:36:37.780330,2024-04-06 18:42:04.478762,True
P102212,2024-03-28 04:04:05,,,,,False
P101073,2024-03-28 20:58:24,2024-03-29 02:58:24,2024-03-29 04:12:48.423636,,,False
P101513,2024-03-29 04:26:00,2024-03-29 08:26:00,2024-03-29 20:51:05.074979,,,False
P100371,2024-03-29 10:25:48,,,,,False
P100794,2024-03-29 13:45:00,,,,,False
P100936,2024-03-29 17:06:16,2024-03-29 21:06:16,2024-03-31 09:29:59.101114,2024-04-02 19:47:35.941418,2024-04-04 18:54:01.406895,True
P102685,2024-03-31 06:23:24,2024-04-01 02:23:24,2024-04-03 03:35:44.570537,2024-04-03 12:57:04.909418,2024-04-04 07:54:06.066527,True
P102516,2024-03-31 11:18:38,2024-03-31 11:18:38,2024-04-01 10:01:54.204997,,,False
P101746,2024-03-31 19:30:11,2024-04-02 08:30:11,2024-04-03 17:30:55.582534,2024-04-03 18:01:20.760102,2024-04-06 17:57:57.507025,True
P100882,2024-04-01 16:02:47,2024-04-01 17:02:47,,,,False
P100640,2024-04-02 17:53:38,2024-04-02 21:53:38,2024-04-03 11:36:30.489566,2024-04-04 22:31:57.959451,2024-04-13 10:00:00.345736,True
P100010,2024-04-03 10:22:07,2024-04-03 10:22:07,,,,False
P101049,2024-04-04 08:10:32,2024-04-04 15:10:32,2024-04-05 07:31:05.063598,2024-04-07 16:21:22.471485,2024-04-08 15:15:56.294157,True
P101813,2024-04-04 20:54:02,2024-04-05 01:54:02,2024-04-05 17:20:34.658679,2024-04-07 04:50:42.729588,2024-04-13 04:15:42.602866,True
P102018,2024-04-05 00:08:35,2024-04-05 08:08:35,2024-04-05 15:54:24.847210,,,False
P101202,2024-04-06 00:35:23,2024-04-06 06:35:23,2024-04-07 15:06:48.292712,2024-04-08 12:22:17.065539,,False
P100925,2024-04-07 00:32:41,2024-04-07 04:32:41,2024-04-09 16:14:37.426654,2024-04-12 05:39:57.195451,2024-04-12 17:03:34.015547,True
P102421,2024-04-08 13:22:08,2024-04-08 23:22:08,2024-04-09 22:11:12.588896,2024-04-13 12:55:09.031226,2024-04-17 22:36:57.461264,True
P100377,2024-04-08 13:48:03,2024-04-08 13:48:03,,,,False
P101576,2024-04-09 03:24:14,,,,,False
P102719,2024-04-09 20:27:00,2024-04-09 20:27:00,2024-04-09 23:07:00.001465,2024-04-10 23:06:15.750828,2024-04-14 07:12:04.426779,True
P100237,2024-04-10 00:43:11,2024-04-10 04:43:11,2024-04-11 03:41:34.305571,,,False
P101970,2024-04-10 01:33:42,2024-04-10 13:33:42,2024-04-11 00:27:14.036917,2024-04-11 00:37:45.403921,,False
P101047,2024-04-10 05:13:36,2024-04-10 06:13:36,2024-04-14 09:21:55.709814,2024-04-17 02:43:25.585091,,False
P101201,2024-04-11 15:43:55,2024-04-12 12:43:55,2024-04-14 12:53:16.873124,2024-04-14 22:46:50.056144,2024-04-18 17:29:37.458667,True
P102975,2024-04-12 04:16:06,2024-04-12 21:16:06,2024-04-14 03:21:06.699594,2024-04-14 05:52:27.433157,2024-04-16 23:23:44.618874,True
P102397,2024-04-12 13:39:38,2024-04-12 17:39:38,2024-04-14 09:19:42.160803,2024-04-15 18:19:56.136227,2024-04-15 22:06:58.590602,True
P100874,2024-04-12 14:31:05,2024-04-12 14:31:05,2024-04-13 17:54:30.145506,2024-04-14 14:20:33.840717,2024-04-15 20:51:53.658605,True
P100098,2024-04-12 17:28:32,2024-04-13 05:28:32,,,,False
P100312,2024-04-12 21:18:20,2024-04-13 14:18:20,2024-04-15 10:45:26.344389,2024-04-15 16:12:32.402798,2024-04-19 10:19:45.213528,True
P101696,2024-04-13 09:27:49,2024-04-13 10:27:49,2024-04-14 10:53:35.740133,2024-04-14 17:43:28.004923,2024-04-17 07:31:53.164533,True
P101502,2024-04-13 17:31:48,,,,,False
P100901,2024-04-14 02:33:41,2024-04-14 21:33:41,,,,False
P101969,2024-04-14 08:17:43,2024-04-14 13:17:43,2024-04-14 18:48:36.648349,2024-04-18 06:15:07.624107,2024-04-20 11:53:54.250275,True
P100515,2024-04-14 11:27:38,2024-04-14 23:27:38,2024-04-16 07:30:10.277848,2024-04-18 01:47:24.378508,2024-04-18 19:31:13.694397,True
P100356,2024-04-14 11:43:35,2024-04-14 15:43:35,,,,False
P100878,2024-04-15 16:40:06,,,,,False
P102080,2024-04-16 00:18:49,,,,,False
P102413,2024-04-16 16:57:58,2024-04-16 17:57:58,,,,False
P100557,2024-04-18 15:49:44,2024-04-19 01:49:44,2024-04-19 04:01:00.712102,2024-04-21 18:07:29.385755,,False
P102829,2024-04-19 02:20:46,2024-04-19 02:20:46,2024-04-19 22:51:08.459562,2024-04-28 21:49:30.376247,2024-04-29 09:38:48.342494,True
P101159,2024-04-19 05:18:14,2024-04-19 11:18:14,2024-04-20 13:57:37.072027,2024-04-21 20:15:24.175552,2024-04-22 02:24:39.104821,True
P101435,2024-04-20 08:54:43,2024-04-21 00:54:43,2024-04-21 14:10:24.454163,2024-04-22 12:17:57.652768,2024-05-03 02:51:08.295330,True
P100290,2024-04-21 12:02:50,2024-04-21 14:02:50,2024-04-24 03:53:24.358652,2024-04-27 23:39:47.665805,2024-05-15 07:40:38.812735,True
P101454,2024-04-21 14:54:47,2024-04-21 17:54:47,2024-04-21 20:01:01.430670,2024-04-22 05:21:18.814667,2024-04-25 06:19:16.557817,True
P102418,2024-04-22 00:51:54,2024-04-22 07:51:54,2024-04-25 08:09:49.133843,2024-04-25 09:58:29.058321,2024-04-25 18:14:57.441688,True
P100974,2024-04-22 08:12:03,2024-04-22 10:12:03,,,,False
P101339,2024-04-22 12:58:06,2024-04-23 03:58:06,2024-04-24 01:14:46.062560,2024-04-24 14:52:34.949788,,False
P101233,2024-04-22 20:01:24,2024-04-22 23:01:24,2024-04-26 20:01:05.527455,2024-04-27 20:15:38.397146,2024-04-28 10:43:53.171631,True
P101300,2024-04-23 06:18:12,2024-04-23 12:18:12,2024-04-25 07:54:57.444749,2024-05-03 21:05:59.823489,2024-05-06 10:49:30.981325,True
P100100,2024-04-23 11:40:51,2024-04-23 13:40:51,2024-04-27 13:57:21.087654,2024-04-28 10:31:18.944017,2024-04-28 13:24:53.231944,True
P101247,2024-04-25 14:05:05,2024-04-25 14:05:05,,,,False
P101288,2024-04-26 06:22:07,2024-04-26 07:22:07,2024-04-27 05:05:09.146373,2024-04-27 18:55:13.256372,2024-05-03 00:48:44.901843,True
P102182,2024-04-26 14:28:11,2024-04-26 14:28:11,2024-04-27 17:42:26.865545,2024-04-28 11:03:47.346673,2024-04-29 08:49:06.060763,True
P100764,2024-04-26 22:14:19,2024-04-27 03:14:19,,,,False
P102010,2024-04-26 22:15:58,2024-04-27 05:15:58,2024-04-30 19:21:17.411235,2024-05-02 12:06:25.996930,2024-05-04 00:19:22.471727,True
P101019,2024-04-27 05:48:42,2024-04-27 05:48:42,2024-04-28 21:28:31.187094,2024-04-29 09:46:43.923746,,False
P100042,2024-04-28 15:21:52,2024-04-28 15:21:52,2024-04-30 01:58:10.083636,2024-05-02 14:47:31.907860,2024-05-03 22:19:25.501235,True
P102241,2024-04-28 18:36:25,2024-04-28 23:36:25,2024-05-02 21:33:57.616577,2024-05-05 04:17:59.991395,2024-05-05 07:50:24.702732,True
P101903,2024-04-29 11:39:39,2024-04-29 23:39:39,2024-05-07 13:43:22.906323,,,False
P102858,2024-04-30 05:19:47,2024-04-30 12:19:47,2024-04-30 18:45:07.811041,2024-04-30 19:59:45.024416,2024-05-01 13:28:38.137176,True
P101650,2024-04-30 11:53:52,2024-04-30 11:53:52,2024-05-02 13:39:36.826456,,,False
P100285,2024-04-30 13:41:38,2024-05-01 06:41:38,,,,False
P101402,2024-05-01 09:29:12,,,,,False
P100856,2024-05-01 09:51:04,,,,,False
P100628,2024-05-01 10:55:50,,,,,False
P100145,2024-05-01 14:44:13,2024-05-01 19:44:13,2024-05-03 14:41:31.419160,2024-05-07 21:19:11.336502,2024-05-12 16:12:45.039813,True
P102297,2024-05-01 17:28:14,2024-05-02 15:28:14,2024-05-03 08:50:08.055866,2024-05-03 19:21:59.494169,2024-05-04 17:53:17.664952,True
P100291,2024-05-02 02:18:48,2024-05-02 07:18:48,,,,False
P102899,2024-05-02 07:41:15,,,,,False
P101030,2024-05-02 10:50:19,,,,,False
P102417,2024-05-04 12:06:41,2024-05-04 15:06:41,2024-05-05 12:39:30.560060,2024-05-17 16:30:44.297219,2024-05-21 22:55:17.050405,True
P102857,2024-05-04 19:17:24,2024-05-05 07:17:24,2024-05-05 15:52:36.998159,2024-05-06 20:46:33.964670,2024-05-08 13:01:54.796483,True
P101780,2024-05-04 20:29:22,2024-05-05 08:29:22,,,,False
P101013,2024-05-05 01:11:38,2024-05-05 11:11:38,,,,False
P101273,2024-05-05 04:35:24,2024-05-05 19:35:24,2024-05-05 20:56:02.559730,2024-05-07 09:25:44.993046,2024-05-11 17:04:44.163551,True
P101416,2024-05-05 14:10:33,2024-05-05 23:10:33,2024-05-08 03:22:05.376532,2024-05-09 17:42:09.088465,2024-05-10 08:37:18.471647,True
P100610,2024-05-05 15:42:21,2024-05-05 23:42:21,2024-05-06 00:25:58.476345,2024-05-14 07:21:20.409960,,False
P102467,2024-05-05 17:11:08,2024-05-05 21:11:08,2024-05-06 23:24:17.461358,2024-05-08 19:22:57.993195,,False
P101349,2024-05-06 00:04:47,,,,,False
P100335,2024-05-07 02:35:59,2024-05-07 06:35:59,2024-05-09 10:09:46.493387,,,False
P100168,2024-05-07 06:27:28,2024-05-07 13:27:28,2024-05-09 16:59:19.038496,2024-05-09 22:24:48.445422,2024-05-11 00:42:35.745215,True
P100599,2024-05-07 06:31:10,2024-05-07 10:31:10,2024-05-08 05:58:19.309280,2024-05-10 02:11:44.860276,2024-05-10 06:37:01.269191,True
P101794,2024-05-08 08:17:11,2024-05-08 09:17:11,2024-05-08 11:45:31.636950,,,False
P101422,2024-05-08 22:38:51,2024-05-08 22:38:51,2024-05-10 17:13:07.927659,,,False
P102939,2024-05-09 01:56:37,2024-05-09 21:56:37,2024-05-10 23:41:48.197103,2024-05-12 03:46:01.795977,2024-05-13 11:10:06.972405,True
P101826,2024-05-09 07:13:46,2024-05-09 07:13:46,2024-05-09 21:48:40.852999,2024-05-11 15:14:48.682879,2024-05-18 09:57:38.938281,True
P102203,2024-05-09 11:41:05,2024-05-09 11:41:05,2024-05-09 21:19:20.795169,2024-05-11 03:41:07.712309,2024-05-13 12:28:51.749464,True
P101072,2024-05-09 13:43:40,2024-05-09 17:43:40,2024-05-09 22:19:11.601224,2024-05-10 05:39:52.276262,2024-05-13 04:41:57.327102,True
P100472,2024-05-10 10:16:59,2024-05-10 12:16:59,2024-05-11 00:52:27.846791,2024-05-13 17:45:11.158877,2024-05-17 05:46:22.700725,True
P101866,2024-05-10 19:15:22,2024-05-10 23:15:22,2024-05-11 21:20:17.739697,2024-05-13 09:53:26.278056,,False
P102365,2024-05-11 08:53:36,2024-05-11 08:53:36,,,,False
P102776,2024-05-11 20:44:41,2024-05-11 21:44:41,,,,False
P101548,2024-05-11 23:53:25,2024-05-12 11:53:25,2024-05-13 04:05:44.660345,2024-05-13 17:20:46.543409,,False
P100347,2024-05-13 03:14:36,2024-05-13 14:14:36,,,,False
P102837,2024-05-13 05:44:58,2024-05-13 05:44:58,2024-05-14 06:24:23.676086,,,False
P100486,2024-05-13 06:21:07,2024-05-13 14:21:07,2024-05-14 10:11:38.680118,2024-05-14 22:30:10.394421,2024-05-18 00:35:16.203743,True
P100058,2024-05-13 18:08:23,2024-05-14 01:08:23,2024-05-14 02:55:00.923944,2024-05-16 21:15:59.384359,2024-05-20 14:07:29.417148,True
P100514,2024-05-13 20:56:43,,,,,False
P100334,2024-05-14 08:21:15,,,,,False
P102283,2024-05-14 11:36:25,2024-05-14 13:36:25,,,,False
P101194,2024-05-14 23:21:57,2024-05-15 07:21:57,,,,False
P102606,2024-05-15 00:21:39,2024-05-15 03:21:39,2024-05-17 07:10:29.272952,2024-05-17 17:36:51.815764,2024-05-21 15:15:51.825865,True
P100029,2024-05-15 02:10:46,2024-05-15 03:10:46,,,,False
P100957,2024-05-15 03:26:32,2024-05-15 07:26:32,2024-05-15 09:38:51.463335,2024-05-16 11:41:06.942945,,False
P102644,2024-05-17 02:25:38,2024-05-17 13:25:38,,,,False
P102231,2024-05-17 13:28:37,2024-05-17 18:28:37,2024-05-18 08:17:33.601344,2024-05-18 13:44:20.494989,2024-05-22 12:35:12.971495,True
P101465,2024-05-17 14:49:30,,,,,False
P102780,2024-05-19 13:01:40,2024-05-20 03:01:40,2024-05-21 00:27:33.740606,2024-05-21 22:54:30.070932,2024-05-22 05:27:22.779877,True
P102562,2024-05-20 21:51:23,2024-05-21 14:51:23,2024-05-23 20:57:13.574934,2024-05-24 16:28:40.071447,2024-05-27 13:39:48.836070,True
P102329,2024-05-21 07:30:25,2024-05-21 11:30:25,2024-05-22 04:58:27.896107,2024-05-30 00:32:57.607187,,False
P100977,2024-05-21 21:32:05,2024-05-22 00:32:05,2024-05-22 09:33:12.972949,2024-05-23 12:44:25.566138,2024-05-26 20:20:47.956049,True
P100148,2024-05-21 23:59:06,,,,,False
P102653,2024-05-22 00:32:16,2024-05-22 00:32:16,,,,False
P100300,2024-05-22 01:33:38,2024-05-22 10:33:38,2024-05-22 18:29:56.469154,2024-05-22 23:47:11.029875,2024-05-25 06:08:46.124074,True
P102023,2024-05-22 07:44:16,2024-05-22 19:44:16,2024-05-23 04:32:12.427224,,,False
P100701,2024-05-22 12:31:06,2024-05-22 16:31:06,2024-05-22 17:06:08.842697,2024-05-23 11:50:15.999402,2024-05-27 23:42:01.203346,True
P102064,2024-05-22 16:58:04,2024-05-22 17:58:04,2024-05-24 15:17:42.202728,2024-05-27 20:17:39.264991,2024-05-29 22:34:54.314927,True
P102986,2024-05-22 22:02:49,2024-05-22 22:02:49,2024-05-23 16:24:46.135222,2024-05-25 13:19:13.925135,2024-05-27 12:33:51.609648,True
P101302,2024-05-22 22:05:07,2024-05-23 06:05:07,2024-05-23 06:54:39.023238,,,False
P100818,2024-05-25 04:31:19,2024-05-25 06:31:19,2024-05-25 23:09:20.347577,2024-05-26 20:18:00.745789,,False
P102905,2024-05-25 15:51:44,2024-05-25 19:51:44,,,,False
P102601,2024-05-25 22:32:29,2024-05-26 01:32:29,2024-05-27 03:18:48.673192,2024-05-28 17:38:53.581607,2024-05-30 00:52:52.362413,True
P100528,2024-05-27 09:53:38,2024-05-27 10:53:38,2024-06-02 22:33:16.676099,2024-06-05 03:31:52.272666,,False
P100458,2024-05-27 13:45:22,2024-05-27 18:45:22,,,,False
P101413,2024-05-28 01:32:23,,,,,False
P101998,2024-05-28 23:16:31,2024-05-29 06:16:31,2024-05-29 14:23:22.451126,2024-05-30 08:55:44.397476,2024-06-03 23:59:22.138727,True
P102677,2024-05-29 00:27:54,2024-05-29 02:27:54,2024-05-29 14:47:28.845612,2024-05-31 13:13:04.289929,,False
P100006,2024-05-29 03:07:34,,,,,False
P101100,2024-05-29 04:11:26,,,,,False
P102732,2024-05-29 10:54:23,2024-05-29 19:54:23,2024-06-01 10:42:52.263411,2024-06-03 12:57:03.195908,2024-06-12 02:43:09.766957,True
P101716,2024-05-29 11:18:16,2024-05-29 22:18:16,2024-05-31 03:20:54.134683,2024-05-31 18:43:54.674188,2024-06-02 04:00:31.906413,True
P102448,2024-05-29 14:03:37,2024-05-29 15:03:37,2024-05-29 18:15:51.143297,2024-06-03 00:09:42.831489,,False
P101714,2024-05-29 21:13:02,2024-05-29 23:13:02,,,,False
P100424,2024-05-29 21:27:21,2024-05-30 03:27:21,2024-05-30 06:42:35.618080,2024-06-03 08:44:36.222979,2024-06-05 09:52:58.182770,True
P101940,2024-05-30 23:25:07,2024-05-31 14:25:07,2024-06-01 03:50:37.750041,2024-06-02 03:59:46.013062,2024-06-04 21:49:06.981258,True
P102331,2024-05-31 11:24:41,2024-06-01 04:24:41,2024-06-01 15:11:32.846877,2024-06-01 16:51:07.590837,,False
P101621,2024-06-01 01:17:13,2024-06-01 15:17:13,,,,False
P101520,2024-06-01 13:03:34,2024-06-01 13:03:34,,,,False
P101319,2024-06-01 18:27:47,2024-06-02 07:27:47,2024-06-02 13:19:46.897288,2024-06-03 17:52:04.887018,,False
P101711,2024-06-02 06:49:54,,,,,False
P100616,2024-06-02 07:03:00,2024-06-02 07:03:00,,,,False
P102759,2024-06-03 10:21:05,2024-06-03 14:21:05,,,,False
P102060,2024-06-03 16:26:39,,,,,False
P102510,2024-06-03 19:29:50,2024-06-03 21:29:50,2024-06-04 07:34:54.375671,,,False
P101725,2024-06-03 23:43:34,2024-06-04 04:43:34,2024-06-08 11:35:31.065023,2024-06-10 02:38:24.862095,2024-06-14 17:38:20.803864,True
P102609,2024-06-04 02:04:49,2024-06-04 19:04:49,2024-06-05 14:41:48.371729,2024-06-06 07:40:47.360389,2024-06-07 19:00:59.687023,True
P100704,2024-06-04 06:35:41,2024-06-04 22:35:41,2024-06-05 02:57:24.136328,2024-06-06 05:10:21.581694,2024-06-09 11:42:49.537938,True
P102011,2024-06-04 18:28:57,2024-06-05 16:28:57,,,,False
P101258,2024-06-05 04:34:19,2024-06-05 09:34:19,,,,False
P100083,2024-06-05 08:04:44,,,,,False
P102246,2024-06-05 12:33:32,2024-06-05 20:33:32,2024-06-06 08:38:16.774151,2024-06-08 17:01:41.253212,2024-06-14 00:45:44.630850,True
P100032,2024-06-06 01:02:45,2024-06-06 05:02:45,,,,False
P102081,2024-06-06 07:47:02,2024-06-06 07:47:02,2024-06-08 05:45:17.295112,2024-06-11 19:22:59.746006,2024-06-12 11:55:39.977120,True
P101929,2024-06-06 23:40:16,2024-06-07 09:40:16,2024-06-09 18:11:22.802957,2024-06-11 15:21:50.471787,2024-06-13 11:13:35.366091,True
P102549,2024-06-07 15:36:47,2024-06-07 17:36:47,2024-06-08 11:39:41.386086,2024-06-11 11:18:02.652537,2024-06-13 04:13:02.904717,True
P102726,2024-06-07 16:09:04,2024-06-07 16:09:04,,,,False
P101038,2024-06-07 19:18:17,2024-06-07 19:18:17,2024-06-08 13:02:15.823039,2024-06-09 01:31:39.879475,2024-06-20 07:58:05.344178,True
P100859,2024-06-07 20:46:35,2024-06-08 17:46:35,,,,False
P102008,2024-06-07 23:10:34,2024-06-08 01:10:34,,,,False
P102357,2024-06-08 00:01:00,2024-06-08 04:01:00,2024-06-09 09:19:34.754549,2024-06-10 04:44:39.327200,,False
P101788,2024-06-08 05:41:10,2024-06-09 05:41:10,,,,False
P100722,2024-06-08 20:19:53,2024-06-09 01:19:53,,,,False
P100850,2024-06-08 21:46:28,2024-06-08 21:46:28,2024-06-10 22:37:55.280731,2024-06-11 02:58:00.767751,2024-06-14 05:57:05.862661,True
P102046,2024-06-09 10:41:38,2024-06-09 16:41:38,2024-06-12 15:27:58.696246,2024-06-17 00:21:46.105411,2024-06-21 06:39:26.323379,True
P101190,2024-06-09 12:04:21,,,,,False
P101187,2024-06-09 13:37:08,2024-06-09 13:37:08,2024-06-09 13:37:20.130332,2024-06-17 09:05:49.491406,2024-06-18 04:58:49.852639,True
P101606,2024-06-09 23:55:33,2024-06-10 14:55:33,,,,False
P101997,2024-06-10 10:22:24,2024-06-10 12:22:24,2024-06-14 09:12:05.377665,2024-06-15 09:35:32.136605,2024-06-16 18:55:45.280561,True
P101695,2024-06-10 20:22:53,2024-06-11 05:22:53,,,,False
P102884,2024-06-10 23:58:42,2024-06-11 04:58:42,,,,False
P100369,2024-06-11 03:04:24,2024-06-11 05:04:24,2024-06-12 07:16:22.627992,2024-06-12 11:24:08.043396,,False
P102171,2024-06-11 11:49:03,2024-06-11 16:49:03,2024-06-12 19:44:52.591341,2024-06-18 17:02:40.836571,2024-06-22 07:27:06.805561,True
P101604,2024-06-11 20:38:48,2024-06-11 20:38:48,2024-06-12 09:24:36.688285,2024-06-12 11:29:43.912138,,False
P100354,2024-06-12 10:23:25,2024-06-12 13:23:25,2024-06-15 07:59:16.937840,2024-06-15 17:37:33.134046,2024-06-16 21:05:11.645483,True
P100374,2024-06-13 01:47:56,2024-06-13 06:47:56,2024-06-15 22:32:26.066637,,,False
P102586,2024-06-13 04:11:56,2024-06-13 06:11:56,2024-06-14 00:07:18.948294,2024-06-14 04:09:45.807156,,False
P102279,2024-06-13 09:21:26,2024-06-13 17:21:26,2024-06-14 07:44:06.197482,,,False
P102341,2024-06-13 09:37:58,2024-06-13 09:37:58,2024-06-15 09:54:10.409170,,,False
P102883,2024-06-13 10:17:25,2024-06-13 15:17:25,,,,False
P101798,2024-06-13 16:50:10,2024-06-14 02:50:10,2024-06-17 01:36:10.929446,,,False
P102401,2024-06-13 21:13:16,2024-06-14 01:13:16,2024-06-14 22:29:54.567127,2024-06-16 09:15:08.370895,2024-06-19 23:23:38.337321,True
P101265,2024-06-14 01:18:06,2024-06-14 17:18:06,2024-06-15 14:15:41.948025,2024-06-20 04:55:49.453001,2024-06-27 02:35:24.387082,True
P102554,2024-06-14 04:24:56,2024-06-14 12:24:56,2024-06-16 04:13:37.026719,,,False
P101797,2024-06-14 10:37:00,2024-06-15 11:37:00,2024-06-17 00:58:32.477067,2024-06-22 18:23:25.833810,2024-06-27 05:59:49.918770,True
P100436,2024-06-14 10:52:58,2024-06-14 12:52:58,2024-06-15 00:00:51.735056,2024-06-15 20:48:24.356697,2024-06-16 13:15:17.811715,True
P101338,2024-06-14 14:57:45,,,,,False
P102796,2024-06-15 00:55:26,2024-06-15 07:55:26,2024-06-21 18:27:20.495082,2024-06-23 23:26:07.745105,2024-06-25 08:10:36.658253,True
P102563,2024-06-15 03:09:57,,,,,False
P100476,2024-06-15 07:38:46,2024-06-16 01:38:46,2024-06-17 07:18:52.426872,2024-06-21 07:19:09.321462,2024-06-24 18:44:38.223887,True
P101391,2024-06-15 13:27:23,2024-06-15 19:27:23,2024-06-17 00:32:59.175678,2024-06-21 09:35:25.095712,2024-06-30 16:59:45.178010,True
P101493,2024-06-15 18:49:49,2024-06-16 09:49:49,2024-06-17 09:46:28.357117,2024-06-19 09:43:36.430268,2024-06-22 09:18:31.502131,True
P100077,2024-06-16 03:26:00,2024-06-16 09:26:00,2024-06-20 17:58:16.221056,2024-06-24 07:55:31.117229,2024-06-25 22:04:18.431132,True
P100068,2024-06-16 17:10:42,2024-06-17 00:10:42,2024-06-17 10:17:01.977292,2024-06-20 06:12:54.360031,2024-06-25 01:04:09.404687,True
P102739,2024-06-17 03:57:29,2024-06-17 07:57:29,,,,False
P100983,2024-06-17 11:22:33,2024-06-17 12:22:33,,,,False
P102770,2024-06-18 04:19:37,2024-06-18 10:19:37,,,,False
P101135,2024-06-18 12:33:46,2024-06-19 18:33:46,2024-06-21 20:20:52.622497,2024-06-25 22:04:41.350210,,False
P100586,2024-06-18 21:53:44,2024-06-19 09:53:44,2024-06-19 18:06:12.404272,2024-06-19 21:22:41.700544,2024-06-20 10:06:55.476984,True
P102558,2024-06-19 02:58:01,2024-06-19 13:58:01,2024-06-24 10:00:51.403253,2024-07-03 02:38:29.737274,2024-07-15 10:35:05.000081,True
P100109,2024-06-19 03:35:05,,,,,False
P101939,2024-06-19 12:55:11,2024-06-19 15:55:11,,,,False
P101034,2024-06-19 13:54:02,2024-06-19 14:54:02,2024-06-24 03:27:47.030483,2024-06-29 15:09:56.822508,2024-06-30 13:40:59.951968,True
P100497,2024-06-19 19:47:26,2024-06-19 21:47:26,2024-06-20 00:57:57.021096,,,False
P102546,2024-06-19 20:46:37,,,,,False
P102932,2024-06-20 11:13:07,2024-06-20 19:13:07,2024-06-22 08:49:02.431334,2024-06-25 07:24:33.165469,2024-06-25 15:40:17.740480,True
P101289,2024-06-20 18:30:30,,,,,False
P100311,2024-06-20 19:34:23,2024-06-20 21:34:23,2024-06-21 07:31:21.229673,2024-06-22 19:38:41.217741,2024-06-27 10:56:51.135510,True
P102136,2024-06-21 06:31:14,2024-06-21 06:31:14,2024-06-24 23:05:50.404139,2024-06-27 08:57:14.966033,2024-07-10 16:49:15.129736,True
P102238,2024-06-21 17:31:20,2024-06-21 20:31:20,,,,False
P101597,2024-06-21 20:22:49,2024-06-21 22:22:49,2024-06-24 22:47:04.767730,2024-06-25 03:59:10.752260,2024-07-01 18:22:41.676558,True
P101985,2024-06-22 03:30:32,2024-06-22 07:30:32,2024-06-23 09:23:21.588327,2024-06-23 17:36:00.286670,2024-06-24 21:04:24.990148,True
P102342,2024-06-22 06:47:46,2024-06-22 08:47:46,2024-06-23 10:52:38.248305,2024-06-24 21:00:27.384725,2024-06-26 01:36:40.966367,True
P100672,2024-06-22 07:23:36,2024-06-22 10:23:36,2024-06-23 03:15:22.438633,2024-06-24 05:16:37.534439,2024-06-24 15:04:45.822848,True
P101310,2024-06-22 11:04:36,2024-06-23 06:04:36,2024-06-23 10:00:36.461645,,,False
P101318,2024-06-23 00:11:31,2024-06-23 03:11:31,2024-06-23 18:32:21.564136,2024-06-24 11:27:06.542978,2024-07-06 08:46:11.338238,True
P101132,2024-06-23 08:00:07,2024-06-23 20:00:07,2024-06-24 16:01:57.759665,2024-06-26 07:30:52.347614,2024-07-02 07:36:08.348416,True
P100613,2024-06-23 15:57:13,2024-06-23 22:57:13,2024-06-24 22:25:38.116719,2024-06-29 05:32:00.948930,,False
P102049,2024-06-23 16:15:31,2024-06-23 19:15:31,2024-06-25 19:37:41.564624,2024-06-26 04:03:00.084674,2024-07-01 16:44:31.465560,True
P100439,2024-06-23 16:55:35,2024-06-24 05:55:35,,,,False
P101676,2024-06-23 19:51:06,2024-06-24 02:51:06,2024-06-24 21:38:20.940302,2024-06-27 02:58:29.594145,2024-06-27 12:54:01.745861,True
P100960,2024-06-24 04:20:41,2024-06-24 04:20:41,2024-06-27 17:30:11.097054,,,False
P101814,2024-06-24 13:59:43,2024-06-24 13:59:43,2024-06-26 16:16:24.515436,2024-06-28 22:02:23.816627,,False
P101216,2024-06-24 17:42:48,2024-06-25 04:42:48,2024-06-25 05:32:44.483148,2024-06-25 23:40:03.881645,,False
P100449,2024-06-25 01:54:19,2024-06-25 05:54:19,2024-06-27 18:05:22.406396,2024-06-28 15:21:02.348538,2024-07-04 07:01:51.164662,True
P102118,2024-06-25 17:12:37,2024-06-25 21:12:37,2024-07-02 18:47:42.345721,2024-07-03 19:45:38.669991,2024-07-06 04:16:22.225478,True
P100440,2024-06-26 04:43:19,2024-06-26 05:43:19,2024-06-30 10:51:56.318741,2024-07-01 07:30:45.996222,,False
P101795,2024-06-26 15:52:54,2024-06-26 16:52:54,2024-06-29 09:57:21.549641,2024-07-03 02:17:02.980835,2024-07-06 13:16:36.267571,True
P100201,2024-06-26 20:25:39,2024-06-27 08:25:39,2024-06-28 20:08:25.005546,2024-07-04 16:18:07.877163,2024-07-09 04:34:40.327837,True
P100434,2024-06-26 23:33:31,2024-06-27 13:33:31,2024-06-28 01:17:40.116939,,,False
P101598,2024-06-27 00:31:33,2024-06-27 06:31:33,,,,False
P100899,2024-06-27 02:50:34,2024-06-27 04:50:34,2024-06-28 23:39:38.674301,2024-06-29 03:10:08.677932,2024-06-30 09:16:13.498333,True
P100299,2024-06-27 08:20:49,2024-06-28 05:20:49,2024-06-28 17:15:03.899987,,,False
P100846,2024-06-27 22:03:34,,,,,False
P101126,2024-06-28 12:59:59,2024-06-29 00:59:59,,,,False
P100650,2024-06-28 19:15:41,2024-06-28 19:15:41,2024-06-30 08:09:20.569702,,,False
P101654,2024-06-29 08:03:21,,,,,False
P101286,2024-06-29 18:59:39,2024-06-30 10:59:39,2024-07-01 16:11:47.917929,2024-07-02 01:11:47.307237,2024-07-04 23:02:47.784290,True
P102306,2024-06-29 22:29:20,2024-06-30 01:29:20,2024-07-03 12:06:30.450287,2024-07-05 15:42:01.952815,2024-07-19 13:19:52.683359,True
P102544,2024-06-30 05:34:45,2024-06-30 15:34:45,2024-07-01 04:10:06.092925,2024-07-06 10:45:16.610820,2024-07-07 07:03:05.526619,True
P100056,2024-06-30 11:26:07,2024-06-30 19:26:07,2024-07-05 21:08:15.687110,2024-07-08 18:14:17.017242,,False
P101644,2024-06-30 11:26:43,2024-06-30 12:26:43,2024-07-01 11:31:44.496351,2024-07-02 18:40:32.375737,2024-07-12 18:53:08.988693,True
P101950,2024-06-30 22:03:56,2024-07-01 09:03:56,2024-07-01 12:53:41.589501,2024-07-02 13:44:22.988053,2024-07-03 15:16:27.219006,True
P100603,2024-06-30 23:04:15,2024-06-30 23:04:15,2024-07-01 01:06:31.920234,2024-07-02 00:33:25.883033,2024-07-02 07:50:58.409247,True
P101081,2024-07-01 06:46:06,2024-07-01 16:46:06,2024-07-02 07:39:16.785355,2024-07-04 03:47:11.350944,,False
P102626,2024-07-01 16:40:38,2024-07-03 05:40:38,2024-07-03 16:27:24.051798,2024-07-04 13:49:12.169061,,False
P100164,2024-07-02 02:48:23,,,,,False
P100422,2024-07-02 09:38:13,2024-07-02 21:38:13,,,,False
P100409,2024-07-02 19:09:35,2024-07-03 01:09:35,2024-07-06 06:52:46.571358,2024-07-07 06:39:40.919990,2024-07-11 11:40:04.382716,True
P101116,2024-07-03 10:27:43,2024-07-03 18:27:43,2024-07-05 02:29:38.363421,2024-07-05 03:10:36.535689,2024-07-07 03:00:37.338665,True
P100995,2024-07-03 15:44:43,2024-07-04 01:44:43,2024-07-04 22:19:40.395558,,,False
P101925,2024-07-04 06:08:12,,,,,False
P100190,2024-07-04 20:20:33,2024-07-04 20:20:33,2024-07-06 03:50:23.939025,2024-07-07 14:19:07.113963,2024-07-08 15:52:25.321987,True
P102250,2024-07-05 02:43:44,2024-07-05 09:43:44,,,,False
P100372,2024-07-05 10:15:45,2024-07-05 10:15:45,2024-07-06 04:13:53.557702,2024-07-06 05:24:01.099939,2024-07-08 06:54:43.073541,True
P101441,2024-07-05 16:24:55,2024-07-06 11:24:55,2024-07-10 14:42:40.209515,2024-07-11 02:49:53.983797,2024-07-11 04:38:05.484956,True
P100222,2024-07-05 17:30:59,2024-07-05 22:30:59,2024-07-07 11:17:28.654517,,,False
P100283,2024-07-05 19:12:46,2024-07-05 21:12:46,2024-07-08 14:37:24.222751,2024-07-14 13:07:22.476606,2024-07-16 21:28:25.369629,True
P102827,2024-07-06 08:04:47,2024-07-06 12:04:47,2024-07-07 22:56:59.223786,2024-07-08 16:57:30.240648,2024-07-08 18:23:34.630879,True
P101575,2024-07-06 15:07:58,2024-07-07 06:07:58,2024-07-07 19:50:01.484656,2024-07-07 20:32:52.140355,2024-07-11 11:33:18.073797,True
P101567,2024-07-06 15:39:56,,,,,False
P102222,2024-07-07 02:12:31,2024-07-07 02:12:31,2024-07-07 11:37:46.721037,2024-07-08 00:19:40.783375,2024-07-11 20:16:59.236423,True
P101628,2024-07-07 05:47:07,,,,,False
P100339,2024-07-08 09:14:32,2024-07-08 15:14:32,,,,False
P100037,2024-07-08 15:27:13,2024-07-08 22:27:13,2024-07-09 04:17:57.900331,2024-07-17 10:49:37.679811,2024-07-18 16:58:00.670475,True
P100259,2024-07-08 16:37:28,,,,,False
P101809,2024-07-09 05:31:20,2024-07-09 07:31:20,,,,False
P101890,2024-07-09 12:42:27,2024-07-09 18:42:27,2024-07-09 22:59:33.762243,,,False
P101762,2024-07-09 19:48:54,2024-07-09 22:48:54,2024-07-12 13:19:17.933914,2024-07-13 15:57:27.231077,2024-07-18 15:39:23.716494,True
P100888,2024-07-10 18:15:27,,,,,False
P100206,2024-07-11 09:57:22,2024-07-11 09:57:22,2024-07-12 01:15:46.991388,2024-07-13 03:43:13.603590,,False
P101723,2024-07-11 13:53:33,2024-07-11 14:53:33,2024-07-12 16:12:18.038387,2024-07-13 05:20:39.807052,2024-07-14 07:58:33.927638,True
P101523,2024-07-11 14:01:59,2024-07-11 21:01:59,2024-07-13 23:36:20.685143,2024-07-14 05:29:25.193241,,False
P102154,2024-07-11 14:08:26,2024-07-11 14:08:26,2024-07-11 14:48:19.041144,2024-07-12 02:00:22.285260,,False
P100433,2024-07-11 15:37:13,2024-07-11 21:37:13,2024-07-13 02:06:27.464654,2024-07-14 18:51:57.309890,,False
P100370,2024-07-11 21:20:48,2024-07-12 04:20:48,,,,False
P101184,2024-07-12 12:10:56,,,,,False
P102615,2024-07-12 12:19:47,2024-07-12 19:19:47,,,,False
P102854,2024-07-12 15:27:28,2024-07-14 00:27:28,2024-07-14 05:46:31.831757,2024-07-18 14:22:45.084622,,False
P100664,2024-07-12 19:21:21,,,,,False
P102945,2024-07-12 23:16:07,2024-07-13 08:16:07,2024-07-14 19:12:11.116096,,,False
P100400,2024-07-13 04:58:09,2024-07-13 04:58:09,2024-07-13 06:39:43.080399,2024-07-14 21:41:42.714954,2024-07-19 05:41:46.146077,True
P101297,2024-07-14 05:51:37,2024-07-14 15:51:37,2024-07-17 21:36:44.030446,2024-07-22 05:39:56.636391,2024-07-23 08:42:23.467436,True
P100883,2024-07-14 07:47:34,2024-07-14 10:47:34,,,,False
P101275,2024-07-14 18:12:32,2024-07-15 01:12:32,2024-07-15 02:19:38.516921,2024-07-15 05:40:26.806187,,False
P102270,2024-07-14 20:46:47,2024-07-14 22:46:47,2024-07-14 22:51:08.482010,2024-07-17 08:55:20.282281,,False
P101593,2024-07-14 23:18:06,2024-07-15 00:18:06,2024-07-16 17:44:42.144844,2024-07-19 15:51:59.154569,2024-07-20 00:01:19.660615,True
P102086,2024-07-15 08:58:50,2024-07-15 18:58:50,2024-07-16 16:53:32.225118,,,False
P102641,2024-07-15 16:10:32,2024-07-16 10:10:32,2024-07-16 14:04:53.107279,,,False
P101705,2024-07-15 21:00:09,2024-07-15 22:00:09,,,,False
P101462,2024-07-16 04:44:06,2024-07-17 00:44:06,2024-07-17 08:53:26.839595,2024-07-17 21:42:39.777136,2024-07-23 08:40:59.481595,True
P101541,2024-07-16 13:08:11,2024-07-16 14:08:11,2024-07-17 04:21:23.807640,2024-07-22 00:59:38.822620,,False
P100982,2024-07-16 14:18:13,2024-07-17 00:18:13,2024-07-17 07:20:52.622783,2024-07-18 00:08:10.361755,2024-07-19 02:15:15.016495,True
P101177,2024-07-16 21:44:30,2024-07-17 22:44:30,,,,False
P100634,2024-07-16 23:01:35,2024-07-17 00:01:35,2024-07-19 03:06:49.524654,2024-07-22 05:21:55.259995,2024-07-22 19:02:47.436605,True
P102298,2024-07-17 09:37:15,2024-07-17 13:37:15,2024-07-19 11:57:34.250492,2024-07-19 13:01:32.386661,2024-07-21 09:56:05.564878,True
P100099,2024-07-17 16:44:32,2024-07-17 19:44:32,2024-07-17 21:21:43.120443,2024-07-17 23:00:58.011246,2024-07-18 07:25:08.653689,True
P102505,2024-07-18 09:08:44,2024-07-18 12:08:44,2024-07-19 14:46:17.925873,2024-07-20 10:13:11.519297,2024-07-23 14:26:03.976108,True
P101758,2024-07-18 15:29:58,2024-07-19 02:29:58,,,,False
P100123,2024-07-19 00:40:26,2024-07-19 08:40:26,2024-07-20 02:01:47.450838,2024-07-20 16:32:05.003704,,False
P102201,2024-07-19 07:04:24,2024-07-20 10:04:24,2024-07-21 00:03:01.011149,2024-07-21 00:07:17.514017,2024-07-24 14:55:07.248462,True
P100770,2024-07-19 12:49:11,,,,,False
P101067,2024-07-19 20:00:45,2024-07-20 02:00:45,2024-07-20 02:51:02.814929,2024-07-20 07:23:04.542914,2024-07-20 13:56:25.568477,True
P102194,2024-07-20 04:19:41,2024-07-20 08:19:41,2024-07-21 19:40:19.164814,,,False
P101411,2024-07-20 13:24:47,2024-07-21 09:24:47,,,,False
P100454,2024-07-20 14:42:33,2024-07-20 14:42:33,2024-07-22 06:10:55.075981,2024-07-22 12:45:34.141887,2024-07-22 16:02:31.997318,True
P102551,2024-07-20 15:35:17,2024-07-22 03:35:17,2024-07-22 11:31:39.484991,2024-07-24 22:20:51.516902,2024-08-14 21:23:37.117919,True
P100676,2024-07-20 21:03:51,2024-07-21 02:03:51,2024-07-21 11:52:49.601290,2024-07-22 02:04:10.496912,2024-07-23 03:48:59.333318,True
P102678,2024-07-20 21:13:31,2024-07-21 04:13:31,2024-07-22 12:02:51.408549,2024-07-24 15:59:07.031437,2024-07-25 09:06:51.608948,True
P102219,2024-07-21 04:23:24,2024-07-21 07:23:24,2024-07-27 04:06:44.571988,,,False
P100809,2024-07-21 20:27:28,2024-07-22 11:27:28,,,,False
P100181,2024-07-22 01:14:18,,,,,False
P102036,2024-07-22 09:49:00,2024-07-22 17:49:00,,,,False
P100546,2024-07-22 12:19:46,2024-07-22 20:19:46,2024-07-24 04:27:25.658372,2024-07-28 04:38:22.829106,2024-07-30 09:43:28.477352,True
P102334,2024-07-22 12:47:20,2024-07-22 15:47:20,2024-07-23 11:23:52.755800,2024-07-26 22:16:48.333751,,False
P102308,2024-07-22 18:16:16,,,,,False
P100694,2024-07-23 05:13:34,2024-07-23 18:13:34,2024-07-24 21:15:10.139049,2024-07-25 02:43:28.170827,,False
P102249,2024-07-23 09:54:53,2024-07-23 11:54:53,2024-07-24 13:38:18.442675,,,False
P100079,2024-07-23 10:16:03,2024-07-24 01:16:03,2024-07-25 14:41:55.672198,2024-07-26 00:06:56.068742,2024-07-26 09:07:42.415842,True
P102043,2024-07-23 22:23:59,2024-07-24 05:23:59,,,,False
P102426,2024-07-24 00:52:54,,,,,False
P101668,2024-07-24 02:28:41,2024-07-24 09:28:41,2024-07-25 09:36:50.828788,2024-07-25 21:35:23.745610,2024-07-26 03:59:16.237574,True
P100750,2024-07-24 05:42:07,,,,,False
P100429,2024-07-24 12:45:13,2024-07-24 21:45:13,2024-07-25 03:07:44.915726,2024-07-26 05:35:38.958589,2024-07-28 16:15:08.987265,True
P100333,2024-07-24 13:18:17,2024-07-25 02:18:17,2024-07-25 15:11:00.457398,2024-07-28 17:48:58.118677,2024-07-28 21:14:13.080183,True
P100460,2024-07-25 02:04:45,2024-07-25 03:04:45,2024-07-29 15:06:12.082636,2024-07-30 16:13:05.901663,2024-07-31 07:09:31.098146,True
P100380,2024-07-25 07:29:06,,,,,False
P101252,2024-07-25 13:09:25,2024-07-25 17:09:25,2024-07-29 16:31:57.370568,2024-08-01 04:23:55.579735,,False
P101960,2024-07-25 14:12:17,2024-07-26 05:12:17,2024-07-27 23:15:19.551741,,,False
P100938,2024-07-25 22:48:23,2024-07-25 23:48:23,2024-07-29 21:44:58.930152,2024-08-04 03:23:47.050644,2024-08-06 01:51:42.659185,True
P100459,2024-07-26 01:21:26,2024-07-26 01:21:26,2024-07-26 15:07:34.233637,2024-07-27 17:05:12.938490,2024-07-29 22:06:33.453258,True
P102832,2024-07-26 16:41:41,2024-07-26 22:41:41,2024-07-27 02:06:39.702938,2024-07-27 06:13:04.133889,2024-07-31 04:39:42.681837,True
P100090,2024-07-26 17:17:40,2024-07-26 20:17:40,2024-07-29 06:38:24.019784,2024-07-29 19:05:27.078886,2024-08-07 13:13:55.119792,True
P101033,2024-07-27 03:02:36,2024-07-28 12:02:36,2024-07-30 22:47:47.746158,2024-08-03 22:02:27.787261,,False
P100604,2024-07-27 03:23:12,2024-07-27 03:23:12,2024-07-28 14:06:31.381430,2024-07-29 08:41:49.915492,2024-07-30 16:16:12.549842,True
P100644,2024-07-27 14:34:06,2024-07-27 14:34:06,,,,False
P100132,2024-07-27 17:29:16,2024-07-27 17:29:16,2024-07-31 10:11:33.544181,,,False
P102355,2024-07-27 20:36:59,2024-07-27 21:36:59,2024-07-28 04:36:26.006870,2024-07-29 10:55:12.987810,2024-08-07 01:04:27.616861,True
P102706,2024-07-27 21:38:29,2024-07-28 03:38:29,2024-07-29 14:08:52.501981,2024-08-02 19:13:45.711557,2024-08-07 03:23:30.968825,True
P101481,2024-07-27 22:37:02,2024-07-28 03:37:02,2024-07-28 05:27:18.321217,,,False
P102338,2024-07-28 00:21:41,2024-07-28 03:21:41,2024-07-28 08:49:38.056058,2024-07-29 02:14:30.578461,2024-08-04 19:21:41.297043,True
P101535,2024-07-28 02:04:53,2024-07-28 02:04:53,2024-07-28 22:46:47.752872,2024-08-02 18:16:56.040452,2024-08-06 18:02:22.798175,True
P100040,2024-07-28 07:13:11,2024-07-28 09:13:11,,,,False
P101721,2024-07-28 07:15:23,2024-07-28 08:15:23,,,,False
P101821,2024-07-28 08:21:03,2024-07-28 18:21:03,2024-08-03 05:49:40.135531,2024-08-06 22:26:04.352706,2024-08-07 23:01:42.644088,True
P101417,2024-07-28 12:34:16,2024-07-29 00:34:16,2024-07-29 02:13:22.756624,,,False
P101846,2024-07-28 22:58:53,2024-07-29 10:58:53,2024-07-30 04:16:09.405843,,,False
P102580,2024-07-29 14:20:58,,,,,False
P102366,2024-07-29 17:01:44,2024-07-30 10:01:44,,,,False
P100812,2024-07-30 00:05:36,2024-07-30 05:05:36,2024-07-30 16:08:51.684160,,,False
P102686,2024-07-30 02:54:52,,,,,False
P100718,2024-07-30 05:25:20,2024-07-31 00:25:20,,,,False
P102478,2024-07-31 11:04:55,2024-07-31 18:04:55,2024-07-31 23:30:53.884929,2024-08-01 13:35:34.819031,2024-08-03 06:03:36.820788,True
P102702,2024-07-31 12:55:01,2024-07-31 14:55:01,2024-08-01 15:03:22.960934,2024-08-03 08:41:44.864645,,False
P101253,2024-07-31 22:00:11,2024-08-01 04:00:11,,,,False
P102167,2024-08-01 15:16:10,2024-08-03 05:16:10,,,,False
P100294,2024-08-01 23:35:25,2024-08-02 14:35:25,,,,False
P101836,2024-08-02 05:10:10,2024-08-02 07:10:10,2024-08-04 17:58:14.085726,,,False
P101592,2024-08-02 08:32:51,2024-08-03 08:32:51,2024-08-04 02:19:12.439420,2024-08-10 04:36:04.471388,2024-08-10 09:05:10.547461,True
P101646,2024-08-02 17:11:01,2024-08-04 00:11:01,2024-08-05 20:37:06.036986,2024-08-06 00:13:31.149881,2024-08-06 22:50:25.422685,True
P100772,2024-08-02 18:40:31,,,,,False
P102900,2024-08-02 20:04:27,2024-08-03 14:04:27,,,,False
P100655,2024-08-02 21:52:48,2024-08-03 14:52:48,2024-08-06 13:43:39.330580,,,False
P100588,2024-08-02 23:27:05,2024-08-02 23:27:05,2024-08-03 21:29:03.223792,2024-08-05 13:37:39.890474,2024-08-05 17:45:06.155373,True
P101119,2024-08-03 02:35:43,2024-08-03 10:35:43,2024-08-03 11:11:20.756887,2024-08-07 01:22:32.060932,2024-08-08 01:24:40.491676,True
P101161,2024-08-03 02:56:29,2024-08-03 04:56:29,2024-08-04 18:03:39.043016,2024-08-05 10:46:08.385936,2024-08-07 15:09:31.815930,True
P100587,2024-08-03 08:17:57,,,,,False
P100539,2024-08-03 09:21:27,2024-08-04 04:21:27,2024-08-05 09:14:42.135296,2024-08-07 09:15:58.783118,2024-08-08 05:58:39.812912,True
P101734,2024-08-04 06:09:55,2024-08-04 11:09:55,2024-08-04 19:45:41.453002,2024-08-07 14:38:23.581632,,False
P102476,2024-08-04 07:23:39,2024-08-04 11:23:39,2024-08-05 11:05:36.871946,2024-08-11 15:26:23.702986,2024-08-14 06:30:51.891223,True
P101199,2024-08-04 15:13:06,2024-08-05 11:13:06,2024-08-06 05:36:56.533017,2024-08-06 13:57:27.039039,2024-08-09 23:11:04.190570,True
P101246,2024-08-04 15:17:06,2024-08-05 20:17:06,2024-08-11 08:38:07.516948,2024-08-15 23:49:00.192859,,False
P101387,2024-08-04 23:22:29,2024-08-04 23:22:29,2024-08-07 14:03:19.898431,2024-08-08 21:38:25.484533,2024-08-08 23:34:04.479938,True
P101868,2024-08-05 02:33:10,2024-08-05 22:33:10,2024-08-08 02:12:54.147549,,,False
P101684,2024-08-05 04:28:42,2024-08-05 04:28:42,,,,False
P101365,2024-08-05 09:50:22,2024-08-05 12:50:22,,,,False
P102994,2024-08-05 16:16:00,2024-08-06 03:16:00,,,,False
P102315,2024-08-05 20:25:31,,,,,False
P102599,2024-08-06 14:33:48,,,,,False
P101984,2024-08-06 23:44:33,2024-08-06 23:44:33,2024-08-08 08:06:18.833829,,,False
P101291,2024-08-06 23:56:50,2024-08-07 00:56:50,,,,False
P101993,2024-08-07 02:02:29,2024-08-08 00:02:29,2024-08-09 05:44:03.018989,2024-08-09 15:58:09.812107,2024-08-11 15:33:00.883519,True
P101697,2024-08-07 02:02:50,2024-08-07 02:02:50,2024-08-07 02:22:18.853696,2024-08-09 22:51:03.853922,2024-08-10 00:21:50.828030,True
P100703,2024-08-07 02:52:15,,,,,False
P102764,2024-08-07 09:00:27,,,,,False
P100556,2024-08-07 11:04:10,2024-08-07 19:04:10,2024-08-08 20:06:02.516654,2024-08-19 04:13:01.213927,2024-08-31 07:59:20.265969,True
P102521,2024-08-07 22:09:55,2024-08-08 01:09:55,2024-08-10 09:09:30.083569,,,False
P101585,2024-08-08 01:20:37,2024-08-08 02:20:37,2024-08-09 21:33:43.541379,2024-08-11 04:55:34.519181,2024-08-16 00:03:41.909621,True
P102666,2024-08-08 05:59:44,2024-08-08 22:59:44,,,,False
P100562,2024-08-08 20:06:14,2024-08-10 07:06:14,,,,False
P100997,2024-08-09 00:33:07,2024-08-09 00:33:07,2024-08-09 11:27:22.568372,2024-08-14 02:55:25.127693,2024-08-19 08:24:22.562930,True
P101749,2024-08-09 07:44:03,2024-08-09 13:44:03,,,,False
P100946,2024-08-09 13:57:28,2024-08-09 15:57:28,2024-08-13 21:51:23.944868,2024-08-18 00:41:17.484353,2024-08-22 04:04:05.184147,True
P100179,2024-08-09 23:39:38,2024-08-10 13:39:38,2024-08-12 06:39:23.733902,2024-08-14 03:47:58.216956,,False
P100930,2024-08-10 03:40:55,,,,,False
P102013,2024-08-10 06:28:03,2024-08-10 16:28:03,2024-08-10 21:29:12.419009,,,False
P100754,2024-08-10 16:26:14,,,,,False
P100590,2024-08-10 21:00:02,,,,,False
P102455,2024-08-10 22:41:25,2024-08-11 13:41:25,2024-08-13 19:56:42.130739,2024-08-14 23:45:08.317012,2024-08-17 16:00:47.301646,True
P102743,2024-08-11 05:20:22,2024-08-11 10:20:22,2024-08-12 05:32:20.864494,,,False
P100021,2024-08-11 06:33:40,2024-08-11 20:33:40,2024-08-12 10:23:00.597228,,,False
P101434,2024-08-11 08:51:39,2024-08-11 11:51:39,2024-08-11 15:14:41.748062,2024-08-17 12:50:37.508341,2024-08-21 08:25:21.429850,True
P102284,2024-08-11 10:09:07,2024-08-11 11:09:07,,,,False
P100262,2024-08-11 12:23:09,,,,,False
P102411,2024-08-11 17:40:56,2024-08-11 22:40:56,2024-08-12 14:01:01.298361,2024-08-12 19:08:17.111836,,False
P100726,2024-08-11 19:39:04,2024-08-12 00:39:04,2024-08-13 05:49:33.101409,2024-08-14 10:48:58.050278,2024-08-16 03:34:27.086381,True
P100919,2024-08-11 19:56:02,,,,,False
P102110,2024-08-11 20:58:03,2024-08-12 02:58:03,2024-08-12 04:26:14.450326,2024-08-14 21:14:28.622824,2024-08-15 02:16:51.294470,True
P102156,2024-08-12 08:52:53,2024-08-13 01:52:53,2024-08-14 02:33:48.040051,,,False
P102359,2024-08-12 17:32:23,2024-08-12 22:32:23,2024-08-15 21:49:49.614218,2024-08-18 11:03:54.099566,2024-08-19 03:24:22.094471,True
P100066,2024-08-12 18:55:36,2024-08-12 20:55:36,2024-08-13 18:47:18.865102,2024-08-14 05:15:27.859500,2024-08-15 20:58:33.438206,True
P100832,2024-08-12 21:15:33,2024-08-12 22:15:33,2024-08-14 00:46:31.236791,2024-08-14 13:19:07.402930,2024-08-14 17:49:38.564646,True
P102537,2024-08-13 10:17:20,2024-08-14 02:17:20,2024-08-15 02:18:12.757680,2024-08-18 09:03:42.178151,2024-08-28 11:18:11.943058,True
P101720,2024-08-13 15:42:28,2024-08-13 15:42:28,2024-08-14 09:29:24.814438,2024-08-15 07:45:04.748151,,False
P100430,2024-08-13 18:20:25,2024-08-13 19:20:25,2024-08-13 23:32:25.188588,2024-08-14 05:13:47.006078,,False
P102393,2024-08-13 19:42:14,2024-08-13 19:42:14,2024-08-14 00:34:00.699236,2024-08-20 12:47:15.853088,2024-08-24 23:23:26.891493,True
P102594,2024-08-13 20:10:03,2024-08-14 00:10:03,,,,False
P101278,2024-08-13 22:53:04,2024-08-14 04:53:04,,,,False
P100152,2024-08-14 16:17:51,2024-08-14 16:17:51,2024-08-15 03:53:27.652894,2024-08-16 01:11:29.772579,,False
P101693,2024-08-15 22:36:24,2024-08-16 03:36:24,2024-08-20 14:07:36.768265,2024-08-20 18:57:06.776000,,False
P102747,2024-08-16 02:24:06,2024-08-16 06:24:06,2024-08-18 18:13:12.887903,2024-08-19 02:20:21.723956,2024-08-26 01:31:38.749638,True
P100576,2024-08-16 08:35:08,2024-08-16 19:35:08,2024-08-18 13:07:10.825590,2024-08-22 07:03:25.122691,2024-08-24 12:29:19.654622,True
P101947,2024-08-16 11:07:05,2024-08-17 01:07:05,,,,False
P102760,2024-08-16 11:18:21,,,,,False
P100844,2024-08-17 13:16:04,2024-08-17 18:16:04,,,,False
P101423,2024-08-17 13:33:23,2024-08-17 14:33:23,,,,False
P102483,2024-08-17 14:49:24,2024-08-18 05:49:24,2024-08-18 07:15:34.460885,,,False
P101909,2024-08-17 16:56:13,,,,,False
P101790,2024-08-18 02:22:11,2024-08-18 05:22:11,2024-08-18 07:16:24.974511,2024-08-18 09:18:30.279147,2024-08-18 23:52:07.028919,True
P100519,2024-08-18 04:08:28,2024-08-18 23:08:28,2024-08-20 05:30:08.657276,2024-08-21 08:15:51.123425,,False
P100775,2024-08-18 18:36:21,2024-08-19 23:36:21,,,,False
P101764,2024-08-18 21:40:02,2024-08-19 15:40:02,2024-08-20 15:09:24.120650,,,False
P100589,2024-08-19 00:15:17,2024-08-21 02:15:17,2024-08-23 00:04:29.950154,2024-08-23 19:02:43.096354,2024-08-31 11:54:41.612919,True
P101221,2024-08-19 00:26:49,2024-08-19 16:26:49,,,,False
P102037,2024-08-19 01:23:53,2024-08-19 10:23:53,,,,False
P100760,2024-08-19 18:33:08,2024-08-19 20:33:08,2024-08-19 22:47:15.245036,2024-08-21 02:04:18.838869,2024-08-22 10:29:02.000458,True
P101710,2024-08-19 21:31:03,2024-08-20 21:31:03,,,,False
P102894,2024-08-19 21:36:54,2024-08-20 13:36:54,2024-08-21 01:26:47.993975,,,False
P102115,2024-08-19 22:36:57,2024-08-20 00:36:57,,,,False
P100790,2024-08-20 03:54:39,2024-08-20 08:54:39,2024-08-23 05:14:24.076244,2024-08-31 00:30:14.392261,,False
P101637,2024-08-20 03:58:47,2024-08-20 03:58:47,,,,False
P100665,2024-08-20 08:55:01,,,,,False
P100801,2024-08-20 12:57:55,2024-08-20 18:57:55,2024-08-23 14:46:25.768014,2024-08-24 00:05:44.150620,2024-08-26 17:21:41.704462,True
P100698,2024-08-21 04:23:50,2024-08-21 06:23:50,2024-08-22 20:07:32.929895,2024-08-24 11:12:07.410396,2024-08-24 11:12:09.596034,True
P102439,2024-08-21 04:27:55,2024-08-21 06:27:55,2024-08-21 12:39:00.745101,2024-08-24 16:02:22.644959,2024-08-25 12:59:57.389886,True
P101109,2024-08-21 05:04:39,2024-08-22 12:04:39,2024-08-23 17:26:47.307850,2024-08-23 19:18:26.593062,2024-08-24 08:02:47.975989,True
P102396,2024-08-21 23:03:07,2024-08-22 06:03:07,,,,False
P100004,2024-08-22 03:18:09,2024-08-22 07:18:09,2024-08-22 09:53:46.584241,2024-08-22 11:59:17.727601,,False
P100875,2024-08-22 04:27:41,2024-08-22 09:27:41,,,,False
P100005,2024-08-22 06:45:35,2024-08-22 06:45:35,,,,False
P100318,2024-08-22 17:09:04,2024-08-22 17:09:04,,,,False
P100866,2024-08-22 23:10:24,2024-08-23 06:10:24,2024-08-23 13:13:48.870603,2024-08-23 22:06:22.927609,2024-08-24 17:00:17.158213,True
P102102,2024-08-23 01:33:06,2024-08-23 06:33:06,2024-08-25 19:33:54.307957,2024-08-26 03:22:18.698933,2024-08-27 02:29:53.581426,True
P102996,2024-08-23 19:04:45,2024-08-23 22:04:45,2024-08-26 00:02:51.944934,2024-09-02 03:46:06.672831,2024-09-03 06:28:24.975382,True
P101156,2024-08-24 10:17:14,2024-08-24 16:17:14,2024-08-25 21:55:29.393100,2024-08-27 08:45:13.555649,2024-08-31 20:47:51.147785,True
P101991,2024-08-24 15:39:04,2024-08-24 15:39:04,,,,False
P101164,2024-08-25 10:58:51,2024-08-26 09:58:51,2024-09-02 01:52:08.343415,,,False
P100667,2024-08-25 12:40:19,,,,,False
P102420,2024-08-25 13:49:28,2024-08-25 13:49:28,2024-08-26 11:28:57.107326,,,False
P101884,2024-08-25 15:22:51,2024-08-25 16:22:51,2024-09-02 19:28:12.576453,2024-09-03 20:42:01.812614,2024-09-05 16:57:23.269972,True
P100209,2024-08-25 15:45:04,2024-08-25 15:45:04,2024-08-28 15:32:23.534564,2024-08-30 06:24:51.279719,,False
P101321,2024-08-25 15:51:02,,,,,False
P100111,2024-08-26 08:36:21,2024-08-26 12:36:21,2024-08-27 08:08:30.446835,2024-08-28 09:07:45.365989,2024-08-31 03:46:45.845240,True
P100202,2024-08-26 08:48:27,2024-08-26 18:48:27,2024-08-26 22:26:14.008529,2024-08-30 00:52:20.766100,2024-09-09 23:22:20.134729,True
P102130,2024-08-26 12:20:14,2024-08-26 14:20:14,2024-08-30 12:19:11.609166,2024-08-31 21:44:55.444162,,False
P102807,2024-08-26 19:52:38,2024-08-26 23:52:38,2024-08-29 18:42:34.830883,2024-08-31 19:14:03.979859,2024-09-01 19:49:17.957037,True
P100505,2024-08-27 04:28:23,2024-08-28 01:28:23,2024-08-28 14:49:53.321337,2024-08-29 00:37:42.216852,2024-08-30 00:24:36.791357,True
P102971,2024-08-27 09:20:35,2024-08-27 11:20:35,2024-08-29 13:43:52.043881,,,False
P101212,2024-08-27 09:54:59,2024-08-27 21:54:59,2024-08-30 01:42:15.614957,2024-08-30 23:20:21.497197,2024-08-31 09:35:08.764101,True
P100353,2024-08-27 12:12:29,,,,,False
P100729,2024-08-27 15:03:39,2024-08-27 16:03:39,2024-08-29 02:17:51.936253,2024-08-29 23:08:15.685226,,False
P102813,2024-08-27 16:38:55,2024-08-27 20:38:55,,,,False
P101380,2024-08-27 20:17:14,2024-08-27 22:17:14,2024-08-30 06:27:03.645013,2024-09-03 21:19:54.079662,2024-09-05 21:29:44.429634,True
P101867,2024-08-28 06:00:50,2024-08-29 00:00:50,2024-08-29 06:01:34.626469,2024-08-29 18:13:00.512768,2024-08-30 14:11:26.841623,True
P100730,2024-08-28 12:46:31,2024-08-28 12:46:31,2024-08-30 04:34:04.742585,2024-09-01 23:38:02.970122,2024-09-05 16:41:41.484152,True
P102068,2024-08-28 23:53:26,,,,,False
P102391,2024-08-29 03:59:40,2024-08-29 10:59:40,2024-08-29 12:19:16.130471,2024-08-29 13:46:32.824871,2024-08-31 11:30:21.363214,True
P102127,2024-08-29 04:18:31,2024-08-29 04:18:31,2024-08-29 09:03:44.949663,2024-09-02 00:00:44.697954,2024-09-05 18:08:12.069731,True
P100958,2024-08-29 12:25:24,,,,,False
P102777,2024-08-29 12:52:10,2024-08-29 17:52:10,2024-08-30 03:44:42.402471,,,False
P102052,2024-08-29 15:47:07,,,,,False
P101296,2024-08-30 03:32:28,,,,,False
P102935,2024-08-30 04:15:39,2024-08-30 07:15:39,2024-09-01 01:44:23.711305,2024-09-01 11:49:51.189425,2024-09-02 12:19:26.567221,True
P101087,2024-08-30 08:22:23,2024-08-30 13:22:23,2024-08-31 13:49:19.925492,2024-08-31 19:38:32.844981,2024-09-01 07:34:38.617092,True
P101400,2024-08-30 09:11:05,,,,,False
P101401,2024-08-30 09:23:03,2024-08-30 10:23:03,,,,False
P102633,2024-08-30 10:02:12,2024-08-30 10:02:12,2024-08-31 01:03:18.638004,2024-08-31 06:59:58.257054,,False
P101571,2024-08-30 23:31:59,2024-09-01 01:31:59,2024-09-02 13:48:19.782997,2024-09-08 07:03:09.150780,2024-09-08 10:03:06.179548,True
P101392,2024-08-31 04:10:29,2024-08-31 08:10:29,2024-09-02 08:44:05.984087,2024-09-02 13:32:28.889179,2024-09-03 07:20:53.183781,True
P100600,2024-08-31 16:37:01,2024-08-31 16:37:01,2024-08-31 22:54:29.616548,2024-09-02 18:35:53.336433,2024-09-07 17:19:41.290341,True
P100254,2024-08-31 21:10:40,,,,,False
P100031,2024-09-01 12:49:23,,,,,False
P100682,2024-09-01 22:56:09,,,,,False
P100597,2024-09-02 02:45:41,2024-09-02 05:45:41,,,,False
P100934,2024-09-02 05:39:49,2024-09-02 05:39:49,2024-09-02 17:57:10.217798,2024-09-07 09:58:16.652536,2024-09-12 14:17:52.310304,True
P101105,2024-09-03 05:00:19,2024-09-03 05:00:19,2024-09-04 20:00:42.308104,2024-09-05 14:42:16.307465,2024-09-15 00:43:43.886534,True
P102151,2024-09-03 05:36:53,2024-09-03 13:36:53,2024-09-08 05:52:50.828923,2024-09-08 23:56:41.589770,,False
P100175,2024-09-03 12:10:03,2024-09-04 06:10:03,2024-09-04 11:58:16.656521,2024-09-05 01:42:26.487641,2024-09-09 15:21:41.742141,True
P101678,2024-09-03 13:33:05,2024-09-03 17:33:05,2024-09-04 23:58:37.575117,2024-09-06 09:47:00.320960,2024-09-07 17:03:53.722025,True
P101808,2024-09-03 14:51:13,,,,,False
P100670,2024-09-03 15:52:04,2024-09-03 15:52:04,,,,False
P100317,2024-09-03 16:18:12,2024-09-04 04:18:12,2024-09-04 20:45:25.595099,,,False
P100342,2024-09-03 21:11:14,2024-09-03 21:11:14,2024-09-04 01:56:14.963739,,,False
P101624,2024-09-04 01:56:48,2024-09-04 15:56:48,2024-09-06 04:55:49.664289,2024-09-08 18:28:22.207281,2024-09-12 21:55:51.460989,True
P102859,2024-09-04 03:19:17,2024-09-04 20:19:17,2024-09-06 12:08:23.516815,2024-09-06 17:07:01.345672,2024-09-15 11:18:36.864306,True
P102172,2024-09-04 04:02:39,2024-09-04 16:02:39,,,,False
P100952,2024-09-04 05:28:58,2024-09-04 18:28:58,2024-09-05 22:36:16.793685,2024-09-07 18:56:12.755916,2024-09-09 18:22:05.617507,True
P101690,2024-09-04 07:57:13,2024-09-04 13:57:13,2024-09-06 15:19:32.735748,2024-09-08 15:03:38.238103,2024-09-10 03:53:19.391737,True
P100602,2024-09-05 01:15:29,2024-09-05 03:15:29,2024-09-05 04:34:24.157170,,,False
P101445,2024-09-05 02:55:53,2024-09-05 10:55:53,,,,False
P100387,2024-09-05 06:06:50,2024-09-05 10:06:50,2024-09-05 19:09:19.354024,2024-09-07 03:51:55.606182,2024-09-12 10:37:10.612955,True
P101095,2024-09-05 08:07:07,2024-09-05 08:07:07,2024-09-05 12:47:04.444731,2024-09-06 20:43:02.157948,2024-09-07 09:04:59.871460,True
P101862,2024-09-05 11:53:34,2024-09-05 16:53:34,2024-09-09 22:51:49.409793,2024-09-10 17:30:23.511091,2024-09-22 18:07:05.904687,True
P100833,2024-09-05 15:47:10,2024-09-05 23:47:10,,,,False
P100239,2024-09-05 17:14:21,2024-09-05 17:14:21,2024-09-07 21:21:12.358836,2024-09-08 23:43:08.770039,2024-09-13 12:46:21.508654,True
P100842,2024-09-06 08:31:16,2024-09-06 15:31:16,2024-09-06 19:30:15.913016,2024-09-07 20:05:50.655057,,False
P100885,2024-09-06 12:36:37,2024-09-06 20:36:37,2024-09-09 07:55:53.292138,2024-09-10 10:18:39.993888,2024-09-12 12:48:02.142018,True
P102990,2024-09-06 21:56:15,2024-09-06 22:56:15,2024-09-08 08:44:43.381502,2024-09-10 06:11:19.101809,2024-09-10 11:30:49.561164,True
P101016,2024-09-07 15:19:21,2024-09-07 19:19:21,2024-09-09 18:42:49.984937,2024-09-10 11:49:40.265121,2024-09-15 04:17:40.486200,True
P101368,2024-09-07 23:08:11,2024-09-09 01:08:11,2024-09-14 18:39:11.656922,2024-09-15 09:43:07.790060,,False
P101538,2024-09-08 00:49:54,,,,,False
P100902,2024-09-08 03:10:10,2024-09-08 07:10:10,2024-09-09 08:26:22.685166,2024-09-11 03:30:30.427167,2024-09-11 05:16:03.591287,True
P100014,2024-09-08 05:26:21,2024-09-08 08:26:21,2024-09-10 10:49:54.152442,,,False
P100867,2024-09-08 05:28:12,2024-09-08 06:28:12,,,,False
P101371,2024-09-08 06:01:24,,,,,False
P100721,2024-09-08 07:06:06,2024-09-08 09:06:06,2024-09-08 13:21:18.481691,2024-09-08 15:55:40.753400,2024-09-08 16:06:21.040220,True
P101326,2024-09-08 11:29:07,2024-09-09 09:29:07,,,,False
P102923,2024-09-08 16:50:54,2024-09-09 17:50:54,2024-09-10 05:55:32.018195,,,False
P101536,2024-09-08 19:20:39,2024-09-09 08:20:39,2024-09-09 13:41:00.644929,2024-09-10 11:11:03.138873,2024-09-15 11:09:24.252261,True
P100784,2024-09-08 20:06:31,2024-09-08 23:06:31,2024-09-09 14:03:40.595514,2024-09-15 22:06:23.655582,2024-09-16 04:17:00.791259,True
P100592,2024-09-08 20:08:38,,,,,False
P100015,2024-09-09 16:35:22,2024-09-09 23:35:22,2024-09-10 00:27:42.295161,,,False
P101966,2024-09-10 00:15:01,2024-09-10 08:15:01,2024-09-10 14:10:40.328713,2024-09-17 10:02:39.941777,,False
P102112,2024-09-10 00:26:17,2024-09-10 04:26:17,,,,False
P101000,2024-09-10 03:37:06,2024-09-10 12:37:06,2024-09-10 13:03:15.497119,,,False
P100049,2024-09-10 03:57:36,,,,,False
P100620,2024-09-10 06:48:39,2024-09-10 18:48:39,2024-09-12 21:13:09.522412,,,False
P101239,2024-09-10 10:52:49,2024-09-10 15:52:49,2024-09-11 21:47:02.321003,2024-09-12 03:44:37.779934,2024-09-22 03:57:24.890824,True
P101807,2024-09-10 11:36:38,,,,,False
P102237,2024-09-10 13:18:42,,,,,False
P100689,2024-09-11 03:09:09,2024-09-11 12:09:09,,,,False
P101097,2024-09-11 03:25:06,,,,,False
P102879,2024-09-11 05:13:50,2024-09-11 07:13:50,2024-09-12 03:24:18.570509,2024-09-12 10:40:19.667428,2024-09-13 12:46:13.775568,True
P100117,2024-09-11 05:31:14,2024-09-11 05:31:14,2024-09-11 13:19:32.599869,2024-09-13 08:44:21.568532,2024-09-15 03:11:03.816411,True
P101980,2024-09-11 06:14:59,2024-09-11 07:14:59,2024-09-12 00:13:40.624968,2024-09-12 08:16:43.317649,2024-09-13 06:03:50.229535,True
P100668,2024-09-11 12:43:58,,,,,False
P100167,2024-09-11 22:53:29,2024-09-12 02:53:29,,,,False
P102138,2024-09-12 01:22:02,2024-09-12 22:22:02,,,,False
P101897,2024-09-12 19:45:38,2024-09-12 20:45:38,2024-09-16 23:40:25.496625,,,False
P100493,2024-09-12 22:26:04,2024-09-12 23:26:04,2024-09-13 14:50:24.998612,2024-09-13 20:04:57.294930,2024-09-17 18:55:09.076824,True
P102799,2024-09-13 07:39:54,2024-09-13 13:39:54,2024-09-14 05:29:32.919034,2024-09-16 02:40:52.714543,,False
P102852,2024-09-14 05:47:16,2024-09-14 08:47:16,2024-09-16 09:02:53.341946,2024-09-18 09:34:21.129578,,False
P100855,2024-09-14 08:37:07,2024-09-14 16:37:07,2024-09-15 19:50:40.975668,,,False
P101600,2024-09-14 11:21:14,2024-09-14 15:21:14,,,,False
P100598,2024-09-15 16:59:29,2024-09-16 05:59:29,,,,False
P100234,2024-09-16 03:59:47,2024-09-16 07:59:47,,,,False
P102960,2024-09-16 04:18:24,2024-09-16 10:18:24,2024-09-17 18:27:20.673775,2024-09-20 07:06:37.005645,2024-09-20 17:00:12.611403,True
P101737,2024-09-16 04:35:55,2024-09-16 07:35:55,2024-09-16 14:58:03.327989,2024-09-16 22:12:34.508793,2024-09-25 17:49:01.687178,True
P102447,2024-09-16 05:49:37,2024-09-16 14:49:37,,,,False
P100368,2024-09-17 07:01:47,2024-09-17 15:01:47,2024-09-18 16:17:56.730691,,,False
P102787,2024-09-17 07:43:49,2024-09-17 11:43:49,2024-09-18 08:06:22.469396,2024-09-21 14:23:33.424724,,False
P101514,2024-09-17 08:33:11,2024-09-17 10:33:11,2024-09-17 21:30:40.828830,2024-09-18 21:38:04.627633,2024-09-25 22:33:33.385242,True
P102289,2024-09-17 10:22:13,,,,,False
P102742,2024-09-17 10:28:26,2024-09-18 08:28:26,2024-09-19 05:46:14.367873,,,False
P100057,2024-09-17 19:48:11,2024-09-17 20:48:11,2024-09-18 05:15:57.553331,2024-09-19 09:26:50.045421,2024-09-23 15:11:48.472250,True
P100071,2024-09-18 08:21:49,2024-09-18 20:21:49,,,,False
P101847,2024-09-18 17:25:12,2024-09-18 23:25:12,2024-09-22 05:23:18.687820,2024-09-25 05:11:54.752396,2024-09-25 21:28:12.847321,True
P102030,2024-09-18 18:25:23,2024-09-18 23:25:23,2024-09-21 02:44:30.316396,2024-09-22 11:51:01.975169,2024-09-22 15:21:44.467844,True
P101295,2024-09-19 03:23:25,2024-09-20 05:23:25,2024-09-20 23:50:12.623056,2024-10-05 19:52:53.276702,2024-10-10 16:47:41.272075,True
P100026,2024-09-19 07:14:09,2024-09-19 14:14:09,2024-09-20 06:53:19.149994,2024-09-21 12:39:01.418651,2024-09-23 04:06:21.732929,True
P102504,2024-09-19 09:57:33,2024-09-19 23:57:33,2024-09-21 21:20:03.566484,2024-09-24 06:34:08.366876,2024-09-24 17:43:25.877486,True
P102673,2024-09-19 10:59:23,2024-09-19 15:59:23,2024-09-21 01:42:51.976268,2024-09-23 06:54:06.181286,2024-09-23 13:20:32.282809,True
P101336,2024-09-19 12:18:51,2024-09-19 14:18:51,2024-09-20 23:21:16.280941,2024-09-22 10:23:31.569651,2024-09-25 12:04:44.473317,True
P101438,2024-09-20 05:17:33,2024-09-20 14:17:33,2024-09-20 19:03:47.139779,2024-09-22 13:19:06.640559,,False
P102465,2024-09-20 05:26:12,2024-09-21 01:26:12,2024-09-22 12:06:26.886354,,,False
P101626,2024-09-20 07:36:45,2024-09-20 21:36:45,2024-09-24 09:10:57.264620,2024-09-26 01:52:24.820521,,False
P100728,2024-09-20 07:46:58,2024-09-20 08:46:58,,,,False
P101256,2024-09-20 11:26:38,,,,,False
P102066,2024-09-20 18:11:37,2024-09-20 23:11:37,2024-09-22 00:48:06.697492,2024-09-22 02:32:14.249457,2024-09-23 21:05:55.579005,True
P102111,2024-09-20 22:36:35,2024-09-21 04:36:35,2024-09-22 22:18:42.672127,2024-09-23 03:51:43.271360,2024-09-23 09:36:18.289752,True
P102092,2024-09-21 00:14:53,2024-09-21 01:14:53,2024-09-21 04:37:43.682036,2024-09-21 11:03:42.131167,2024-09-30 06:12:39.793324,True
P101905,2024-09-21 04:09:57,2024-09-21 06:09:57,2024-09-24 08:23:57.814096,2024-09-25 11:01:33.636976,,False
P102491,2024-09-21 18:10:25,2024-09-22 05:10:25,2024-09-22 06:39:49.210185,2024-09-26 09:15:15.332674,2024-09-29 01:34:04.845145,True
P102072,2024-09-22 02:06:41,2024-09-22 12:06:41,,,,False
P100895,2024-09-22 06:34:26,2024-09-22 20:34:26,2024-09-22 21:35:00.147663,2024-09-30 02:16:55.004286,2024-10-05 12:02:59.956389,True
P101893,2024-09-22 15:39:16,,,,,False
P100854,2024-09-22 18:43:04,2024-09-22 20:43:04,2024-09-25 06:42:57.163510,2024-09-27 20:09:48.726290,2024-09-29 17:45:19.299129,True
P102877,2024-09-22 23:38:12,2024-09-23 14:38:12,2024-09-26 13:27:32.537521,2024-09-27 07:33:47.774426,,False
P100944,2024-09-23 08:42:29,,,,,False
P101410,2024-09-23 11:59:29,2024-09-24 12:59:29,2024-09-24 17:25:06.647609,2024-09-28 05:20:09.214967,,False
P101820,2024-09-23 16:21:01,2024-09-23 18:21:01,2024-09-24 21:15:37.017129,2024-09-25 05:47:00.273083,,False
P102882,2024-09-23 19:13:22,2024-09-23 21:13:22,2024-09-24 00:06:48.217081,2024-09-24 11:40:34.665053,2024-09-29 19:43:21.051342,True
P100606,2024-09-23 20:12:42,2024-09-24 05:12:42,2024-09-24 11:20:05.128779,2024-09-25 07:18:48.210827,2024-09-30 15:21:32.016215,True
P102292,2024-09-23 20:29:39,2024-09-24 17:29:39,2024-09-25 00:23:50.911346,2024-09-28 02:56:04.244666,2024-09-29 06:38:12.391490,True
P102650,2024-09-24 00:54:00,2024-09-24 13:54:00,,,,False
P101666,2024-09-24 04:43:47,,,,,False
P100900,2024-09-24 16:00:16,2024-09-24 19:00:16,2024-09-24 23:52:02.595741,,,False
P100621,2024-09-25 06:13:59,2024-09-25 16:13:59,2024-09-27 03:57:43.416945,,,False
P101361,2024-09-25 07:23:47,2024-09-25 19:23:47,,,,False
P102779,2024-09-25 09:15:13,2024-09-25 20:15:13,2024-09-26 04:13:33.113151,2024-09-30 05:28:35.176264,2024-10-01 09:34:02.963682,True
P100852,2024-09-25 12:03:11,2024-09-25 21:03:11,2024-10-05 13:03:58.999062,2024-10-10 15:56:20.431308,2024-10-12 10:50:38.024849,True
P100013,2024-09-26 00:01:52,2024-09-26 00:01:52,2024-09-26 15:23:37.700198,2024-10-03 12:32:50.959545,2024-10-09 02:48:59.260023,True
P102526,2024-09-26 02:10:53,,,,,False
P102658,2024-09-26 08:33:45,2024-09-26 13:33:45,2024-10-01 00:11:40.488596,2024-10-05 09:01:05.905402,2024-10-06 12:27:19.422832,True
P100642,2024-09-26 22:53:04,2024-09-28 00:53:04,2024-10-02 12:00:36.060433,2024-10-05 21:17:32.501509,,False
P101555,2024-09-26 23:21:18,2024-09-27 06:21:18,2024-09-29 08:40:21.166540,2024-10-05 16:54:01.570969,,False
P100561,2024-09-27 01:35:41,2024-09-27 08:35:41,2024-09-27 19:08:03.775043,,,False
P102181,2024-09-27 08:28:00,2024-09-29 01:28:00,2024-09-29 06:05:43.756352,2024-09-30 11:51:02.770674,,False
P101871,2024-09-27 11:01:01,2024-09-27 11:01:01,2024-09-28 17:23:24.858395,,,False
P101232,2024-09-27 14:06:12,2024-09-27 16:06:12,2024-09-28 08:10:18.732790,2024-09-30 02:17:44.469817,2024-10-02 13:11:30.147814,True
P102662,2024-09-28 00:53:23,2024-09-28 08:53:23,2024-10-01 00:54:03.130912,2024-10-02 21:52:30.029998,2024-10-05 18:14:24.765637,True
P100973,2024-09-28 08:00:20,2024-09-28 11:00:20,2024-09-30 12:11:52.273191,,,False
P101751,2024-09-28 08:16:33,2024-09-28 11:16:33,2024-09-28 22:55:32.974428,2024-10-01 09:48:17.942704,,False
P101458,2024-09-28 17:06:27,2024-09-29 10:06:27,2024-09-29 10:43:31.150630,2024-10-01 20:21:09.163878,2024-10-02 07:58:19.747721,True
P100297,2024-09-28 22:16:41,2024-09-29 04:16:41,2024-09-29 14:01:51.087902,2024-09-29 18:24:36.015228,2024-10-02 09:59:32.896357,True
P101707,2024-09-29 01:48:53,,,,,False
P101574,2024-09-29 19:33:31,2024-09-29 21:33:31,2024-09-30 00:31:16.107756,,,False
P101323,2024-09-30 03:51:01,,,,,False
P102296,2024-09-30 14:28:36,2024-09-30 20:28:36,2024-10-02 12:34:26.571482,2024-10-03 07:41:29.017541,,False
P101078,2024-09-30 18:19:02,2024-09-30 19:19:02,2024-10-01 01:59:55.712131,2024-10-04 21:12:27.219270,2024-10-09 08:34:33.670145,True
P102407,2024-09-30 23:48:31,2024-10-01 14:48:31,,,,False
P101096,2024-10-01 02:06:06,2024-10-01 08:06:06,,,,False
P102856,2024-10-01 02:59:23,,,,,False
P101133,2024-10-01 19:33:43,2024-10-01 21:33:43,2024-10-06 11:49:28.534797,2024-10-10 14:15:22.435543,2024-10-14 16:54:54.494792,True
P101951,2024-10-01 21:22:56,2024-10-02 04:22:56,,,,False
P101215,2024-10-01 21:37:33,2024-10-02 00:37:33,,,,False
P100131,2024-10-02 02:54:11,2024-10-02 07:54:11,2024-10-05 13:07:10.611941,2024-10-10 22:22:05.957105,2024-10-13 19:27:51.352651,True
P100879,2024-10-02 06:20:00,2024-10-03 01:20:00,2024-10-03 18:54:40.039633,2024-10-09 00:50:04.831329,2024-10-09 04:15:26.506499,True
P101010,2024-10-02 09:22:56,2024-10-02 12:22:56,2024-10-03 08:16:53.523318,2024-10-05 19:57:09.314998,2024-10-07 22:24:20.738984,True
P102823,2024-10-02 15:10:33,2024-10-02 18:10:33,2024-10-04 09:53:59.548670,2024-10-08 20:43:37.198330,,False
P100213,2024-10-03 01:25:03,,,,,False
P100468,2024-10-03 06:16:28,2024-10-03 09:16:28,2024-10-03 10:06:30.609395,,,False
P101112,2024-10-03 06:21:48,2024-10-03 06:21:48,2024-10-04 04:15:37.198024,,,False
P102914,2024-10-03 07:04:54,2024-10-03 08:04:54,2024-10-03 22:41:16.985267,2024-10-04 14:01:22.295595,2024-10-08 10:34:05.746353,True
P100830,2024-10-03 14:34:55,2024-10-04 13:34:55,2024-10-06 01:09:05.312146,2024-10-06 04:08:04.698578,,False
P101111,2024-10-03 17:26:20,2024-10-04 14:26:20,2024-10-05 19:38:39.358346,2024-10-09 01:06:23.524550,2024-10-25 08:32:54.061118,True
P101839,2024-10-03 23:55:26,2024-10-04 01:55:26,,,,False
P102741,2024-10-04 06:50:00,2024-10-04 12:50:00,2024-10-06 03:00:59.518967,2024-10-07 04:22:16.773162,2024-10-07 08:41:28.807531,True
P102574,2024-10-04 14:32:24,2024-10-04 15:32:24,2024-10-05 02:07:52.200398,2024-10-05 14:57:59.163721,2024-10-17 08:17:33.603340,True
P102038,2024-10-04 20:22:04,2024-10-05 04:22:04,,,,False
P102907,2024-10-04 22:25:30,2024-10-04 23:25:30,2024-10-05 16:04:27.901278,2024-10-06 10:14:00.358050,2024-10-09 10:51:52.427299,True
P100173,2024-10-04 22:50:14,2024-10-04 22:50:14,2024-10-05 08:48:35.415310,2024-10-08 21:46:38.641200,2024-10-10 07:34:04.575848,True
P102174,2024-10-05 02:26:42,2024-10-05 15:26:42,2024-10-07 08:46:54.973920,2024-10-15 00:22:31.190259,2024-10-18 01:51:35.388935,True
P102470,2024-10-05 04:17:59,2024-10-05 07:17:59,2024-10-06 16:32:42.197394,2024-10-12 08:50:56.361455,,False
P101492,2024-10-05 06:13:14,2024-10-05 06:13:14,2024-10-05 14:59:55.665481,2024-10-07 13:44:35.249211,,False
P101602,2024-10-05 09:16:07,2024-10-05 23:16:07,,,,False
P101554,2024-10-05 11:57:39,,,,,False
P102727,2024-10-05 13:29:30,2024-10-05 22:29:30,2024-10-06 03:23:00.137550,,,False
P100124,2024-10-05 19:01:38,,,,,False
P100108,2024-10-06 00:34:53,2024-10-06 05:34:53,2024-10-07 09:31:29.035743,2024-10-11 23:05:24.255756,2024-10-13 13:12:17.443271,True
P102821,2024-10-06 01:36:52,2024-10-06 02:36:52,2024-10-06 17:29:13.704570,2024-10-07 02:59:44.740251,2024-10-20 18:15:13.547037,True
P101332,2024-10-06 06:26:05,2024-10-06 06:26:05,2024-10-09 03:01:31.826968,,,False
P101032,2024-10-06 09:33:13,2024-10-06 12:33:13,2024-10-07 13:07:47.426137,,,False
P101231,2024-10-06 10:39:06,2024-10-06 10:39:06,2024-10-10 03:31:13.746538,2024-10-11 22:57:12.389337,,False
P100542,2024-10-06 18:06:46,2024-10-07 00:06:46,2024-10-07 03:58:44.003329,2024-10-07 07:55:02.452311,,False
P100776,2024-10-06 22:46:12,2024-10-06 22:46:12,2024-10-08 14:31:43.335510,2024-10-10 11:54:15.561914,2024-10-16 14:48:27.405316,True
P101094,2024-10-07 04:05:19,2024-10-07 08:05:19,2024-10-10 14:11:48.406851,,,False
P102910,2024-10-07 06:01:13,2024-10-07 07:01:13,,,,False
P101089,2024-10-07 20:52:19,2024-10-07 23:52:19,2024-10-08 05:07:17.401236,,,False
P100880,2024-10-07 20:57:56,2024-10-08 04:57:56,2024-10-09 02:55:30.952199,2024-10-13 08:07:56.433305,2024-10-17 10:18:29.430743,True
P101608,2024-10-08 04:26:29,2024-10-08 07:26:29,2024-10-13 04:32:31.941105,2024-10-21 19:02:16.823121,2024-10-22 09:31:43.436852,True
P101580,2024-10-08 12:48:41,2024-10-08 15:48:41,,,,False
P101071,2024-10-08 14:38:52,2024-10-10 03:38:52,2024-10-11 16:49:37.678129,2024-10-11 18:03:01.376934,2024-10-15 14:42:31.244162,True
P100744,2024-10-08 18:19:42,,,,,False
P101046,2024-10-08 21:04:46,2024-10-09 02:04:46,,,,False
P102566,2024-10-08 21:59:43,,,,,False
P102981,2024-10-09 01:09:10,2024-10-09 08:09:10,2024-10-09 11:03:34.677221,2024-10-15 00:36:41.072981,2024-10-21 06:38:10.855766,True
P101635,2024-10-09 05:52:44,,,,,False
P101390,2024-10-10 03:56:49,2024-10-10 03:56:49,,,,False
P100663,2024-10-10 07:02:18,,,,,False
P100215,2024-10-10 09:52:09,2024-10-10 12:52:09,2024-10-18 15:59:16.473835,,,False
P101561,2024-10-10 11:19:05,2024-10-10 11:19:05,2024-10-10 18:07:10.152373,2024-10-11 15:49:18.947601,2024-10-12 01:21:25.764288,True
P101719,2024-10-11 01:41:29,2024-10-11 03:41:29,2024-10-11 21:54:17.272717,2024-10-16 15:50:17.276190,,False
P101369,2024-10-11 01:58:55,2024-10-11 02:58:55,2024-10-13 14:42:00.586126,2024-10-15 22:51:28.015280,2024-10-16 02:35:19.515166,True
P100158,2024-10-11 02:06:50,2024-10-11 21:06:50,2024-10-12 05:51:36.705130,2024-10-13 12:08:47.083293,2024-10-17 05:11:33.880967,True
P101490,2024-10-11 06:29:42,2024-10-11 07:29:42,2024-10-11 13:30:13.171379,2024-10-11 18:47:17.867096,,False
P100887,2024-10-11 06:57:48,,,,,False
P101066,2024-10-11 17:06:42,2024-10-12 00:06:42,2024-10-12 17:32:16.746824,2024-10-14 08:23:39.538230,,False
P102268,2024-10-11 19:52:17,2024-10-12 00:52:17,2024-10-17 22:04:36.596778,2024-10-22 11:24:58.969122,2024-10-27 14:32:56.464215,True
P102076,2024-10-11 20:13:53,2024-10-12 02:13:53,2024-10-13 00:09:54.198713,2024-10-13 04:59:58.331337,2024-10-15 08:27:32.623214,True
P102155,2024-10-12 00:07:43,2024-10-12 04:07:43,2024-10-15 03:09:10.243775,2024-10-15 11:09:58.666074,,False
P101845,2024-10-12 02:00:35,2024-10-12 07:00:35,2024-10-15 13:48:42.737405,2024-10-17 16:53:40.916968,2024-10-20 19:10:13.885508,True
P100585,2024-10-12 05:21:28,2024-10-12 17:21:28,,,,False
P100151,2024-10-12 09:33:17,,,,,False
P102239,2024-10-12 22:02:15,2024-10-13 02:02:15,2024-10-13 13:44:39.126279,2024-10-13 23:10:42.170669,2024-10-14 18:15:34.099992,True
P102851,2024-10-12 22:16:11,2024-10-13 23:16:11,2024-10-14 02:51:10.339944,2024-10-15 11:25:11.977456,2024-10-22 21:34:44.622313,True
P102223,2024-10-13 01:47:29,2024-10-13 02:47:29,2024-10-16 05:33:59.036192,2024-10-17 23:38:10.535962,2024-10-19 02:39:58.804614,True
P100693,2024-10-13 03:27:33,2024-10-13 05:27:33,2024-10-13 17:54:44.622380,2024-10-18 10:34:15.554950,2024-11-06 11:04:53.195421,True
P101753,2024-10-13 04:57:37,2024-10-13 05:57:37,2024-10-13 21:12:45.730275,2024-10-15 09:26:06.433671,2024-10-19 18:25:09.153126,True
P102767,2024-10-13 06:55:18,2024-10-13 06:55:18,2024-10-13 21:01:02.359644,2024-10-16 05:25:54.160119,2024-10-19 17:15:07.721749,True
P102588,2024-10-13 07:18:47,2024-10-13 09:18:47,2024-10-13 17:21:34.271608,,,False
P101276,2024-10-13 12:49:02,2024-10-13 12:49:02,2024-10-14 09:20:20.604940,2024-10-16 21:19:59.547154,2024-10-18 16:11:07.674197,True
P100189,2024-10-13 13:06:35,2024-10-13 14:06:35,2024-10-14 10:14:18.033274,2024-10-16 12:27:03.503347,2024-10-18 14:42:46.224420,True
P102785,2024-10-13 13:39:16,2024-10-13 16:39:16,2024-10-14 11:34:23.273908,2024-10-14 23:15:53.640131,2024-10-16 09:15:50.029321,True
P100637,2024-10-13 16:32:26,2024-10-13 16:32:26,,,,False
P100155,2024-10-13 16:40:30,2024-10-14 03:40:30,2024-10-14 18:37:12.039619,,,False
P100225,2024-10-14 03:25:56,2024-10-14 15:25:56,2024-10-14 16:32:34.148460,,,False
P101518,2024-10-14 17:14:07,2024-10-14 21:14:07,,,,False
P100889,2024-10-14 19:34:13,2024-10-16 04:34:13,2024-10-18 02:35:24.143252,,,False
P100666,2024-10-15 00:46:15,,,,,False
P100962,2024-10-15 01:45:05,2024-10-15 11:45:05,,,,False
P100988,2024-10-15 06:32:56,2024-10-15 07:32:56,2024-10-17 02:13:48.866776,,,False
P102728,2024-10-15 12:48:17,2024-10-16 02:48:17,2024-10-16 10:34:46.896598,2024-10-20 15:51:15.057068,2024-10-22 02:15:52.181374,True
P101887,2024-10-15 23:07:12,,,,,False
P102001,2024-10-16 00:24:22,2024-10-16 02:24:22,2024-10-17 04:53:09.706951,,,False
P102810,2024-10-16 03:45:15,2024-10-16 12:45:15,2024-10-18 04:09:10.450705,2024-10-18 06:05:54.497199,2024-10-21 08:53:18.647092,True
P100537,2024-10-16 09:08:53,2024-10-16 19:08:53,,,,False
P100762,2024-10-16 10:30:42,2024-10-16 12:30:42,2024-10-17 21:39:02.978346,2024-10-18 20:43:48.819730,,False
P100329,2024-10-16 11:09:02,2024-10-16 16:09:02,2024-10-19 16:14:51.012369,2024-10-23 17:17:28.148110,2024-10-23 20:22:47.454170,True
P101320,2024-10-16 12:44:56,,,,,False
P101374,2024-10-16 13:34:59,2024-10-16 14:34:59,2024-10-18 05:52:00.201416,2024-10-20 08:06:08.062137,2024-10-20 15:21:46.204053,True
P102612,2024-10-16 18:59:27,2024-10-16 18:59:27,2024-10-19 03:03:34.769385,,,False
P100319,2024-10-17 04:23:30,2024-10-17 10:23:30,2024-10-17 14:20:53.970461,,,False
P101008,2024-10-17 14:53:12,2024-10-17 21:53:12,2024-10-18 06:05:33.591210,2024-10-21 15:13:38.063871,2024-10-24 17:55:06.591931,True
P101397,2024-10-17 18:01:32,,,,,False
P100105,2024-10-17 21:26:59,,,,,False
P102003,2024-10-17 22:43:08,2024-10-18 00:43:08,2024-10-21 16:42:03.304729,,,False
P100782,2024-10-18 02:23:17,2024-10-18 02:23:17,,,,False
P102039,2024-10-18 04:21:29,,,,,False
P100141,2024-10-18 05:54:41,2024-10-18 10:54:41,2024-10-20 05:15:23.187515,2024-10-21 18:49:04.366872,2024-10-25 08:14:18.586296,True
P102847,2024-10-18 08:43:10,2024-10-18 18:43:10,,,,False
P101855,2024-10-18 13:31:04,,,,,False
P100629,2024-10-19 12:50:23,2024-10-19 17:50:23,2024-10-20 17:48:28.818936,2024-10-22 08:39:27.969742,2024-10-23 06:13:38.888479,True
P100708,2024-10-20 09:27:37,2024-10-20 12:27:37,2024-10-21 08:03:55.955377,2024-10-23 15:07:49.308074,,False
P101778,2024-10-20 17:16:57,2024-10-20 17:16:57,2024-10-24 10:50:22.258100,2024-10-25 03:13:54.847755,2024-10-31 09:20:30.783901,True
P102280,2024-10-20 21:23:01,,,,,False
P101543,2024-10-21 02:02:51,2024-10-21 07:02:51,2024-10-21 09:01:35.545906,2024-10-21 22:54:12.385173,,False
P100681,2024-10-21 11:40:43,2024-10-21 14:40:43,2024-10-22 15:05:48.493769,2024-10-23 00:24:11.779295,2024-10-24 01:56:31.269634,True
P101525,2024-10-21 13:37:32,2024-10-22 02:37:32,2024-10-22 17:04:12.596778,2024-10-27 20:29:45.333467,2024-10-29 21:08:13.367203,True
P102330,2024-10-21 14:43:02,2024-10-21 18:43:02,2024-10-22 13:36:15.032081,2024-10-26 09:23:43.070695,,False
P100929,2024-10-21 15:29:15,2024-10-21 15:29:15,2024-10-30 20:35:06.242915,,,False
P102028,2024-10-21 17:22:12,2024-10-22 16:22:12,2024-10-24 22:05:28.082001,,,False
P101340,2024-10-21 21:05:10,2024-10-21 23:05:10,2024-10-25 02:38:46.552428,2024-10-25 14:04:03.170474,2024-10-25 20:01:24.612005,True
P100184,2024-10-21 23:19:21,2024-10-22 13:19:21,2024-10-23 05:52:27.894300,2024-10-23 16:33:36.242652,2024-10-24 09:39:17.603748,True
P102067,2024-10-22 00:02:58,2024-10-22 13:02:58,2024-10-22 22:54:30.080325,2024-10-25 20:56:28.295372,2024-10-26 09:18:42.798694,True
P101173,2024-10-22 02:36:57,2024-10-22 03:36:57,2024-10-24 08:12:39.596305,2024-10-25 03:12:52.300498,,False
P101129,2024-10-22 03:48:19,2024-10-22 08:48:19,2024-10-24 20:08:06.862973,2024-10-24 23:21:02.216273,2024-10-26 02:57:31.590452,True
P100044,2024-10-22 04:41:41,2024-10-22 04:41:41,,,,False
P101747,2024-10-22 11:37:30,2024-10-22 14:37:30,2024-10-26 00:05:09.162365,2024-11-04 03:15:28.163557,,False
P100579,2024-10-22 12:57:26,2024-10-22 22:57:26,2024-10-28 02:07:07.413064,2024-10-29 18:10:56.557017,2024-11-02 01:50:07.753510,True
P101383,2024-10-22 13:42:26,2024-10-22 15:42:26,2024-10-23 14:37:56.049506,2024-10-24 05:19:25.567285,2024-10-28 05:21:27.404953,True
P102752,2024-10-22 14:17:08,2024-10-22 14:17:08,2024-10-22 23:21:12.428401,2024-10-23 21:45:10.989701,2024-10-29 08:35:25.985211,True
P102793,2024-10-22 16:44:42,2024-10-22 21:44:42,2024-10-23 23:57:07.278618,2024-10-26 02:09:31.092482,2024-10-28 01:30:45.859493,True
P102446,2024-10-22 19:11:41,2024-10-23 01:11:41,,,,False
P101976,2024-10-22 20:09:32,2024-10-23 05:09:32,2024-10-23 17:38:14.103215,2024-10-28 02:00:43.438713,,False
P100908,2024-10-22 21:41:56,2024-10-23 08:41:56,2024-10-24 19:18:18.708281,2024-10-29 14:16:09.968511,2024-10-29 15:14:17.469458,True
P102025,2024-10-23 06:42:42,2024-10-23 15:42:42,2024-10-25 10:20:23.536381,2024-10-29 09:09:13.137094,2024-11-01 09:25:45.692070,True
P102000,2024-10-23 13:19:35,2024-10-24 03:19:35,2024-10-24 11:59:30.743609,2024-10-26 14:10:36.557036,,False
P102190,2024-10-23 14:53:54,2024-10-23 16:53:54,2024-10-25 00:51:38.961712,2024-10-26 05:32:38.818948,2024-10-28 00:57:56.767916,True
P101652,2024-10-24 08:48:48,2024-10-24 14:48:48,2024-10-25 04:24:27.163234,2024-10-27 10:59:46.775329,2024-10-28 12:17:39.250030,True
P100975,2024-10-24 19:44:48,2024-10-24 22:44:48,2024-10-27 20:04:03.863631,2024-10-30 00:47:11.608172,2024-10-30 10:35:17.896481,True
P101812,2024-10-25 09:44:41,2024-10-26 11:44:41,2024-10-28 08:54:11.474334,,,False
P101118,2024-10-25 13:18:49,2024-10-25 17:18:49,2024-10-28 08:19:19.111996,2024-10-29 18:19:25.399005,2024-10-30 20:51:10.684797,True
P102940,2024-10-25 16:46:48,2024-10-26 17:46:48,2024-10-27 01:47:55.962385,2024-10-27 13:00:18.730028,2024-11-06 04:58:39.537366,True
P100224,2024-10-25 22:58:42,2024-10-26 09:58:42,2024-10-26 11:14:42.177558,2024-10-31 01:21:01.370118,2024-11-08 16:17:37.325626,True
P102707,2024-10-25 23:28:43,,,,,False
P101144,2024-10-26 16:10:19,2024-10-26 21:10:19,,,,False
P102680,2024-10-26 18:38:01,2024-10-26 22:38:01,2024-10-27 05:45:56.376624,2024-10-28 04:29:49.842295,2024-11-01 08:40:42.411507,True
P100638,2024-10-27 00:55:27,2024-10-27 05:55:27,2024-10-27 09:23:39.878901,2024-10-30 06:38:56.765079,,False
P100926,2024-10-27 03:28:17,2024-10-27 05:28:17,2024-10-28 07:37:58.049806,2024-10-28 19:36:54.434865,2024-10-31 14:17:37.029989,True
P101260,2024-10-27 11:45:16,,,,,False
P101412,2024-10-27 15:12:25,2024-10-28 03:12:25,,,,False
P100911,2024-10-27 21:31:15,2024-10-28 09:31:15,2024-10-30 08:17:58.144742,,,False
P101936,2024-10-28 04:44:25,2024-10-28 08:44:25,2024-10-29 12:18:38.250371,,,False
P100871,2024-10-28 05:01:14,2024-10-28 05:01:14,2024-10-31 17:16:14.897583,2024-11-02 05:17:51.732322,2024-11-04 20:18:48.846147,True
P102617,2024-10-28 05:44:19,2024-10-28 14:44:19,2024-10-28 20:49:33.451579,2024-11-01 07:19:37.760442,2024-11-01 11:39:45.604805,True
P100061,2024-10-28 16:51:50,2024-10-28 19:51:50,2024-10-29 20:23:04.015632,2024-11-01 16:00:12.909269,2024-11-07 19:52:53.643612,True
P100309,2024-10-28 19:44:48,2024-10-29 11:44:48,,,,False
P102450,2024-10-28 20:15:02,2024-10-29 08:15:02,2024-11-01 11:22:16.131086,2024-11-02 19:53:49.461931,2024-11-08 13:51:14.980486,True
P102596,2024-10-28 23:12:01,2024-10-29 00:12:01,2024-11-02 01:06:14.722364,2024-11-05 20:52:59.819235,2024-11-10 08:03:33.885342,True
P101219,2024-10-29 08:53:00,2024-10-29 15:53:00,2024-10-30 10:16:22.111278,2024-11-01 12:40:42.476595,2024-11-04 22:15:08.852858,True
P102004,2024-10-29 11:16:21,2024-10-29 20:16:21,2024-10-30 09:24:34.715384,2024-10-30 12:20:20.026131,2024-11-01 00:44:54.195967,True
P100935,2024-10-29 12:22:03,2024-10-29 18:22:03,2024-10-30 06:09:34.082686,,,False
P101208,2024-10-29 13:57:38,2024-10-29 18:57:38,2024-11-01 17:40:14.071934,2024-11-03 08:42:24.261595,2024-11-04 09:14:31.023995,True
P100992,2024-10-29 16:44:41,2024-10-29 18:44:41,2024-10-31 12:02:24.455341,2024-10-31 21:08:15.108031,2024-11-02 03:49:51.105326,True
P100527,2024-10-29 17:35:44,2024-10-29 19:35:44,2024-11-02 00:06:12.241264,2024-11-04 07:05:03.185278,2024-11-05 15:00:02.939918,True
P101533,2024-10-29 22:30:06,2024-10-30 09:30:06,,,,False
P101972,2024-10-29 23:06:08,2024-10-29 23:06:08,,,,False
P102316,2024-10-30 06:59:46,2024-10-30 18:59:46,2024-11-01 11:35:18.382102,2024-11-03 01:57:33.398103,2024-11-03 17:06:03.873399,True
P101227,2024-10-30 07:12:13,2024-10-30 12:12:13,2024-11-02 22:03:51.457564,,,False
P102375,2024-10-30 12:04:19,2024-10-31 10:04:19,2024-11-01 03:23:55.209458,2024-11-02 01:56:43.929188,,False
P102958,2024-10-30 13:41:56,2024-11-01 12:41:56,,,,False
P101563,2024-10-30 14:42:55,2024-10-30 22:42:55,2024-11-03 14:36:27.320554,2024-11-06 00:35:38.305549,,False
P101596,2024-10-30 16:52:19,2024-10-30 20:52:19,2024-10-30 22:37:30.533160,2024-10-31 02:09:00.260276,2024-10-31 13:46:25.737073,True
P100940,2024-10-30 21:15:24,2024-10-31 02:15:24,2024-11-01 01:46:12.092994,2024-11-04 15:35:05.681852,,False
P102771,2024-10-30 23:39:15,2024-10-31 00:39:15,,,,False
P102607,2024-10-31 01:23:14,2024-10-31 01:23:14,,,,False
P100617,2024-10-31 05:19:33,2024-10-31 11:19:33,2024-11-01 05:24:49.789509,2024-11-02 08:36:35.301064,2024-11-02 17:10:58.538283,True
P102480,2024-10-31 05:21:07,2024-10-31 18:21:07,2024-11-02 16:30:52.280856,2024-11-04 15:21:53.422954,,False
P102108,2024-10-31 05:33:59,2024-10-31 07:33:59,2024-11-01 00:01:16.185670,2024-11-04 21:29:57.836444,2024-11-08 01:12:37.693173,True
P101358,2024-10-31 08:50:31,2024-10-31 12:50:31,2024-11-01 02:10:57.098006,,,False
P102285,2024-10-31 11:53:38,2024-10-31 17:53:38,2024-11-03 00:42:50.412889,2024-11-03 02:03:44.991282,,False
P100492,2024-10-31 18:30:29,2024-11-01 13:30:29,,,,False
P102525,2024-11-01 00:02:33,2024-11-01 01:02:33,,,,False
P102176,2024-11-01 11:10:05,2024-11-01 13:10:05,,,,False
P100601,2024-11-01 12:20:35,2024-11-02 08:20:35,2024-11-06 13:19:39.110267,2024-11-08 01:35:27.530103,2024-11-08 21:15:39.431886,True
P100149,2024-11-01 18:38:07,2024-11-01 18:38:07,2024-11-04 04:53:43.831190,2024-11-06 13:20:27.871446,,False
P100487,2024-11-02 00:03:23,,,,,False
P100687,2024-11-02 01:08:51,2024-11-02 09:08:51,2024-11-04 10:39:54.498620,2024-11-04 13:21:14.181558,2024-11-05 06:28:40.044502,True
P102206,2024-11-02 04:32:54,,,,,False
P100064,2024-11-02 06:15:47,2024-11-02 11:15:47,2024-11-04 05:48:59.839668,,,False
P100323,2024-11-02 10:06:53,2024-11-03 01:06:53,,,,False
P102291,2024-11-02 10:56:45,2024-11-02 11:56:45,2024-11-04 05:18:19.746644,2024-11-06 19:51:36.042474,2024-11-07 23:53:19.688739,True
P102567,2024-11-02 12:17:44,2024-11-02 14:17:44,2024-11-04 17:51:10.711485,2024-11-06 05:04:31.887077,,False
P102217,2024-11-02 17:56:44,2024-11-02 22:56:44,2024-11-03 07:42:23.317230,,,False
P100236,2024-11-02 19:57:12,2024-11-02 23:57:12,,,,False
P101999,2024-11-03 06:44:59,2024-11-03 12:44:59,2024-11-04 10:05:23.671817,,,False
P100386,2024-11-03 07:33:17,2024-11-04 03:33:17,2024-11-04 09:52:37.977595,2024-11-07 10:37:19.574496,2024-11-10 08:52:24.198265,True
P102861,2024-11-03 07:45:59,,,,,False
P100379,2024-11-03 09:16:42,2024-11-03 11:16:42,2024-11-04 03:08:32.445144,,,False
P100656,2024-11-03 09:58:23,2024-11-03 11:58:23,2024-11-03 19:17:54.907840,,,False
P102897,2024-11-03 20:41:39,2024-11-03 21:41:39,,,,False
P102868,2024-11-03 23:08:28,2024-11-04 20:08:28,2024-11-04 21:25:18.430444,2024-11-04 22:23:56.888453,2024-11-05 00:18:52.357108,True
P101526,2024-11-04 03:59:49,2024-11-04 07:59:49,2024-11-04 11:25:00.418161,2024-11-05 04:13:34.236080,,False
P100669,2024-11-04 05:25:39,2024-11-04 09:25:39,2024-11-05 17:45:22.455798,2024-11-07 10:17:38.682842,,False
P100144,2024-11-04 07:39:46,2024-11-04 19:39:46,2024-11-07 20:04:41.893034,2024-11-11 02:36:12.273150,,False
P100466,2024-11-04 14:24:37,2024-11-04 19:24:37,2024-11-05 16:50:10.849069,,,False
P102598,2024-11-04 16:14:06,2024-11-04 17:14:06,2024-11-06 04:38:47.682083,2024-11-06 06:36:02.761806,2024-11-11 09:33:07.992162,True
P102490,2024-11-04 18:57:24,,,,,False
P102675,2024-11-05 00:42:47,2024-11-05 07:42:47,2024-11-05 23:35:53.158962,,,False
P100288,2024-11-05 00:57:33,2024-11-05 10:57:33,2024-11-07 01:11:57.312557,2024-11-09 12:27:35.504298,2024-11-13 07:55:21.031799,True
P102094,2024-11-05 01:10:39,,,,,False
P101169,2024-11-05 05:26:41,2024-11-05 06:26:41,2024-11-06 19:29:48.234617,,,False
P101069,2024-11-05 13:40:23,2024-11-05 15:40:23,2024-11-06 00:30:26.713972,2024-11-10 11:14:33.481020,2024-11-18 11:23:47.023641,True
P101850,2024-11-05 22:10:23,2024-11-06 08:10:23,2024-11-12 01:18:47.825716,2024-11-13 07:32:45.802769,2024-11-14 05:48:19.394174,True
P102433,2024-11-06 03:09:20,2024-11-06 19:09:20,2024-11-06 22:00:28.935842,,,False
P100110,2024-11-06 06:45:51,2024-11-06 06:45:51,2024-11-07 08:05:46.376709,2024-11-07 21:18:09.110337,2024-11-10 04:20:00.863141,True
P102833,2024-11-06 07:33:20,2024-11-06 07:33:20,2024-11-06 19:41:52.466113,2024-11-06 22:51:50.188872,2024-11-07 02:08:10.233362,True
P100696,2024-11-06 21:34:54,2024-11-07 05:34:54,,,,False
P100964,2024-11-06 21:44:17,2024-11-07 03:44:17,2024-11-07 23:52:03.243034,2024-11-08 13:07:23.056741,2024-11-09 08:52:57.606661,True
P102424,2024-11-06 23:05:23,2024-11-07 00:05:23,,,,False
P100019,2024-11-07 03:00:08,2024-11-07 09:00:08,2024-11-07 19:21:38.100648,2024-11-11 14:30:34.540199,2024-11-14 19:15:00.452941,True
P101269,2024-11-07 08:43:42,2024-11-08 13:43:42,2024-11-08 20:58:56.747463,2024-11-10 05:17:43.839116,2024-11-12 04:48:29.079483,True
P102755,2024-11-07 14:43:46,2024-11-07 21:43:46,2024-11-10 04:42:44.330574,2024-11-13 12:39:19.191372,2024-11-14 08:02:33.644691,True
P102998,2024-11-07 23:54:24,2024-11-08 03:54:24,2024-11-08 12:57:10.636619,2024-11-14 03:54:55.293888,2024-11-20 12:47:49.163777,True
P100022,2024-11-08 00:14:47,2024-11-08 14:14:47,2024-11-10 19:42:39.329346,2024-11-21 00:32:50.695608,2024-11-25 08:40:24.273709,True
P100269,2024-11-08 04:09:15,2024-11-08 05:09:15,2024-11-09 05:02:45.770207,2024-11-14 17:52:22.642842,2024-11-17 12:02:21.109742,True
P102709,2024-11-08 04:22:14,2024-11-08 08:22:14,2024-11-08 11:04:10.019862,2024-11-10 23:35:06.499883,,False
P102208,2024-11-08 07:36:28,2024-11-08 13:36:28,2024-11-08 20:07:06.658648,2024-11-10 00:07:11.240906,,False
P100416,2024-11-08 12:19:46,2024-11-08 17:19:46,,,,False
P101829,2024-11-08 14:33:33,2024-11-09 10:33:33,,,,False
P100896,2024-11-08 16:20:17,2024-11-08 18:20:17,2024-11-09 01:40:22.911179,2024-11-13 15:02:14.643870,2024-11-18 12:13:17.817717,True
P102303,2024-11-08 17:27:54,,,,,False
P102532,2024-11-09 03:04:09,2024-11-09 22:04:09,2024-11-12 12:27:36.870817,2024-11-15 03:24:57.751369,2024-11-18 16:16:58.842903,True
P100916,2024-11-09 09:59:04,2024-11-09 10:59:04,2024-11-10 01:26:12.294437,2024-11-11 14:42:19.020770,2024-11-12 16:22:47.687344,True
P102565,2024-11-09 10:16:51,,,,,False
P101816,2024-11-09 14:29:11,2024-11-09 20:29:11,,,,False
P102665,2024-11-09 19:03:39,2024-11-11 00:03:39,2024-11-11 03:03:53.950959,2024-11-12 10:13:41.141168,2024-11-15 08:51:01.898315,True
P102362,2024-11-09 22:27:39,2024-11-10 04:27:39,2024-11-10 22:49:16.004988,2024-11-13 01:01:44.162580,2024-11-17 23:41:44.967570,True
P100250,2024-11-09 23:28:34,2024-11-10 03:28:34,2024-11-12 05:35:22.242208,2024-11-15 13:07:11.367147,2024-11-18 18:50:49.677380,True
P101021,2024-11-10 05:38:36,2024-11-10 12:38:36,2024-11-11 10:44:17.377009,,,False
P101878,2024-11-10 05:50:42,2024-11-11 09:50:42,2024-11-12 04:33:08.133263,2024-11-15 17:25:50.806583,2024-11-17 23:10:49.997613,True
P102228,2024-11-10 10:16:33,2024-11-10 23:16:33,2024-11-11 15:40:54.009186,,,False
P102942,2024-11-10 10:42:03,2024-11-10 11:42:03,2024-11-11 09:48:41.021489,2024-11-12 17:18:22.665222,2024-11-12 22:12:50.970007,True
P101070,2024-11-10 18:08:53,2024-11-11 07:08:53,2024-11-11 20:56:17.755423,2024-11-13 04:34:06.590617,2024-11-14 01:21:31.500126,True
P101803,2024-11-10 18:12:04,2024-11-11 08:12:04,2024-11-12 18:18:04.331648,2024-11-15 01:41:51.865014,2024-11-18 21:50:56.214442,True
P102640,2024-11-10 18:31:48,2024-11-11 03:31:48,2024-11-11 05:53:39.637191,2024-11-11 11:50:06.321051,2024-11-20 05:13:09.422831,True
P100967,2024-11-10 18:49:26,2024-11-11 02:49:26,2024-11-13 14:07:07.357629,,,False
P102715,2024-11-11 02:20:33,2024-11-11 06:20:33,2024-11-11 13:11:16.760778,2024-11-16 03:59:54.369708,2024-11-20 01:06:15.427140,True
P102229,2024-11-11 08:51:15,2024-11-11 16:51:15,2024-11-13 04:59:02.332344,2024-11-13 22:21:41.847029,2024-11-17 09:12:39.250004,True
P101974,2024-11-11 12:33:21,2024-11-11 22:33:21,2024-11-12 20:04:12.996413,2024-11-13 15:04:23.586602,,False
P102557,2024-11-11 18:14:39,2024-11-11 19:14:39,2024-11-14 00:42:12.646965,2024-11-17 00:42:06.224566,2024-11-21 18:48:17.818998,True
P102522,2024-11-11 22:20:09,2024-11-12 00:20:09,,,,False
P100741,2024-11-12 13:53:16,2024-11-12 14:53:16,2024-11-12 23:06:37.657189,2024-11-16 12:59:49.562654,,False
P101188,2024-11-12 16:36:47,2024-11-13 06:36:47,2024-11-14 23:19:00.243837,2024-11-15 23:57:14.424767,2024-11-17 08:23:12.402576,True
P102445,2024-11-12 17:00:47,,,,,False
P102226,2024-11-12 17:18:07,2024-11-12 21:18:07,2024-11-13 02:04:04.381470,,,False
P100143,2024-11-12 20:29:48,2024-11-13 09:29:48,2024-11-17 09:22:57.474262,2024-11-22 21:11:59.152787,,False
P102908,2024-11-13 01:22:31,2024-11-13 11:22:31,,,,False
P101722,2024-11-13 02:09:57,2024-11-13 21:09:57,2024-11-14 06:29:15.836633,,,False
P100016,2024-11-13 04:35:23,2024-11-13 04:35:23,2024-11-13 09:36:59.638904,,,False
P102909,2024-11-13 07:52:13,,,,,False
P101651,2024-11-13 07:52:49,2024-11-13 16:52:49,2024-11-17 11:37:48.850932,2024-11-20 10:42:48.557272,2024-11-20 21:45:31.708634,True
P102725,2024-11-13 09:39:35,2024-11-13 10:39:35,2024-11-13 21:41:50.476001,2024-11-14 14:32:33.581283,2024-11-14 16:12:03.378661,True
P102919,2024-11-13 10:22:15,,,,,False
P102183,2024-11-13 13:16:06,2024-11-13 17:16:06,2024-11-14 12:21:08.027820,2024-11-15 06:24:36.901127,2024-11-19 07:28:41.003522,True
P101730,2024-11-14 00:19:44,2024-11-14 12:19:44,,,,False
P101910,2024-11-14 00:48:07,2024-11-14 05:48:07,2024-11-15 12:21:55.961743,,,False
P101675,2024-11-14 02:29:07,2024-11-14 07:29:07,2024-11-15 12:57:00.398177,2024-11-24 08:17:55.560469,2024-11-28 09:01:01.408973,True
P102215,2024-11-14 04:26:00,2024-11-14 08:26:00,2024-11-15 00:27:50.608608,,,False
P100036,2024-11-14 06:22:11,2024-11-14 08:22:11,2024-11-17 04:48:05.354401,,,False
P102180,2024-11-14 08:04:46,2024-11-15 04:04:46,,,,False
P101657,2024-11-14 12:37:16,,,,,False
P102376,2024-11-14 21:54:23,2024-11-15 03:54:23,2024-11-22 04:37:15.591093,2024-11-23 14:54:32.535724,2024-12-08 19:01:34.409845,True
P101436,2024-11-15 18:48:28,2024-11-15 19:48:28,2024-11-17 21:22:56.103123,2024-11-18 20:41:54.616991,,False
P101527,2024-11-15 18:55:11,2024-11-15 22:55:11,2024-11-18 09:34:25.422051,2024-11-22 02:41:17.774026,2024-11-23 05:35:36.453836,True
P100502,2024-11-16 00:35:03,,,,,False
P101262,2024-11-16 01:37:57,2024-11-17 20:37:57,2024-11-18 16:14:02.458125,2024-11-19 16:08:06.290926,2024-11-21 18:35:16.844124,True
P102997,2024-11-16 06:51:00,2024-11-16 09:51:00,,,,False
P102323,2024-11-16 16:21:06,2024-11-16 17:21:06,2024-11-16 20:50:57.295350,2024-11-17 02:55:33.018010,2024-11-25 22:18:29.084577,True
P102697,2024-11-17 03:08:03,2024-11-17 06:08:03,2024-11-19 09:10:38.194807,2024-11-19 16:14:04.807804,,False
P101530,2024-11-17 05:10:24,2024-11-17 08:10:24,2024-11-18 12:11:11.645837,2024-11-19 08:38:28.677708,2024-11-21 15:12:51.787348,True
P100046,2024-11-17 07:11:57,2024-11-17 15:11:57,2024-11-22 08:15:04.988490,2024-11-23 19:53:31.849966,2024-11-26 14:49:05.723747,True
P102403,2024-11-17 10:35:06,2024-11-17 15:35:06,,,,False
P100084,2024-11-17 11:13:07,2024-11-17 22:13:07,,,,False
P100761,2024-11-17 19:44:05,2024-11-18 04:44:05,,,,False
P101702,2024-11-17 20:33:04,2024-11-17 22:33:04,2024-11-18 00:41:43.147993,2024-11-18 14:43:07.449744,2024-11-18 19:35:35.145666,True
P102428,2024-11-18 09:58:49,,,,,False
P102143,2024-11-18 19:38:34,2024-11-19 10:38:34,2024-11-20 11:43:41.476599,2024-11-20 22:08:51.560622,2024-11-21 12:58:47.006359,True
P102619,2024-11-18 22:34:28,2024-11-19 05:34:28,2024-11-19 22:11:16.508388,2024-11-28 04:19:05.994663,,False
P100102,2024-11-18 22:58:56,2024-11-19 19:58:56,2024-11-25 00:31:06.027943,2024-11-26 19:52:19.403837,2024-12-01 03:08:10.436620,True
P102614,2024-11-19 00:33:16,2024-11-19 12:33:16,,,,False
P101775,2024-11-19 07:21:18,2024-11-19 14:21:18,2024-11-24 04:18:01.521160,,,False
P100253,2024-11-19 09:07:34,2024-11-20 03:07:34,2024-11-20 12:06:55.901989,2024-11-22 16:59:42.528217,2024-11-25 15:05:16.459681,True
P102669,2024-11-19 09:19:01,2024-11-19 16:19:01,2024-11-21 15:15:45.816534,2024-11-24 01:42:38.681730,2024-11-26 23:34:46.795358,True
P102258,2024-11-19 09:34:34,2024-11-19 14:34:34,2024-11-23 23:14:32.300278,2024-11-25 23:15:48.827749,2024-11-27 16:54:32.963582,True
P101039,2024-11-19 11:32:54,2024-11-19 14:32:54,,,,False
P101420,2024-11-19 20:12:22,2024-11-20 13:12:22,2024-11-20 21:52:55.924943,2024-11-26 04:28:30.625490,2024-12-02 00:58:14.456381,True
P102105,2024-11-19 23:04:47,2024-11-20 00:04:47,2024-11-22 13:22:39.344063,2024-11-22 23:14:25.195866,2024-11-27 05:23:28.625488,True
P102603,2024-11-20 01:31:39,2024-11-20 06:31:39,2024-11-23 10:49:56.891466,2024-11-24 02:15:02.209128,,False
P101028,2024-11-20 01:38:18,2024-11-20 07:38:18,,,,False
P100410,2024-11-20 08:56:12,2024-11-20 14:56:12,2024-11-21 03:26:48.897352,2024-11-24 18:36:53.288218,,False
P102384,2024-11-20 13:46:29,2024-11-20 21:46:29,2024-11-21 05:23:29.517025,2024-11-22 09:58:45.137891,2024-12-01 04:05:30.691981,True
P100375,2024-11-20 14:22:36,,,,,False
P101042,2024-11-20 18:03:26,2024-11-20 20:03:26,2024-11-21 19:47:34.733423,,,False
P100122,2024-11-20 19:13:32,,,,,False
P100166,2024-11-21 09:17:38,2024-11-21 17:17:38,,,,False
P102572,2024-11-21 11:08:16,2024-11-22 02:08:16,2024-11-22 07:23:48.286625,2024-11-24 04:54:06.419747,2024-11-26 17:51:14.230357,True
P100404,2024-11-21 15:05:19,2024-11-21 17:05:19,2024-11-22 09:19:04.268498,2024-11-25 07:03:36.571894,2024-11-30 05:19:30.302507,True
P100135,2024-11-22 00:18:54,,,,,False
P102824,2024-11-22 04:45:43,2024-11-22 14:45:43,2024-11-24 01:31:56.524258,2024-11-26 01:16:40.605594,,False
P100307,2024-11-22 09:09:32,2024-11-22 12:09:32,2024-11-23 04:39:06.832347,,,False
P100641,2024-11-22 11:53:08,2024-11-23 00:53:08,2024-11-24 18:21:16.912452,,,False
P100706,2024-11-22 13:08:15,2024-11-22 13:08:15,,,,False
P100690,2024-11-22 16:55:31,2024-11-22 23:55:31,2024-11-23 07:23:08.047413,2024-11-27 16:46:39.577927,2024-12-02 22:17:32.619972,True
P101203,2024-11-22 17:29:53,,,,,False
P101601,2024-11-22 21:29:22,2024-11-23 03:29:22,2024-11-25 11:11:20.910925,2024-11-26 19:14:52.498736,2024-11-27 19:10:25.063948,True
P101484,2024-11-23 01:50:38,2024-11-23 08:50:38,,,,False
P102169,2024-11-23 03:14:55,2024-11-23 04:14:55,2024-11-26 18:30:31.408351,2024-11-30 11:52:46.709418,2024-11-30 14:34:00.766391,True
P100216,2024-11-23 05:07:32,2024-11-23 14:07:32,2024-11-24 01:15:07.141665,2024-11-24 01:16:54.738070,2024-11-24 17:55:53.862026,True
P101765,2024-11-23 11:50:14,2024-11-23 14:50:14,2024-11-24 10:33:14.020454,,,False
P102920,2024-11-23 19:15:51,2024-11-23 23:15:51,,,,False
P100085,2024-11-23 20:46:56,2024-11-23 23:46:56,,,,False
P100059,2024-11-23 21:12:41,2024-11-24 02:12:41,,,,False
P101613,2024-11-23 22:04:41,,,,,False
P101385,2024-11-23 23:32:42,2024-11-24 13:32:42,2024-11-24 15:55:39.148022,,,False
P101908,2024-11-24 02:27:56,,,,,False
P100643,2024-11-24 13:00:30,2024-11-24 16:00:30,2024-11-25 11:36:42.101882,2024-11-27 13:31:04.513446,2024-11-29 06:06:12.877962,True
P101284,2024-11-24 13:40:41,2024-11-24 18:40:41,2024-11-25 02:13:31.849757,2024-11-26 00:44:32.901415,2024-11-27 03:07:21.003957,True
P101474,2024-11-24 21:48:53,2024-11-25 06:48:53,2024-11-27 10:00:34.630544,2024-11-27 11:53:46.704243,2024-11-30 01:46:37.512746,True
P101948,2024-11-25 00:35:59,2024-11-25 03:35:59,,,,False
P102069,2024-11-25 04:45:18,2024-11-25 08:45:18,2024-11-25 22:56:55.195844,,,False
P100583,2024-11-25 10:03:02,2024-11-25 16:03:02,2024-11-25 17:44:15.632457,,,False
P100417,2024-11-25 17:46:12,2024-11-25 19:46:12,2024-11-26 03:01:18.030034,2024-11-27 04:51:38.580862,2024-11-27 11:20:19.783555,True
P100082,2024-11-26 05:11:29,2024-11-26 06:11:29,,,,False
P102890,2024-11-26 05:23:23,2024-11-26 06:23:23,2024-12-03 04:46:27.888861,2024-12-05 22:42:32.263695,2024-12-09 16:34:28.460975,True
P102880,2024-11-26 15:17:24,2024-11-26 18:17:24,2024-11-27 08:31:03.020965,2024-11-29 20:23:55.464455,2024-12-03 23:49:08.291233,True
P102287,2024-11-26 18:14:41,,,,,False
P101968,2024-11-27 00:48:01,2024-11-27 07:48:01,,,,False
P101941,2024-11-27 08:08:40,2024-11-27 09:08:40,,,,False
P100980,2024-11-27 09:40:12,2024-11-27 12:40:12,,,,False
P101614,2024-11-27 21:11:38,2024-11-27 23:11:38,2024-11-28 21:47:32.988434,2024-11-30 19:59:33.298322,2024-12-14 14:51:42.877811,True
P100822,2024-11-27 21:31:25,,,,,False
P100702,2024-11-28 00:56:13,,,,,False
P102962,2024-11-28 07:24:20,,,,,False
P101162,2024-11-28 15:53:41,,,,,False
P102150,2024-11-28 17:10:26,,,,,False
P100819,2024-11-28 19:04:25,2024-11-28 19:04:25,2024-12-02 00:09:15.663851,2024-12-06 11:27:11.114495,2024-12-11 11:11:22.451224,True
P100753,2024-11-28 19:44:54,,,,,False
P101325,2024-11-28 23:07:11,2024-11-28 23:07:11,,,,False
P101837,2024-11-29 00:17:59,2024-11-29 00:17:59,2024-11-29 19:22:24.230500,2024-12-01 16:25:16.431300,,False
P102299,2024-11-29 02:04:25,2024-11-29 04:04:25,2024-12-04 12:49:00.522676,2024-12-06 08:22:42.177284,2024-12-12 17:15:12.064096,True
P100133,2024-11-29 02:51:18,2024-11-29 08:51:18,,,,False
P102684,2024-11-29 06:28:51,2024-11-29 06:28:51,2024-11-30 01:24:07.710099,,,False
P100281,2024-11-29 08:09:05,2024-11-30 05:09:05,2024-12-01 17:54:30.503341,2024-12-02 04:35:23.611929,2024-12-03 09:07:19.576028,True
P100194,2024-11-29 12:50:18,2024-11-30 03:50:18,2024-12-05 20:37:27.001025,,,False
P101394,2024-11-29 22:04:03,2024-12-01 02:04:03,2024-12-01 15:06:25.274609,2024-12-04 21:53:14.515407,2024-12-09 15:39:44.216382,True
P100394,2024-11-30 02:34:37,2024-11-30 02:34:37,2024-11-30 20:46:45.904021,2024-12-01 04:29:22.800103,,False
P102437,2024-11-30 03:55:30,,,,,False
P100180,2024-11-30 05:33:45,2024-11-30 18:33:45,2024-12-01 05:02:56.083621,2024-12-01 16:50:20.946340,2024-12-05 00:28:15.560223,True
P101036,2024-11-30 08:13:51,,,,,False
P101503,2024-11-30 13:35:24,2024-11-30 19:35:24,2024-11-30 23:03:51.185494,2024-12-01 07:20:29.778033,2024-12-01 13:34:43.796299,True
P102400,2024-11-30 13:48:19,2024-12-01 01:48:19,2024-12-02 21:43:39.823188,2024-12-02 22:53:49.100653,,False
P101308,2024-11-30 19:24:15,2024-11-30 19:24:15,,,,False
P100768,2024-12-01 05:46:29,2024-12-01 05:46:29,2024-12-01 15:44:45.029187,2024-12-02 09:13:00.612513,2024-12-05 13:07:03.356789,True
P102368,2024-12-01 09:15:02,2024-12-01 10:15:02,,,,False
P102449,2024-12-01 15:57:53,2024-12-02 10:57:53,2024-12-05 02:44:39.802809,2024-12-07 22:01:29.242020,2024-12-09 03:37:20.068947,True
P100907,2024-12-01 21:21:58,,,,,False
P101181,2024-12-01 22:00:35,2024-12-01 22:00:35,2024-12-02 02:41:21.995763,2024-12-02 04:32:03.896611,2024-12-04 18:20:38.307143,True
P102395,2024-12-02 01:32:09,,,,,False
P102753,2024-12-02 06:36:17,2024-12-02 06:36:17,2024-12-04 12:45:16.229799,2024-12-08 22:21:34.390833,2024-12-09 08:30:34.371813,True
P100593,2024-12-02 10:51:44,2024-12-03 02:51:44,2024-12-03 17:18:09.704352,2024-12-04 02:11:34.880525,2024-12-08 08:37:12.207885,True
P100783,2024-12-02 17:45:09,2024-12-03 05:45:09,2024-12-07 06:07:54.302045,2024-12-18 21:34:54.470057,2024-12-21 11:12:55.361612,True
P102961,2024-12-02 19:03:13,2024-12-02 19:03:13,,,,False
P102309,2024-12-02 19:29:27,,,,,False
P101192,2024-12-02 23:05:36,2024-12-03 05:05:36,2024-12-04 11:00:56.919600,,,False
P102453,2024-12-03 02:03:02,2024-12-05 00:03:02,2024-12-05 22:02:33.379056,2024-12-07 09:09:17.223096,2024-12-08 06:29:24.806071,True
P102712,2024-12-03 11:12:05,2024-12-04 03:12:05,2024-12-07 16:14:58.876621,,,False
P102016,2024-12-03 13:47:10,2024-12-03 15:47:10,2024-12-04 13:50:13.839755,2024-12-06 07:33:55.746603,2024-12-08 04:09:33.608229,True
P101141,2024-12-03 14:43:19,2024-12-03 17:43:19,,,,False
P100827,2024-12-03 15:00:28,2024-12-03 18:00:28,2024-12-05 02:43:59.221166,2024-12-05 05:44:31.828953,,False
P101346,2024-12-03 15:07:40,2024-12-04 01:07:40,2024-12-05 12:14:39.592327,2024-12-07 10:14:52.964171,,False
P101680,2024-12-03 18:36:12,,,,,False
P102157,2024-12-03 20:44:54,2024-12-03 21:44:54,2024-12-07 23:12:41.712502,2024-12-08 17:04:22.709776,,False
P100826,2024-12-03 21:14:34,2024-12-04 07:14:34,,,,False
P101631,2024-12-03 21:49:03,2024-12-04 01:49:03,2024-12-04 17:26:27.172136,2024-12-05 00:55:44.835853,2024-12-10 08:24:18.650926,True
P100569,2024-12-04 01:27:12,2024-12-04 01:27:12,2024-12-05 01:44:53.531062,2024-12-09 21:33:58.271177,2024-12-11 01:45:57.343327,True
P100195,2024-12-04 02:02:32,2024-12-04 14:02:32,2024-12-08 01:00:25.061631,,,False
P101099,2024-12-04 06:40:42,2024-12-04 13:40:42,2024-12-10 10:28:46.066059,2024-12-12 14:52:31.177199,2024-12-12 18:30:06.312995,True
P102550,2024-12-04 09:26:20,2024-12-04 14:26:20,2024-12-09 22:11:18.059561,2024-12-14 02:23:45.097813,2024-12-16 04:45:54.426749,True
P102035,2024-12-04 10:07:24,2024-12-04 18:07:24,,,,False
P101804,2024-12-04 23:02:16,2024-12-05 04:02:16,2024-12-06 04:46:05.640395,2024-12-07 01:06:35.432447,,False
P100714,2024-12-04 23:38:23,2024-12-05 07:38:23,2024-12-05 18:27:14.136193,2024-12-08 05:06:41.659118,,False
P101287,2024-12-05 04:26:12,2024-12-05 20:26:12,2024-12-06 12:57:17.488018,2024-12-06 15:26:50.610684,2024-12-07 10:20:13.382039,True
P102162,2024-12-05 10:36:25,,,,,False
P100564,2024-12-05 19:35:32,2024-12-06 03:35:32,,,,False
P101055,2024-12-05 20:49:20,2024-12-06 03:49:20,2024-12-06 22:02:12.941078,2024-12-07 13:24:45.702091,2024-12-17 17:51:16.591667,True
P101522,2024-12-05 21:46:29,2024-12-06 03:46:29,2024-12-06 20:06:24.015380,2024-12-06 22:34:02.183417,,False
P100428,2024-12-05 22:37:51,,,,,False
P101560,2024-12-06 00:33:55,,,,,False
P101603,2024-12-06 05:53:19,2024-12-06 14:53:19,,,,False
P100495,2024-12-06 06:59:43,2024-12-06 10:59:43,2024-12-06 23:33:22.896749,2024-12-08 17:28:40.920668,,False
P101068,2024-12-06 11:43:42,2024-12-06 15:43:42,2024-12-08 11:51:55.009766,2024-12-10 10:30:37.648428,2024-12-11 20:56:11.559144,True
P102869,2024-12-06 14:19:27,2024-12-07 01:19:27,2024-12-07 17:52:44.269037,2024-12-08 21:28:52.509756,,False
P101802,2024-12-06 15:44:12,2024-12-06 15:44:12,2024-12-09 02:02:04.088722,2024-12-10 12:02:08.836260,2024-12-14 19:56:35.765385,True
P102343,2024-12-06 22:20:40,2024-12-07 07:20:40,2024-12-07 13:55:57.034135,2024-12-17 13:53:15.637071,2024-12-18 10:01:04.942488,True
P102819,2024-12-07 00:48:12,2024-12-07 05:48:12,,,,False
P100063,2024-12-07 08:35:49,2024-12-07 11:35:49,2024-12-09 04:34:47.019176,,,False
P100330,2024-12-07 10:07:48,2024-12-07 13:07:48,2024-12-11 05:50:16.314391,2024-12-11 14:17:29.207873,2024-12-24 02:53:56.258313,True
P100660,2024-12-07 13:23:45,2024-12-07 14:23:45,2024-12-07 19:57:02.519357,2024-12-08 17:22:10.153704,,False
P101923,2024-12-07 13:36:42,2024-12-07 16:36:42,2024-12-07 19:22:04.449196,2024-12-12 02:23:31.254812,2024-12-17 07:58:41.347614,True
P102845,2024-12-07 19:30:47,2024-12-07 22:30:47,2024-12-12 00:42:50.151390,2024-12-13 03:09:24.683729,2024-12-21 15:18:53.201991,True
P100965,2024-12-07 21:39:23,2024-12-08 01:39:23,,,,False
P101898,2024-12-07 23:05:11,2024-12-08 07:05:11,,,,False
P102523,2024-12-08 03:36:56,2024-12-08 07:36:56,2024-12-12 07:05:22.955388,2024-12-16 06:04:24.788216,2024-12-16 23:52:22.531184,True
P102849,2024-12-08 03:39:21,,,,,False
P100545,2024-12-08 06:39:53,2024-12-08 14:39:53,2024-12-09 05:46:26.470419,,,False
P100268,2024-12-08 11:33:25,2024-12-08 12:33:25,2024-12-13 03:49:13.546102,2024-12-15 13:39:10.938583,2024-12-16 00:59:15.040584,True
P101378,2024-12-08 11:36:17,2024-12-08 13:36:17,2024-12-09 19:49:28.682697,2024-12-13 19:26:09.614507,2024-12-14 02:26:27.825286,True
P100078,2024-12-08 12:43:20,2024-12-08 12:43:20,2024-12-08 15:25:18.847386,,,False
P100734,2024-12-08 16:21:10,2024-12-09 15:21:10,,,,False
P102578,2024-12-08 18:13:23,2024-12-09 11:13:23,2024-12-10 14:57:56.317438,2024-12-14 23:06:49.616922,,False
P102147,2024-12-08 23:07:35,2024-12-08 23:07:35,2024-12-10 05:43:35.904342,2024-12-11 22:46:39.058994,2024-12-12 03:59:52.997067,True
P102616,2024-12-09 00:51:29,2024-12-09 06:51:29,2024-12-16 23:39:53.524313,2024-12-17 05:09:06.211052,2024-12-23 12:11:44.283599,True
P101653,2024-12-09 04:52:56,2024-12-10 05:52:56,2024-12-10 11:50:22.375614,2024-12-11 17:45:34.714708,2024-12-16 06:41:23.874831,True
P102645,2024-12-09 06:40:54,2024-12-09 16:40:54,2024-12-11 07:10:52.123580,2024-12-13 16:48:11.088089,2024-12-19 14:06:50.794589,True
P100994,2024-12-09 09:50:40,2024-12-09 14:50:40,,,,False
P102281,2024-12-09 17:34:21,2024-12-09 19:34:21,2024-12-10 06:59:44.043587,,,False
P100293,2024-12-09 23:41:20,2024-12-10 01:41:20,2024-12-11 20:15:55.804083,2024-12-12 22:43:08.831217,,False
P102347,2024-12-10 05:05:00,2024-12-10 15:05:00,2024-12-12 06:48:02.690566,2024-12-14 00:50:13.194875,2024-12-20 22:37:46.746085,True
P100837,2024-12-10 10:58:39,2024-12-10 22:58:39,2024-12-13 20:52:02.645640,2024-12-14 08:15:11.669067,2024-12-16 13:51:31.869344,True
P100138,2024-12-10 16:42:08,2024-12-10 22:42:08,2024-12-14 02:41:38.646232,2024-12-15 13:11:55.462804,2024-12-16 02:17:17.743752,True
P100657,2024-12-10 20:08:09,2024-12-10 21:08:09,2024-12-12 02:50:25.102267,2024-12-12 14:56:33.391456,2024-12-15 19:43:38.540436,True
P101967,2024-12-10 23:13:17,2024-12-11 20:13:17,,,,False
P102406,2024-12-11 02:29:57,2024-12-11 16:29:57,2024-12-12 19:38:52.289967,2024-12-13 11:24:34.404461,,False
P100023,2024-12-11 08:50:02,2024-12-11 09:50:02,2024-12-12 01:51:30.059367,2024-12-12 04:01:41.626171,2024-12-12 09:55:33.503424,True
P100607,2024-12-11 09:28:07,2024-12-11 09:28:07,2024-12-11 21:09:46.093858,,,False
P101485,2024-12-11 10:23:39,2024-12-11 16:23:39,2024-12-12 21:16:00.102269,2024-12-13 23:46:33.032190,2024-12-19 05:52:57.389523,True
P102740,2024-12-11 13:00:25,2024-12-11 15:00:25,2024-12-13 05:37:33.670505,2024-12-13 12:22:08.921209,2024-12-14 15:11:34.998927,True
P100160,2024-12-12 04:08:44,2024-12-12 06:08:44,2024-12-13 14:17:35.824585,,,False
P100223,2024-12-12 04:25:54,2024-12-12 04:25:54,2024-12-16 19:36:34.537744,2024-12-23 16:43:27.750770,,False
P102676,2024-12-12 04:28:41,2024-12-13 04:28:41,2024-12-13 17:14:53.805506,,,False
P101738,2024-12-12 05:11:30,,,,,False
P101907,2024-12-12 05:48:43,2024-12-12 05:48:43,2024-12-13 21:28:03.239089,2024-12-14 12:25:30.086958,2024-12-20 11:50:00.715462,True
P101235,2024-12-12 07:38:46,,,,,False
P101694,2024-12-12 10:08:03,2024-12-12 19:08:03,,,,False
P101913,2024-12-12 14:16:53,2024-12-12 17:16:53,2024-12-13 06:45:32.836223,2024-12-14 08:45:21.946653,2024-12-27 20:34:21.484972,True
P102651,2024-12-12 20:03:21,2024-12-13 12:03:21,2024-12-13 22:35:36.280425,2024-12-14 22:37:12.938417,2024-12-19 03:06:04.025262,True
P100625,2024-12-13 01:23:41,,,,,False
P102337,2024-12-13 06:39:51,2024-12-13 21:39:51,2024-12-16 22:05:16.833228,2024-12-22 21:40:09.366495,2024-12-24 21:29:08.295276,True
P102386,2024-12-13 09:58:17,2024-12-13 14:58:17,2024-12-14 02:59:33.793891,2024-12-18 07:54:07.235673,2024-12-23 17:14:27.356204,True
P102652,2024-12-13 12:41:29,2024-12-13 17:41:29,2024-12-13 21:34:02.312653,2024-12-14 03:37:41.202013,2024-12-16 10:35:09.147372,True
P101347,2024-12-13 12:53:38,2024-12-13 14:53:38,2024-12-13 23:09:42.871460,2024-12-16 01:52:15.733981,,False
P100443,2024-12-13 17:55:51,2024-12-13 20:55:51,2024-12-14 03:55:29.012993,2024-12-14 04:15:51.152091,2024-12-15 23:00:28.658566,True
P102948,2024-12-13 18:02:06,2024-12-14 00:02:06,,,,False
P102924,2024-12-13 18:55:43,2024-12-14 17:55:43,,,,False
P100622,2024-12-13 21:22:29,,,,,False
P100243,2024-12-13 23:32:54,,,,,False
P102839,2024-12-14 14:21:00,,,,,False
P101840,2024-12-14 15:23:52,,,,,False
P101491,2024-12-14 15:34:23,2024-12-14 18:34:23,2024-12-17 07:15:23.842957,2024-12-17 09:26:25.995946,,False
P100870,2024-12-14 15:56:55,,,,,False
P101128,2024-12-14 17:24:13,2024-12-15 05:24:13,2024-12-16 00:01:45.162627,2024-12-19 13:01:52.355840,2024-12-26 07:50:27.548536,True
P100392,2024-12-14 19:07:22,2024-12-15 18:07:22,,,,False
P102713,2024-12-14 23:13:20,2024-12-15 10:13:20,2024-12-15 20:04:55.115229,,,False
P100348,2024-12-15 01:13:54,2024-12-15 02:13:54,,,,False
P100000,2024-12-15 04:47:46,2024-12-15 07:47:46,2024-12-15 23:00:55.652617,2024-12-17 07:37:45.473065,2024-12-17 18:39:08.881613,True
P100442,2024-12-15 10:45:12,2024-12-15 21:45:12,,,,False
P100282,2024-12-15 12:51:53,2024-12-16 06:51:53,2024-12-17 09:12:20.875434,2024-12-18 18:41:58.910524,2024-12-23 14:08:09.843237,True
P100465,2024-12-15 14:50:42,,,,,False
P102489,2024-12-15 18:35:00,2024-12-15 23:35:00,2024-12-18 04:03:54.671818,2024-12-23 16:09:21.871860,,False
P101768,2024-12-15 20:01:35,2024-12-16 09:01:35,,,,False
P102390,2024-12-15 23:00:21,2024-12-15 23:00:21,2024-12-16 08:19:50.590100,2024-12-17 07:44:03.166776,2024-12-17 20:10:38.502820,True
P102624,2024-12-16 06:21:24,2024-12-16 08:21:24,2024-12-18 00:56:03.586119,2024-12-19 04:01:46.267590,,False
P100739,2024-12-16 07:52:58,2024-12-16 10:52:58,2024-12-16 18:47:30.147536,2024-12-17 00:04:25.567944,2024-12-17 15:11:54.642752,True
P100639,2024-12-16 08:16:08,2024-12-17 13:16:08,2024-12-19 06:08:58.549297,2024-12-20 06:59:46.805168,,False
P100516,2024-12-16 09:22:04,2024-12-16 09:22:04,2024-12-22 01:04:38.976083,2024-12-25 00:38:40.104967,2024-12-31 05:55:02.545423,True
P100448,2024-12-16 21:15:09,,,,,False
P101670,2024-12-17 02:51:50,2024-12-17 23:51:50,2024-12-18 06:08:27.825212,2024-12-22 14:25:54.184505,,False
P101504,2024-12-17 04:38:29,2024-12-17 06:38:29,,,,False
P102089,2024-12-17 07:09:51,,,,,False
P102970,2024-12-17 07:30:43,,,,,False
P100909,2024-12-17 15:42:43,,,,,False
P102199,2024-12-17 17:24:59,2024-12-17 22:24:59,2024-12-18 03:18:37.871825,2024-12-19 12:27:40.527806,2024-12-23 04:20:11.191399,True
P102683,2024-12-17 19:37:43,2024-12-18 18:37:43,2024-12-22 08:48:37.972203,2024-12-26 02:04:11.724429,2024-12-30 11:51:08.672262,True
P101498,2024-12-17 22:44:05,2024-12-17 23:44:05,,,,False
P101819,2024-12-18 07:18:19,2024-12-19 02:18:19,2024-12-19 16:09:36.362331,2024-12-28 23:28:26.774475,2024-12-29 22:29:10.312279,True
P100521,2024-12-18 10:20:28,2024-12-18 21:20:28,2024-12-19 13:02:18.752226,2024-12-21 11:03:55.538254,,False
P101076,2024-12-19 02:34:35,2024-12-19 05:34:35,2024-12-19 17:44:42.949750,2024-12-21 02:02:36.832647,2024-12-22 23:50:07.163773,True
P100746,2024-12-19 04:53:38,2024-12-19 17:53:38,2024-12-22 14:58:38.135354,2024-12-23 07:44:54.542919,2024-12-23 19:03:09.694094,True
P102416,2024-12-19 07:24:15,,,,,False
P102974,2024-12-19 09:12:12,,,,,False
P100251,2024-12-19 15:39:18,2024-12-20 12:39:18,2024-12-28 07:09:57.108317,2024-12-30 00:31:13.862614,,False
P102335,2024-12-19 18:32:46,2024-12-19 18:32:46,2024-12-22 12:41:26.875989,2024-12-23 23:36:13.706197,2024-12-24 03:21:30.231620,True
P101963,2024-12-19 20:33:44,,,,,False
P102271,2024-12-19 21:27:19,2024-12-20 00:27:19,2024-12-21 21:10:28.418865,2024-12-25 14:12:25.155488,2024-12-26 10:34:12.201943,True
P100955,2024-12-19 23:05:06,2024-12-19 23:05:06,,,,False
P102436,2024-12-20 01:36:41,,,,,False
P100177,2024-12-20 05:04:17,2024-12-21 01:04:17,2024-12-21 07:03:12.577402,,,False
P100365,2024-12-20 15:24:40,2024-12-20 20:24:40,2024-12-22 09:00:16.188918,2024-12-22 20:18:29.405820,2024-12-26 09:23:27.567061,True
P102629,2024-12-20 21:40:15,2024-12-21 01:40:15,2024-12-23 07:09:27.799719,2024-12-28 11:22:30.398278,2024-12-28 19:54:40.895013,True
P102493,2024-12-20 23:00:44,2024-12-21 05:00:44,,,,False
P100060,2024-12-21 01:08:37,2024-12-21 03:08:37,2024-12-26 02:24:41.070230,2024-12-26 05:02:25.009495,2024-12-26 05:11:21.821649,True
P100963,2024-12-21 05:13:02,2024-12-21 07:13:02,2024-12-21 09:23:02.210544,2024-12-25 09:32:27.468398,2024-12-27 06:34:38.614171,True
P102419,2024-12-21 07:21:42,2024-12-21 07:21:42,,,,False
P101488,2024-12-21 10:10:34,2024-12-21 14:10:34,2024-12-22 13:28:46.750655,2024-12-25 17:14:13.307234,,False
P100360,2024-12-21 11:25:53,,,,,False
P100406,2024-12-21 17:58:32,2024-12-22 14:58:32,2024-12-23 04:19:22.324314,2025-01-02 13:00:17.025879,2025-01-08 01:11:26.180792,True
P102750,2024-12-21 21:45:53,2024-12-22 07:45:53,2024-12-22 14:44:21.812518,2024-12-22 21:07:04.671250,,False
P102435,2024-12-21 23:53:18,2024-12-22 09:53:18,2024-12-24 22:14:17.731745,2024-12-26 11:09:31.564431,,False
P101918,2024-12-22 08:25:41,2024-12-22 10:25:41,2024-12-26 00:20:59.583610,2024-12-26 09:18:58.716465,2025-01-01 14:52:58.194316,True
P101266,2024-12-22 09:06:06,2024-12-23 02:06:06,2024-12-23 05:11:40.526043,,,False
P100566,2024-12-22 09:53:15,2024-12-23 08:53:15,2024-12-23 14:56:46.553993,2024-12-28 20:51:22.591182,2024-12-29 04:46:40.026009,True
P101381,2024-12-22 11:08:50,2024-12-23 08:08:50,2024-12-23 17:29:02.756440,2024-12-26 21:22:45.049260,2025-01-04 06:53:16.448738,True
P102840,2024-12-22 14:58:30,,,,,False
P101581,2024-12-22 22:36:58,2024-12-23 05:36:58,2024-12-25 14:00:03.286139,2024-12-26 10:57:50.141412,2024-12-28 08:43:27.173423,True
P100736,2024-12-22 23:54:15,,,,,False
P102317,2024-12-23 06:20:13,2024-12-23 08:20:13,2024-12-24 20:47:56.725272,2024-12-25 18:50:40.107968,,False
P102929,2024-12-23 16:53:02,2024-12-25 07:53:02,2024-12-25 13:42:23.169477,,,False
P100227,2024-12-23 21:27:23,2024-12-23 23:27:23,2024-12-29 07:29:05.433159,2024-12-31 08:13:54.584615,2025-01-01 03:19:21.027830,True
P101460,2024-12-23 22:16:05,,,,,False
P101769,2024-12-23 23:31:34,2024-12-24 04:31:34,2024-12-28 16:04:24.132657,2024-12-29 00:05:06.315619,2024-12-29 11:19:46.780244,True
P102099,2024-12-24 00:25:15,2024-12-24 03:25:15,2024-12-24 07:27:40.374622,2024-12-29 18:24:39.720373,,False
P102466,2024-12-24 01:08:56,,,,,False
P101658,2024-12-24 03:12:49,2024-12-24 07:12:49,2024-12-24 13:42:57.207827,,,False
P100893,2024-12-24 06:29:43,2024-12-24 10:29:43,,,,False
P102305,2024-12-24 08:11:51,2024-12-24 15:11:51,2024-12-25 00:44:05.720057,2024-12-25 03:54:09.509232,2024-12-25 11:09:43.497985,True
P101486,2024-12-24 09:16:17,2024-12-24 09:16:17,2024-12-26 14:16:43.039728,2024-12-26 15:44:15.793961,,False
P101290,2024-12-24 14:32:27,2024-12-25 01:32:27,2024-12-26 14:43:22.008194,2024-12-31 05:31:01.605592,2025-01-01 06:37:46.861222,True
P102993,2024-12-24 17:44:39,,,,,False
P102671,2024-12-24 19:31:08,,,,,False
P101106,2024-12-24 20:57:06,2024-12-25 20:57:06,,,,False
P100572,2024-12-24 22:09:28,2024-12-25 04:09:28,2024-12-25 15:28:48.194038,,,False
P100773,2024-12-24 22:19:17,2024-12-25 07:19:17,2024-12-26 18:13:16.724977,2024-12-27 10:18:19.343864,2025-01-09 04:15:08.381326,True
P101226,2024-12-25 01:53:02,2024-12-25 21:53:02,2024-12-30 15:12:44.457305,,,False
P101505,2024-12-25 02:42:06,2024-12-25 10:42:06,,,,False
P101636,2024-12-25 04:00:14,2024-12-25 08:00:14,2024-12-26 19:45:35.867439,,,False
P102724,2024-12-25 08:21:17,2024-12-25 08:21:17,,,,False
P100344,2024-12-25 12:12:34,2024-12-25 22:12:34,,,,False
P100817,2024-12-25 14:12:28,2024-12-26 16:12:28,,,,False
P102834,2024-12-25 17:04:25,,,,,False
P100677,2024-12-25 17:09:59,2024-12-25 20:09:59,2024-12-26 23:53:25.811028,2024-12-29 18:01:01.755531,2024-12-30 11:22:55.741697,True
P101692,2024-12-25 17:55:50,2024-12-25 22:55:50,2024-12-26 07:32:56.375086,2024-12-31 12:19:10.748394,,False
P100823,2024-12-25 20:34:15,2024-12-26 06:34:15,2024-12-27 04:18:40.868467,2024-12-29 01:30:19.567051,2025-01-02 09:35:16.992789,True
P102459,2024-12-26 00:16:32,2024-12-26 00:16:32,2024-12-26 07:00:29.957187,,,False
P100864,2024-12-26 10:10:39,2024-12-27 03:10:39,2024-12-27 12:14:20.439847,2024-12-31 12:40:55.416527,2025-01-04 03:14:57.785662,True
P101891,2024-12-26 14:32:29,2024-12-27 07:32:29,2024-12-27 16:03:49.929577,2024-12-31 09:07:57.294991,,False
P100787,2024-12-26 17:34:53,2024-12-26 23:34:53,2024-12-27 13:28:00.830500,2024-12-28 10:15:46.350398,2024-12-29 08:11:32.251966,True
P101057,2024-12-26 23:19:08,2024-12-27 00:19:08,2024-12-27 05:31:24.177233,2025-01-05 19:31:07.761383,2025-01-07 11:23:37.503464,True
P102689,2024-12-27 03:49:09,,,,,False
P100555,2024-12-27 09:15:40,2024-12-27 10:15:40,,,,False
P102564,2024-12-27 10:46:39,2024-12-27 15:46:39,2024-12-28 11:10:31.248490,2024-12-29 00:43:42.902544,2024-12-30 04:51:16.753826,True
P101677,2024-12-27 17:10:16,2024-12-27 17:10:16,2024-12-27 17:45:13.893640,2024-12-28 21:37:21.443556,2024-12-30 02:14:09.822923,True
P101587,2024-12-27 19:47:12,2024-12-28 02:47:12,2024-12-28 06:46:31.578340,2025-01-01 14:02:48.253191,2025-01-06 03:03:19.589213,True
P101473,2024-12-27 23:48:29,2024-12-28 02:48:29,2024-12-31 12:23:00.297069,2025-01-01 01:49:50.038917,2025-01-02 17:52:18.021159,True
P101467,2024-12-28 01:24:20,,,,,False
P102548,2024-12-28 11:02:59,2024-12-28 23:02:59,2024-12-31 17:13:50.906393,,,False
P102570,2024-12-28 23:30:33,2024-12-31 02:30:33,2024-12-31 21:35:11.837891,2025-01-03 08:15:26.711339,2025-01-04 04:14:19.632287,True
P100913,2024-12-29 00:05:07,2024-12-29 02:05:07,2024-12-29 07:34:44.539893,2024-12-29 07:56:20.320355,2024-12-29 23:00:32.676986,True
P101127,2024-12-29 01:20:27,2024-12-29 01:20:27,2024-12-29 05:27:03.549152,2024-12-30 10:11:09.410145,,False
P101229,2024-12-29 02:18:27,2024-12-29 06:18:27,2024-12-30 15:48:06.394824,2025-01-01 00:02:18.697786,2025-01-01 00:51:56.522562,True
P102887,2024-12-29 04:13:18,2024-12-29 04:13:18,2024-12-31 19:37:53.497154,2025-01-01 10:51:30.475232,2025-01-02 10:34:20.748864,True
P102402,2024-12-29 07:01:19,2024-12-29 08:01:19,2025-01-01 18:57:22.481899,,,False
P100873,2024-12-29 08:19:23,2024-12-29 15:19:23,2024-12-30 03:35:18.432154,2024-12-30 11:38:54.818346,,False
P100316,2024-12-29 17:05:10,2024-12-30 00:05:10,2024-12-30 14:01:27.657479,2024-12-31 08:47:28.870073,2024-12-31 14:28:01.896092,True
P102499,2024-12-29 18:48:04,2024-12-29 18:48:04,2024-12-29 22:37:45.022939,,,False
P102547,2024-12-29 23:24:29,2024-12-30 03:24:29,2025-01-01 09:00:47.955757,,,False
P100713,2024-12-30 06:38:26,2024-12-30 12:38:26,2024-12-31 00:15:06.688378,2025-01-01 18:58:33.296509,2025-01-10 11:14:50.727687,True
P102015,2024-12-30 08:20:24,2024-12-30 10:20:24,,,,False
P101961,2024-12-30 08:23:52,2024-12-31 00:23:52,2025-01-03 23:34:06.452135,2025-01-06 06:04:24.789572,2025-01-06 08:20:33.317306,True
P102057,2024-12-30 09:02:47,2024-12-30 10:02:47,2025-01-01 12:16:24.504208,2025-01-06 01:39:29.315268,2025-01-07 10:03:26.280697,True
P100674,2024-12-30 15:09:27,2024-12-30 17:09:27,2024-12-30 19:06:28.656905,2025-01-01 04:47:41.892154,,False
P101557,2024-12-30 17:01:09,2024-12-30 18:01:09,,,,False
P100106,2024-12-30 21:21:12,2024-12-30 21:21:12,,,,False
P102319,2024-12-30 23:45:25,2024-12-31 15:45:25,,,,False
P101919,2024-12-31 01:19:18,2024-12-31 03:19:18,2025-01-02 01:11:29.227852,2025-01-05 07:54:49.195432,,False
P101534,2024-12-31 06:51:44,2024-12-31 16:51:44,,,,False
P100845,2024-12-31 14:06:39,2024-12-31 18:06:39,,,,False
P102687,2024-12-31 15:13:17,2024-12-31 23:13:17,2025-01-03 04:39:14.233508,,,False
P101739,2024-12-31 16:15:02,,,,,False
P100391,2024-12-31 18:02:05,2025-01-01 08:02:05,,,,False
P102903,2025-01-01 05:19:37,,,,,False
P102655,2025-01-01 21:32:14,2025-01-02 11:32:14,,,,False
P101744,2025-01-01 22:38:22,2025-01-02 02:38:22,2025-01-06 02:25:06.070612,2025-01-10 09:58:16.457415,,False
P100526,2025-01-01 23:32:28,2025-01-02 02:32:28,,,,False
P100130,2025-01-02 01:06:57,,,,,False
P101063,2025-01-02 02:27:28,2025-01-03 01:27:28,,,,False
P102123,2025-01-02 05:26:21,2025-01-02 05:26:21,2025-01-04 10:33:51.926762,2025-01-04 19:57:45.327603,2025-01-06 17:24:29.632982,True
P101224,2025-01-02 07:49:01,2025-01-02 18:49:01,,,,False
P102339,2025-01-02 07:56:50,2025-01-02 08:56:50,,,,False
P100328,2025-01-02 08:55:30,2025-01-02 11:55:30,2025-01-03 17:44:46.508419,2025-01-05 21:03:12.229744,2025-01-09 23:25:11.815513,True
P102873,2025-01-02 11:40:25,2025-01-03 03:40:25,,,,False
P101082,2025-01-02 12:13:56,,,,,False
P100954,2025-01-02 13:43:42,2025-01-02 13:43:42,2025-01-05 14:24:24.749646,2025-01-06 07:14:02.997587,2025-01-09 22:11:44.858908,True
P100511,2025-01-02 13:59:17,2025-01-02 18:59:17,2025-01-03 15:04:48.855752,,,False
P100835,2025-01-02 14:35:09,2025-01-03 02:35:09,2025-01-04 00:26:41.342732,2025-01-08 23:55:39.434648,2025-01-11 05:48:37.440428,True
P102024,2025-01-02 20:31:10,2025-01-03 02:31:10,2025-01-03 07:26:00.580332,,,False
P102361,2025-01-03 00:48:15,2025-01-03 01:48:15,2025-01-03 03:01:42.000554,2025-01-03 18:53:05.658892,2025-01-05 02:17:02.983704,True
P101357,2025-01-03 00:52:58,2025-01-03 04:52:58,2025-01-03 18:35:18.844002,2025-01-04 23:04:36.054653,2025-01-05 20:02:07.756860,True
P100904,2025-01-03 17:03:33,2025-01-04 13:03:33,2025-01-04 19:58:41.390713,2025-01-05 14:25:33.372401,2025-01-09 03:28:20.491329,True
P101957,2025-01-03 18:39:23,2025-01-04 02:39:23,2025-01-05 02:25:46.673802,,,False
P101064,2025-01-03 21:51:12,,,,,False
P102318,2025-01-03 21:53:32,2025-01-04 09:53:32,2025-01-04 15:14:06.736859,,,False
P100804,2025-01-04 03:14:29,2025-01-04 03:14:29,2025-01-07 06:40:32.850013,,,False
P100452,2025-01-04 06:03:59,2025-01-04 12:03:59,2025-01-08 07:34:48.005864,2025-01-08 14:40:55.670871,2025-01-11 03:28:43.362355,True
P102202,2025-01-04 06:34:09,2025-01-04 09:34:09,2025-01-09 09:27:30.727357,2025-01-10 17:26:02.295861,2025-01-10 21:27:38.306088,True
P101565,2025-01-04 07:07:05,2025-01-04 08:07:05,2025-01-06 01:11:39.332385,2025-01-09 18:58:32.930589,2025-01-13 11:52:27.823870,True
P102918,2025-01-04 21:29:20,2025-01-04 22:29:20,2025-01-07 03:33:24.053538,2025-01-07 08:38:53.061453,,False
P100924,2025-01-05 01:23:12,2025-01-05 13:23:12,,,,False
P101345,2025-01-05 02:47:48,,,,,False
P101733,2025-01-05 06:54:06,2025-01-05 08:54:06,2025-01-05 23:19:54.925596,,,False
P100125,2025-01-05 08:19:03,2025-01-05 10:19:03,2025-01-05 16:26:22.959837,2025-01-07 21:24:00.446099,2025-01-14 03:02:36.748826,True
P100691,2025-01-05 12:17:34,,,,,False
P102898,2025-01-05 15:42:54,2025-01-05 19:42:54,2025-01-08 13:46:52.374044,2025-01-11 00:50:06.814929,,False
P101210,2025-01-05 23:39:26,2025-01-06 10:39:26,2025-01-08 05:32:05.754902,2025-01-12 15:50:18.566676,2025-01-13 02:06:23.808663,True
P101075,2025-01-06 02:37:40,,,,,False
P102828,2025-01-06 03:13:38,2025-01-06 03:13:38,2025-01-06 04:18:06.051060,2025-01-06 17:42:29.573822,2025-01-07 16:24:10.183502,True
P100246,2025-01-06 06:30:08,2025-01-06 16:30:08,2025-01-07 03:38:42.404097,2025-01-08 17:19:16.981913,,False
P101977,2025-01-06 10:54:15,2025-01-06 17:54:15,2025-01-08 16:53:36.472501,,,False
P100097,2025-01-06 11:27:23,2025-01-06 21:27:23,2025-01-07 23:18:46.087866,2025-01-08 18:49:02.830815,2025-01-09 14:37:53.168597,True
P100397,2025-01-06 13:20:08,,,,,False
P102129,2025-01-06 13:31:05,2025-01-07 02:31:05,,,,False
P101588,2025-01-06 13:36:34,2025-01-06 18:36:34,2025-01-08 04:13:30.880109,,,False
P100654,2025-01-07 01:35:50,,,,,False
P102383,2025-01-07 02:18:40,2025-01-07 02:18:40,2025-01-10 13:36:39.513055,2025-01-11 03:26:37.554617,2025-01-12 07:39:08.885742,True
P100018,2025-01-07 05:25:52,2025-01-07 06:25:52,2025-01-07 07:32:46.059006,2025-01-07 20:30:20.138494,2025-01-11 23:39:21.113261,True
P102257,2025-01-07 06:37:14,,,,,False
P101255,2025-01-07 06:56:46,,,,,False
P101841,2025-01-07 08:35:51,2025-01-07 08:35:51,,,,False
P102373,2025-01-07 11:02:05,2025-01-07 18:02:05,2025-01-09 03:35:05.315246,2025-01-09 07:34:42.371502,,False
P101396,2025-01-07 17:22:39,2025-01-07 23:22:39,,,,False
P101222,2025-01-07 18:24:13,2025-01-08 01:24:13,2025-01-10 08:10:10.997395,2025-01-14 12:46:42.128183,,False
P102392,2025-01-07 21:21:36,2025-01-08 04:21:36,2025-01-09 03:33:41.469063,2025-01-14 12:03:20.343679,2025-01-15 02:11:05.806393,True
P102648,2025-01-08 00:06:03,2025-01-08 05:06:03,,,,False
P102775,2025-01-08 05:55:41,2025-01-08 10:55:41,2025-01-08 11:50:39.121526,2025-01-09 21:46:49.484718,2025-01-09 23:47:28.331679,True
P100987,2025-01-08 07:11:41,,,,,False
P100343,2025-01-08 07:12:43,2025-01-08 13:12:43,2025-01-10 07:19:53.639491,2025-01-10 07:57:26.140938,2025-01-11 14:45:16.519318,True
P101701,2025-01-08 08:02:06,2025-01-08 15:02:06,,,,False
P102259,2025-01-08 11:57:46,,,,,False
P101949,2025-01-08 13:35:40,2025-01-09 05:35:40,2025-01-14 14:15:46.501507,2025-01-17 03:42:52.549867,,False
P102622,2025-01-08 19:28:31,2025-01-08 19:28:31,2025-01-09 14:47:44.994098,2025-01-11 06:32:21.036372,2025-01-13 10:54:06.818942,True
P102864,2025-01-09 00:14:37,2025-01-09 06:14:37,2025-01-10 01:40:13.208329,2025-01-12 11:28:05.268688,2025-01-14 05:13:35.389789,True
P100567,2025-01-09 08:24:17,2025-01-09 11:24:17,2025-01-13 02:16:54.535731,2025-01-15 03:09:56.325769,,False
P101988,2025-01-09 13:03:14,2025-01-09 20:03:14,,,,False
P102794,2025-01-09 13:16:41,2025-01-09 16:16:41,,,,False
P100915,2025-01-09 19:08:15,2025-01-10 05:08:15,2025-01-12 02:49:40.720615,2025-01-14 01:37:04.011215,2025-01-17 05:03:29.491873,True
P101479,2025-01-09 22:05:58,2025-01-09 22:05:58,2025-01-11 08:54:04.601928,2025-01-13 23:21:31.531212,2025-01-18 22:34:11.315533,True
P101352,2025-01-10 00:19:21,2025-01-10 04:19:21,2025-01-10 17:29:38.314937,2025-01-11 13:38:57.047481,2025-01-19 11:08:30.556971,True
P102507,2025-01-10 06:38:09,2025-01-10 20:38:09,2025-01-11 09:22:11.170691,2025-01-16 10:09:02.193883,2025-01-17 21:41:04.173947,True
P100310,2025-01-10 08:01:56,2025-01-10 10:01:56,2025-01-11 04:09:34.812868,2025-01-12 13:40:57.027419,2025-01-14 05:42:07.655373,True
P102980,2025-01-10 10:53:56,,,,,False
P101777,2025-01-10 12:53:38,2025-01-10 17:53:38,2025-01-15 00:46:55.511173,2025-01-21 02:43:08.752978,2025-01-24 09:20:11.658236,True
P101704,2025-01-10 13:46:33,,,,,False
P100738,2025-01-10 17:58:49,2025-01-10 17:58:49,2025-01-11 01:44:11.783067,,,False
P101842,2025-01-10 22:27:43,2025-01-10 22:27:43,2025-01-12 11:57:07.924717,2025-01-12 20:39:01.331117,2025-01-14 00:06:32.568547,True
P102116,2025-01-11 02:59:45,2025-01-11 09:59:45,,,,False
P100426,2025-01-11 04:49:34,2025-01-11 06:49:34,2025-01-13 06:53:06.865434,2025-01-21 13:46:55.427405,2025-01-22 17:13:32.745508,True
P100039,2025-01-11 14:25:13,2025-01-11 18:25:13,2025-01-12 11:20:41.028158,2025-01-12 16:35:00.724553,2025-01-19 03:50:12.852561,True
P101946,2025-01-11 18:55:16,2025-01-12 08:55:16,2025-01-15 11:18:10.560628,2025-01-16 16:01:30.345987,2025-01-18 19:36:30.733310,True
P100863,2025-01-11 19:15:27,2025-01-11 20:15:27,2025-01-13 00:31:36.749382,2025-01-14 14:40:10.310831,2025-01-23 19:48:55.737971,True
P102444,2025-01-11 19:49:36,2025-01-12 05:49:36,2025-01-13 02:36:34.007742,2025-01-13 07:14:46.609858,2025-01-14 11:09:14.900304,True
P101443,2025-01-12 05:52:33,2025-01-12 10:52:33,2025-01-14 22:44:07.639848,2025-01-15 08:49:51.970096,2025-01-15 11:33:50.146842,True
P101376,2025-01-12 10:55:21,,,,,False
P102456,2025-01-12 13:30:39,2025-01-13 17:30:39,2025-01-16 16:20:19.007619,2025-01-23 06:42:10.755927,2025-01-24 00:19:20.246111,True
P102263,2025-01-12 23:43:50,2025-01-13 04:43:50,2025-01-14 08:35:38.744695,2025-01-14 09:56:52.395137,2025-01-17 11:30:02.583980,True
P101659,2025-01-13 03:37:09,2025-01-13 10:37:09,2025-01-16 21:31:59.422322,,,False
P102378,2025-01-13 06:51:40,2025-01-13 16:51:40,2025-01-14 00:58:00.897912,2025-01-18 14:49:39.103454,2025-01-20 01:25:13.221065,True
P102763,2025-01-13 14:05:17,2025-01-13 17:05:17,,,,False
P100635,2025-01-13 18:33:18,,,,,False
P102195,2025-01-13 18:44:03,2025-01-14 20:44:03,2025-01-16 07:24:33.079544,2025-01-17 15:48:26.277663,2025-01-17 21:50:54.099759,True
P102778,2025-01-13 19:00:16,2025-01-13 23:00:16,2025-01-14 18:44:35.450977,2025-01-15 19:33:04.488475,2025-01-18 03:27:23.976345,True
P100999,2025-01-13 21:48:04,2025-01-13 21:48:04,,,,False
P101207,2025-01-13 21:48:57,2025-01-14 11:48:57,2025-01-15 08:56:31.780455,,,False
P101914,2025-01-14 00:47:21,2025-01-14 07:47:21,2025-01-15 08:38:15.757087,2025-01-15 12:40:19.201327,2025-01-18 18:45:57.985485,True
P101736,2025-01-14 01:05:56,2025-01-14 02:05:56,2025-01-16 08:51:12.494813,2025-01-17 00:13:38.208982,2025-01-25 18:37:03.751009,True
P102006,2025-01-14 03:56:15,2025-01-14 03:56:15,,,,False
P100415,2025-01-14 05:36:16,,,,,False
P102158,2025-01-14 05:44:11,2025-01-15 02:44:11,2025-01-17 08:29:01.053631,2025-01-19 00:52:38.079839,2025-01-24 12:30:47.279906,True
P102512,2025-01-14 08:59:23,2025-01-15 05:59:23,2025-01-15 10:56:39.973981,,,False
P101629,2025-01-14 09:10:40,2025-01-14 11:10:40,2025-01-17 01:30:30.103056,2025-01-17 05:57:26.150452,,False
P102583,2025-01-14 19:46:56,2025-01-15 09:46:56,,,,False
P101489,2025-01-14 22:51:31,2025-01-15 02:51:31,,,,False
P100808,2025-01-15 00:49:45,2025-01-15 08:49:45,2025-01-15 18:11:48.058668,2025-01-20 20:10:27.921926,,False
P102077,2025-01-15 00:51:24,2025-01-15 03:51:24,2025-01-17 11:25:21.750735,2025-01-18 15:43:32.653302,2025-01-19 04:08:12.559943,True
P100829,2025-01-15 05:01:48,,,,,False
P100538,2025-01-15 12:04:29,2025-01-15 14:04:29,,,,False
P101569,2025-01-15 17:45:27,2025-01-15 17:45:27,2025-01-16 11:30:11.364680,2025-01-16 18:53:08.291270,2025-01-17 05:01:16.230333,True
P101314,2025-01-15 17:49:00,,,,,False
P101418,2025-01-15 19:15:45,2025-01-15 21:15:45,,,,False
P101211,2025-01-15 21:55:16,2025-01-17 02:55:16,,,,False
P100831,2025-01-15 23:00:06,2025-01-17 01:00:06,,,,False
P102409,2025-01-16 00:53:45,2025-01-16 14:53:45,2025-01-18 23:51:12.148953,2025-01-19 13:15:40.729855,2025-01-23 01:31:52.750822,True
P101430,2025-01-16 02:04:12,2025-01-16 04:04:12,2025-01-19 09:04:02.049935,,,False
P100490,2025-01-16 08:04:23,,,,,False
P101389,2025-01-16 08:08:47,2025-01-16 12:08:47,2025-01-18 17:26:08.210981,2025-01-20 06:01:38.288192,2025-01-25 05:21:15.964388,True
P100482,2025-01-16 10:28:21,,,,,False
P101263,2025-01-16 10:59:13,2025-01-16 10:59:13,2025-01-23 14:39:26.009122,,,False
P100861,2025-01-16 13:02:02,2025-01-16 19:02:02,2025-01-17 04:48:00.651697,2025-01-18 02:32:18.310578,2025-01-18 12:08:11.480571,True
P101760,2025-01-16 20:55:18,2025-01-16 20:55:18,2025-01-17 13:36:44.333696,2025-01-18 05:47:05.998460,,False
P100362,2025-01-17 00:43:01,2025-01-17 12:43:01,2025-01-22 14:39:00.213305,2025-01-24 08:58:43.178209,2025-01-26 13:53:54.856113,True
P102649,2025-01-17 02:52:38,2025-01-17 11:52:38,2025-01-17 15:25:53.814525,2025-01-17 23:07:18.439430,,False
P102050,2025-01-17 03:35:40,2025-01-17 06:35:40,2025-01-18 09:17:47.409631,2025-01-23 00:08:16.026700,2025-01-26 03:43:53.020731,True
P102723,2025-01-17 10:49:28,2025-01-17 18:49:28,2025-01-18 20:15:59.967653,2025-01-24 07:21:35.110972,2025-01-30 01:34:30.306036,True
P101982,2025-01-17 17:02:40,2025-01-17 19:02:40,,,,False
P102336,2025-01-17 23:04:13,2025-01-18 01:04:13,2025-01-18 15:31:48.301128,2025-01-19 08:52:02.249206,2025-01-22 14:48:21.770026,True
P100024,2025-01-17 23:37:04,,,,,False
P102146,2025-01-18 04:36:14,,,,,False
P102063,2025-01-18 04:52:38,2025-01-18 05:52:38,2025-01-19 19:38:22.250859,2025-01-20 19:27:51.395577,2025-01-23 00:59:49.030399,True
P102773,2025-01-18 07:41:29,2025-01-18 13:41:29,2025-01-19 14:21:09.435595,2025-01-20 06:36:23.090692,2025-01-20 08:35:47.888443,True
P102196,2025-01-18 08:10:24,2025-01-18 09:10:24,,,,False
P101770,2025-01-18 09:58:12,2025-01-18 11:58:12,2025-01-18 19:30:18.182608,,,False
P102423,2025-01-18 15:26:05,,,,,False
P100580,2025-01-18 17:33:05,2025-01-19 01:33:05,2025-01-20 07:12:45.033041,2025-01-24 15:24:09.955696,,False
P101857,2025-01-18 18:31:17,2025-01-18 23:31:17,2025-01-20 08:53:13.297808,2025-01-21 08:13:04.735089,2025-01-24 09:51:29.386968,True
P100605,2025-01-18 20:35:02,2025-01-19 06:35:02,2025-01-21 13:34:09.966650,2025-01-21 19:48:32.966061,2025-01-22 13:45:51.735127,True
P101713,2025-01-18 21:35:13,,,,,False
P101341,2025-01-19 01:17:55,2025-01-19 01:17:55,2025-01-20 22:19:56.768167,2025-01-21 23:19:36.690369,2025-01-23 14:44:19.571518,True
P101782,2025-01-19 01:31:55,2025-01-19 10:31:55,2025-01-19 17:01:46.685135,2025-01-20 05:44:07.542580,2025-01-20 10:06:49.138317,True
P101885,2025-01-19 05:48:38,2025-01-19 05:48:38,,,,False
P101497,2025-01-19 05:49:15,2025-01-19 07:49:15,2025-01-19 13:18:22.029066,2025-01-20 02:35:04.810458,2025-01-28 13:16:51.706684,True
P100626,2025-01-19 05:51:59,,,,,False
P102484,2025-01-19 06:29:05,,,,,False
P100788,2025-01-19 07:10:05,2025-01-19 14:10:05,2025-01-20 07:43:15.586265,2025-01-25 04:32:50.909376,,False
P102056,2025-01-19 07:42:57,2025-01-19 08:42:57,2025-01-20 00:42:59.998053,,,False
P102953,2025-01-19 12:15:15,2025-01-19 19:15:15,2025-01-20 01:03:37.010777,2025-01-20 09:42:44.790299,2025-01-21 22:13:40.975090,True
P100740,2025-01-19 15:05:53,2025-01-20 00:05:53,2025-01-23 12:28:50.608850,,,False
P102082,2025-01-20 00:26:45,2025-01-20 03:26:45,,,,False
P102032,2025-01-20 02:44:33,2025-01-20 04:44:33,2025-01-21 03:44:22.202546,2025-01-22 18:59:39.043453,,False
P102693,2025-01-20 05:11:07,2025-01-20 14:11:07,,,,False
P100494,2025-01-20 05:48:04,2025-01-20 12:48:04,,,,False
P100286,2025-01-20 13:07:01,2025-01-20 13:07:01,2025-01-21 20:51:05.044486,,,False
P101620,2025-01-20 16:00:56,2025-01-21 00:00:56,2025-01-21 05:50:55.117729,2025-01-21 11:10:20.917613,2025-01-21 11:24:29.354156,True
P102225,2025-01-21 02:32:10,,,,,False
P100525,2025-01-21 16:53:35,2025-01-22 03:53:35,2025-01-29 07:59:40.452666,2025-01-30 03:51:16.348248,2025-02-01 05:55:41.045594,True
P101085,2025-01-21 19:27:01,2025-01-21 20:27:01,2025-01-23 05:53:36.690228,2025-01-26 04:19:06.675155,2025-01-26 11:54:35.272317,True
P100457,2025-01-21 20:01:15,2025-01-21 22:01:15,2025-01-22 20:01:45.227918,2025-01-23 15:26:40.364759,2025-01-24 21:28:36.542503,True
P102144,2025-01-22 04:14:00,2025-01-22 10:14:00,2025-01-22 22:43:45.035246,2025-01-24 07:27:22.155166,2025-01-24 10:51:06.540507,True
P102756,2025-01-22 08:12:33,2025-01-22 13:12:33,2025-01-22 16:41:18.429043,2025-01-25 15:46:32.261416,2025-01-27 22:16:28.407936,True
P100712,2025-01-22 16:28:07,2025-01-22 19:28:07,2025-01-23 04:47:45.040672,,,False
P102164,2025-01-22 19:45:39,2025-01-23 05:45:39,2025-01-24 10:47:52.599799,2025-01-27 17:14:27.485938,2025-01-29 15:22:32.160713,True
P102731,2025-01-23 00:12:35,,,,,False
P102282,2025-01-23 00:46:49,,,,,False
P100595,2025-01-23 04:43:19,2025-01-23 05:43:19,2025-01-25 14:32:50.428166,2025-01-26 18:43:36.597942,2025-01-28 18:07:20.954872,True
P101025,2025-01-23 06:40:00,,,,,False
P100341,2025-01-23 07:30:48,,,,,False
P102660,2025-01-23 08:01:25,,,,,False
P100857,2025-01-23 09:34:45,2025-01-23 11:34:45,2025-01-24 10:22:27.180185,2025-01-24 12:19:16.498701,2025-01-25 10:01:11.724319,True
P100089,2025-01-23 15:26:01,2025-01-23 15:26:01,,,,False
P100338,2025-01-23 16:26:31,2025-01-23 20:26:31,,,,False
P101237,2025-01-23 19:01:17,2025-01-23 22:01:17,2025-01-24 00:32:46.245523,2025-01-24 06:29:21.032578,2025-01-25 22:28:47.865013,True
P100969,2025-01-24 07:16:17,2025-01-25 18:16:17,2025-01-26 21:08:08.412042,2025-01-28 21:35:05.347110,2025-02-03 23:30:26.102223,True
P102875,2025-01-24 07:59:02,2025-01-24 23:59:02,,,,False
P101405,2025-01-24 08:04:52,2025-01-24 21:04:52,2025-01-26 01:28:20.712517,2025-01-28 04:05:38.769843,2025-01-30 02:52:27.324575,True
P102808,2025-01-24 12:35:37,2025-01-24 17:35:37,,,,False
P102573,2025-01-24 14:56:25,2025-01-25 03:56:25,2025-01-28 17:36:20.636242,,,False
P101767,2025-01-24 16:00:08,2025-01-24 18:00:08,2025-01-29 05:37:16.932971,2025-01-29 19:15:23.486924,2025-02-04 19:10:35.474564,True
P102468,2025-01-24 22:51:03,2025-01-25 04:51:03,,,,False
P102517,2025-01-24 23:01:56,2025-01-25 02:01:56,2025-01-28 12:32:41.927866,,,False
P101501,2025-01-25 12:01:38,2025-01-25 13:01:38,2025-01-31 22:25:14.766516,2025-02-02 04:44:43.126009,2025-02-10 02:15:49.602141,True
P101138,2025-01-26 00:59:18,2025-01-26 00:59:18,2025-01-27 21:04:36.017970,,,False
P101927,2025-01-26 01:02:09,2025-01-26 07:02:09,,,,False
P101274,2025-01-26 07:50:02,2025-01-26 07:50:02,2025-01-27 20:47:34.901063,2025-01-31 11:34:20.235062,2025-01-31 16:45:43.688225,True
P101251,2025-01-26 10:59:27,2025-01-26 20:59:27,2025-01-29 08:37:42.876107,,,False
P100699,2025-01-26 13:18:13,2025-01-27 09:18:13,,,,False
P102830,2025-01-26 13:34:27,,,,,False
P101058,2025-01-26 17:24:31,,,,,False
P102288,2025-01-26 22:04:25,2025-01-27 08:04:25,2025-01-28 12:01:56.723359,2025-01-30 21:39:38.990407,2025-02-03 02:39:30.237777,True
P101267,2025-01-26 22:12:23,2025-01-27 00:12:23,2025-01-27 07:39:04.596152,2025-02-02 16:54:12.067100,2025-02-03 04:15:58.112595,True
P101745,2025-01-26 22:36:58,2025-01-27 18:36:58,,,,False
P101983,2025-01-27 01:16:43,,,,,False
P100623,2025-01-27 04:09:55,2025-01-27 04:09:55,2025-01-29 09:02:25.884321,2025-02-02 19:16:05.294745,2025-02-05 13:18:31.151940,True
P102051,2025-01-27 04:42:12,2025-01-27 04:42:12,2025-01-28 07:24:17.822203,2025-01-31 03:45:23.876293,2025-02-09 16:12:17.029176,True
P102729,2025-01-27 06:48:23,2025-01-28 11:48:23,2025-01-28 20:37:47.015429,2025-01-30 12:19:34.658249,2025-02-03 02:40:59.490916,True
P102486,2025-01-27 17:06:47,2025-01-28 18:06:47,2025-02-01 16:10:57.208110,,,False
P101545,2025-01-27 23:12:44,2025-01-28 03:12:44,2025-01-30 08:41:28.540698,2025-02-02 19:54:38.753543,2025-02-03 13:18:00.076162,True
P101524,2025-01-28 01:07:22,2025-01-28 01:07:22,2025-01-28 12:29:10.784878,2025-01-31 11:26:49.220349,2025-01-31 23:19:18.289396,True
P102363,2025-01-28 03:25:52,2025-01-28 10:25:52,2025-01-30 22:33:45.302318,2025-01-31 20:28:08.818419,2025-02-03 15:45:47.801212,True
P102272,2025-01-28 03:42:09,2025-01-28 05:42:09,2025-01-28 21:05:33.010237,,,False
P102545,2025-01-28 13:00:54,2025-01-29 11:00:54,2025-01-30 00:30:01.329540,2025-02-01 00:52:34.802713,,False
P102412,2025-01-28 14:24:40,2025-01-29 02:24:40,2025-02-01 01:59:28.064800,2025-02-01 03:22:21.323255,2025-02-01 12:07:34.069164,True
P100921,2025-01-28 15:17:01,2025-01-28 23:17:01,2025-02-01 01:38:19.682364,2025-02-01 15:17:31.878954,2025-02-02 21:10:10.499396,True
P101687,2025-01-28 22:02:56,,,,,False
P101354,2025-01-28 22:47:43,2025-01-29 07:47:43,2025-01-29 08:07:04.585581,2025-02-02 15:12:03.376274,,False
P102009,2025-01-28 23:28:38,2025-01-29 01:28:38,2025-01-29 08:54:39.106734,2025-01-30 04:14:25.764060,2025-01-31 10:43:53.776970,True
P101009,2025-01-29 02:02:27,2025-01-29 02:02:27,2025-02-01 16:26:47.404229,2025-02-03 06:15:34.586874,2025-02-03 22:55:59.848673,True
P101432,2025-01-29 04:07:39,,,,,False
P102458,2025-01-29 12:47:21,2025-01-29 17:47:21,2025-01-30 15:31:51.225831,2025-01-31 05:57:50.701743,2025-02-04 13:02:23.947582,True
P101757,2025-01-29 14:30:48,2025-01-30 01:30:48,2025-01-30 14:33:57.501699,2025-01-30 20:54:26.441071,2025-02-04 19:22:26.948498,True
P100153,2025-01-29 18:34:57,2025-01-30 10:34:57,2025-01-30 23:33:51.900869,2025-02-05 21:48:36.919007,2025-02-06 15:57:14.114443,True
P101763,2025-01-29 20:52:43,2025-01-29 23:52:43,2025-02-02 09:46:32.550242,2025-02-04 20:19:17.696362,2025-02-06 12:05:42.225837,True
P101204,2025-01-29 22:15:22,2025-01-30 02:15:22,2025-01-30 16:23:29.125239,2025-01-31 01:44:41.695172,2025-01-31 06:49:53.254996,True
P100340,2025-01-30 04:04:31,,,,,False
P100578,2025-01-30 05:26:50,2025-01-30 08:26:50,2025-02-01 07:43:05.813472,2025-02-04 09:58:37.387284,2025-02-05 03:57:17.465319,True
P101373,2025-01-30 06:04:49,2025-01-30 16:04:49,2025-01-31 00:32:33.506923,2025-02-03 15:46:28.168376,2025-02-04 17:47:18.827322,True
P101257,2025-01-30 06:20:31,,,,,False
P100233,2025-01-30 07:21:29,2025-01-31 02:21:29,2025-01-31 18:18:55.934907,2025-02-01 22:53:16.503039,,False
P100582,2025-01-30 13:12:54,2025-01-30 21:12:54,,,,False
P102495,2025-01-30 15:53:16,2025-01-30 16:53:16,2025-02-02 06:07:19.622936,2025-02-03 05:54:03.240453,2025-02-10 06:57:44.555514,True
P102688,2025-01-30 16:08:15,2025-01-30 17:08:15,2025-01-31 21:37:16.313052,2025-02-01 01:06:11.358269,,False
P100455,2025-01-30 23:28:01,2025-01-31 02:28:01,,,,False
P101131,2025-01-31 03:46:38,2025-01-31 06:46:38,2025-02-01 04:03:15.989929,,,False
P100985,2025-01-31 05:21:49,2025-01-31 09:21:49,2025-01-31 14:16:53.816897,2025-02-01 12:51:16.954114,2025-02-07 22:58:53.608776,True
P100423,2025-01-31 09:55:40,2025-01-31 10:55:40,2025-01-31 14:15:20.377698,2025-01-31 14:30:52.574400,2025-02-03 21:24:11.459302,True
P102628,2025-01-31 13:41:34,,,,,False
P100041,2025-01-31 15:14:05,2025-01-31 16:14:05,2025-02-05 08:51:25.384028,2025-02-06 10:43:54.962712,2025-02-11 14:18:38.190832,True
P102312,2025-01-31 17:03:02,2025-02-01 01:03:02,2025-02-03 18:29:24.437217,2025-02-04 12:33:50.789272,2025-02-05 08:00:50.761992,True
P102148,2025-01-31 20:28:37,2025-01-31 20:28:37,2025-02-03 02:05:31.276536,2025-02-05 14:05:45.737763,2025-02-06 09:46:38.679953,True
P101137,2025-01-31 22:14:32,2025-02-01 02:14:32,2025-02-03 00:59:16.110635,2025-02-04 06:07:54.943577,2025-02-06 18:26:01.676522,True
P100095,2025-01-31 23:26:21,2025-02-01 01:26:21,2025-02-04 11:18:46.183766,2025-02-06 20:17:00.761239,2025-02-11 12:40:18.129546,True
P101938,2025-02-01 00:17:53,2025-02-01 03:17:53,2025-02-03 05:36:54.853854,,,False
P101450,2025-02-01 01:59:49,2025-02-01 06:59:49,2025-02-02 18:29:14.911222,2025-02-02 18:56:30.422439,2025-02-03 11:55:00.918041,True
P100649,2025-02-01 02:31:16,,,,,False
P100142,2025-02-01 02:54:02,2025-02-01 09:54:02,2025-02-01 13:43:52.714293,2025-02-09 15:08:04.199258,2025-02-10 01:30:36.671698,True
P102876,2025-02-01 03:17:11,2025-02-01 10:17:11,2025-02-02 08:32:16.968593,2025-02-02 23:47:57.875419,2025-02-07 02:59:06.465474,True
P100978,2025-02-01 03:49:40,2025-02-01 17:49:40,2025-02-05 14:58:26.319977,2025-02-07 22:06:10.192302,2025-02-10 12:06:24.349101,True
P101329,2025-02-01 07:49:24,2025-02-02 00:49:24,2025-02-03 08:19:12.275171,2025-02-03 17:23:40.670746,2025-02-05 21:07:48.707258,True
P102085,2025-02-01 08:07:45,2025-02-01 18:07:45,2025-02-02 01:28:18.084131,2025-02-02 19:23:26.155409,2025-02-08 23:33:04.041305,True
P102969,2025-02-01 14:48:29,,,,,False
P101987,2025-02-01 18:15:56,2025-02-02 20:15:56,2025-02-03 18:48:51.335124,2025-02-08 00:54:18.815849,2025-02-08 12:32:41.147465,True
P100834,2025-02-01 20:44:00,,,,,False
P101663,2025-02-01 22:27:00,2025-02-02 07:27:00,2025-02-02 13:46:01.294861,2025-02-03 02:20:29.835888,2025-02-04 06:14:38.309605,True
P102597,2025-02-01 23:10:00,2025-02-02 04:10:00,2025-02-04 00:58:50.692866,,,False
P101583,2025-02-01 23:29:37,2025-02-02 01:29:37,2025-02-03 18:41:38.311788,2025-02-04 05:22:16.633360,2025-02-08 00:46:39.204055,True
P101279,2025-02-02 05:47:35,,,,,False
P102768,2025-02-02 11:25:36,2025-02-03 03:25:36,2025-02-04 09:23:10.060963,,,False
P100275,2025-02-02 19:31:09,2025-02-03 03:31:09,2025-02-06 05:24:20.389377,2025-02-12 19:29:16.700708,2025-02-14 09:29:08.604344,True
P102559,2025-02-02 20:15:03,2025-02-03 03:15:03,,,,False
P102816,2025-02-02 20:52:28,2025-02-02 21:52:28,2025-02-03 02:35:41.814369,2025-02-13 23:44:44.792570,,False
P102647,2025-02-02 23:47:23,2025-02-03 02:47:23,2025-02-03 18:04:25.199259,2025-02-04 03:22:27.985818,2025-02-04 13:47:04.516181,True
P100350,2025-02-03 01:23:14,2025-02-03 11:23:14,2025-02-04 22:09:23.699608,2025-02-04 23:09:29.704120,2025-02-09 04:42:46.683450,True
P102582,2025-02-03 03:12:29,2025-02-03 03:12:29,,,,False
P101691,2025-02-03 06:48:15,2025-02-03 14:48:15,,,,False
P100231,2025-02-03 16:00:20,2025-02-04 03:00:20,,,,False
P100608,2025-02-03 18:31:17,2025-02-03 21:31:17,2025-02-05 03:37:44.432200,2025-02-06 14:11:53.066876,2025-02-09 20:20:19.594766,True
P100743,2025-02-03 22:14:32,2025-02-03 22:14:32,2025-02-05 01:00:00.822039,2025-02-05 15:30:01.619302,2025-02-10 18:15:44.052427,True
P100848,2025-02-03 22:47:42,2025-02-04 11:47:42,2025-02-04 15:12:43.888412,2025-02-06 15:33:27.609396,2025-02-08 19:09:24.712006,True
P100147,2025-02-03 23:05:04,2025-02-04 00:05:04,2025-02-07 22:19:10.806860,2025-02-09 20:19:10.865981,2025-02-16 16:00:12.565852,True
P102855,2025-02-04 07:18:51,2025-02-04 10:18:51,,,,False
P102886,2025-02-04 07:23:47,2025-02-04 16:23:47,2025-02-05 03:25:51.207566,,,False
P101872,2025-02-04 08:15:09,2025-02-04 21:15:09,2025-02-06 15:06:59.421311,2025-02-07 20:44:24.577542,2025-02-10 00:00:40.970375,True
P101703,2025-02-04 12:03:10,2025-02-05 03:03:10,2025-02-05 16:49:33.757246,2025-02-06 03:14:49.412828,2025-02-13 10:18:16.159889,True
P100402,2025-02-04 12:22:15,2025-02-04 18:22:15,2025-02-05 19:44:53.715518,2025-02-06 13:22:39.585984,2025-02-07 09:29:17.234234,True
P102277,2025-02-04 16:02:49,2025-02-04 21:02:49,2025-02-05 12:04:02.230984,2025-02-09 12:37:21.827089,2025-02-13 02:07:37.304860,True
P102987,2025-02-04 18:35:17,2025-02-05 09:35:17,2025-02-08 14:02:09.403142,2025-02-09 13:13:44.015963,2025-02-10 09:14:11.706602,True
P102121,2025-02-04 19:58:14,2025-02-05 01:58:14,2025-02-12 18:01:48.359967,2025-02-14 09:39:05.726380,2025-02-14 16:36:51.306396,True
P100792,2025-02-04 20:12:59,2025-02-05 02:12:59,2025-02-05 08:32:37.703209,2025-02-11 06:10:14.929720,,False
P102414,2025-02-04 21:11:30,2025-02-05 01:11:30,2025-02-05 02:03:02.435169,2025-02-07 04:40:41.212799,2025-02-07 14:40:56.135609,True
P102947,2025-02-05 03:22:06,2025-02-05 06:22:06,,,,False
P101421,2025-02-05 08:03:12,2025-02-05 13:03:12,2025-02-06 21:08:47.939122,2025-02-07 10:51:49.975532,2025-02-09 02:39:08.586862,True
P101726,2025-02-05 09:21:12,2025-02-05 12:21:12,2025-02-05 19:13:58.735499,2025-02-08 00:12:05.231892,2025-02-13 10:51:16.589895,True
P100692,2025-02-05 10:37:05,2025-02-05 13:37:05,2025-02-08 01:41:12.274306,2025-02-09 01:42:47.286873,2025-02-13 12:32:21.376272,True
P101877,2025-02-05 12:42:40,2025-02-07 04:42:40,2025-02-07 23:37:29.509428,2025-02-12 19:45:55.763594,2025-02-13 06:56:27.337980,True
P100103,2025-02-05 18:13:38,2025-02-05 21:13:38,,,,False
P102310,2025-02-05 20:52:15,2025-02-05 22:52:15,,,,False
P101167,2025-02-05 23:19:33,2025-02-06 02:19:33,2025-02-09 14:26:14.413923,,,False
P102269,2025-02-06 01:16:07,,,,,False
P100172,2025-02-06 02:13:44,2025-02-06 21:13:44,2025-02-08 20:16:18.940640,,,False
P102061,2025-02-06 03:49:58,2025-02-06 15:49:58,2025-02-08 05:51:01.763467,2025-02-11 23:22:58.352875,,False
P100632,2025-02-06 06:10:50,2025-02-06 20:10:50,,,,False
P102605,2025-02-06 08:41:55,2025-02-06 23:41:55,2025-02-07 18:56:15.493608,2025-02-10 00:04:11.903282,2025-02-10 02:36:10.018316,True
P102494,2025-02-06 09:08:39,2025-02-07 05:08:39,2025-02-07 05:42:46.600169,2025-02-07 10:56:54.329496,2025-02-07 12:57:09.527205,True
P102302,2025-02-06 10:47:51,2025-02-06 12:47:51,2025-02-08 06:52:19.275301,2025-02-09 02:56:07.866908,2025-02-10 02:35:25.795009,True
P101792,2025-02-06 11:51:14,,,,,False
P102179,2025-02-06 14:01:32,,,,,False
P102513,2025-02-06 17:42:32,2025-02-06 20:42:32,,,,False
P100274,2025-02-06 18:02:05,,,,,False
P100129,2025-02-06 21:05:45,2025-02-07 01:05:45,,,,False
P102946,2025-02-07 11:00:19,2025-02-07 18:00:19,2025-02-10 01:26:34.523416,2025-02-10 17:34:18.266328,,False
P101093,2025-02-07 16:44:54,2025-02-07 19:44:54,2025-02-09 11:18:09.665984,2025-02-09 13:39:08.408402,2025-02-17 09:54:31.997593,True
P100570,2025-02-07 18:49:13,2025-02-07 20:49:13,2025-02-08 10:36:05.656156,2025-02-10 20:44:34.054485,2025-02-15 06:29:40.642345,True
P100027,2025-02-07 21:36:29,2025-02-08 00:36:29,2025-02-08 06:01:35.371707,2025-02-09 01:00:58.974143,,False
P101377,2025-02-07 23:52:42,2025-02-08 12:52:42,2025-02-10 21:48:03.140281,,,False
P102293,2025-02-08 08:46:41,2025-02-08 15:46:41,2025-02-09 05:52:11.522926,2025-02-09 11:10:33.317857,2025-02-10 06:04:55.796259,True
P101945,2025-02-08 11:18:54,2025-02-09 16:18:54,2025-02-09 17:07:15.562095,2025-02-11 04:39:31.721626,2025-02-12 21:09:45.665663,True
P102711,2025-02-08 11:28:57,2025-02-09 01:28:57,2025-02-10 07:59:04.577944,,,False
P101431,2025-02-08 11:31:26,2025-02-08 16:31:26,2025-02-09 02:43:16.703893,2025-02-10 15:39:30.693179,,False
P101661,2025-02-08 12:44:35,2025-02-08 14:44:35,2025-02-11 08:59:18.116508,2025-02-15 05:10:27.680505,,False
P101285,2025-02-08 14:26:43,2025-02-08 22:26:43,2025-02-09 04:00:41.128989,2025-02-16 08:56:10.795796,2025-02-16 14:38:26.447096,True
P100306,2025-02-08 18:16:14,2025-02-09 04:16:14,2025-02-10 00:48:40.796100,2025-02-12 19:57:31.079360,2025-02-18 20:44:19.841821,True
P102679,2025-02-08 18:24:35,2025-02-08 22:24:35,2025-02-09 08:55:00.627674,,,False
P102256,2025-02-08 19:04:49,2025-02-08 21:04:49,2025-02-10 15:11:47.872460,2025-02-12 03:19:45.060281,2025-02-14 08:39:59.180069,True
P101973,2025-02-08 19:46:26,2025-02-09 01:46:26,,,,False
P102866,2025-02-08 23:16:28,,,,,False
P102071,2025-02-09 00:13:18,2025-02-09 22:13:18,2025-02-10 20:18:43.168758,2025-02-11 03:59:15.689174,2025-02-13 02:35:30.185485,True
P100263,2025-02-09 08:55:15,2025-02-09 15:55:15,,,,False
P101789,2025-02-09 11:58:49,2025-02-09 13:58:49,2025-02-09 22:42:13.916453,,,False
P100815,2025-02-09 12:38:56,2025-02-09 13:38:56,2025-02-20 04:28:51.885048,,,False
P101605,2025-02-09 16:02:04,2025-02-10 02:02:04,2025-02-10 20:44:46.691680,2025-02-11 14:51:33.272399,2025-02-17 01:50:10.630751,True
P100956,2025-02-09 17:11:39,2025-02-10 02:11:39,2025-02-11 13:02:58.098782,2025-02-14 12:01:20.815771,,False
P100047,2025-02-09 17:15:20,2025-02-10 00:15:20,2025-02-13 12:58:09.371567,2025-02-19 03:28:07.353545,2025-02-19 21:52:29.155675,True
P100136,2025-02-09 17:29:03,2025-02-10 00:29:03,2025-02-10 01:13:50.609828,2025-02-11 15:03:21.955157,2025-02-18 05:43:40.653199,True
P102593,2025-02-09 17:49:08,2025-02-10 00:49:08,2025-02-11 15:36:52.167194,2025-02-13 21:57:41.700921,,False
P101500,2025-02-09 18:27:51,2025-02-09 21:27:51,2025-02-10 09:42:41.822744,2025-02-11 00:56:05.603331,2025-02-12 14:17:07.397228,True
P101393,2025-02-09 18:46:53,2025-02-10 16:46:53,2025-02-11 04:34:11.883634,2025-02-18 06:11:37.336754,2025-02-18 14:43:06.087556,True
P100550,2025-02-09 19:46:36,2025-02-10 00:46:36,,,,False
P101642,2025-02-09 20:04:15,,,,,False
P102695,2025-02-09 20:36:45,2025-02-09 23:36:45,2025-02-10 16:24:52.609312,,,False
P100548,2025-02-09 21:11:52,2025-02-09 22:11:52,,,,False
P102042,2025-02-10 02:05:33,2025-02-10 05:05:33,2025-02-10 08:45:35.080936,,,False
P102804,2025-02-10 03:06:51,2025-02-10 10:06:51,2025-02-10 15:54:22.356341,2025-02-11 21:17:34.857106,2025-02-14 04:49:54.119389,True
P102093,2025-02-10 05:29:33,2025-02-10 05:29:33,2025-02-13 16:00:05.580721,,,False
P102700,2025-02-10 08:47:04,2025-02-11 00:47:04,,,,False
P100295,2025-02-10 10:05:20,2025-02-10 17:05:20,2025-02-14 10:16:47.373345,2025-02-15 05:16:12.172158,2025-02-18 12:04:15.414131,True
P100733,2025-02-10 10:47:42,2025-02-10 12:47:42,2025-02-13 02:01:37.685401,2025-02-13 03:44:04.243294,2025-02-13 19:16:47.702442,True
P100479,2025-02-10 12:03:15,2025-02-10 14:03:15,,,,False
P100096,2025-02-10 15:21:16,2025-02-10 20:21:16,2025-02-11 08:31:25.724459,2025-02-15 00:40:59.583357,2025-02-17 04:25:04.064461,True
P102245,2025-02-10 15:43:17,2025-02-10 17:43:17,2025-02-11 05:06:57.076138,2025-02-15 03:43:08.001310,2025-02-18 15:19:20.610628,True
P102904,2025-02-10 19:00:47,,,,,False
P102556,2025-02-10 23:27:11,2025-02-10 23:27:11,2025-02-11 18:56:04.805712,2025-02-12 06:32:18.974994,2025-02-15 22:24:57.197896,True
P101316,2025-02-11 01:46:04,2025-02-11 04:46:04,2025-02-12 06:22:45.944929,2025-02-13 09:02:16.402320,,False
P100862,2025-02-11 03:43:29,,,,,False
P100933,2025-02-11 13:20:03,2025-02-11 13:20:03,2025-02-16 21:31:51.297671,2025-02-19 02:23:33.403434,2025-02-20 02:06:41.194240,True
P100017,2025-02-11 18:36:00,2025-02-12 09:36:00,2025-02-12 11:45:26.827170,2025-02-13 07:18:35.524910,2025-02-14 19:54:00.520517,True
P101539,2025-02-11 19:14:40,2025-02-11 21:14:40,2025-02-12 04:20:14.661184,2025-02-14 12:57:54.275836,2025-02-17 15:54:42.822690,True
P100673,2025-02-11 22:07:35,,,,,False
P102133,2025-02-12 03:43:06,2025-02-12 04:43:06,2025-02-12 10:48:10.004472,2025-02-14 02:57:17.097687,2025-02-16 05:09:51.450690,True
P101732,2025-02-12 12:15:48,2025-02-12 12:15:48,2025-02-12 16:19:55.787416,2025-02-14 20:32:38.298338,,False
P100474,2025-02-12 18:05:33,,,,,False
P101051,2025-02-12 20:06:13,2025-02-12 21:06:13,2025-02-12 23:24:17.071533,,,False
P100188,2025-02-13 01:34:28,2025-02-13 01:34:28,,,,False
P102766,2025-02-13 08:47:05,,,,,False
P100301,2025-02-13 15:34:13,2025-02-13 15:34:13,2025-02-14 16:25:28.210919,2025-02-17 09:55:11.903420,,False
P101414,2025-02-13 15:39:52,2025-02-13 19:39:52,2025-02-14 16:27:21.167671,,,False
P102014,2025-02-13 16:25:23,,,,,False
P102690,2025-02-13 17:33:37,2025-02-13 20:33:37,2025-02-15 07:01:12.142697,2025-02-19 19:30:56.857884,,False
P101825,2025-02-13 22:10:54,2025-02-13 22:10:54,2025-02-14 07:38:08.794658,,,False
P100633,2025-02-13 23:28:06,2025-02-15 01:28:06,2025-02-15 06:40:37.018608,,,False
P102358,2025-02-14 02:34:29,2025-02-14 07:34:29,2025-02-17 11:34:09.322353,2025-02-17 13:00:54.940535,2025-02-18 03:35:07.695909,True
P102474,2025-02-14 05:26:25,2025-02-14 11:26:25,2025-02-15 23:37:08.034249,,,False
P100757,2025-02-14 09:48:23,2025-02-14 17:48:23,2025-02-14 20:03:33.534489,,,False
P101507,2025-02-14 11:15:42,2025-02-14 23:15:42,2025-02-19 20:06:01.245166,,,False
P100700,2025-02-14 12:24:33,2025-02-14 19:24:33,2025-02-16 13:55:47.537517,2025-02-16 19:17:53.097988,,False
P100636,2025-02-14 15:03:19,2025-02-15 02:03:19,2025-02-15 07:58:41.622011,,,False
P102101,2025-02-14 15:37:20,2025-02-14 19:37:20,,,,False
P101750,2025-02-14 17:18:40,,,,,False
P101612,2025-02-14 22:11:18,2025-02-15 11:11:18,,,,False
P100163,2025-02-15 00:16:54,2025-02-15 16:16:54,2025-02-15 20:12:21.273930,2025-02-17 03:40:40.718783,,False
P100651,2025-02-15 08:38:05,2025-02-15 09:38:05,2025-02-15 15:54:36.449689,2025-02-16 07:33:14.617595,2025-02-20 23:18:59.353135,True
P101627,2025-02-15 10:06:26,2025-02-15 16:06:26,2025-02-17 06:40:19.839413,,,False
P101113,2025-02-15 17:06:24,2025-02-16 02:06:24,,,,False
P100824,2025-02-15 21:27:53,2025-02-15 21:27:53,2025-02-15 22:08:38.098354,,,False
P100501,2025-02-15 23:47:59,2025-02-16 20:47:59,,,,False
P100302,2025-02-16 00:32:00,2025-02-16 05:32:00,2025-02-16 12:08:42.186786,2025-02-20 10:57:33.404149,2025-02-24 06:54:04.476971,True
P100119,2025-02-16 02:07:54,2025-02-16 10:07:54,2025-02-20 04:31:02.896686,,,False
P101640,2025-02-16 07:34:01,2025-02-16 08:34:01,2025-02-17 04:32:41.871596,2025-02-21 09:47:41.755120,2025-02-28 06:19:14.845302,True
P102221,2025-02-16 07:48:52,2025-02-16 09:48:52,2025-02-19 12:17:17.862971,,,False
P101609,2025-02-16 08:02:11,2025-02-16 09:02:11,,,,False
P101040,2025-02-16 08:43:37,2025-02-16 10:43:37,2025-02-17 13:55:31.365094,,,False
P101529,2025-02-16 09:39:14,2025-02-16 14:39:14,,,,False
P102896,2025-02-16 09:39:25,2025-02-16 23:39:25,2025-02-18 14:17:27.574176,2025-02-19 08:54:28.071267,2025-02-22 07:56:16.449179,True
P102084,2025-02-16 12:15:30,2025-02-16 18:15:30,2025-02-17 08:02:49.473567,,,False
P102141,2025-02-16 14:32:15,2025-02-16 16:32:15,2025-02-17 01:37:43.389388,2025-02-18 14:49:53.935886,,False
P101175,2025-02-16 18:56:47,2025-02-16 18:56:47,2025-02-16 21:59:20.874938,,,False
P100747,2025-02-17 01:49:47,2025-02-17 08:49:47,2025-02-17 10:58:05.117554,,,False
P100781,2025-02-17 01:55:01,2025-02-17 05:55:01,2025-02-17 19:03:56.928790,2025-02-21 05:52:49.827703,2025-02-28 11:00:47.404706,True
P101875,2025-02-17 02:45:43,2025-02-18 11:45:43,2025-02-20 11:46:17.658440,2025-02-23 11:57:09.814070,2025-02-24 22:58:08.118027,True
P102438,2025-02-17 03:57:51,2025-02-17 15:57:51,,,,False
P102469,2025-02-17 08:56:07,2025-02-17 21:56:07,,,,False
P100927,2025-02-17 09:02:31,2025-02-17 09:02:31,,,,False
P100287,2025-02-17 12:29:02,2025-02-18 00:29:02,2025-02-19 13:10:45.054526,2025-02-20 10:04:34.551426,2025-03-01 05:16:10.916862,True
P102048,2025-02-17 13:37:16,2025-02-17 14:37:16,2025-02-21 09:25:21.481675,,,False
P102441,2025-02-17 16:55:42,2025-02-17 23:55:42,2025-02-21 15:06:29.375460,2025-03-01 15:20:38.840439,2025-03-07 03:19:35.355589,True
P101001,2025-02-17 18:58:29,2025-02-17 22:58:29,,,,False
P101179,2025-02-17 19:34:02,2025-02-18 01:34:02,2025-02-22 17:12:50.484058,2025-02-24 15:59:52.179127,2025-03-04 04:22:45.444350,True
P101303,2025-02-17 22:15:52,2025-02-17 23:15:52,2025-02-18 01:09:20.409080,2025-02-18 01:45:17.773985,,False
P100065,2025-02-17 22:44:42,2025-02-18 02:44:42,2025-02-22 00:17:34.551781,2025-02-22 12:41:46.589316,2025-02-22 18:05:21.763310,True
P100048,2025-02-18 00:33:08,2025-02-18 00:33:08,2025-02-19 05:02:17.225292,2025-02-20 09:54:48.699731,2025-02-24 18:45:25.972751,True
P102774,2025-02-18 03:05:54,2025-02-18 03:05:54,2025-02-19 06:31:27.435337,,,False
P102933,2025-02-18 04:23:43,,,,,False
P102737,2025-02-18 04:50:00,2025-02-19 04:50:00,2025-02-22 08:55:37.113930,2025-02-25 11:26:41.535389,2025-02-26 16:28:48.239375,True
P101482,2025-02-18 07:00:56,,,,,False
P102984,2025-02-18 08:19:52,2025-02-18 13:19:52,2025-02-19 09:16:40.881784,,,False
P102198,2025-02-18 11:31:45,2025-02-18 11:31:45,2025-02-18 15:48:03.197328,2025-02-21 23:49:51.463437,2025-02-25 00:47:07.399037,True
P102059,2025-02-18 11:49:58,2025-02-18 11:49:58,2025-02-20 19:52:50.893314,2025-02-23 08:57:21.455640,2025-02-26 17:17:55.234874,True
P100363,2025-02-18 14:21:57,2025-02-18 15:21:57,,,,False
P101863,2025-02-18 19:30:19,2025-02-20 00:30:19,,,,False
P101579,2025-02-18 21:14:01,2025-02-19 01:14:01,,,,False
P100320,2025-02-19 01:25:26,2025-02-19 15:25:26,2025-02-20 08:58:25.113926,2025-02-26 06:21:10.726608,,False
P101312,2025-02-19 04:33:48,2025-02-19 13:33:48,,,,False
P101699,2025-02-19 10:52:13,2025-02-19 17:52:13,2025-02-21 23:08:57.455687,2025-03-03 10:40:57.551071,2025-03-03 22:23:13.548796,True
P101759,2025-02-19 12:15:16,2025-02-20 11:15:16,2025-02-24 17:13:39.282183,2025-02-27 03:13:53.300968,2025-03-02 03:31:07.560431,True
P100210,2025-02-19 18:39:33,2025-02-19 20:39:33,2025-02-20 07:43:41.430879,2025-02-22 07:07:59.220656,,False
P100425,2025-02-19 21:15:02,,,,,False
P100552,2025-02-20 02:16:50,2025-02-20 18:16:50,2025-02-25 15:01:24.962533,2025-02-25 21:52:47.771454,2025-02-27 04:11:18.229325,True
P101547,2025-02-20 04:37:06,2025-02-20 10:37:06,2025-02-22 23:05:57.122637,2025-02-23 05:34:23.156689,2025-02-24 05:54:43.361974,True
P102592,2025-02-20 07:28:25,2025-02-20 09:28:25,2025-02-23 14:14:12.672737,,,False
P100914,2025-02-20 15:48:09,2025-02-20 16:48:09,2025-02-22 11:14:53.166133,2025-02-23 14:26:09.170312,,False
P101125,2025-02-20 15:58:50,2025-02-21 02:58:50,2025-02-21 04:24:58.712450,2025-02-22 19:48:25.981790,2025-02-23 12:13:00.918610,True
P101656,2025-02-21 00:06:30,2025-02-21 00:06:30,2025-02-22 06:55:08.281592,2025-02-27 15:50:21.484021,2025-03-04 05:53:36.799753,True
P100941,2025-02-21 01:34:58,,,,,False
P101894,2025-02-21 04:05:45,2025-02-21 04:05:45,2025-02-25 10:24:55.021448,2025-02-28 07:42:39.230427,2025-03-01 00:21:01.016721,True
P102440,2025-02-21 05:16:24,2025-02-21 12:16:24,2025-02-22 18:41:38.777302,2025-02-24 01:12:37.339154,,False
P102992,2025-02-21 06:39:16,2025-02-21 13:39:16,,,,False
P101330,2025-02-21 07:04:51,2025-02-21 13:04:51,,,,False
P100187,2025-02-21 10:41:46,2025-02-21 15:41:46,2025-02-22 03:33:44.727657,,,False
P101900,2025-02-21 12:35:49,2025-02-22 03:35:49,2025-02-22 09:38:54.358089,2025-02-22 14:26:08.358805,,False
P100326,2025-02-21 18:04:08,2025-02-22 02:04:08,2025-02-24 04:06:21.923427,2025-02-25 17:33:47.456479,2025-02-27 05:54:34.128123,True
P100477,2025-02-21 20:24:53,2025-02-22 08:24:53,2025-02-22 18:00:01.689771,2025-02-26 13:37:48.022286,2025-03-08 03:50:20.583285,True
P100533,2025-02-21 22:10:18,2025-02-21 22:10:18,2025-02-22 08:16:27.528282,2025-02-22 11:35:59.148101,2025-02-24 03:12:49.427056,True
P100255,2025-02-22 04:32:02,,,,,False
P102452,2025-02-22 05:34:16,2025-02-22 05:34:16,2025-02-24 13:35:42.328721,2025-02-27 20:06:58.275675,2025-03-02 08:45:19.129728,True
P101618,2025-02-22 11:14:35,2025-02-22 12:14:35,2025-02-23 19:40:24.696101,2025-02-27 17:29:13.215303,2025-03-04 17:20:31.355485,True
P100451,2025-02-22 12:01:47,2025-02-22 20:01:47,2025-02-26 01:53:09.896865,2025-03-01 01:33:46.696648,2025-03-01 03:11:20.842622,True
P100685,2025-02-22 23:02:36,2025-02-23 04:02:36,,,,False
P100093,2025-02-23 00:49:54,,,,,False
P102193,2025-02-23 02:49:03,2025-02-23 03:49:03,,,,False
P100553,2025-02-23 03:02:02,,,,,False
P102367,2025-02-23 03:19:22,2025-02-23 20:19:22,2025-02-25 00:13:37.636836,2025-02-26 19:36:45.109507,2025-03-01 09:40:43.012759,True
P101282,2025-02-23 06:58:15,2025-02-24 03:58:15,2025-02-24 04:20:47.484570,2025-02-26 17:30:46.749253,,False
P101932,2025-02-23 09:37:30,2025-02-24 05:37:30,2025-02-25 22:18:08.526330,,,False
P102041,2025-02-23 12:34:06,2025-02-24 01:34:06,,,,False
P100865,2025-02-23 17:40:27,2025-02-24 02:40:27,,,,False
P102021,2025-02-23 19:57:13,,,,,False
P102132,2025-02-23 20:09:33,2025-02-24 06:09:33,2025-02-25 08:25:43.615508,2025-02-27 18:23:19.965328,2025-03-01 18:39:58.280940,True
P101622,2025-02-24 04:48:24,2025-02-25 04:48:24,2025-02-25 06:21:25.812327,2025-02-27 21:12:41.840718,,False
P101931,2025-02-24 05:56:38,2025-02-24 05:56:38,2025-02-25 01:18:27.632608,,,False
P102848,2025-02-24 15:35:16,2025-02-25 11:35:16,,,,False
P102967,2025-02-24 22:34:57,2025-02-25 04:34:57,,,,False
P101542,2025-02-25 01:33:14,2025-02-25 01:33:14,2025-02-25 19:16:44.863758,2025-03-02 14:23:48.426961,2025-03-06 15:00:16.430936,True
P100968,2025-02-25 01:48:31,2025-02-25 02:48:31,2025-02-25 07:04:22.429172,2025-02-28 11:44:01.234752,2025-03-02 18:15:34.645273,True
P100858,2025-02-25 05:24:16,2025-02-25 20:24:16,2025-02-26 00:46:05.374282,2025-02-27 23:31:28.976650,2025-03-02 23:16:01.616564,True
P100797,2025-02-25 05:30:00,2025-02-25 10:30:00,,,,False
P101143,2025-02-25 10:05:43,2025-02-26 18:05:43,,,,False
P102031,2025-02-25 10:49:50,2025-02-25 11:49:50,2025-02-27 05:52:23.858639,2025-02-28 17:36:41.272544,2025-03-06 10:39:25.520058,True
P102814,2025-02-25 12:09:50,2025-02-25 16:09:50,2025-02-28 04:48:34.630786,,,False
P101879,2025-02-25 12:11:34,2025-02-25 15:11:34,2025-02-25 20:14:10.014481,2025-03-03 16:17:38.114560,2025-03-04 16:22:38.996594,True
P101470,2025-02-25 19:45:17,2025-02-26 00:45:17,2025-02-26 08:34:48.624705,2025-02-28 02:36:15.147342,2025-03-08 10:27:26.681533,True
P100765,2025-02-26 00:31:21,2025-02-26 08:31:21,,,,False
P102463,2025-02-26 12:32:36,2025-02-26 20:32:36,2025-02-27 10:11:50.797738,2025-02-27 12:23:08.378173,2025-03-02 21:12:23.320056,True
P100221,2025-02-26 13:10:06,2025-02-26 13:10:06,2025-02-27 12:27:46.441598,2025-02-28 10:03:59.237799,2025-03-01 04:06:42.754049,True
P100258,2025-02-26 14:25:25,2025-02-26 14:25:25,2025-03-01 07:30:29.535329,2025-03-01 07:40:52.408552,,False
P101017,2025-02-26 16:50:52,2025-02-26 16:50:52,2025-02-26 22:11:35.070954,2025-02-27 17:00:42.709276,,False
P102792,2025-02-26 18:56:39,2025-02-27 09:56:39,2025-02-28 20:44:39.435635,,,False
P101292,2025-02-26 19:18:38,2025-02-26 22:18:38,2025-03-03 05:03:41.434615,2025-03-03 13:06:14.420681,2025-03-13 05:41:52.455912,True
P100686,2025-02-27 04:32:31,2025-02-27 07:32:31,,,,False
P100659,2025-02-27 09:31:54,2025-02-27 13:31:54,2025-02-27 15:45:33.985030,2025-02-28 01:40:26.443516,2025-02-28 08:56:17.581354,True
P101964,2025-02-27 14:17:28,,,,,False
P102255,2025-02-27 21:05:00,2025-02-27 21:05:00,2025-03-04 17:01:52.119217,2025-03-06 08:42:01.818156,2025-03-07 04:51:21.126576,True
P101453,2025-02-27 21:17:03,2025-02-27 22:17:03,2025-02-28 07:15:02.313570,2025-02-28 18:05:45.175432,,False
P102301,2025-02-27 23:38:39,2025-02-28 08:38:39,2025-02-28 23:06:14.176191,2025-03-04 23:39:59.018153,2025-03-07 02:21:10.776448,True
P102502,2025-02-28 00:25:52,2025-03-01 02:25:52,2025-03-01 06:10:12.177256,2025-03-04 07:44:03.207931,2025-03-05 11:08:59.346407,True
P100724,2025-02-28 02:52:25,2025-02-28 10:52:25,,,,False
P100413,2025-02-28 03:12:57,2025-02-28 05:12:57,2025-02-28 06:50:53.739069,2025-02-28 06:52:42.324911,2025-03-10 14:44:47.376403,True
P100359,2025-02-28 14:22:39,2025-02-28 19:22:39,2025-03-01 13:07:07.457764,2025-03-02 18:26:24.299841,2025-03-05 09:34:55.070881,True
P100939,2025-03-01 00:55:58,2025-03-02 05:55:58,,,,False
P100802,2025-03-01 05:32:22,,,,,False
P101351,2025-03-01 05:44:26,,,,,False
P101595,2025-03-01 05:45:46,2025-03-01 08:45:46,2025-03-03 22:54:39.569715,2025-03-05 21:29:53.830857,2025-03-12 10:09:05.501767,True
P100232,2025-03-01 09:07:08,2025-03-02 12:07:08,,,,False
P100284,2025-03-01 13:17:41,2025-03-01 23:17:41,2025-03-02 02:34:50.434197,2025-03-05 09:07:45.580294,2025-03-07 01:47:05.564707,True
P102364,2025-03-01 13:48:57,2025-03-01 22:48:57,2025-03-03 08:04:48.331506,2025-03-03 12:43:38.832933,,False
P102096,2025-03-01 14:16:55,2025-03-01 16:16:55,2025-03-02 18:47:25.082688,2025-03-05 03:24:29.989813,2025-03-13 10:53:55.628732,True
P102746,2025-03-01 18:55:59,2025-03-02 00:55:59,2025-03-03 03:05:40.872849,2025-03-06 12:11:45.107032,2025-03-07 01:16:57.919555,True
P102844,2025-03-01 21:40:12,2025-03-02 00:40:12,2025-03-02 04:49:30.407990,2025-03-02 06:49:40.360743,,False
P102496,2025-03-01 22:03:21,2025-03-02 00:03:21,2025-03-03 00:34:17.453542,2025-03-03 17:29:24.967310,2025-03-09 09:31:11.895022,True
P100697,2025-03-02 04:22:15,2025-03-02 22:22:15,2025-03-03 04:14:11.704595,2025-03-03 23:01:56.622555,2025-03-05 07:54:01.001839,True
P102863,2025-03-02 07:31:45,2025-03-02 10:31:45,2025-03-03 06:16:15.007692,2025-03-07 02:49:18.574865,2025-03-08 03:39:44.940202,True
P101259,2025-03-02 09:00:43,,,,,False
P101115,2025-03-02 10:32:32,,,,,False
P101191,2025-03-02 11:14:29,2025-03-02 12:14:29,,,,False
P102865,2025-03-02 13:25:53,2025-03-02 23:25:53,2025-03-07 04:18:37.195118,,,False
P100838,2025-03-02 13:47:29,2025-03-02 21:47:29,2025-03-05 21:19:22.262431,2025-03-10 01:05:24.767662,2025-03-12 01:45:50.749725,True
P102454,2025-03-02 15:28:59,2025-03-03 11:28:59,2025-03-05 13:46:01.875814,2025-03-06 02:34:34.407451,2025-03-08 00:35:40.563368,True
P101506,2025-03-02 16:53:44,2025-03-03 06:53:44,2025-03-09 08:38:22.990361,2025-03-11 19:10:06.091527,2025-03-12 04:52:24.417678,True
P102385,2025-03-02 21:11:16,2025-03-03 06:11:16,2025-03-03 08:10:45.789540,2025-03-03 21:27:47.100023,2025-03-05 23:58:12.684853,True
P101930,2025-03-02 23:17:40,2025-03-03 02:17:40,2025-03-04 15:14:02.239018,2025-03-04 17:11:11.436671,2025-03-08 18:57:52.724422,True
P102937,2025-03-03 00:11:46,2025-03-03 05:11:46,,,,False
P100786,2025-03-03 02:17:43,2025-03-04 01:17:43,,,,False
P100463,2025-03-03 07:54:13,2025-03-03 07:54:13,,,,False
P100484,2025-03-03 13:39:05,,,,,False
P101832,2025-03-03 14:09:31,2025-03-03 16:09:31,2025-03-04 12:45:53.332104,2025-03-04 22:14:26.751988,2025-03-10 20:27:46.829133,True
P102242,2025-03-03 16:00:08,2025-03-03 17:00:08,,,,False
P100903,2025-03-03 22:14:15,,,,,False
P100496,2025-03-03 22:39:30,2025-03-03 22:39:30,2025-03-04 02:10:58.071264,2025-03-12 12:43:16.140662,2025-03-14 20:02:32.941144,True
P101926,2025-03-04 00:08:10,,,,,False
P100357,2025-03-04 06:26:25,2025-03-04 22:26:25,2025-03-05 05:48:50.489037,2025-03-06 19:20:34.264504,2025-03-08 00:03:36.988540,True
P102584,2025-03-04 07:08:59,,,,,False
P100791,2025-03-04 13:50:50,2025-03-04 23:50:50,2025-03-10 07:12:19.733251,2025-03-12 16:16:05.144910,2025-03-12 19:03:00.371276,True
P100652,2025-03-04 15:26:11,,,,,False
P101408,2025-03-04 16:35:54,2025-03-05 05:35:54,2025-03-06 22:17:49.030978,2025-03-08 02:35:05.226362,2025-03-08 13:49:40.135546,True
P101965,2025-03-04 23:28:37,2025-03-05 13:28:37,2025-03-07 14:28:00.394515,2025-03-08 03:34:45.049818,2025-03-08 22:22:45.529931,True
P101570,2025-03-04 23:57:06,2025-03-05 01:57:06,2025-03-06 21:16:43.537433,2025-03-10 03:12:51.878890,,False
P100993,2025-03-05 04:31:00,2025-03-05 08:31:00,,,,False
P100565,2025-03-05 06:09:24,2025-03-05 14:09:24,2025-03-06 01:42:17.548900,2025-03-06 12:16:25.592391,,False
P101876,2025-03-05 12:00:40,,,,,False
P100169,2025-03-05 12:05:16,2025-03-05 21:05:16,2025-03-07 20:22:47.387550,2025-03-13 18:22:59.308701,2025-03-17 03:05:41.344291,True
P100910,2025-03-05 12:25:57,2025-03-06 06:25:57,,,,False
P102878,2025-03-05 12:59:22,2025-03-06 02:59:22,2025-03-07 10:38:25.978059,2025-03-07 13:48:55.509928,,False
P100289,2025-03-05 15:15:35,2025-03-05 21:15:35,2025-03-07 11:19:21.580994,,,False
P100816,2025-03-05 19:18:24,2025-03-06 12:18:24,2025-03-08 17:58:19.402092,2025-03-09 12:17:18.576272,2025-03-13 07:57:23.354327,True
P102930,2025-03-05 19:45:16,,,,,False
P102488,2025-03-05 23:14:18,2025-03-06 02:14:18,2025-03-06 06:14:52.144314,2025-03-10 16:59:30.520889,2025-03-12 20:10:06.797823,True
P101359,2025-03-06 00:36:16,2025-03-06 12:36:16,,,,False
P102266,2025-03-06 01:33:03,2025-03-06 02:33:03,2025-03-06 13:35:02.874114,2025-03-07 10:17:29.999917,,False
P102795,2025-03-06 02:37:45,2025-03-06 04:37:45,2025-03-07 08:26:47.840974,2025-03-10 01:59:25.754197,2025-03-14 18:23:37.776769,True
P101917,2025-03-06 02:51:44,2025-03-06 09:51:44,2025-03-06 12:08:38.438121,2025-03-06 15:24:34.621123,,False
P102235,2025-03-06 07:51:47,2025-03-06 11:51:47,2025-03-08 15:36:38.742923,2025-03-09 13:45:57.695502,2025-03-11 00:44:32.241647,True
P101379,2025-03-06 12:50:50,2025-03-07 10:50:50,2025-03-07 14:54:08.083948,,,False
P101114,2025-03-06 13:57:05,2025-03-07 14:57:05,2025-03-08 02:21:00.659475,2025-03-08 05:05:00.016573,2025-03-11 06:36:43.140210,True
P100520,2025-03-06 14:03:46,,,,,False
P100646,2025-03-06 15:43:03,2025-03-06 21:43:03,2025-03-06 23:37:23.600386,2025-03-10 05:21:58.215463,,False
P102348,2025-03-06 17:53:04,2025-03-07 03:53:04,,,,False
P101139,2025-03-06 20:55:08,2025-03-07 00:55:08,2025-03-10 21:55:08.199583,,,False
P100028,2025-03-06 23:28:46,2025-03-07 00:28:46,2025-03-08 11:05:21.754813,2025-03-09 02:14:36.662013,,False
P101031,2025-03-07 01:06:46,2025-03-07 11:06:46,,,,False
P100979,2025-03-07 01:49:49,2025-03-07 11:49:49,2025-03-09 20:24:15.537902,2025-03-10 17:54:23.974616,2025-03-12 14:45:38.528210,True
P102691,2025-03-07 02:30:45,,,,,False
P100711,2025-03-07 06:19:25,,,,,False
P100849,2025-03-07 08:52:03,2025-03-07 15:52:03,2025-03-08 05:10:35.800766,,,False
P101582,2025-03-07 16:43:17,2025-03-07 18:43:17,2025-03-08 05:03:13.427442,,,False
P100976,2025-03-07 18:22:43,2025-03-08 02:22:43,,,,False
P101952,2025-03-08 04:04:38,,,,,False
P100949,2025-03-08 08:52:34,2025-03-08 10:52:34,2025-03-10 19:50:41.414425,2025-03-15 14:22:26.209008,2025-03-19 09:40:05.855202,True
P101268,2025-03-08 08:53:26,2025-03-08 23:53:26,2025-03-12 03:00:26.699272,2025-03-12 16:42:48.575798,2025-03-13 15:06:37.951463,True
P100054,2025-03-08 08:54:48,2025-03-09 05:54:48,2025-03-10 02:03:37.498743,2025-03-11 09:57:36.695944,2025-03-11 23:54:35.483231,True
P102248,2025-03-08 12:00:58,2025-03-08 14:00:58,,,,False
P100003,2025-03-08 12:05:26,2025-03-09 09:05:26,2025-03-11 02:56:30.288122,2025-03-19 12:31:53.339743,2025-03-24 12:38:20.373423,True
P102227,2025-03-08 14:21:42,2025-03-08 16:21:42,2025-03-10 22:55:44.753231,2025-03-11 02:11:12.969171,,False
P101494,2025-03-09 00:14:24,2025-03-09 00:14:24,,,,False
P100950,2025-03-09 02:13:22,2025-03-09 02:13:22,,,,False
P102261,2025-03-09 02:52:25,2025-03-09 04:52:25,2025-03-10 08:18:55.010735,2025-03-11 17:45:36.200651,2025-03-15 08:45:51.335271,True
P101660,2025-03-09 06:14:50,2025-03-09 09:14:50,2025-03-10 06:24:13.445755,2025-03-10 18:08:51.857659,2025-03-13 09:02:40.345429,True
P100008,2025-03-09 12:51:29,,,,,False
P102430,2025-03-09 15:23:41,2025-03-09 17:23:41,,,,False
P101551,2025-03-09 15:58:34,2025-03-09 18:58:34,2025-03-09 23:14:09.850573,,,False
P102941,2025-03-09 16:08:17,2025-03-10 02:08:17,,,,False
P102387,2025-03-09 16:16:05,,,,,False
P101831,2025-03-09 16:26:53,2025-03-10 01:26:53,2025-03-10 10:44:08.725914,,,False
P100961,2025-03-09 22:05:34,2025-03-10 02:05:34,2025-03-10 03:56:33.356167,,,False
P102275,2025-03-09 22:50:14,2025-03-09 23:50:14,2025-03-11 23:10:03.673687,2025-03-11 23:11:10.631619,2025-03-12 05:27:58.543003,True
P102332,2025-03-10 01:12:48,2025-03-10 11:12:48,2025-03-12 04:41:13.463743,2025-03-12 11:08:22.191229,2025-03-14 05:14:06.740867,True
P100204,2025-03-10 02:01:36,,,,,False
P100541,2025-03-10 04:49:35,2025-03-10 06:49:35,2025-03-11 07:56:32.993209,2025-03-11 23:09:46.994202,2025-03-14 01:29:20.434338,True
P101933,2025-03-10 05:54:52,2025-03-10 08:54:52,2025-03-15 14:39:01.595357,2025-03-20 11:25:08.892870,2025-03-20 21:38:41.669441,True
P100662,2025-03-10 09:46:19,2025-03-10 13:46:19,2025-03-10 18:22:01.509063,2025-03-14 22:00:22.692948,2025-03-15 22:47:39.201478,True
P102405,2025-03-10 11:15:44,2025-03-10 20:15:44,2025-03-11 21:57:17.206953,2025-03-12 06:02:05.029294,2025-03-15 04:59:57.212828,True
P101688,2025-03-10 14:39:34,2025-03-10 18:39:34,2025-03-12 00:32:50.009450,,,False
P102577,2025-03-10 19:44:51,2025-03-11 02:44:51,,,,False
P102664,2025-03-11 00:37:24,2025-03-11 07:37:24,2025-03-12 02:44:23.602084,2025-03-14 02:30:04.392702,2025-03-16 14:45:45.472028,True
P101508,2025-03-11 05:37:25,2025-03-11 08:37:25,2025-03-13 15:35:37.263337,2025-03-17 11:31:14.712444,2025-03-21 03:12:25.616149,True
P100803,2025-03-11 05:47:42,2025-03-12 02:47:42,2025-03-13 01:43:31.179747,2025-03-14 02:39:04.076985,,False
P102322,2025-03-11 07:47:40,2025-03-12 07:47:40,2025-03-15 10:44:04.642573,2025-03-18 02:31:39.215337,2025-03-27 14:38:38.047409,True
P101578,2025-03-11 07:57:01,2025-03-11 13:57:01,2025-03-13 03:12:46.235400,2025-03-15 08:06:16.420225,2025-03-18 00:09:46.672530,True
P102264,2025-03-11 08:01:39,,,,,False
P100030,2025-03-11 12:50:20,2025-03-11 17:50:20,2025-03-14 04:35:39.290961,2025-03-16 08:24:13.657813,2025-03-22 06:23:45.456222,True
P100146,2025-03-11 14:01:29,2025-03-11 15:01:29,2025-03-13 09:07:45.550478,2025-03-13 13:08:04.185802,2025-03-19 11:29:58.819966,True
P101092,2025-03-11 16:20:29,2025-03-11 21:20:29,2025-03-13 23:09:32.080401,2025-03-14 15:46:55.473179,2025-03-14 17:50:22.314022,True
P102034,2025-03-11 23:49:21,2025-03-12 00:49:21,2025-03-13 19:36:25.699099,2025-03-19 10:35:15.335394,,False
P102352,2025-03-12 01:47:44,2025-03-12 10:47:44,2025-03-13 15:34:44.225852,2025-03-14 03:42:58.830729,2025-03-15 00:04:36.683623,True
P100793,2025-03-12 02:30:18,2025-03-12 02:30:18,2025-03-13 08:35:55.763199,,,False
P102290,2025-03-12 04:36:16,2025-03-13 04:36:16,2025-03-13 12:11:07.012191,2025-03-14 09:22:37.961319,2025-03-20 16:07:52.114655,True
P100695,2025-03-12 05:04:23,2025-03-12 06:04:23,,,,False
P101556,2025-03-12 11:55:32,2025-03-12 19:55:32,,,,False
P100327,2025-03-12 14:09:00,2025-03-13 09:09:00,2025-03-14 12:46:22.575568,2025-03-15 04:59:15.641914,2025-03-15 12:32:36.360089,True
P101992,2025-03-12 14:56:15,2025-03-12 16:56:15,2025-03-13 03:16:20.092783,2025-03-14 09:08:42.249442,,False
P100020,2025-03-12 20:08:45,2025-03-13 17:08:45,,,,False
P101531,2025-03-12 23:51:26,2025-03-13 02:51:26,2025-03-18 15:54:03.598306,2025-03-20 02:41:42.496134,,False
P100260,2025-03-13 00:28:20,,,,,False
P101787,2025-03-13 02:31:35,,,,,False
P101729,2025-03-13 07:15:40,2025-03-13 08:15:40,,,,False
P102543,2025-03-13 15:53:24,2025-03-14 05:53:24,2025-03-15 06:06:51.339591,,,False
P100510,2025-03-13 18:51:54,2025-03-13 19:51:54,2025-03-14 04:07:21.289019,2025-03-14 08:40:57.894733,2025-03-18 04:25:02.230794,True
P101086,2025-03-13 18:55:54,2025-03-13 20:55:54,2025-03-14 12:19:47.306981,2025-03-15 19:29:17.421246,2025-03-18 08:11:23.948499,True
P101822,2025-03-13 19:17:33,,,,,False
P102117,2025-03-13 20:03:47,2025-03-13 21:03:47,2025-03-18 05:11:50.244214,2025-03-20 20:41:58.447983,2025-03-23 05:09:07.861523,True
P101843,2025-03-13 21:44:51,2025-03-14 05:44:51,2025-03-15 01:42:21.163728,2025-03-19 18:50:58.239361,,False
P101896,2025-03-14 03:52:01,2025-03-14 07:52:01,2025-03-15 15:37:53.456979,2025-03-16 04:01:54.705935,2025-03-19 03:02:29.420285,True
P100624,2025-03-14 06:32:39,2025-03-14 18:32:39,2025-03-18 14:34:41.937426,2025-03-26 04:00:26.991610,2025-03-28 17:23:32.119254,True
P100432,2025-03-14 07:14:29,2025-03-14 10:14:29,2025-03-15 12:32:47.230110,2025-03-16 04:39:15.690601,2025-03-21 17:51:57.534167,True
P102307,2025-03-14 13:33:41,2025-03-15 16:33:41,2025-03-16 02:59:15.360997,2025-03-16 05:27:31.564152,,False
P101170,2025-03-14 14:03:19,2025-03-14 14:03:19,2025-03-15 07:19:22.919361,2025-03-16 16:10:49.646780,2025-03-17 19:30:14.944601,True
P101045,2025-03-14 15:11:50,2025-03-14 15:11:50,2025-03-15 08:08:54.327214,2025-03-15 13:45:37.151731,2025-03-17 16:07:28.851805,True
P101398,2025-03-14 19:33:29,2025-03-15 04:33:29,2025-03-17 01:42:43.116255,2025-03-19 08:36:06.722548,2025-03-21 23:49:54.730779,True
P100345,2025-03-14 20:05:09,2025-03-15 13:05:09,,,,False
P101249,2025-03-14 20:31:54,2025-03-15 08:31:54,,,,False
P101451,2025-03-14 22:14:37,2025-03-15 03:14:37,2025-03-18 10:27:30.662867,,,False
P101154,2025-03-14 22:43:00,2025-03-15 00:43:00,2025-03-15 15:27:41.968847,2025-03-17 04:14:36.474841,2025-03-19 18:14:43.829597,True
P100544,2025-03-14 23:06:18,2025-03-14 23:06:18,2025-03-15 04:20:24.456023,2025-03-25 09:50:21.696640,2025-03-27 15:07:51.791033,True
P101280,2025-03-14 23:15:47,2025-03-15 04:15:47,2025-03-16 16:53:53.610190,2025-03-18 10:28:21.594059,2025-03-19 11:36:15.387330,True
P100491,2025-03-15 01:02:28,2025-03-15 06:02:28,2025-03-15 22:09:19.953784,2025-03-21 04:05:17.003604,2025-03-28 09:07:38.387301,True
P101708,2025-03-15 02:00:11,2025-03-15 05:00:11,2025-03-16 08:29:25.778953,2025-03-21 07:43:29.208619,2025-03-25 12:50:44.525775,True
P100559,2025-03-15 03:04:54,2025-03-15 09:04:54,2025-03-16 21:16:56.467385,2025-03-17 13:41:20.500767,2025-03-19 12:48:41.273183,True
P101496,2025-03-15 03:47:46,2025-03-15 13:47:46,2025-03-16 08:39:12.362081,,,False
P101193,2025-03-15 05:40:35,2025-03-15 14:40:35,2025-03-19 11:46:46.709927,2025-03-20 15:32:22.930652,,False
P101922,2025-03-15 08:47:38,2025-03-15 10:47:38,2025-03-16 05:09:37.792858,,,False
P100756,2025-03-15 09:09:14,2025-03-15 16:09:14,2025-03-16 05:22:31.619230,2025-03-19 20:11:36.289587,2025-03-20 12:36:50.779022,True
P102464,2025-03-15 14:16:15,2025-03-15 15:16:15,2025-03-18 21:20:40.067863,2025-03-20 17:46:07.510098,2025-03-20 23:43:55.849445,True
P102161,2025-03-15 19:34:34,2025-03-15 20:34:34,2025-03-16 01:51:04.519737,2025-03-16 10:01:46.735918,2025-03-18 13:07:23.791652,True
P102797,2025-03-16 01:00:59,2025-03-16 13:00:59,2025-03-16 17:47:27.552469,2025-03-16 23:15:16.866548,2025-03-19 21:18:46.095698,True
P100298,2025-03-16 02:24:00,2025-03-16 11:24:00,2025-03-20 14:11:24.143333,2025-03-26 18:42:16.089860,,False
P101568,2025-03-16 03:42:11,2025-03-16 14:42:11,2025-03-16 23:08:31.492502,2025-03-18 01:24:17.263801,2025-03-20 07:47:24.187824,True
P102585,2025-03-16 05:53:29,2025-03-16 06:53:29,2025-03-16 12:40:33.422000,2025-03-18 14:48:57.129727,2025-03-18 21:14:45.405803,True
P100573,2025-03-16 07:06:53,2025-03-17 02:06:53,2025-03-18 05:41:36.952842,2025-03-22 23:07:06.660557,2025-03-27 08:55:19.820630,True
P102462,2025-03-16 07:32:40,2025-03-16 08:32:40,2025-03-16 10:16:10.229015,2025-03-20 12:09:38.453170,,False
P100749,2025-03-16 08:44:40,2025-03-17 00:44:40,2025-03-18 11:34:44.005942,2025-03-20 03:44:42.005362,2025-03-23 04:11:51.185910,True
P101818,2025-03-16 09:11:13,2025-03-16 12:11:13,2025-03-17 09:54:05.124540,2025-03-18 18:01:30.742947,2025-03-20 10:55:18.247221,True
P101731,2025-03-16 09:34:53,2025-03-16 09:34:53,,,,False
P102744,2025-03-16 11:25:39,2025-03-16 13:25:39,,,,False
P100912,2025-03-16 14:14:17,2025-03-16 15:14:17,2025-03-20 04:09:25.445170,2025-03-22 03:17:12.836270,,False
P100081,2025-03-16 14:21:47,2025-03-16 19:21:47,2025-03-17 06:43:16.649956,2025-03-17 07:50:44.431417,2025-03-18 22:15:58.950372,True
P101362,2025-03-16 14:35:50,2025-03-17 13:35:50,2025-03-19 02:08:02.240548,2025-03-22 13:36:29.869059,2025-03-23 22:36:48.597537,True
P101643,2025-03-16 17:59:17,2025-03-16 20:59:17,,,,False
P100612,2025-03-17 00:54:15,2025-03-17 07:54:15,,,,False
P100752,2025-03-17 03:05:51,2025-03-17 20:05:51,2025-03-18 02:26:07.479009,2025-03-18 23:50:57.499621,,False
P101245,2025-03-17 06:53:36,2025-03-17 13:53:36,2025-03-17 16:26:35.947781,2025-03-19 04:47:49.222342,2025-03-21 16:07:38.883763,True
P100483,2025-03-17 07:12:19,2025-03-17 10:12:19,2025-03-22 08:54:32.175480,,,False
P101043,2025-03-17 10:57:34,,,,,False
P101059,2025-03-17 13:05:11,,,,,False
P100349,2025-03-17 13:50:10,2025-03-17 18:50:10,2025-03-19 14:02:21.732341,2025-03-22 08:01:27.409435,,False
P102457,2025-03-17 16:37:18,2025-03-18 04:37:18,2025-03-18 19:42:50.492779,2025-03-18 20:34:48.532763,2025-03-26 11:47:27.634464,True
P102514,2025-03-17 21:23:24,2025-03-17 21:23:24,,,,False
P102762,2025-03-18 01:52:07,2025-03-18 10:52:07,,,,False
P100229,2025-03-18 05:53:45,2025-03-18 07:53:45,2025-03-19 08:06:33.682632,2025-03-19 19:44:23.945704,2025-03-20 02:05:48.975219,True
P100480,2025-03-18 06:40:31,2025-03-18 07:40:31,2025-03-19 01:51:22.129243,2025-03-19 05:46:44.967072,,False
P102265,2025-03-18 07:50:29,2025-03-18 09:50:29,2025-03-19 16:52:57.551319,2025-03-21 06:06:41.719574,2025-03-22 09:35:23.351474,True
P102600,2025-03-18 13:18:14,2025-03-19 16:18:14,2025-03-19 20:21:36.723907,2025-03-21 21:06:30.036570,2025-03-26 07:55:23.585085,True
P100382,2025-03-18 20:32:13,2025-03-19 13:32:13,2025-03-20 02:51:13.395829,,,False
P100584,2025-03-19 00:09:30,2025-03-19 01:09:30,2025-03-20 13:43:33.646864,2025-03-21 10:53:32.294324,2025-03-22 17:43:33.081100,True
P102822,2025-03-19 00:10:54,2025-03-19 00:10:54,,,,False
P100162,2025-03-19 00:14:29,2025-03-19 03:14:29,2025-03-19 08:28:20.716910,,,False
P101172,2025-03-19 01:15:52,,,,,False
P101549,2025-03-19 01:58:50,2025-03-19 17:58:50,2025-03-21 05:08:33.347371,2025-03-21 14:56:35.429496,2025-03-22 20:33:47.280491,True
P100193,2025-03-19 02:59:11,2025-03-20 05:59:11,2025-03-20 13:26:21.604279,2025-03-23 23:22:45.809103,2025-03-24 19:24:08.199817,True
P101182,2025-03-19 05:57:18,2025-03-19 16:57:18,2025-03-19 18:09:58.302584,2025-03-19 18:18:46.367351,2025-03-20 04:15:28.414315,True
P102166,2025-03-19 06:15:04,2025-03-19 13:15:04,2025-03-24 07:41:24.201734,2025-03-24 09:50:39.612303,2025-03-24 23:26:14.561907,True
P102630,2025-03-19 09:29:38,2025-03-19 10:29:38,2025-03-19 11:29:50.943930,,,False
P100839,2025-03-19 09:35:24,2025-03-19 09:35:24,2025-03-19 09:39:50.217820,,,False
P101363,2025-03-19 12:28:30,2025-03-19 19:28:30,2025-03-20 09:32:10.099632,2025-03-21 05:01:39.348801,2025-03-23 09:37:45.021198,True
P102278,2025-03-19 12:47:12,,,,,False
P101174,2025-03-19 16:16:19,,,,,False
P100161,2025-03-19 21:09:22,2025-03-20 00:09:22,2025-03-23 09:01:21.011006,2025-03-28 23:09:53.154032,,False
P100928,2025-03-19 21:13:04,,,,,False
P100414,2025-03-19 21:28:19,2025-03-20 01:28:19,2025-03-22 06:54:02.643761,2025-03-25 05:50:35.004197,2025-03-26 09:38:53.940632,True
P100114,2025-03-19 22:51:29,2025-03-21 01:51:29,2025-03-24 16:14:10.438855,2025-03-25 06:10:28.393058,2025-03-27 15:04:39.759021,True
P100346,2025-03-20 00:11:57,2025-03-20 12:11:57,2025-03-20 19:45:30.425815,2025-03-21 14:31:55.202269,2025-03-21 22:06:32.206869,True
P101298,2025-03-20 00:51:32,2025-03-20 00:51:32,2025-03-21 00:58:48.929701,2025-03-23 05:35:43.688896,2025-03-27 00:13:13.984108,True
P102749,2025-03-20 06:19:45,2025-03-20 22:19:45,2025-03-22 11:18:58.352233,2025-03-23 03:52:14.650664,2025-03-25 14:20:42.101131,True
P102350,2025-03-20 09:52:05,,,,,False
P101783,2025-03-20 10:02:13,2025-03-20 13:02:13,2025-03-22 13:29:50.240505,2025-03-24 16:03:54.521312,2025-03-25 23:57:48.602381,True
P102399,2025-03-20 11:04:46,,,,,False
P100087,2025-03-20 11:42:17,2025-03-20 18:42:17,,,,False
P100303,2025-03-20 12:12:17,2025-03-20 18:12:17,2025-03-20 21:31:08.569727,2025-03-21 18:02:28.894259,2025-03-22 16:24:22.240637,True
P101882,2025-03-20 15:45:59,2025-03-20 23:45:59,,,,False
P102126,2025-03-20 17:49:33,,,,,False
P102328,2025-03-20 18:48:15,2025-03-20 19:48:15,2025-03-20 22:53:13.022007,2025-03-23 08:04:40.432524,2025-03-25 18:25:36.655565,True
P102097,2025-03-20 19:09:28,2025-03-20 21:09:28,,,,False
P101958,2025-03-20 20:29:15,2025-03-21 10:29:15,,,,False
P100101,2025-03-20 21:54:14,2025-03-21 05:54:14,2025-03-22 21:23:33.350439,2025-03-29 05:13:09.091833,2025-04-01 01:43:05.037504,True
P101786,2025-03-20 23:37:38,2025-03-21 03:37:38,2025-03-21 18:56:07.495247,,,False
P101225,2025-03-21 08:20:09,2025-03-21 09:20:09,2025-03-23 18:33:06.615431,2025-03-24 19:42:27.375837,2025-03-26 20:44:44.349542,True
P101428,2025-03-21 17:13:28,2025-03-21 17:13:28,,,,False
P102811,2025-03-21 19:54:55,2025-03-21 21:54:55,2025-03-24 15:19:59.500199,2025-03-26 12:26:40.498256,2025-04-12 13:20:57.000333,True
P102575,2025-03-21 22:57:23,2025-03-21 22:57:23,2025-03-22 22:48:31.643614,2025-03-27 03:39:40.092464,2025-03-27 08:29:13.817093,True
P101706,2025-03-22 01:26:49,2025-03-22 06:26:49,2025-03-22 09:36:13.117153,2025-03-24 21:33:04.638027,2025-03-25 14:33:42.848387,True
P101928,2025-03-22 01:39:34,,,,,False
P101956,2025-03-22 01:52:52,2025-03-22 03:52:52,2025-03-22 23:46:08.170772,2025-03-25 04:36:47.898250,2025-03-26 06:01:02.729755,True
P101682,2025-03-22 03:13:38,2025-03-22 18:13:38,2025-03-27 14:20:09.926316,2025-03-27 18:58:10.903400,2025-04-01 22:22:25.942108,True
P101824,2025-03-22 04:01:46,2025-03-22 13:01:46,2025-03-23 19:02:14.485938,2025-03-25 02:54:01.893462,2025-03-26 08:04:47.117658,True
P100200,2025-03-22 08:11:33,,,,,False
P102177,2025-03-22 09:29:19,2025-03-22 17:29:19,2025-03-25 00:19:35.652925,,,False
P100355,2025-03-22 09:41:12,2025-03-22 10:41:12,2025-03-23 16:55:09.882321,2025-03-26 05:24:47.243183,2025-03-28 02:55:26.084722,True
P100779,2025-03-22 14:06:58,,,,,False
P101577,2025-03-22 15:28:54,2025-03-22 16:28:54,2025-03-23 02:36:52.744330,2025-03-23 02:41:34.681741,,False
P100591,2025-03-22 17:56:15,2025-03-22 20:56:15,2025-03-22 23:07:17.882984,,,False
P100361,2025-03-22 21:32:15,2025-03-23 03:32:15,,,,False
P101315,2025-03-22 23:17:09,2025-03-22 23:17:09,2025-03-25 19:16:04.282080,,,False
P102398,2025-03-23 01:55:37,2025-03-23 02:55:37,2025-03-23 22:02:38.312115,,,False
P102716,2025-03-23 02:31:51,,,,,False
P100872,2025-03-23 04:19:09,2025-03-23 08:19:09,2025-03-23 21:32:09.948457,2025-03-23 23:00:51.596630,2025-03-30 13:59:22.092375,True
P102643,2025-03-23 05:22:04,2025-03-23 20:22:04,2025-03-24 17:54:15.665567,2025-03-24 19:28:43.754757,2025-03-29 07:54:18.698375,True
P102670,2025-03-23 08:04:23,2025-03-23 09:04:23,,,,False
P100658,2025-03-23 08:54:53,2025-03-23 11:54:53,2025-03-25 15:16:26.170477,,,False
P100238,2025-03-23 13:28:36,2025-03-23 18:28:36,2025-03-24 18:51:08.185967,2025-03-27 00:04:52.341887,2025-03-30 22:43:01.467554,True
P101849,2025-03-23 18:46:07,2025-03-23 20:46:07,2025-03-25 01:17:17.261168,2025-03-28 05:27:44.693473,2025-04-01 10:20:32.401950,True
P100174,2025-03-23 23:52:27,2025-03-24 06:52:27,2025-03-24 08:14:05.016052,2025-03-25 12:44:41.364472,2025-03-26 00:47:01.737893,True
P101091,2025-03-24 01:17:01,2025-03-24 03:17:01,,,,False
P101709,2025-03-24 02:45:27,2025-03-24 13:45:27,2025-03-24 21:54:37.361530,2025-03-25 10:17:34.383820,,False
P102579,2025-03-24 07:53:32,2025-03-24 12:53:32,2025-03-25 06:17:56.979685,2025-03-30 09:44:39.180538,2025-04-01 02:48:02.970325,True
P100218,2025-03-24 08:39:34,2025-03-24 08:39:34,2025-03-25 03:49:13.113932,2025-03-25 21:03:51.732327,,False
P100461,2025-03-24 08:44:15,2025-03-24 15:44:15,,,,False
P101516,2025-03-24 09:01:07,2025-03-24 15:01:07,2025-03-25 00:18:29.104452,2025-03-26 12:04:55.279104,2025-03-28 02:20:06.666786,True
P100277,2025-03-24 20:10:17,2025-03-24 23:10:17,2025-03-27 19:29:39.019203,,,False
P102370,2025-03-25 01:06:51,2025-03-25 01:06:51,,,,False
P102667,2025-03-25 02:22:01,2025-03-25 03:22:01,2025-03-26 13:27:44.711638,2025-03-28 00:12:25.033798,,False
P100886,2025-03-25 03:40:33,2025-03-25 07:40:33,2025-03-26 17:56:20.593655,2025-03-27 01:36:58.098546,2025-03-30 21:50:35.571001,True
P100212,2025-03-25 03:47:32,,,,,False
P102058,2025-03-25 04:46:14,2025-03-25 10:46:14,,,,False
P102160,2025-03-25 05:33:28,2025-03-25 14:33:28,2025-03-28 04:49:10.339723,2025-03-28 11:52:15.653694,2025-04-02 13:44:04.749852,True
P101611,2025-03-25 10:39:27,2025-03-26 01:39:27,2025-03-28 13:56:35.804247,2025-03-29 07:57:10.957673,,False
P102184,2025-03-25 10:45:37,2025-03-25 18:45:37,2025-03-26 14:11:37.167057,2025-03-30 04:10:48.224640,2025-04-02 14:27:03.533949,True
P101234,2025-03-25 11:09:09,2025-03-25 20:09:09,2025-03-27 08:31:08.140866,2025-03-27 11:21:03.485574,2025-03-28 05:52:56.522958,True
P101335,2025-03-25 16:46:20,2025-03-25 23:46:20,2025-03-26 03:40:42.775756,2025-03-26 10:15:28.100974,2025-03-27 14:33:47.727433,True
P100942,2025-03-25 18:33:29,2025-03-27 03:33:29,2025-03-27 06:59:01.753775,2025-03-28 00:18:12.354236,,False
P102273,2025-03-25 19:56:32,2025-03-25 21:56:32,2025-03-26 21:28:40.037534,,,False
P101461,2025-03-25 20:32:02,2025-03-25 22:32:02,2025-03-29 09:30:01.712747,2025-04-01 06:34:55.631010,2025-04-01 19:33:31.202955,True
P102029,2025-03-26 00:55:32,2025-03-26 01:55:32,2025-03-27 15:43:08.837184,2025-04-01 17:40:27.640899,2025-04-04 02:19:21.928813,True
P102893,2025-03-26 01:33:49,2025-03-26 06:33:49,2025-03-27 22:23:24.308716,,,False
P102850,2025-03-26 08:55:52,2025-03-26 08:55:52,2025-03-26 15:06:29.720506,2025-03-26 20:28:39.949226,2025-03-28 14:41:48.454921,True
P102114,2025-03-26 09:23:18,2025-03-26 11:23:18,,,,False
P101218,2025-03-26 09:39:45,2025-03-26 14:39:45,2025-03-27 09:05:58.957663,,,False
P101835,2025-03-26 14:01:34,2025-03-27 15:01:34,2025-03-29 22:01:31.455706,2025-04-02 00:03:09.776160,2025-04-12 05:59:21.451147,True
P101124,2025-03-26 19:17:23,2025-03-27 21:17:23,2025-03-28 02:37:42.157073,2025-03-30 10:19:41.554036,2025-04-05 16:14:08.304583,True
P101861,2025-03-26 19:23:26,2025-03-27 05:23:26,2025-03-28 09:16:56.406417,,,False
P101384,2025-03-27 00:42:17,,,,,False
P101459,2025-03-27 02:08:17,2025-03-27 18:08:17,2025-03-31 02:24:50.923042,2025-04-04 00:29:56.424045,2025-04-04 01:46:35.703678,True
P102540,2025-03-27 06:33:20,2025-03-27 22:33:20,2025-03-30 19:25:01.908991,,,False
P101995,2025-03-27 07:37:44,2025-03-28 02:37:44,,,,False
P100877,2025-03-27 08:00:10,2025-03-27 16:00:10,2025-03-31 21:57:07.598491,2025-04-01 04:50:34.580462,2025-04-06 17:55:07.360943,True
P101147,2025-03-27 09:22:49,2025-03-27 10:22:49,2025-03-29 21:17:13.218096,,,False
P100220,2025-03-27 09:50:36,2025-03-27 09:50:36,2025-03-30 06:24:52.620520,2025-03-31 06:56:28.563146,2025-04-02 02:11:17.472849,True
P101005,2025-03-27 11:55:46,2025-03-28 06:55:46,,,,False
P101463,2025-03-27 16:03:43,2025-03-27 16:03:43,2025-03-31 19:35:20.427191,2025-04-04 20:51:47.492521,,False
P102087,2025-03-27 19:01:09,2025-03-27 21:01:09,,,,False
P100352,2025-03-27 19:15:00,2025-03-28 00:15:00,2025-03-28 05:10:04.369648,2025-03-30 04:29:25.770535,2025-03-31 03:38:30.220186,True
P102659,2025-03-27 19:39:00,2025-03-27 19:39:00,2025-03-29 13:54:51.614429,2025-04-01 16:25:07.083986,2025-04-08 22:23:02.895234,True
P101784,2025-03-27 22:55:08,2025-03-28 16:55:08,2025-03-29 22:44:17.210196,2025-03-30 13:47:18.822823,2025-04-01 04:50:30.380598,True
P101328,2025-03-27 23:16:33,2025-03-28 01:16:33,2025-03-28 15:33:18.047907,2025-03-29 06:28:24.294999,2025-04-12 02:30:33.013186,True
P100322,2025-03-28 00:03:12,2025-03-28 00:03:12,2025-03-29 17:34:37.379199,2025-03-31 22:40:12.510550,2025-04-01 07:01:16.936753,True
P101810,2025-03-28 12:20:39,2025-03-30 04:20:39,2025-03-30 06:38:53.659316,2025-04-01 20:48:51.202288,,False
P100185,2025-03-28 13:50:31,2025-03-28 15:50:31,2025-03-28 17:34:58.325034,,,False
P102831,2025-03-28 14:10:28,2025-03-29 06:10:28,2025-03-29 21:55:19.792602,2025-04-02 16:57:53.792101,2025-04-08 18:55:42.038774,True
P100045,2025-03-28 17:27:55,2025-03-28 21:27:55,2025-03-29 05:13:21.371435,2025-04-01 16:04:59.195543,2025-04-02 23:32:19.319059,True
P101806,2025-03-28 18:46:38,2025-03-29 02:46:38,2025-03-31 00:25:07.726761,2025-04-02 08:59:42.978196,2025-04-07 19:48:38.170487,True
P102931,2025-03-28 20:09:50,2025-03-28 22:09:50,2025-04-02 08:36:48.336446,,,False
P102915,2025-03-28 20:36:00,,,,,False
P101617,2025-03-28 23:44:49,2025-03-29 01:44:49,2025-03-30 16:02:09.750055,2025-04-05 03:28:33.161568,2025-04-06 02:52:18.376137,True
P100970,2025-03-29 01:19:25,,,,,False
P100732,2025-03-29 02:38:06,2025-03-29 02:38:06,2025-03-30 04:28:59.784865,2025-03-30 22:32:59.112968,2025-03-31 22:04:31.042817,True
P100207,2025-03-29 03:41:01,,,,,False
P101632,2025-03-29 05:02:37,2025-03-29 22:02:37,2025-03-31 12:15:48.711573,2025-04-06 18:41:39.450319,2025-04-08 10:03:25.259026,True
P102189,2025-03-29 12:00:54,,,,,False
P100841,2025-03-29 12:19:29,2025-03-29 19:19:29,,,,False
P101404,2025-03-29 14:18:22,2025-03-29 22:18:22,2025-04-03 22:21:26.382860,2025-04-07 07:15:59.491150,,False
P102019,2025-03-29 18:32:07,2025-03-29 18:32:07,2025-03-30 06:18:39.966306,2025-04-02 08:56:13.693299,2025-04-03 16:54:26.099713,True
P100951,2025-03-29 19:23:03,2025-03-29 19:23:03,2025-03-30 03:44:16.813891,2025-03-31 19:53:23.440535,2025-04-15 10:02:14.251078,True
P102125,2025-03-30 00:24:22,2025-03-30 22:24:22,,,,False
P100683,2025-03-30 04:16:48,2025-03-30 06:16:48,2025-03-30 08:37:43.225467,2025-03-30 15:33:48.566884,2025-04-07 03:29:31.267052,True
P102252,2025-03-30 06:31:28,2025-03-30 09:31:28,2025-04-02 11:56:08.722545,2025-04-03 01:26:06.478826,2025-04-05 17:01:10.429801,True
P102812,2025-03-30 06:55:04,,,,,False
P102345,2025-03-30 07:14:41,2025-03-30 09:14:41,2025-03-31 21:21:38.246305,2025-03-31 21:46:44.246280,,False
P101433,2025-03-30 07:33:56,,,,,False
P101615,2025-03-30 08:22:13,,,,,False
P102055,2025-03-30 09:09:26,2025-03-31 00:09:26,2025-03-31 17:12:47.565068,2025-04-03 07:06:54.878741,2025-04-05 17:06:55.762351,True
P101495,2025-03-30 11:10:22,2025-03-30 13:10:22,,,,False
P101566,2025-03-30 12:29:10,2025-03-30 13:29:10,2025-04-02 06:38:25.655488,2025-04-04 17:09:00.080128,2025-04-07 06:55:11.775346,True
P102234,2025-03-30 13:38:32,2025-03-31 03:38:32,2025-04-02 15:24:39.623822,2025-04-03 08:05:53.378402,,False
P100894,2025-03-30 16:09:20,2025-03-30 19:09:20,2025-03-30 22:11:55.315492,2025-03-31 04:59:21.125476,,False
P101475,2025-03-30 16:10:55,2025-03-30 20:10:55,2025-03-31 18:32:18.462377,2025-04-01 01:19:58.461133,2025-04-02 09:30:52.627009,True
P102635,2025-03-30 16:19:14,2025-03-31 04:19:14,2025-03-31 22:32:59.724644,2025-04-01 09:27:25.342792,2025-04-03 13:44:57.045511,True
P100596,2025-03-30 17:10:45,2025-03-31 01:10:45,2025-04-02 03:22:34.289109,2025-04-02 09:15:06.976291,2025-04-03 18:01:24.545593,True
P100543,2025-03-31 10:10:07,2025-03-31 14:10:07,2025-04-01 15:13:16.009753,2025-04-02 03:10:51.373074,2025-04-02 04:46:57.400518,True
P100418,2025-03-31 11:23:23,2025-03-31 13:23:23,2025-04-01 04:52:52.885270,2025-04-02 22:24:40.141211,2025-04-09 05:01:53.585881,True
P100547,2025-03-31 12:51:27,2025-03-31 23:51:27,2025-04-02 19:58:14.418273,2025-04-03 10:11:11.899476,2025-04-03 21:46:50.868175,True
P100881,2025-03-31 19:17:40,2025-03-31 20:17:40,2025-04-01 19:23:38.241108,2025-04-02 15:33:12.500432,2025-04-05 06:23:13.219135,True
P101442,2025-03-31 19:18:37,2025-04-01 16:18:37,2025-04-02 02:59:10.313262,2025-04-02 05:35:11.808705,2025-04-08 16:08:56.901287,True
P100156,2025-03-31 19:25:06,2025-03-31 20:25:06,,,,False
P102192,2025-03-31 20:57:32,2025-04-01 09:57:32,2025-04-01 14:16:39.365754,2025-04-01 21:24:52.443328,,False
P102374,2025-04-01 02:33:16,2025-04-01 06:33:16,2025-04-01 07:12:41.626276,2025-04-02 03:47:26.595210,2025-04-03 13:56:47.026969,True
P101439,2025-04-01 03:04:45,2025-04-01 04:04:45,,,,False
P102751,2025-04-01 08:43:26,2025-04-01 12:43:26,2025-04-01 19:09:25.523454,2025-04-04 18:08:50.436119,,False
P101934,2025-04-02 00:52:39,,,,,False
P102168,2025-04-02 04:39:26,,,,,False
P102530,2025-04-02 05:01:40,2025-04-02 07:01:40,2025-04-03 04:27:32.820493,2025-04-05 13:35:39.336613,2025-04-07 13:48:48.549517,True
P102346,2025-04-02 06:45:54,2025-04-02 22:45:54,,,,False
P102696,2025-04-02 07:35:02,2025-04-02 07:35:02,2025-04-02 12:41:17.143932,2025-04-02 16:35:35.466863,2025-04-09 09:08:49.988748,True
P101457,2025-04-02 08:00:35,2025-04-03 12:00:35,2025-04-04 12:24:08.464426,2025-04-05 06:24:05.832052,2025-04-08 10:01:16.576729,True
P100170,2025-04-02 08:04:21,2025-04-02 08:04:21,2025-04-03 14:04:45.245299,,,False
P100647,2025-04-02 09:26:38,2025-04-02 17:26:38,2025-04-03 06:29:18.575521,2025-04-04 14:11:08.952262,2025-04-09 20:31:30.399806,True
P101142,2025-04-02 15:31:18,2025-04-03 06:31:18,2025-04-03 15:29:11.711731,2025-04-04 17:58:54.350824,,False
P102663,2025-04-02 16:44:01,,,,,False
P102404,2025-04-02 22:08:57,2025-04-02 23:08:57,,,,False
P101077,2025-04-03 03:41:09,2025-04-03 12:41:09,2025-04-03 16:42:32.412641,2025-04-03 23:34:35.162994,,False
P101217,2025-04-03 09:55:39,2025-04-03 09:55:39,2025-04-05 10:42:40.418912,,,False
P101153,2025-04-03 10:34:44,2025-04-03 13:34:44,2025-04-04 04:45:26.330504,2025-04-05 08:30:10.778207,2025-04-05 12:51:43.091606,True
P101337,2025-04-03 10:59:20,,,,,False
P102769,2025-04-03 14:33:29,,,,,False
P101537,2025-04-03 15:06:23,2025-04-03 18:06:23,,,,False
P100709,2025-04-03 18:36:23,2025-04-03 18:36:23,2025-04-04 14:45:35.824066,2025-04-05 22:30:10.795057,2025-04-07 12:53:39.668219,True
P101793,2025-04-03 22:54:36,2025-04-03 22:54:36,2025-04-04 03:07:58.250455,2025-04-04 13:55:06.653111,2025-04-13 09:41:05.843607,True
P101206,2025-04-04 00:30:14,2025-04-04 00:30:14,2025-04-06 03:07:58.775216,2025-04-08 13:12:24.276052,2025-04-09 09:03:36.367107,True
P102587,2025-04-04 05:34:05,,,,,False
P100504,2025-04-04 12:22:15,2025-04-04 12:22:15,,,,False
P100373,2025-04-04 13:18:57,2025-04-04 22:18:57,,,,False
P101134,2025-04-04 19:16:30,2025-04-05 06:16:30,2025-04-05 12:22:40.557847,2025-04-07 04:17:00.617040,2025-04-07 08:15:50.277155,True
P101254,2025-04-04 19:28:42,2025-04-05 01:28:42,,,,False
P101449,2025-04-04 22:01:07,2025-04-05 08:01:07,2025-04-06 16:58:00.297336,2025-04-07 15:28:41.442574,2025-04-12 18:57:22.618525,True
P100038,2025-04-04 22:25:02,2025-04-05 06:25:02,2025-04-05 09:38:46.957153,2025-04-06 22:39:43.807645,2025-04-07 21:42:44.345927,True
P101880,2025-04-05 01:54:29,2025-04-05 05:54:29,2025-04-05 23:00:18.271020,2025-04-06 22:14:44.842146,2025-04-08 09:00:03.960149,True
P102170,2025-04-05 04:56:36,2025-04-05 07:56:36,2025-04-08 20:08:30.182315,2025-04-12 02:51:41.131226,2025-04-12 18:43:08.254928,True
P102518,2025-04-05 07:27:50,2025-04-06 05:27:50,2025-04-07 03:08:30.429186,2025-04-08 11:57:28.165578,2025-04-11 12:11:53.217038,True
P102333,2025-04-05 07:31:34,,,,,False
P101186,2025-04-05 11:38:58,2025-04-05 19:38:58,2025-04-07 08:48:33.479025,2025-04-07 20:54:29.968519,2025-04-08 02:01:12.535046,True
P100986,2025-04-05 15:03:15,2025-04-05 16:03:15,2025-04-06 00:13:16.826204,2025-04-06 05:55:46.729241,,False
P102389,2025-04-05 15:53:53,2025-04-05 19:53:53,2025-04-06 22:36:26.412744,2025-04-07 21:37:40.822155,2025-04-11 02:58:32.803531,True
P102627,2025-04-05 16:03:06,,,,,False
P102410,2025-04-05 16:31:10,2025-04-06 03:31:10,2025-04-09 01:00:21.765711,2025-04-10 00:58:42.094846,2025-04-12 11:20:07.057856,True
P101776,2025-04-05 19:44:02,2025-04-06 03:44:02,2025-04-07 22:11:18.526325,,,False
P100609,2025-04-06 01:17:07,2025-04-06 06:17:07,2025-04-06 23:45:05.523440,,,False
P101724,2025-04-06 02:19:06,2025-04-06 11:19:06,2025-04-08 15:53:02.341532,2025-04-10 08:09:40.328226,2025-04-17 06:54:07.187861,True
P101590,2025-04-06 03:30:15,2025-04-06 03:30:15,,,,False
P100176,2025-04-06 05:21:36,2025-04-06 16:21:36,,,,False
P101456,2025-04-06 07:39:24,,,,,False
P100211,2025-04-06 08:49:41,2025-04-06 16:49:41,,,,False
P101293,2025-04-06 12:34:43,2025-04-06 12:34:43,2025-04-06 19:05:21.552111,2025-04-08 02:47:01.512692,2025-04-21 15:52:39.628261,True
P101625,2025-04-06 13:24:51,2025-04-06 13:24:51,2025-04-06 18:16:33.143562,2025-04-07 01:19:00.148956,,False
P101006,2025-04-06 15:42:41,2025-04-06 15:42:41,2025-04-07 04:56:55.559036,,,False
P101679,2025-04-07 00:08:27,2025-04-07 19:08:27,2025-04-08 12:20:57.042109,2025-04-09 17:59:42.252563,2025-04-11 14:31:04.621977,True
P102891,2025-04-07 01:01:21,2025-04-07 08:01:21,2025-04-09 17:51:00.881950,2025-04-11 14:23:14.872251,2025-04-17 12:43:38.213294,True
P102178,2025-04-07 03:11:56,2025-04-07 06:11:56,2025-04-07 23:56:43.422139,2025-04-12 11:29:44.842417,2025-04-14 02:02:41.877673,True
P101270,2025-04-07 03:23:25,,,,,False
P101920,2025-04-07 04:43:30,2025-04-07 11:43:30,2025-04-09 00:06:10.300021,,,False
P101446,2025-04-07 05:46:51,2025-04-07 12:46:51,2025-04-09 04:49:34.094680,2025-04-10 06:43:06.997893,2025-04-11 20:40:54.701365,True
P100991,2025-04-07 07:04:24,2025-04-07 12:04:24,2025-04-10 00:40:06.338666,2025-04-12 19:08:05.804256,2025-04-13 07:15:33.001221,True
P100780,2025-04-07 08:18:52,2025-04-07 08:18:52,2025-04-08 02:38:10.305411,2025-04-08 15:23:09.732020,2025-04-17 14:37:04.096539,True
P101487,2025-04-07 11:58:36,2025-04-07 13:58:36,2025-04-07 17:13:00.320689,2025-04-11 06:36:14.997939,,False
P102955,2025-04-07 11:59:18,2025-04-07 11:59:18,2025-04-08 16:58:49.547904,2025-04-09 13:03:02.137141,2025-04-11 04:09:21.359736,True
P101214,2025-04-07 13:00:06,,,,,False
P102520,2025-04-07 14:27:37,2025-04-07 16:27:37,2025-04-07 17:04:49.073251,2025-04-12 03:38:26.277692,2025-04-19 18:44:56.967535,True
P101717,2025-04-07 18:10:49,2025-04-07 22:10:49,2025-04-10 04:27:28.165276,2025-04-13 11:06:30.911960,2025-04-16 09:30:06.669616,True
P102372,2025-04-07 18:48:11,2025-04-07 21:48:11,2025-04-08 16:23:52.792277,2025-04-14 18:39:59.578343,2025-04-24 14:59:18.439949,True
P100481,2025-04-07 20:59:02,2025-04-07 21:59:02,,,,False
P101586,2025-04-07 23:06:03,2025-04-09 00:06:03,2025-04-10 15:14:27.357302,2025-04-10 23:06:11.398225,2025-04-11 12:57:07.440791,True
P102951,2025-04-08 00:55:17,2025-04-08 21:55:17,2025-04-09 16:22:22.167165,2025-04-14 12:10:24.982900,2025-04-15 22:35:52.275997,True
P100266,2025-04-08 01:32:00,2025-04-08 01:32:00,2025-04-08 03:25:22.076003,2025-04-09 12:02:28.114316,,False
P101035,2025-04-08 01:41:18,,,,,False
P101108,2025-04-08 02:51:23,2025-04-08 07:51:23,2025-04-08 15:38:08.904278,2025-04-11 06:51:13.923607,2025-04-15 00:26:51.378617,True
P100257,2025-04-08 07:38:38,2025-04-08 18:38:38,2025-04-14 11:04:02.493175,2025-04-18 14:48:17.742750,2025-04-19 03:47:57.824935,True
P102103,2025-04-08 08:39:46,2025-04-08 09:39:46,2025-04-10 10:05:20.466778,2025-04-12 13:07:57.386343,,False
P100500,2025-04-08 09:17:37,2025-04-08 10:17:37,2025-04-09 07:55:02.426871,,,False
P101020,2025-04-08 09:27:08,2025-04-09 02:27:08,2025-04-09 04:48:32.156731,2025-04-09 10:57:47.753882,2025-04-11 14:03:59.224612,True
P101152,2025-04-08 16:06:41,2025-04-09 10:06:41,2025-04-09 14:32:38.536339,2025-04-16 12:12:18.178861,,False
P100798,2025-04-08 17:36:40,,,,,False
P100315,2025-04-08 19:54:56,2025-04-09 11:54:56,,,,False
P100381,2025-04-08 22:08:18,2025-04-09 06:08:18,,,,False
P102965,2025-04-09 02:23:25,2025-04-09 03:23:25,,,,False
P102313,2025-04-09 09:02:54,2025-04-09 12:02:54,,,,False
P100278,2025-04-09 11:30:58,2025-04-09 12:30:58,2025-04-09 21:10:04.929076,2025-04-10 17:03:25.259348,,False
P100435,2025-04-09 16:24:09,2025-04-10 03:24:09,2025-04-10 07:17:05.581631,2025-04-13 02:34:06.320112,2025-04-15 04:10:48.145291,True
P102267,2025-04-10 01:21:37,2025-04-11 10:21:37,2025-04-13 15:32:36.262476,2025-04-17 08:16:53.556287,2025-04-19 00:17:24.893304,True
P102631,2025-04-10 03:31:05,2025-04-10 09:31:05,2025-04-11 08:17:59.080360,2025-04-13 05:29:54.238901,2025-04-14 15:16:45.797354,True
P102220,2025-04-10 04:03:46,2025-04-10 12:03:46,2025-04-13 04:22:12.682940,2025-04-14 03:46:55.422145,,False
P101437,2025-04-10 04:37:43,,,,,False
P102982,2025-04-10 05:23:43,2025-04-10 07:23:43,,,,False
P102388,2025-04-10 08:35:30,2025-04-10 11:35:30,2025-04-10 16:07:00.878096,2025-04-15 06:52:04.713864,,False
P100560,2025-04-10 09:16:58,2025-04-10 13:16:58,,,,False
P100267,2025-04-10 10:07:35,2025-04-10 17:07:35,2025-04-10 22:16:50.816572,2025-04-11 04:32:52.055856,2025-04-11 06:10:54.897831,True
P102639,2025-04-10 12:50:33,2025-04-11 03:50:33,2025-04-13 15:25:16.494250,2025-04-13 15:38:18.287589,,False
P100337,2025-04-10 14:23:51,2025-04-10 16:23:51,2025-04-12 06:46:25.742020,2025-04-13 15:19:29.137224,,False
P100137,2025-04-10 15:05:18,2025-04-10 20:05:18,2025-04-11 02:37:17.624294,2025-04-12 06:08:40.176898,2025-04-16 11:58:02.469119,True
P102978,2025-04-10 16:04:49,2025-04-11 03:04:49,,,,False
P101281,2025-04-10 16:46:12,2025-04-10 16:46:12,,,,False
P101014,2025-04-10 19:30:04,2025-04-11 00:30:04,,,,False
P102561,2025-04-11 01:16:22,2025-04-11 02:16:22,2025-04-14 21:46:19.987880,2025-04-15 09:00:01.887054,2025-04-20 15:21:33.076683,True
P101399,2025-04-11 02:23:55,2025-04-11 08:23:55,2025-04-15 00:58:28.265616,2025-04-16 01:04:53.604395,2025-04-19 19:50:32.867459,True
P102047,2025-04-11 03:16:12,2025-04-11 14:16:12,2025-04-12 19:14:56.739591,2025-04-12 19:41:00.898460,,False
P100074,2025-04-11 09:35:10,,,,,False
P101943,2025-04-11 09:42:04,2025-04-12 00:42:04,2025-04-13 14:49:38.170503,,,False
P101189,2025-04-11 13:51:17,2025-04-11 16:51:17,2025-04-12 03:37:12.270352,2025-04-14 02:25:03.427003,,False
P100438,2025-04-11 14:22:07,2025-04-11 15:22:07,2025-04-12 07:44:07.894572,2025-04-13 02:34:55.427431,2025-04-17 10:53:40.836139,True
P101299,2025-04-11 14:48:31,2025-04-11 19:48:31,2025-04-12 01:04:07.420194,2025-04-13 22:51:42.899011,2025-04-15 07:09:58.503230,True
P100009,2025-04-11 14:55:47,2025-04-12 06:55:47,2025-04-16 04:07:03.493492,2025-04-17 17:26:11.302318,2025-04-18 00:10:44.809425,True
P101649,2025-04-11 15:46:49,2025-04-11 15:46:49,2025-04-13 14:06:19.452884,2025-04-14 01:19:57.435311,2025-04-19 22:18:03.612907,True
P102758,2025-04-11 17:33:41,2025-04-11 20:33:41,2025-04-11 22:16:12.479821,,,False
P101150,2025-04-11 20:53:29,2025-04-12 04:53:29,,,,False
P100800,2025-04-11 21:15:37,,,,,False
P102608,2025-04-11 22:32:43,,,,,False
P100214,2025-04-12 07:05:00,2025-04-12 10:05:00,,,,False
P102934,2025-04-12 12:46:55,2025-04-13 01:46:55,2025-04-14 14:58:43.725066,2025-04-17 08:48:36.985649,2025-04-19 19:01:04.288740,True
P101540,2025-04-12 13:07:14,2025-04-13 16:07:14,2025-04-13 22:38:38.890431,2025-04-14 13:57:31.156972,2025-04-14 20:35:47.652850,True
P102142,2025-04-12 14:42:29,,,,,False
P102790,2025-04-12 16:26:04,2025-04-12 22:26:04,2025-04-13 10:57:41.975067,,,False
P101304,2025-04-12 19:34:29,,,,,False
P102152,2025-04-12 19:58:36,2025-04-13 04:58:36,2025-04-14 15:44:22.465901,2025-04-15 16:52:35.485810,2025-04-22 15:03:09.682704,True
P102921,2025-04-13 00:40:29,2025-04-13 00:40:29,2025-04-14 13:19:06.754538,2025-04-16 02:19:56.286557,2025-04-16 08:51:34.202635,True
P101306,2025-04-13 01:06:09,2025-04-13 01:06:09,2025-04-19 04:32:35.154977,2025-04-22 00:34:45.144844,2025-04-23 10:11:37.786283,True
P100091,2025-04-13 04:17:18,2025-04-13 16:17:18,2025-04-15 08:06:10.076045,,,False
P102321,2025-04-13 05:09:17,,,,,False
P102943,2025-04-13 06:59:23,2025-04-13 08:59:23,2025-04-17 00:44:22.806117,2025-04-18 06:36:09.699741,2025-04-18 09:11:47.462204,True
P100630,2025-04-13 07:05:17,2025-04-14 08:05:17,2025-04-16 23:30:58.566497,,,False
P100321,2025-04-13 08:20:09,2025-04-14 17:20:09,2025-04-15 21:58:55.027670,2025-04-17 00:46:44.215243,2025-04-22 23:15:34.877166,True
P102589,2025-04-13 09:55:09,2025-04-13 10:55:09,,,,False
P102634,2025-04-13 10:01:50,2025-04-13 16:01:50,2025-04-17 22:30:52.834287,2025-04-19 21:31:32.678939,,False
P102952,2025-04-13 12:29:40,2025-04-13 18:29:40,2025-04-15 05:03:22.745977,2025-04-18 14:53:27.018169,2025-04-19 00:40:12.776489,True
P102672,2025-04-13 18:02:32,2025-04-13 22:02:32,2025-04-15 19:04:40.515291,,,False
P101796,2025-04-14 03:07:59,2025-04-14 23:07:59,2025-04-15 02:23:49.562193,2025-04-15 04:38:57.918133,2025-04-16 20:56:35.061784,True
P101366,2025-04-14 03:19:44,2025-04-14 14:19:44,2025-04-16 11:56:18.459651,2025-04-22 02:46:53.392194,2025-04-25 21:56:31.974260,True
P100966,2025-04-14 05:42:46,2025-04-14 16:42:46,2025-04-15 03:46:51.779937,,,False
P101511,2025-04-14 05:55:16,2025-04-14 07:55:16,2025-04-14 12:20:27.723152,2025-04-19 10:23:25.101551,,False
P101532,2025-04-14 07:24:41,,,,,False
P102809,2025-04-14 14:31:51,2025-04-14 19:31:51,2025-04-16 13:49:55.224543,2025-04-17 15:24:47.882440,,False
P100876,2025-04-14 16:10:26,2025-04-14 18:10:26,2025-04-15 13:01:13.279062,,,False
P102988,2025-04-14 20:28:10,2025-04-14 20:28:10,2025-04-15 16:47:43.131569,,,False
P101589,2025-04-14 21:57:59,2025-04-14 22:57:59,2025-04-15 06:52:12.314370,2025-04-17 10:31:10.332218,2025-05-01 14:33:23.282282,True
P100890,2025-04-15 07:10:32,2025-04-15 08:10:32,,,,False
P101915,2025-04-15 07:59:16,2025-04-15 08:59:16,2025-04-16 00:27:37.751164,,,False
P102134,2025-04-15 15:07:40,2025-04-15 17:07:40,,,,False
P100778,2025-04-15 15:12:02,2025-04-15 17:12:02,2025-04-16 12:55:05.066981,2025-04-17 01:15:20.820782,2025-04-22 15:06:52.141348,True
P101331,2025-04-15 16:27:02,2025-04-15 20:27:02,2025-04-18 13:03:36.980822,2025-04-18 17:46:27.483396,,False
P100235,2025-04-15 19:17:43,2025-04-16 00:17:43,,,,False
P102473,2025-04-15 19:34:16,2025-04-15 21:34:16,2025-04-16 01:02:08.648778,2025-04-16 03:22:36.617301,2025-04-17 12:12:45.588871,True
P100777,2025-04-15 20:58:05,2025-04-16 15:58:05,2025-04-20 03:37:33.550159,2025-04-20 07:06:31.259416,2025-04-21 11:05:51.295803,True
P101130,2025-04-16 01:28:33,2025-04-16 07:28:33,2025-04-18 08:41:21.278678,2025-04-18 16:51:48.462771,2025-04-19 23:08:17.222218,True
P102519,2025-04-16 10:23:14,2025-04-16 22:23:14,2025-04-17 00:21:01.083367,2025-04-17 08:37:41.826927,,False
P101353,2025-04-16 10:45:51,2025-04-17 06:45:51,2025-04-17 09:44:56.765083,2025-04-17 23:25:36.915706,2025-04-20 03:40:44.161113,True
P102354,2025-04-16 15:25:14,2025-04-16 16:25:14,2025-04-18 09:59:54.499209,2025-04-23 23:01:42.282255,2025-04-26 13:26:58.821016,True
P102045,2025-04-16 16:34:18,2025-04-16 20:34:18,,,,False
P101037,2025-04-16 17:28:21,2025-04-16 21:28:21,,,,False
P101594,2025-04-16 18:18:31,2025-04-16 21:18:31,2025-04-17 15:57:59.668553,,,False
P100509,2025-04-16 22:32:39,2025-04-16 22:32:39,2025-04-22 02:13:03.661514,2025-04-22 02:29:33.447209,2025-04-22 02:42:39.375446,True
P100075,2025-04-17 00:21:46,2025-04-17 13:21:46,2025-04-19 08:02:31.022713,,,False
P101888,2025-04-17 00:49:22,2025-04-17 00:49:22,2025-04-17 02:32:28.750418,2025-04-18 15:01:09.201102,2025-04-22 09:15:19.610142,True
P102214,2025-04-17 03:47:48,2025-04-18 22:47:48,2025-04-19 13:14:26.988731,2025-04-20 18:04:52.611189,2025-04-24 10:31:45.532869,True
P101986,2025-04-17 08:30:07,2025-04-17 19:30:07,2025-04-19 01:21:12.641985,2025-04-24 17:41:46.306966,2025-04-26 09:09:38.500875,True
P101869,2025-04-17 10:36:36,2025-04-17 16:36:36,2025-04-17 22:07:05.307451,,,False
P100159,2025-04-17 12:02:06,2025-04-17 13:02:06,2025-04-17 13:07:33.043187,2025-04-18 08:53:00.156924,2025-04-18 08:54:23.952119,True
P102956,2025-04-17 15:32:43,2025-04-17 20:32:43,2025-04-17 23:31:11.830049,2025-04-23 11:35:02.669380,2025-04-23 17:18:45.748830,True
P102966,2025-04-17 15:56:28,2025-04-17 17:56:28,2025-04-18 20:41:06.686894,2025-04-22 16:23:25.745237,2025-04-27 13:44:53.645454,True
P100984,2025-04-17 18:16:25,2025-04-17 20:16:25,2025-04-19 08:17:12.402876,,,False
P102826,2025-04-17 18:42:14,,,,,False
P100304,2025-04-17 19:22:04,2025-04-17 22:22:04,2025-04-19 13:45:18.335108,2025-04-25 18:54:44.621926,2025-04-28 11:56:53.631265,True
P101343,2025-04-17 21:39:46,2025-04-18 01:39:46,2025-04-19 12:13:27.768850,,,False
P100196,2025-04-17 21:57:32,2025-04-18 11:57:32,,,,False
P101859,2025-04-17 23:33:37,2025-04-17 23:33:37,2025-04-20 17:41:07.864109,2025-04-21 05:08:11.102487,,False
P102369,2025-04-17 23:43:02,2025-04-18 06:43:02,2025-04-22 13:59:58.731641,2025-04-22 21:15:41.617313,2025-05-08 02:30:17.624035,True
P100086,2025-04-18 00:44:02,2025-04-18 06:44:02,2025-04-23 08:34:41.644965,2025-04-23 12:32:54.981335,2025-05-06 15:10:00.805703,True
P102026,2025-04-18 01:40:08,2025-04-18 05:40:08,2025-04-19 02:35:39.730524,2025-04-20 04:55:59.106220,,False
P102137,2025-04-18 05:50:45,2025-04-18 19:50:45,2025-04-19 19:56:20.605921,2025-04-20 07:56:53.947145,2025-04-22 17:13:50.456765,True
P100972,2025-04-18 06:38:49,2025-04-19 04:38:49,2025-04-19 16:33:15.410714,2025-04-19 20:38:28.846506,2025-04-21 00:12:27.014772,True
P101317,2025-04-18 09:49:09,2025-04-18 14:49:09,,,,False
P101989,2025-04-18 17:36:22,,,,,False
P102912,2025-04-18 19:45:01,,,,,False
P101003,2025-04-18 20:56:54,,,,,False
P101619,2025-04-18 22:57:46,2025-04-19 06:57:46,2025-04-19 16:38:09.569051,2025-04-21 14:00:46.818073,2025-04-24 12:03:28.484194,True
P100719,2025-04-18 23:40:38,,,,,False
P100002,2025-04-18 23:53:08,2025-04-18 23:53:08,,,,False
P101895,2025-04-19 01:35:30,2025-04-20 00:35:30,2025-04-20 06:13:37.442265,2025-04-22 13:04:19.177995,,False
P101741,2025-04-19 07:19:07,2025-04-19 09:19:07,2025-04-22 17:02:06.686291,2025-04-23 06:02:55.276644,2025-04-25 01:11:33.690200,True
P100384,2025-04-19 12:31:35,2025-04-19 20:31:35,,,,False
P101364,2025-04-19 16:10:51,2025-04-20 06:10:51,2025-04-21 20:02:46.659737,2025-04-22 19:14:53.629361,2025-04-23 22:36:46.338242,True
P101953,2025-04-19 16:57:55,2025-04-19 18:57:55,2025-04-20 08:50:35.126211,2025-04-22 05:07:53.830058,2025-04-22 09:22:42.176850,True
P101874,2025-04-19 20:52:59,2025-04-20 04:52:59,2025-04-20 18:33:21.186810,2025-04-21 01:03:52.831473,,False
P102973,2025-04-19 22:24:51,2025-04-19 22:24:51,2025-04-29 11:23:01.989552,2025-05-02 04:41:23.531295,2025-05-02 09:50:19.094507,True
P101766,2025-04-20 03:32:00,,,,,False
P100959,2025-04-20 08:58:19,2025-04-20 08:58:19,2025-04-20 17:07:13.800262,2025-04-23 01:36:45.147827,2025-04-23 09:20:17.917379,True
P101791,2025-04-20 10:17:18,2025-04-20 14:17:18,2025-04-21 22:19:39.002487,2025-04-27 07:59:38.049620,2025-05-02 10:24:13.359350,True
P100325,2025-04-20 10:51:22,2025-04-20 16:51:22,,,,False
P102668,2025-04-20 13:53:37,,,,,False
P100805,2025-04-20 14:56:12,2025-04-20 15:56:12,,,,False
P101403,2025-04-20 16:19:01,,,,,False
P101471,2025-04-20 16:59:18,2025-04-20 18:59:18,2025-04-21 13:55:48.615820,2025-04-23 14:24:40.594299,2025-04-24 09:40:36.481328,True
P101572,2025-04-20 17:30:14,2025-04-20 19:30:14,2025-04-22 04:03:11.424159,2025-04-25 03:07:55.543361,2025-04-25 17:07:39.902613,True
P101065,2025-04-20 18:22:05,2025-04-21 06:22:05,2025-04-22 15:25:47.100566,2025-04-26 16:55:27.835449,,False
P102534,2025-04-20 19:25:04,2025-04-20 19:25:04,2025-04-21 04:15:24.904795,,,False
P100828,2025-04-20 19:45:28,2025-04-21 06:45:28,2025-04-22 22:48:06.182471,2025-04-25 00:25:05.922160,2025-04-28 22:47:28.807503,True
P101801,2025-04-20 20:00:13,,,,,False
P102916,2025-04-21 00:13:55,2025-04-21 18:13:55,2025-04-22 18:28:08.974439,2025-04-23 14:52:23.439418,2025-04-28 22:10:32.229888,True
P100723,2025-04-21 08:22:14,2025-04-21 15:22:14,2025-04-22 02:12:14.369116,2025-04-23 13:29:56.434430,2025-04-23 17:49:49.831276,True
P102204,2025-04-21 09:39:18,2025-04-21 12:39:18,2025-04-22 02:09:35.029184,2025-04-23 05:29:35.975434,2025-04-24 00:46:22.899518,True
P102536,2025-04-21 13:14:51,2025-04-21 17:14:51,,,,False
P100265,2025-04-21 15:05:16,2025-04-22 18:05:16,2025-04-22 20:29:14.905550,2025-04-25 16:44:31.163525,,False
P101344,2025-04-21 21:10:16,2025-04-22 14:10:16,2025-04-22 14:36:25.173477,2025-04-24 11:11:42.585863,,False
P102613,2025-04-21 21:29:15,2025-04-22 01:29:15,2025-04-22 06:31:35.756895,2025-04-29 06:31:23.614598,2025-05-02 16:27:25.643053,True
P101163,2025-04-22 00:27:37,2025-04-22 22:27:37,,,,False
P102230,2025-04-22 01:40:54,2025-04-22 14:40:54,2025-04-22 22:37:09.282345,2025-05-01 08:14:34.614381,2025-05-04 08:06:49.079453,True
P100763,2025-04-22 03:51:40,2025-04-22 21:51:40,2025-04-25 03:23:24.226400,2025-04-27 20:41:20.576708,,False
P100653,2025-04-22 04:05:15,2025-04-22 13:05:15,2025-04-23 10:24:16.404865,2025-04-24 20:26:30.903563,2025-04-27 13:33:17.213591,True
P100462,2025-04-22 04:39:27,2025-04-22 19:39:27,,,,False
P101904,2025-04-22 06:20:37,2025-04-22 23:20:37,2025-04-24 12:33:32.768866,2025-04-27 04:25:26.728813,,False
P102276,2025-04-22 10:17:32,2025-04-22 10:17:32,2025-04-24 09:18:34.511597,2025-04-26 17:04:59.399249,2025-05-03 06:32:11.748763,True
P102730,2025-04-23 00:46:19,2025-04-24 02:46:19,2025-04-24 02:53:54.481564,2025-04-26 07:56:05.744678,2025-05-01 15:16:07.637577,True
P102602,2025-04-23 01:47:27,2025-04-23 04:47:27,2025-04-26 02:44:18.732398,2025-04-28 16:08:51.609671,2025-04-28 21:53:46.058100,True
P100742,2025-04-23 03:53:51,2025-04-23 07:53:51,2025-04-30 00:26:55.737566,2025-05-04 03:11:17.529407,,False
P100619,2025-04-23 06:39:49,2025-04-23 18:39:49,2025-04-23 23:20:22.664157,2025-04-24 11:44:44.603079,2025-04-25 06:33:45.032348,True
P101833,2025-04-23 07:34:41,2025-04-23 15:34:41,2025-04-25 05:28:58.690969,2025-04-26 21:25:37.196025,2025-04-27 14:53:14.231593,True
P101198,2025-04-23 08:48:41,2025-04-24 01:48:41,,,,False
P100217,2025-04-23 13:43:13,2025-04-23 17:43:13,2025-04-23 19:31:48.280018,,,False
P100627,2025-04-23 14:18:59,2025-04-23 17:18:59,,,,False
P102159,2025-04-23 19:04:54,2025-04-23 19:04:54,,,,False
P100398,2025-04-24 04:04:43,2025-04-24 08:04:43,2025-04-25 22:07:49.319763,2025-04-26 16:43:53.835335,2025-05-02 21:24:20.184764,True
P101155,2025-04-24 04:40:06,2025-04-24 14:40:06,2025-04-25 11:55:04.657240,2025-04-26 09:13:20.860822,,False
P100419,2025-04-24 05:33:16,2025-04-24 07:33:16,2025-04-25 04:20:16.528940,2025-04-27 17:08:33.356558,2025-04-29 21:54:36.802179,True
P100388,2025-04-24 06:42:03,2025-04-24 10:42:03,2025-04-25 09:17:21.786394,2025-04-25 09:50:39.351172,2025-04-29 01:45:14.680578,True
P100851,2025-04-24 13:12:54,2025-04-24 14:12:54,2025-04-25 03:37:38.043116,2025-04-26 09:33:52.777165,2025-05-06 08:57:57.675236,True
P101994,2025-04-24 19:45:54,2025-04-25 06:45:54,2025-04-28 10:24:55.044508,2025-04-29 06:35:12.547970,2025-05-01 01:53:57.655550,True
P102340,2025-04-24 22:37:43,2025-04-24 22:37:43,,,,False
P100399,2025-04-25 00:11:10,2025-04-25 09:11:10,2025-04-26 09:00:07.080658,2025-04-29 12:12:35.836583,,False
P102422,2025-04-25 05:33:48,2025-04-25 08:33:48,2025-04-26 07:05:09.871665,2025-04-27 02:27:34.062565,2025-04-28 13:37:41.680592,True
P101645,2025-04-25 06:58:01,2025-04-25 06:58:01,2025-04-29 09:49:43.907570,2025-05-03 09:52:32.864471,,False
P102841,2025-04-25 09:50:50,2025-04-26 00:50:50,,,,False
P102928,2025-04-25 09:58:39,,,,,False
P101856,2025-04-25 12:33:23,2025-04-25 19:33:23,2025-04-26 16:14:08.177790,,,False
P102538,2025-04-25 16:06:26,2025-04-26 02:06:26,2025-04-26 14:21:15.955212,2025-04-29 12:58:02.628878,,False
P101630,2025-04-25 16:45:54,2025-04-26 00:45:54,2025-05-02 12:44:38.836319,2025-05-03 07:12:34.753120,2025-05-04 04:48:58.136877,True
P100447,2025-04-25 18:39:25,,,,,False
P100107,2025-04-25 22:32:12,2025-04-26 09:32:12,2025-04-26 12:04:00.689705,2025-04-26 14:18:23.629497,2025-05-02 23:52:53.103135,True
P102210,2025-04-25 23:19:41,2025-04-26 06:19:41,2025-04-27 01:23:48.706672,2025-04-28 10:40:35.792355,2025-04-30 19:41:30.871573,True
P100558,2025-04-25 23:22:58,2025-04-26 02:22:58,2025-04-26 16:20:17.460958,2025-04-27 15:18:15.791068,2025-04-28 20:41:24.112349,True
P101200,2025-04-26 03:48:24,2025-04-26 05:48:24,2025-04-27 14:45:20.127000,2025-04-29 22:22:01.067056,2025-05-03 06:31:25.423072,True
P102944,2025-04-26 04:55:18,2025-04-26 22:55:18,2025-04-27 08:08:52.459806,2025-04-27 10:08:47.620460,2025-04-30 06:17:01.719711,True
P102070,2025-04-26 06:16:56,2025-04-27 10:16:56,,,,False
P100331,2025-04-26 08:31:38,2025-04-26 11:31:38,,,,False
P102806,2025-04-26 10:31:00,2025-04-26 10:31:00,,,,False
P101107,2025-04-26 11:21:03,2025-04-26 13:21:03,2025-04-27 04:45:58.455242,2025-04-29 23:18:04.786538,2025-05-02 21:06:22.003671,True
P102005,2025-04-26 19:48:09,,,,,False
P102867,2025-04-26 23:29:45,2025-04-27 00:29:45,,,,False
P101178,2025-04-27 01:02:02,2025-04-27 13:02:02,2025-04-27 14:11:09.151232,2025-04-28 19:20:41.129409,2025-04-29 14:32:44.098320,True
P100157,2025-04-27 01:28:03,2025-04-27 21:28:03,,,,False
P102442,2025-04-27 03:34:21,2025-04-28 05:34:21,2025-05-01 06:43:18.987735,2025-05-02 02:28:26.910438,2025-05-06 17:58:32.121158,True
P100710,2025-04-27 05:26:23,2025-04-27 05:26:23,,,,False
P102637,2025-04-27 06:14:29,2025-04-28 07:14:29,2025-04-28 19:18:53.077233,2025-04-28 22:51:08.008503,2025-04-29 07:11:09.180203,True
P100766,2025-04-27 09:10:37,2025-04-27 19:10:37,2025-04-30 00:25:18.425848,2025-05-04 00:25:50.695244,2025-05-04 03:48:36.350522,True
P102838,2025-04-27 11:47:50,2025-04-27 11:47:50,2025-04-27 12:07:08.395119,2025-04-29 09:22:08.631076,2025-04-30 03:41:41.557217,True
P101883,2025-04-27 12:18:26,,,,,False
P100431,2025-04-27 12:21:56,2025-04-27 21:21:56,2025-04-30 21:35:48.859563,2025-05-04 16:48:12.567978,2025-05-07 13:57:01.376375,True
P100092,2025-04-27 13:27:22,2025-04-28 14:27:22,2025-04-29 18:47:29.039695,2025-05-03 20:35:12.412663,2025-05-04 07:45:16.848301,True
P101477,2025-04-27 15:48:38,2025-04-27 16:48:38,2025-04-28 04:30:57.470601,2025-04-30 00:14:26.059103,,False
P101244,2025-04-27 16:46:50,2025-04-27 17:46:50,2025-04-27 18:58:58.171572,2025-04-27 23:02:03.668867,2025-04-28 04:27:26.288305,True
P102492,2025-04-27 21:48:38,2025-04-28 02:48:38,2025-05-11 01:58:49.627025,2025-05-15 23:24:29.672661,2025-05-16 02:10:37.449514,True
P101748,2025-04-27 21:49:05,,,,,False
P101902,2025-04-27 23:08:06,,,,,False
P101689,2025-04-28 01:23:57,2025-04-28 03:23:57,2025-04-28 04:05:59.028576,2025-05-02 01:24:25.351692,2025-05-06 14:46:59.152238,True
P101811,2025-04-28 03:58:28,2025-04-28 06:58:28,2025-04-29 19:40:59.274422,2025-05-01 02:22:33.132386,2025-05-01 16:49:45.746016,True
P102187,2025-04-28 04:16:26,2025-04-28 23:16:26,,,,False
P102541,2025-04-28 05:30:10,2025-04-28 15:30:10,2025-04-30 11:42:16.878560,2025-05-01 10:07:35.688192,2025-05-03 04:21:45.441149,True
P100918,2025-04-28 07:35:23,2025-04-29 11:35:23,2025-04-29 14:44:13.562770,2025-05-08 12:36:31.807246,2025-05-11 17:52:05.063542,True
P101509,2025-04-28 09:39:13,2025-04-29 02:39:13,2025-04-29 21:10:49.065978,,,False
P102901,2025-04-28 11:16:03,2025-04-28 12:16:03,,,,False
P101990,2025-04-28 19:32:34,2025-04-29 06:32:34,2025-05-02 22:06:12.894727,,,False
P102501,2025-04-28 21:55:29,2025-04-28 21:55:29,2025-04-29 12:21:51.089731,2025-04-29 14:32:04.005369,2025-05-01 12:53:56.212082,True
P102704,2025-04-29 02:11:08,2025-04-29 15:11:08,,,,False
P100534,2025-04-29 03:58:54,2025-04-29 10:58:54,2025-04-29 14:10:02.675227,2025-04-30 12:15:57.257297,,False
P101205,2025-04-29 07:03:36,2025-04-30 08:03:36,2025-04-30 13:00:28.423165,2025-04-30 13:35:14.153748,2025-05-01 05:37:49.321861,True
P101817,2025-04-29 10:13:44,2025-04-30 11:13:44,2025-05-02 04:11:27.352162,2025-05-03 02:54:07.163022,2025-05-04 17:18:26.343408,True
P102539,2025-04-29 10:46:02,2025-04-29 10:46:02,2025-05-02 05:31:54.421264,2025-05-02 10:13:07.935725,2025-05-06 15:25:49.598445,True
P101056,2025-04-29 12:06:58,2025-04-29 13:06:58,2025-04-29 21:12:52.510299,,,False
P102654,2025-04-29 12:12:45,,,,,False
P100688,2025-04-29 12:27:05,2025-04-30 04:27:05,2025-05-01 15:13:45.220307,,,False
P101742,2025-04-29 13:37:36,,,,,False
P100296,2025-04-29 13:39:30,2025-04-30 15:39:30,2025-05-02 03:16:34.955269,2025-05-02 14:46:37.973403,2025-05-02 17:59:24.039263,True
P101062,2025-04-29 16:39:53,2025-04-29 23:39:53,2025-04-30 03:16:30.723528,,,False
P102079,2025-04-30 00:12:11,2025-04-30 02:12:11,,,,False
P100094,2025-04-30 00:30:13,2025-04-30 00:30:13,2025-05-03 06:14:32.383719,2025-05-06 18:36:42.671575,2025-05-07 09:55:35.885426,True
P100076,2025-04-30 01:04:09,2025-04-30 03:04:09,,,,False
P102260,2025-04-30 02:53:20,2025-04-30 10:53:20,,,,False
P101386,2025-04-30 04:13:36,2025-05-01 00:13:36,2025-05-09 04:21:50.301448,2025-05-09 04:23:29.519143,2025-05-14 23:23:29.162442,True
P100070,2025-04-30 04:29:53,2025-04-30 07:29:53,,,,False
P102698,2025-04-30 08:35:35,2025-05-01 00:35:35,2025-05-02 00:02:14.261993,2025-05-02 14:51:22.115457,2025-05-03 20:58:32.323405,True
P102892,2025-04-30 11:44:52,2025-04-30 15:44:52,,,,False
P102710,2025-04-30 11:47:09,2025-04-30 13:47:09,2025-04-30 19:15:32.182993,,,False
P101242,2025-04-30 12:44:25,2025-04-30 17:44:25,2025-05-06 03:26:14.013446,2025-05-10 06:59:51.218863,2025-05-12 01:44:50.771033,True
P100981,2025-04-30 12:45:39,2025-04-30 16:45:39,2025-05-01 08:29:37.806660,2025-05-01 18:06:59.644705,2025-05-01 23:12:45.742116,True
P102815,2025-04-30 19:03:00,2025-05-01 14:03:00,2025-05-02 05:33:57.333715,2025-05-05 03:44:26.676632,2025-05-09 02:12:19.313699,True
P102699,2025-04-30 20:08:54,2025-05-01 01:08:54,2025-05-01 09:46:48.703843,2025-05-01 12:11:12.612259,2025-05-02 22:05:15.839633,True
P100549,2025-04-30 20:55:24,2025-04-30 22:55:24,2025-05-01 11:09:09.365729,2025-05-02 06:08:30.359394,2025-05-03 08:06:50.167223,True
P102007,2025-05-01 01:43:11,2025-05-01 15:43:11,2025-05-02 22:44:37.204423,2025-05-03 10:36:10.613991,2025-05-04 11:05:14.395867,True
P101805,2025-05-01 01:47:50,2025-05-03 06:47:50,2025-05-04 02:59:33.880609,2025-05-09 01:38:55.157210,2025-05-09 02:12:21.130800,True
P100393,2025-05-01 09:21:05,,,,,False
P100860,2025-05-01 09:52:34,2025-05-01 11:52:34,2025-05-03 23:29:59.436950,2025-05-05 16:59:01.581820,,False
P100450,2025-05-01 11:33:29,,,,,False
P102595,2025-05-01 11:55:19,2025-05-01 11:55:19,2025-05-04 04:42:41.083941,2025-05-05 11:30:07.621406,2025-05-05 12:40:09.800568,True
P101241,2025-05-01 13:07:04,2025-05-01 13:07:04,,,,False
P100051,2025-05-01 16:36:18,2025-05-02 11:36:18,,,,False
P101823,2025-05-01 19:01:12,2025-05-01 19:01:12,2025-05-02 12:17:28.153962,,,False
P102090,2025-05-01 19:36:50,2025-05-02 00:36:50,,,,False
P101860,2025-05-01 23:52:41,,,,,False
P102936,2025-05-02 00:58:11,2025-05-02 15:58:11,2025-05-09 11:23:12.458805,,,False
P101562,2025-05-02 04:47:21,2025-05-02 05:47:21,2025-05-02 18:56:32.763612,2025-05-03 16:33:53.469258,,False
P101272,2025-05-02 05:07:23,2025-05-02 09:07:23,2025-05-03 14:10:29.925998,2025-05-06 12:33:30.256395,2025-05-06 20:49:54.889534,True
P101098,2025-05-02 14:57:02,,,,,False
P100199,2025-05-02 15:02:02,2025-05-02 17:02:02,2025-05-12 23:12:55.768111,2025-05-13 03:46:01.351380,,False
P101176,2025-05-02 20:00:55,2025-05-02 22:00:55,2025-05-05 09:35:46.856482,2025-05-09 02:50:00.405774,,False
P101712,2025-05-02 20:47:32,2025-05-03 03:47:32,,,,False
P102874,2025-05-02 22:54:24,,,,,False
P102722,2025-05-02 23:50:44,2025-05-03 03:50:44,2025-05-03 14:00:30.772784,2025-05-06 05:31:38.364816,2025-05-06 08:36:08.708914,True
P102721,2025-05-03 04:34:13,2025-05-03 05:34:13,2025-05-05 08:14:25.913247,2025-05-05 17:57:24.698891,,False
P101899,2025-05-03 05:17:03,2025-05-04 08:17:03,2025-05-07 03:26:57.390832,2025-05-07 09:42:58.314123,2025-05-14 01:33:11.653925,True
P102642,2025-05-03 09:33:29,2025-05-03 15:33:29,2025-05-08 16:13:52.194327,2025-05-09 11:51:20.619751,2025-05-09 23:02:06.342954,True
P102745,2025-05-03 11:28:22,2025-05-04 03:28:22,,,,False
P100571,2025-05-03 14:38:11,2025-05-03 15:38:11,,,,False
P101648,2025-05-03 15:25:12,2025-05-04 04:25:12,2025-05-05 01:41:06.304272,2025-05-05 21:33:44.836021,,False
P101469,2025-05-03 16:48:39,2025-05-03 20:48:39,2025-05-05 06:37:42.187137,2025-05-05 22:48:55.194693,,False
P101080,2025-05-04 06:15:53,2025-05-04 07:15:53,2025-05-04 22:42:13.281511,2025-05-05 19:49:51.386023,2025-05-24 04:59:50.310577,True
P101959,2025-05-04 06:31:04,2025-05-04 17:31:04,,,,False
P102065,2025-05-04 12:17:17,2025-05-04 23:17:17,2025-05-05 00:06:52.873371,2025-05-06 01:04:24.841738,2025-05-10 19:38:01.368896,True
P101774,2025-05-04 14:15:22,2025-05-06 09:15:22,2025-05-06 10:17:43.499510,,,False
P102735,2025-05-04 14:18:02,2025-05-05 02:18:02,2025-05-06 23:37:55.201425,2025-05-09 00:43:30.151786,2025-05-10 03:56:36.532434,True
P101942,2025-05-04 19:24:36,2025-05-04 20:24:36,2025-05-08 20:29:46.467913,2025-05-09 18:00:01.913564,2025-05-12 20:49:00.435438,True
P102846,2025-05-04 20:00:15,2025-05-04 23:00:15,2025-05-06 11:01:00.233249,2025-05-07 14:11:15.031702,2025-05-09 08:52:39.635421,True
P101771,2025-05-04 21:27:22,2025-05-05 01:27:22,,,,False
P102972,2025-05-04 22:01:55,2025-05-04 23:01:55,,,,False
P100025,2025-05-04 22:45:38,2025-05-05 10:45:38,,,,False
P101327,2025-05-05 00:52:01,2025-05-05 05:52:01,2025-05-05 09:59:09.387901,2025-05-10 19:51:52.319593,2025-05-12 04:24:40.384225,True
P101674,2025-05-05 03:24:02,2025-05-06 02:24:02,2025-05-10 03:45:37.557585,2025-05-12 16:28:16.880295,2025-05-15 10:26:03.563829,True
P100648,2025-05-05 07:33:50,2025-05-05 14:33:50,,,,False
P102377,2025-05-05 09:06:09,2025-05-05 14:06:09,2025-05-06 11:05:40.135667,2025-05-08 06:39:45.505832,2025-05-10 02:05:14.327957,True
P100421,2025-05-05 09:55:10,,,,,False
P100420,2025-05-05 09:58:51,2025-05-05 10:58:51,2025-05-08 19:13:17.835681,2025-05-10 04:57:38.728373,2025-05-13 23:16:06.565324,True
P102188,2025-05-05 10:23:45,2025-05-06 01:23:45,2025-05-07 21:45:52.313253,2025-05-08 10:18:38.226947,2025-05-15 09:11:51.236907,True
P100759,2025-05-05 18:46:08,2025-05-07 07:46:08,2025-05-07 08:03:58.805780,2025-05-08 03:33:21.660876,2025-05-09 03:30:53.223945,True
P102477,2025-05-05 20:51:09,2025-05-06 00:51:09,,,,False
P101944,2025-05-05 22:42:00,,,,,False
P101041,2025-05-05 23:13:59,,,,,False
P102620,2025-05-05 23:37:22,2025-05-07 00:37:22,2025-05-07 12:34:36.846890,2025-05-08 13:15:29.197501,2025-05-09 23:42:55.281439,True
P101924,2025-05-06 00:22:55,2025-05-06 02:22:55,2025-05-07 07:00:29.266611,2025-05-07 23:12:31.524235,,False
P102560,2025-05-06 00:53:48,2025-05-06 06:53:48,2025-05-06 14:13:57.476284,2025-05-06 23:08:51.369417,2025-05-08 06:26:24.048856,True
P100230,2025-05-06 01:00:06,2025-05-06 05:00:06,,,,False
P102479,2025-05-06 01:02:00,2025-05-06 07:02:00,2025-05-06 22:42:22.491814,2025-05-07 22:50:39.620596,2025-05-10 08:35:27.134341,True
P102800,2025-05-06 01:19:23,2025-05-06 03:19:23,2025-05-06 14:37:50.404043,,,False
P100308,2025-05-06 02:59:59,2025-05-06 07:59:59,2025-05-08 18:32:55.444008,2025-05-13 01:25:14.420283,2025-05-20 10:55:52.359778,True
P102095,2025-05-06 05:47:43,2025-05-06 12:47:43,2025-05-07 13:46:06.037638,2025-05-10 08:29:44.951464,2025-05-16 08:48:34.229920,True
P102240,2025-05-06 07:18:32,2025-05-06 07:18:32,2025-05-06 19:03:57.991339,,,False
P102104,2025-05-06 07:28:48,2025-05-06 17:28:48,2025-05-07 07:00:00.677513,2025-05-09 20:19:47.011335,2025-05-10 01:22:50.619073,True
P102783,2025-05-06 08:23:45,2025-05-06 17:23:45,2025-05-06 18:51:37.301316,2025-05-07 02:57:25.142694,2025-05-09 12:48:11.776589,True
P100755,2025-05-06 12:25:39,2025-05-07 04:25:39,2025-05-07 06:15:03.703869,2025-05-09 10:11:30.014035,2025-05-12 02:46:50.155461,True
P101213,2025-05-06 12:52:15,2025-05-06 16:52:15,2025-05-08 14:25:46.454582,2025-05-09 15:26:03.148352,2025-05-16 05:19:58.739644,True
P101250,2025-05-07 00:31:21,,,,,False
P100774,2025-05-07 00:54:22,2025-05-07 04:54:22,2025-05-08 04:09:27.508251,2025-05-10 23:37:42.568117,2025-05-14 12:26:39.060126,True
P101053,2025-05-07 05:48:04,,,,,False
P100279,2025-05-07 05:51:53,2025-05-07 13:51:53,2025-05-08 06:24:35.049434,2025-05-10 07:46:50.224186,2025-05-10 21:36:42.191018,True
P100276,2025-05-07 08:35:54,,,,,False
P100727,2025-05-07 09:17:35,2025-05-07 12:17:35,,,,False
P101633,2025-05-07 09:48:35,2025-05-07 09:48:35,2025-05-10 09:51:32.933173,2025-05-11 15:28:41.737171,2025-05-12 21:22:33.003817,True
P101146,2025-05-07 10:16:06,2025-05-07 10:16:06,2025-05-10 14:38:19.984149,,,False
P101828,2025-05-07 10:40:17,,,,,False
P102098,2025-05-07 16:47:10,2025-05-09 12:47:10,2025-05-14 02:19:51.586727,2025-05-14 20:12:22.954706,,False
P101261,2025-05-07 17:54:46,2025-05-07 23:54:46,2025-05-10 13:26:20.057315,2025-05-11 06:55:35.430794,2025-05-14 08:49:57.183928,True
P102379,2025-05-07 22:19:16,2025-05-08 00:19:16,,,,False
P101478,2025-05-07 23:24:44,2025-05-08 18:24:44,2025-05-10 06:09:43.367670,2025-05-11 21:19:46.864482,,False
P102991,2025-05-08 05:18:42,,,,,False
P101307,2025-05-08 09:55:33,2025-05-09 00:55:33,2025-05-10 05:46:43.836017,2025-05-10 08:09:59.272402,2025-05-12 13:12:56.275564,True
P101607,2025-05-08 10:06:45,,,,,False
P101755,2025-05-08 17:10:22,2025-05-08 17:10:22,,,,False
P100067,2025-05-08 17:56:59,,,,,False
P100611,2025-05-08 18:57:06,2025-05-09 12:57:06,2025-05-10 04:55:00.663334,2025-05-11 14:53:05.337369,2025-05-14 13:50:40.275691,True
P100923,2025-05-08 19:33:47,2025-05-09 11:33:47,2025-05-10 11:12:02.847331,,,False
P101892,2025-05-08 19:40:32,2025-05-08 23:40:32,,,,False
P100990,2025-05-08 20:45:11,2025-05-08 23:45:11,2025-05-09 12:50:40.745765,,,False
P100884,2025-05-08 20:55:19,2025-05-09 04:55:19,2025-05-11 13:29:33.910464,2025-05-16 14:40:47.577700,2025-05-18 23:46:41.403007,True
P101294,2025-05-08 22:35:26,,,,,False
P102120,2025-05-09 04:48:17,2025-05-09 14:48:17,2025-05-11 03:23:23.651228,,,False
P101407,2025-05-09 11:14:29,2025-05-09 18:14:29,,,,False
P102524,2025-05-09 11:42:17,,,,,False
P102568,2025-05-09 11:45:17,2025-05-09 13:45:17,2025-05-11 00:59:41.963569,2025-05-11 03:04:44.246887,,False
P101528,2025-05-09 14:05:33,,,,,False
P101981,2025-05-09 14:20:28,2025-05-10 02:20:28,2025-05-10 08:36:56.728511,2025-05-13 00:23:04.440695,2025-05-14 16:21:25.647623,True
P102211,2025-05-09 14:53:59,,,,,False
P102300,2025-05-09 15:45:54,2025-05-09 16:45:54,2025-05-09 21:04:56.739131,,,False
P102591,2025-05-09 16:42:19,2025-05-10 01:42:19,,,,False
P101935,2025-05-09 17:26:06,2025-05-09 20:26:06,2025-05-10 14:29:56.580955,2025-05-11 11:45:34.503313,,False
P100820,2025-05-09 19:49:46,2025-05-10 01:49:46,2025-05-13 10:49:22.802056,2025-05-15 15:14:07.645834,2025-05-18 09:58:30.209356,True
P100116,2025-05-09 21:48:33,2025-05-10 04:48:33,,,,False
P100385,2025-05-09 22:12:10,2025-05-10 09:12:10,2025-05-10 23:38:25.094884,2025-05-12 04:56:42.862116,2025-05-13 00:05:04.022431,True
P101673,2025-05-09 23:00:39,2025-05-10 12:00:39,,,,False
P100389,2025-05-10 00:48:10,2025-05-10 02:48:10,2025-05-10 03:31:06.317173,2025-05-11 08:58:46.358322,2025-05-13 16:22:24.629579,True
P102552,2025-05-10 03:55:41,2025-05-10 09:55:41,2025-05-11 02:33:59.766122,2025-05-12 02:53:12.324645,2025-05-12 18:59:45.815095,True
P102705,2025-05-10 08:24:11,2025-05-10 09:24:11,,,,False
P102926,2025-05-10 08:38:19,2025-05-10 22:38:19,2025-05-12 06:08:49.882796,2025-05-14 09:22:57.842122,2025-05-19 06:22:43.743516,True
P100270,2025-05-10 12:14:09,2025-05-11 02:14:09,2025-05-12 11:54:32.462608,2025-05-14 12:52:35.791865,2025-05-18 19:11:25.624765,True
P101123,2025-05-10 13:05:01,2025-05-10 15:05:01,2025-05-10 23:38:17.049993,2025-05-15 10:22:46.212042,2025-05-18 04:16:09.185295,True
P100120,2025-05-10 14:01:56,2025-05-10 15:01:56,2025-05-11 05:49:54.518792,2025-05-21 07:33:44.691240,2025-05-23 12:21:05.264445,True
P100618,2025-05-10 14:43:47,2025-05-10 14:43:47,2025-05-14 15:16:38.323459,2025-05-16 07:28:36.599895,2025-05-20 19:37:24.345485,True
P101004,2025-05-10 15:58:55,2025-05-10 21:58:55,2025-05-16 09:20:08.863060,2025-05-17 05:53:08.285362,2025-05-20 22:32:52.367906,True
P102959,2025-05-10 16:29:02,2025-05-10 16:29:02,2025-05-11 05:56:55.275282,2025-05-14 06:22:55.435613,2025-05-16 19:23:44.403799,True
P102062,2025-05-10 18:09:24,,,,,False
P100113,2025-05-10 19:40:21,2025-05-11 04:40:21,,,,False
P101476,2025-05-10 20:11:24,2025-05-11 03:11:24,2025-05-11 19:44:21.474232,2025-05-13 07:25:22.071662,2025-05-13 08:52:21.035529,True
P100035,2025-05-10 20:54:37,,,,,False
P101546,2025-05-10 22:05:26,2025-05-11 01:05:26,2025-05-12 02:07:43.762119,2025-05-21 12:16:14.364674,2025-05-29 17:23:21.122957,True
P102772,2025-05-10 22:42:11,2025-05-11 16:42:11,2025-05-14 12:54:03.958687,2025-05-17 17:57:57.175916,2025-05-22 09:38:24.459909,True
P102748,2025-05-11 03:45:43,2025-05-11 03:45:43,2025-05-12 15:25:57.589610,2025-05-13 22:10:50.591033,2025-05-15 07:42:39.934809,True
P100271,2025-05-11 03:51:57,2025-05-11 03:51:57,2025-05-12 15:33:14.767677,2025-05-14 05:35:14.871230,2025-05-14 17:21:08.797115,True
P101834,2025-05-11 07:48:11,,,,,False
P100444,2025-05-11 11:09:32,2025-05-11 18:09:32,,,,False
P100707,2025-05-11 12:39:01,2025-05-11 12:39:01,2025-05-17 05:50:03.086008,2025-05-19 23:43:03.820808,2025-05-21 05:06:47.141215,True
P100530,2025-05-11 16:58:34,2025-05-11 22:58:34,2025-05-12 22:02:16.916802,2025-05-15 20:52:51.081038,2025-05-20 15:18:13.957034,True
P100517,2025-05-11 17:51:26,,,,,False
P102888,2025-05-11 19:18:41,,,,,False
P101510,2025-05-11 22:09:48,2025-05-12 04:09:48,,,,False
P100737,2025-05-12 08:42:59,,,,,False
P101851,2025-05-12 08:57:10,2025-05-13 07:57:10,2025-05-13 10:51:05.794407,2025-05-14 08:55:28.249780,2025-05-18 02:27:58.156545,True
P101309,2025-05-12 11:35:43,2025-05-12 22:35:43,2025-05-13 02:49:27.702606,2025-05-13 07:12:57.735898,2025-05-13 23:12:52.859789,True
P100378,2025-05-12 12:34:36,2025-05-12 16:34:36,2025-05-13 01:21:47.217676,2025-05-19 10:29:54.200154,,False
P101110,2025-05-12 13:03:19,2025-05-12 18:03:19,2025-05-13 22:40:44.575415,2025-05-16 17:27:51.668193,2025-05-17 12:00:50.570449,True
P101728,2025-05-12 13:45:56,2025-05-12 21:45:56,2025-05-14 03:08:25.529489,2025-05-16 01:40:44.582722,,False
P100503,2025-05-12 18:18:21,2025-05-12 19:18:21,2025-05-14 04:51:31.232763,2025-05-14 15:51:42.624984,2025-05-19 22:05:31.961696,True
P100731,2025-05-12 20:26:56,2025-05-12 20:26:56,2025-05-14 04:00:27.262036,2025-05-14 23:31:37.587120,,False
P100073,2025-05-12 22:42:10,2025-05-13 00:42:10,,,,False
P102983,2025-05-13 01:08:57,2025-05-13 13:08:57,2025-05-15 23:28:07.266992,2025-05-17 12:20:19.885050,2025-05-19 08:24:58.869963,True
P100989,2025-05-13 08:45:08,2025-05-13 10:45:08,2025-05-17 12:32:57.021216,2025-05-20 22:59:50.251135,,False
P101313,2025-05-13 09:36:18,2025-05-13 10:36:18,2025-05-13 21:55:22.147940,2025-05-13 22:50:43.372433,,False
P101870,2025-05-13 10:57:29,2025-05-13 11:57:29,2025-05-13 16:58:46.219123,2025-05-13 22:12:48.951392,,False
P102922,2025-05-13 11:39:10,2025-05-13 20:39:10,2025-05-14 16:34:48.403650,2025-05-15 05:05:06.375608,2025-05-16 06:20:14.300054,True
P102140,2025-05-13 11:52:51,2025-05-13 18:52:51,,,,False
P100186,2025-05-13 12:03:47,2025-05-13 21:03:47,2025-05-17 02:24:08.038368,,,False
P101669,2025-05-13 14:00:35,2025-05-13 17:00:35,,,,False
P101165,2025-05-13 14:30:27,2025-05-14 08:30:27,2025-05-15 13:11:51.184946,2025-05-17 00:55:31.419375,2025-05-17 14:36:39.565837,True
P101552,2025-05-13 14:37:44,2025-05-13 18:37:44,2025-05-13 23:01:50.836494,2025-05-14 04:21:41.505981,2025-05-17 03:23:14.077836,True
P100680,2025-05-13 15:31:03,2025-05-13 20:31:03,2025-05-15 01:31:31.122889,2025-05-17 21:01:13.434575,2025-05-18 00:07:33.630370,True
P100126,2025-05-13 18:26:35,2025-05-14 17:26:35,2025-05-14 18:52:29.717818,2025-05-15 00:14:02.252027,2025-05-15 15:11:09.393216,True
P100906,2025-05-13 20:55:01,2025-05-15 03:55:01,2025-05-17 08:38:20.342918,2025-05-18 05:08:46.576454,,False
P101480,2025-05-13 23:45:49,,,,,False
P102656,2025-05-14 00:14:42,2025-05-14 23:14:42,2025-05-15 12:26:45.120172,2025-05-16 09:48:33.993716,2025-05-17 14:07:05.858180,True
P102145,2025-05-14 00:45:16,2025-05-14 06:45:16,2025-05-14 17:30:26.912185,2025-05-15 12:41:48.013736,2025-05-18 17:25:23.368456,True
P102326,2025-05-14 01:41:20,2025-05-14 03:41:20,2025-05-15 01:04:48.076780,2025-05-17 23:27:12.898373,2025-05-24 00:23:04.702097,True
P100507,2025-05-14 03:26:31,2025-05-14 06:26:31,2025-05-15 17:16:20.906874,,,False
P102088,2025-05-14 04:13:07,2025-05-14 10:13:07,,,,False
P100292,2025-05-14 04:18:54,2025-05-14 11:18:54,,,,False
P101564,2025-05-14 06:25:54,2025-05-14 10:25:54,2025-05-14 18:23:56.261109,2025-05-16 02:48:24.175542,2025-05-19 16:27:24.401299,True
P100437,2025-05-14 09:07:01,2025-05-15 02:07:01,,,,False
P102590,2025-05-14 12:06:57,2025-05-14 16:06:57,2025-05-15 18:51:32.174331,,,False
P102324,2025-05-14 20:01:44,2025-05-14 22:01:44,2025-05-15 02:25:58.851022,2025-05-18 12:59:32.457543,2025-05-18 21:44:32.502386,True
P101683,2025-05-14 20:38:06,2025-05-14 20:38:06,2025-05-16 15:46:02.229608,2025-05-17 08:10:16.467439,2025-05-20 18:38:05.173525,True
P102380,2025-05-14 21:13:47,2025-05-16 01:13:47,2025-05-16 07:49:40.867774,2025-05-19 23:07:15.128869,,False
P100769,2025-05-14 23:11:34,2025-05-15 12:11:34,2025-05-18 01:24:19.353987,,,False
P101647,2025-05-15 03:09:10,2025-05-15 10:09:10,2025-05-16 09:02:00.274292,2025-05-25 02:24:24.351096,2025-05-25 21:17:26.391723,True
P101937,2025-05-15 06:00:38,2025-05-15 20:00:38,2025-05-17 02:04:59.526303,2025-05-20 13:39:59.849060,,False
P102500,2025-05-15 09:15:24,2025-05-15 22:15:24,2025-05-16 05:41:28.220593,,,False
P101740,2025-05-15 13:34:09,2025-05-16 10:34:09,2025-05-16 16:16:47.463727,,,False
P101140,2025-05-15 13:55:13,2025-05-15 16:55:13,,,,False
P101160,2025-05-15 16:03:16,2025-05-15 22:03:16,2025-05-16 08:40:26.642756,2025-05-16 12:08:25.658505,2025-05-17 01:41:53.911759,True
P102153,2025-05-15 18:22:31,2025-05-15 18:22:31,,,,False
P102431,2025-05-15 20:10:35,2025-05-16 22:10:35,2025-05-17 21:40:46.655052,,,False
P102950,2025-05-15 21:34:14,2025-05-17 06:34:14,2025-05-17 15:57:45.219636,2025-05-24 22:22:07.850665,2025-05-25 14:49:08.628177,True
P100403,2025-05-15 21:49:02,2025-05-16 09:49:02,2025-05-18 18:56:33.199167,2025-05-19 10:04:45.642947,2025-05-21 16:02:58.511301,True
P102253,2025-05-16 00:03:35,2025-05-16 04:03:35,2025-05-20 08:59:55.677760,2025-05-20 19:48:57.917478,,False
P102216,2025-05-16 03:09:17,2025-05-16 08:09:17,2025-05-17 04:30:38.773475,2025-05-18 19:56:30.590104,2025-05-20 04:54:11.981603,True
P100892,2025-05-16 03:48:02,2025-05-16 07:48:02,2025-05-20 01:38:24.455270,2025-05-20 12:24:09.536657,2025-05-25 10:17:55.478415,True
P101029,2025-05-16 05:06:35,2025-05-16 07:06:35,2025-05-19 12:15:11.476793,2025-05-20 05:05:37.485397,2025-05-23 10:28:31.647798,True
P102149,2025-05-16 12:14:26,2025-05-16 18:14:26,2025-05-17 00:46:38.574557,2025-05-20 15:54:58.756454,2025-05-22 14:42:52.660961,True
P100716,2025-05-16 12:55:25,2025-05-16 12:55:25,2025-05-16 19:46:42.464620,,,False
P100943,2025-05-16 15:30:05,2025-05-18 05:30:05,2025-05-19 04:51:48.740000,2025-05-23 17:04:45.135518,2025-05-24 16:56:55.556807,True
P101395,2025-05-16 15:49:57,,,,,False
P102531,2025-05-16 17:37:36,2025-05-17 13:37:36,2025-05-18 04:38:48.828651,2025-05-19 20:30:06.343408,2025-05-21 02:44:23.867036,True
P100062,2025-05-16 18:37:34,2025-05-17 04:37:34,2025-05-17 18:08:13.653881,2025-05-20 16:48:17.130119,2025-05-23 13:44:26.859794,True
P101971,2025-05-17 00:22:58,,,,,False
P101166,2025-05-17 00:52:44,2025-05-17 02:52:44,2025-05-18 21:05:49.840002,2025-05-22 08:14:22.673059,2025-05-22 09:55:21.517282,True
P102247,2025-05-17 02:40:37,2025-05-18 21:40:37,2025-05-19 00:51:03.668319,2025-05-19 01:42:04.550853,2025-05-27 18:06:25.870196,True
P102535,2025-05-17 08:31:39,,,,,False
P100012,2025-05-17 20:13:47,2025-05-17 22:13:47,2025-05-21 20:04:46.715187,2025-05-24 19:52:23.392565,2025-05-28 01:16:27.569135,True
P102443,2025-05-17 22:50:03,2025-05-17 22:50:03,2025-05-20 02:44:24.872848,,,False
P100931,2025-05-18 01:16:07,2025-05-18 10:16:07,2025-05-18 17:55:45.020771,2025-05-21 08:24:26.866547,2025-05-25 11:51:25.803193,True
P101447,2025-05-18 01:42:15,2025-05-18 03:42:15,2025-05-18 06:59:59.436599,2025-05-18 18:33:28.011172,2025-05-23 17:50:48.827689,True
P101151,2025-05-18 07:44:37,2025-05-18 09:44:37,2025-05-19 10:00:39.158811,2025-05-21 03:13:20.166792,2025-05-25 04:08:02.688497,True
P100524,2025-05-18 07:51:42,,,,,False
P102681,2025-05-18 08:05:40,2025-05-18 17:05:40,,,,False
P102889,2025-05-18 08:11:15,2025-05-18 13:11:15,,,,False
P102175,2025-05-18 20:30:43,2025-05-19 18:30:43,2025-05-20 00:03:59.720689,2025-05-20 09:42:35.217184,2025-05-22 03:03:58.532908,True
P100165,2025-05-18 22:55:22,2025-05-19 07:55:22,2025-05-21 04:57:56.604898,2025-05-22 12:25:40.692995,2025-05-24 12:10:30.261650,True
P100314,2025-05-18 23:30:07,2025-05-19 16:30:07,2025-05-22 04:51:39.186688,2025-05-26 10:40:31.335063,,False
P101641,2025-05-19 04:19:00,2025-05-19 05:19:00,2025-05-23 07:45:22.414736,2025-05-24 23:19:42.919217,2025-05-25 22:52:16.488971,True
P100811,2025-05-19 05:15:31,2025-05-19 07:15:31,,,,False
P101858,2025-05-19 07:03:45,2025-05-19 07:03:45,2025-05-20 09:04:21.723304,2025-05-21 12:23:50.724489,,False
P102610,2025-05-19 08:59:15,2025-05-19 10:59:15,2025-05-20 21:44:35.223419,2025-05-24 01:53:35.687718,2025-05-29 15:42:35.718113,True
P100725,2025-05-19 11:26:25,2025-05-20 15:26:25,2025-05-24 22:43:46.031108,2025-05-29 00:40:41.732471,2025-05-31 09:04:05.858994,True
P100523,2025-05-19 12:59:14,,,,,False
P101979,2025-05-19 13:56:50,2025-05-20 00:56:50,2025-05-20 11:40:12.153002,2025-05-24 14:06:26.364835,2025-05-28 16:32:25.679227,True
P101962,2025-05-19 17:04:57,,,,,False
P102976,2025-05-19 20:01:47,2025-05-20 08:01:47,2025-05-23 12:16:57.586095,2025-05-24 16:01:37.037788,2025-05-25 06:47:00.252851,True
P102163,2025-05-19 20:40:17,2025-05-20 02:40:17,,,,False
P101558,2025-05-19 21:06:26,2025-05-19 21:06:26,2025-05-20 22:15:19.305570,2025-05-21 07:48:45.708677,,False
P101873,2025-05-19 22:20:28,,,,,False
P101779,2025-05-19 22:27:26,2025-05-20 05:27:26,2025-05-21 20:23:57.148455,2025-05-28 07:00:38.407793,2025-06-01 14:55:22.755869,True
P100376,2025-05-20 00:39:42,2025-05-20 02:39:42,2025-05-20 04:45:45.166598,2025-05-21 23:47:00.750761,2025-05-26 07:47:56.980677,True
P101027,2025-05-20 00:47:46,,,,,False
P101406,2025-05-20 04:54:13,2025-05-20 06:54:13,2025-05-21 01:44:57.023514,2025-05-26 14:35:28.864088,2025-05-27 03:57:57.623040,True
P102371,2025-05-20 05:29:42,2025-05-20 12:29:42,2025-05-24 18:19:14.984698,,,False
P101243,2025-05-20 07:05:53,2025-05-20 08:05:53,2025-05-25 15:18:39.083779,,,False
P101761,2025-05-20 07:55:57,2025-05-20 17:55:57,2025-05-21 15:22:19.835193,,,False
P102618,2025-05-20 12:32:58,2025-05-20 16:32:58,2025-05-25 21:22:03.494645,2025-05-27 19:24:22.608650,,False
P102781,2025-05-20 21:54:00,2025-05-21 00:54:00,2025-05-21 14:18:04.058927,2025-05-21 17:21:34.303304,2025-05-23 02:59:40.752210,True
P101007,2025-05-21 02:52:57,2025-05-21 15:52:57,2025-05-23 09:12:03.123556,2025-05-26 11:21:11.891639,,False
P102917,2025-05-21 05:10:46,2025-05-21 10:10:46,2025-05-21 12:59:17.481471,2025-05-21 16:09:07.437639,2025-05-26 06:00:24.525865,True
P100771,2025-05-21 13:35:20,2025-05-21 16:35:20,2025-05-21 22:13:40.719251,2025-05-22 06:30:26.685719,2025-05-25 20:44:45.928675,True
P102508,2025-05-21 15:11:15,2025-05-22 07:11:15,2025-05-25 07:09:02.136464,2025-05-26 06:13:43.377942,2025-05-27 03:14:43.882242,True
P102825,2025-05-21 15:32:14,2025-05-21 18:32:14,2025-05-25 03:15:33.603650,2025-05-26 18:25:05.880822,2025-06-07 16:12:54.227680,True
P100219,2025-05-21 17:54:10,2025-05-22 08:54:10,2025-05-23 12:17:02.956782,,,False
P101853,2025-05-21 19:07:56,2025-05-22 00:07:56,2025-05-22 15:04:42.318464,2025-05-29 06:16:58.139125,,False
P102718,2025-05-21 22:23:03,,,,,False
P102542,2025-05-21 23:48:23,2025-05-22 06:48:23,2025-05-25 08:09:01.803572,,,False
P102040,2025-05-22 00:01:06,2025-05-22 02:01:06,2025-05-22 10:32:58.688588,2025-05-24 10:26:00.640403,2025-05-30 18:30:28.582358,True
P101665,2025-05-22 00:25:39,2025-05-22 01:25:39,2025-05-22 14:00:17.795755,,,False
P100536,2025-05-22 01:50:44,2025-05-22 01:50:44,2025-05-24 09:15:21.667764,,,False
P102657,2025-05-22 05:37:04,2025-05-22 07:37:04,,,,False
P102054,2025-05-22 06:50:48,2025-05-22 16:50:48,2025-05-22 20:21:28.240750,2025-05-23 17:31:46.741947,,False
P102233,2025-05-22 08:14:30,,,,,False
P101148,2025-05-22 14:46:58,2025-05-23 05:46:58,2025-05-24 19:04:21.557880,2025-05-24 23:50:04.595679,,False
P100249,2025-05-22 16:31:40,2025-05-22 18:31:40,2025-05-23 03:58:22.798487,2025-05-30 21:04:23.766886,2025-05-31 09:44:28.790293,True
P101136,2025-05-22 16:32:30,,,,,False
P100252,2025-05-22 18:23:17,2025-05-22 20:23:17,2025-05-24 19:14:50.149974,2025-05-25 11:02:15.882090,2025-05-27 20:09:57.081103,True
P100551,2025-05-22 19:26:54,2025-05-23 02:26:54,2025-05-23 07:57:46.895944,2025-05-28 07:42:23.436600,2025-05-30 22:11:29.712550,True
P100351,2025-05-23 01:10:34,2025-05-23 18:10:34,2025-05-24 19:17:30.666071,2025-05-30 17:17:05.867035,2025-06-08 08:20:10.643309,True
P102244,2025-05-23 08:45:51,2025-05-23 08:45:51,2025-05-25 11:53:05.734365,2025-05-28 19:41:41.333763,2025-05-30 17:13:37.680929,True
P102173,2025-05-23 09:12:19,2025-05-24 18:12:19,,,,False
P100336,2025-05-23 11:40:56,2025-05-24 01:40:56,2025-05-25 00:02:59.275067,2025-05-25 22:42:56.929800,2025-05-26 13:57:23.270789,True
P101372,2025-05-23 15:31:53,2025-05-24 02:31:53,2025-05-24 07:09:49.398390,2025-05-25 10:30:46.275219,,False
P102964,2025-05-23 18:18:58,2025-05-24 03:18:58,,,,False
P102881,2025-05-23 20:32:28,,,,,False
P102506,2025-05-23 20:41:02,2025-05-25 13:41:02,,,,False
P102784,2025-05-23 23:54:32,2025-05-24 10:54:32,2025-05-24 16:23:21.924173,2025-05-25 08:57:55.188010,,False
P100891,2025-05-23 23:57:22,2025-05-24 02:57:22,2025-05-24 20:20:55.728490,2025-05-26 19:22:57.485195,2025-05-29 12:43:23.806145,True
P102207,2025-05-24 01:02:55,2025-05-24 08:02:55,2025-05-24 19:38:01.361630,2025-05-26 14:53:21.319902,2025-06-01 15:00:26.548182,True
P102381,2025-05-24 01:27:49,2025-05-24 04:27:49,,,,False
P102106,2025-05-24 05:45:11,,,,,False
P102139,2025-05-24 06:18:26,,,,,False
P101271,2025-05-24 06:32:07,2025-05-24 12:32:07,2025-05-29 02:58:54.166179,2025-05-29 22:17:18.667437,2025-06-11 21:12:07.674073,True
P100396,2025-05-24 13:14:24,2025-05-25 01:14:24,2025-05-27 02:23:20.276591,,,False
P102044,2025-05-24 19:29:12,,,,,False
P101685,2025-05-25 02:02:34,2025-05-25 04:02:34,,,,False
P101026,2025-05-25 03:53:31,2025-05-25 09:53:31,,,,False
P100574,2025-05-25 03:53:46,2025-05-25 08:53:46,2025-05-30 06:38:14.419248,2025-05-30 15:08:44.728588,,False
P102487,2025-05-25 05:23:05,2025-05-25 16:23:05,2025-05-25 16:40:07.468374,2025-06-03 05:19:09.910341,,False
P101122,2025-05-25 08:05:34,,,,,False
P102989,2025-05-25 09:30:35,2025-05-25 18:30:35,2025-05-26 20:00:10.952046,2025-05-27 12:23:06.962083,2025-05-30 13:23:54.491189,True
P101573,2025-05-25 10:55:46,2025-05-25 14:55:46,2025-05-29 02:45:51.112445,2025-05-31 19:31:14.217879,2025-06-03 00:02:57.459224,True
P100127,2025-05-25 12:26:56,2025-05-25 12:26:56,2025-05-26 05:41:55.275702,,,False
P102957,2025-05-25 13:13:51,,,,,False
P100080,2025-05-25 15:05:30,2025-05-25 16:05:30,,,,False
P101499,2025-05-25 19:19:50,2025-05-25 19:19:50,,,,False
P100868,2025-05-25 21:54:00,2025-05-26 03:54:00,2025-05-26 05:54:59.570582,2025-06-02 22:08:19.366417,,False
P101852,2025-05-25 23:29:33,2025-05-26 07:29:33,2025-05-26 16:03:17.320865,2025-05-26 22:14:27.750064,2025-05-30 14:51:26.776880,True
P101236,2025-05-25 23:48:32,2025-05-26 00:48:32,2025-05-26 06:30:30.450749,2025-05-28 02:10:56.239150,2025-05-28 13:00:50.519920,True
P102497,2025-05-26 00:08:15,2025-05-26 07:08:15,,,,False
P102860,2025-05-26 01:12:59,2025-05-26 08:12:59,2025-05-27 19:20:01.609090,2025-05-30 00:27:45.247314,2025-06-05 02:22:17.505859,True
P101429,2025-05-26 01:26:37,2025-05-26 02:26:37,2025-05-28 11:39:34.330034,2025-05-29 03:20:19.047454,2025-05-29 05:52:32.518887,True
P100007,2025-05-26 03:10:42,2025-05-26 07:10:42,,,,False
P101149,2025-05-26 05:20:29,2025-05-26 16:20:29,2025-05-27 13:16:22.003888,2025-05-28 09:03:28.692059,2025-06-11 03:32:45.610747,True
P101350,2025-05-26 06:12:17,2025-05-26 06:12:17,,,,False
P100513,2025-05-26 09:51:43,2025-05-26 10:51:43,,,,False
P102197,2025-05-26 11:39:44,2025-05-28 06:39:44,2025-05-31 01:38:16.826038,2025-06-04 19:02:46.752271,2025-06-05 21:25:06.766615,True
P100679,2025-05-26 12:49:32,2025-05-26 22:49:32,,,,False
P101672,2025-05-26 19:25:22,2025-05-26 23:25:22,2025-05-27 10:54:28.784041,2025-05-27 16:18:37.078869,2025-05-28 10:52:07.548913,True
P100272,2025-05-26 19:31:33,2025-05-27 02:31:33,2025-05-30 16:37:25.477054,2025-05-31 05:23:04.118217,,False
P100529,2025-05-26 21:10:34,2025-05-27 11:10:34,2025-05-27 18:15:00.820851,2025-05-29 15:43:19.828550,,False
P102995,2025-05-26 23:00:00,2025-05-27 13:00:00,2025-05-27 14:36:23.745801,2025-06-03 15:31:07.242058,2025-06-05 04:06:52.104007,True
P102999,2025-05-27 00:19:28,2025-05-27 03:19:28,2025-05-29 12:39:38.122049,2025-05-31 09:13:26.903081,2025-06-06 18:18:24.876713,True
P101305,2025-05-27 01:22:06,2025-05-27 06:22:06,,,,False
P101444,2025-05-27 01:27:27,2025-05-27 09:27:27,2025-05-27 19:38:41.668163,2025-05-31 05:16:04.582100,2025-06-01 07:41:47.745268,True
P101375,2025-05-27 02:59:30,2025-05-27 02:59:30,,,,False
P100467,2025-05-27 03:23:46,2025-05-28 02:23:46,2025-05-30 06:47:38.920388,2025-06-03 13:16:07.154678,,False
P101195,2025-05-27 03:56:31,2025-05-27 07:56:31,2025-05-30 02:57:09.100708,2025-06-06 11:24:07.761602,2025-06-06 13:27:53.354733,True
P102475,2025-05-27 04:47:52,2025-05-27 07:47:52,2025-05-27 19:43:49.376062,2025-06-03 16:25:44.762307,2025-06-05 06:30:02.107133,True
P100920,2025-05-27 07:12:34,2025-05-28 02:12:34,2025-05-28 03:08:33.297276,2025-05-28 10:48:48.926537,2025-05-29 17:11:59.715075,True
P101409,2025-05-27 08:19:38,2025-05-27 09:19:38,2025-05-28 11:00:38.413377,2025-05-30 01:17:49.891596,,False
P101452,2025-05-27 12:07:26,,,,,False
P102075,2025-05-27 12:34:24,2025-05-27 21:34:24,2025-05-28 05:57:36.695353,2025-05-28 16:22:01.787658,2025-06-05 17:35:30.105223,True
P101240,2025-05-27 13:19:07,2025-05-27 16:19:07,,,,False
P101342,2025-05-27 18:31:46,2025-05-28 05:31:46,2025-05-28 16:11:43.876110,2025-05-30 18:06:52.090164,2025-06-02 09:32:22.040989,True
P102186,2025-05-27 19:43:10,2025-05-27 19:43:10,2025-05-27 20:12:13.474463,2025-05-28 15:21:08.428358,,False
P101468,2025-05-27 21:13:56,,,,,False
P101322,2025-05-27 22:09:22,,,,,False
P100115,2025-05-27 23:20:21,2025-05-28 09:20:21,2025-05-30 13:44:42.029651,,,False
P100814,2025-05-27 23:34:59,2025-05-28 01:34:59,2025-05-28 16:54:12.966082,2025-05-31 23:01:56.586096,,False
P101048,2025-05-27 23:50:24,,,,,False
P100614,2025-05-28 01:26:53,2025-05-28 14:26:53,2025-06-01 20:21:12.699356,2025-06-01 21:24:37.682998,2025-06-10 19:48:09.956407,True
P100795,2025-05-28 03:21:40,2025-05-28 22:21:40,2025-05-30 12:54:10.614712,2025-06-01 11:53:39.837944,,False
P101355,2025-05-28 04:05:58,2025-05-28 14:05:58,2025-05-30 07:54:23.132206,2025-05-30 17:28:07.957556,2025-06-03 12:21:22.283976,True
P102353,2025-05-28 04:36:02,2025-05-28 08:36:02,,,,False
P101060,2025-05-28 11:00:13,2025-05-28 17:00:13,2025-05-29 08:00:47.204503,2025-05-31 06:36:11.969058,2025-05-31 06:40:36.876937,True
P100948,2025-05-28 12:14:01,2025-05-28 21:14:01,2025-05-30 03:05:23.955429,,,False
P102311,2025-05-28 12:21:02,2025-05-29 04:21:02,2025-05-29 15:41:28.169815,2025-05-30 05:50:56.205238,2025-06-01 04:55:19.306918,True
P101002,2025-05-28 12:45:27,,,,,False
P101050,2025-05-28 13:30:17,,,,,False
P102218,2025-05-28 14:23:16,2025-05-29 03:23:16,2025-05-29 13:25:45.274711,2025-06-03 08:17:19.096783,2025-06-03 10:25:42.211432,True
P101158,2025-05-28 15:24:28,,,,,False
P101881,2025-05-28 16:57:58,2025-05-29 03:57:58,2025-05-30 11:16:05.533270,2025-05-30 15:10:15.135521,,False
P101978,2025-05-28 17:33:32,2025-05-29 06:33:32,2025-05-30 07:09:22.140121,2025-05-31 16:13:57.477216,2025-06-01 11:45:37.478620,True
P100767,2025-05-29 00:27:10,2025-05-29 16:27:10,,,,False
P102895,2025-05-29 02:20:17,2025-05-29 22:20:17,2025-06-02 12:56:41.951469,2025-06-05 23:43:03.563192,,False
P102254,2025-05-29 03:12:03,2025-05-29 08:12:03,2025-06-02 21:43:22.124708,2025-06-05 10:19:50.966110,,False
P102481,2025-05-29 04:21:36,2025-05-29 12:21:36,2025-05-30 18:07:42.762762,2025-05-30 21:39:12.538586,2025-06-05 00:28:39.362278,True
P101083,2025-05-29 04:49:29,2025-05-29 04:49:29,2025-05-30 01:51:36.448027,,,False
P100383,2025-05-29 06:12:15,2025-05-29 12:12:15,2025-05-30 04:14:45.764280,2025-05-30 11:14:54.003600,2025-06-04 12:20:42.161230,True
P102073,2025-05-29 07:02:43,2025-05-29 12:02:43,2025-05-29 23:16:43.425094,2025-05-30 03:46:40.082738,2025-05-30 21:22:56.270159,True
P101472,2025-05-29 09:39:42,2025-05-30 11:39:42,2025-05-31 18:25:32.882993,2025-06-01 18:50:02.869534,2025-06-03 02:30:11.427907,True
P101145,2025-05-29 09:46:26,2025-05-30 03:46:26,,,,False
P100554,2025-05-29 10:04:49,2025-05-29 22:04:49,,,,False
P100735,2025-05-29 12:10:56,2025-05-29 12:10:56,2025-05-29 19:08:58.093900,,,False
P101117,2025-05-29 17:03:01,2025-05-29 21:03:01,2025-05-31 22:18:59.449621,2025-06-02 16:45:49.389149,,False
P100264,2025-05-29 17:12:14,2025-05-30 02:12:14,2025-05-30 15:24:00.609936,2025-06-01 08:40:59.474876,2025-06-03 05:41:55.923293,True
P101911,2025-05-29 17:42:03,,,,,False
P101671,2025-05-29 17:46:05,2025-05-29 19:46:05,2025-05-31 01:08:57.970844,2025-06-04 23:55:06.104155,2025-06-10 10:30:26.334525,True
P100183,2025-05-29 19:40:43,2025-05-30 12:40:43,2025-06-01 16:49:54.745638,2025-06-05 11:36:55.510963,,False
P102074,2025-05-30 00:46:35,,,,,False
P101610,2025-05-30 02:34:50,2025-05-30 02:34:50,2025-05-30 12:09:56.658374,2025-05-30 19:41:26.587922,2025-06-04 23:36:43.357943,True
P102661,2025-05-30 11:07:36,2025-05-30 17:07:36,2025-05-31 07:34:15.100115,2025-06-02 02:35:11.925415,,False
P101157,2025-05-30 11:11:57,2025-05-31 10:11:57,2025-06-03 11:19:30.593785,,,False
P102119,2025-05-30 18:10:31,2025-05-31 08:10:31,2025-06-02 06:25:17.506314,2025-06-02 18:41:20.353466,2025-06-02 20:31:14.055028,True
P102461,2025-05-30 18:47:37,2025-05-31 23:47:37,2025-06-02 20:41:35.040120,2025-06-03 01:37:38.790528,,False
P102128,2025-05-30 21:08:26,2025-05-31 08:08:26,2025-05-31 19:24:58.271717,2025-06-01 22:54:49.596344,2025-06-02 01:41:26.078859,True
P101044,2025-05-31 00:26:27,2025-05-31 04:26:27,2025-06-02 12:58:09.833067,,,False
P101735,2025-05-31 01:33:26,2025-06-01 00:33:26,,,,False
P101553,2025-05-31 04:58:03,2025-05-31 08:58:03,2025-06-01 03:26:26.701771,2025-06-04 02:48:38.309291,2025-06-04 07:21:38.686243,True
P102511,2025-05-31 06:17:14,2025-05-31 09:17:14,2025-05-31 21:29:36.319786,2025-06-02 03:39:23.599070,2025-06-03 01:34:00.972935,True
P101102,2025-05-31 07:30:42,2025-05-31 11:30:42,2025-05-31 16:10:14.112322,2025-06-01 10:47:53.737117,2025-06-02 06:59:04.045346,True
P101916,2025-05-31 19:52:56,2025-06-01 08:52:56,2025-06-02 04:31:00.612760,2025-06-03 17:39:17.284736,2025-06-04 18:59:17.083324,True
P102429,2025-06-01 01:12:01,2025-06-01 20:12:01,,,,False
P102135,2025-06-01 01:43:41,2025-06-01 04:43:41,2025-06-02 02:38:20.879391,2025-06-02 04:51:13.654913,2025-06-05 18:50:21.834150,True
P100645,2025-06-01 04:12:40,2025-06-01 08:12:40,2025-06-03 06:41:14.584036,2025-06-04 18:47:32.651307,2025-06-06 00:36:29.835854,True
P100489,2025-06-01 04:24:59,2025-06-01 22:24:59,,,,False
P101848,2025-06-01 05:57:53,2025-06-01 05:57:53,2025-06-01 08:54:44.037901,2025-06-01 14:15:20.646374,,False
P102757,2025-06-01 06:32:28,2025-06-01 18:32:28,2025-06-02 06:25:54.662320,2025-06-03 09:48:30.563209,2025-06-05 15:00:56.084593,True
P102674,2025-06-01 11:02:32,2025-06-01 15:02:32,2025-06-02 15:34:31.501952,2025-06-04 16:46:12.525335,2025-06-05 04:05:43.862179,True
P100198,2025-06-01 11:24:54,,,,,False
P100280,2025-06-01 12:12:19,2025-06-01 16:12:19,,,,False
P102581,2025-06-01 13:45:49,2025-06-01 17:45:49,2025-06-02 15:26:16.059589,2025-06-04 08:58:37.438317,2025-06-15 16:42:43.930654,True
P102394,2025-06-01 15:30:30,2025-06-02 02:30:30,2025-06-03 09:48:03.690189,2025-06-03 22:28:17.517865,2025-06-07 14:16:59.451126,True
P101120,2025-06-01 21:09:33,2025-06-02 18:09:33,,,,False
P100427,2025-06-01 21:17:54,2025-06-02 02:17:54,2025-06-11 06:38:56.741961,2025-06-12 00:36:49.574516,2025-06-12 11:42:55.776141,True
P100088,2025-06-01 22:10:32,2025-06-02 12:10:32,2025-06-04 17:45:31.120491,2025-06-08 15:37:30.093825,,False
P100905,2025-06-02 00:17:31,2025-06-02 10:17:31,2025-06-02 19:17:54.505011,2025-06-02 21:38:17.093901,2025-06-06 20:35:58.082336,True
P102113,2025-06-02 07:52:30,2025-06-02 10:52:30,2025-06-04 12:29:29.795983,2025-06-05 09:01:17.347079,2025-06-05 22:05:06.826863,True
P101599,2025-06-02 08:29:33,2025-06-02 15:29:33,2025-06-03 19:13:31.666619,2025-06-04 19:19:55.851405,2025-06-08 23:22:56.105452,True
P102262,2025-06-02 09:24:56,2025-06-02 17:24:56,2025-06-03 14:59:26.581310,,,False
P100758,2025-06-02 09:38:20,2025-06-02 09:38:20,2025-06-06 12:26:45.199630,2025-06-09 15:07:15.441175,2025-06-14 02:22:26.660681,True
P100228,2025-06-02 09:44:58,2025-06-02 13:44:58,2025-06-04 09:20:40.040551,2025-06-06 23:46:44.950475,2025-06-09 10:30:15.172155,True
P100473,2025-06-02 12:29:08,2025-06-04 03:29:08,2025-06-05 20:41:46.198266,2025-06-08 15:44:39.833237,2025-06-11 10:10:22.588829,True
P100118,2025-06-02 14:08:51,2025-06-02 22:08:51,2025-06-02 22:34:23.599376,,,False
P102870,2025-06-02 16:05:13,2025-06-02 19:05:13,2025-06-05 19:11:43.122774,2025-06-10 15:42:44.303198,2025-06-14 11:24:52.708091,True
P102236,2025-06-02 18:38:07,2025-06-02 20:38:07,,,,False
P102621,2025-06-02 19:38:46,2025-06-02 20:38:46,2025-06-03 09:25:55.316907,2025-06-03 09:58:05.699760,2025-06-09 13:34:57.473304,True
P102872,2025-06-02 20:12:58,2025-06-03 00:12:58,2025-06-03 12:39:11.091532,2025-06-05 17:35:33.949401,2025-06-05 19:44:42.863808,True
P102509,2025-06-02 20:26:31,2025-06-02 21:26:31,2025-06-02 23:25:14.017025,,,False
P101230,2025-06-02 21:04:34,2025-06-02 22:04:34,2025-06-02 23:57:18.497874,2025-06-03 06:25:01.945335,2025-06-16 22:44:23.685333,True
P101772,2025-06-02 21:33:26,,,,,False
P100594,2025-06-03 05:01:02,2025-06-03 12:01:02,2025-06-03 19:26:10.857489,2025-06-05 11:00:51.786377,2025-06-06 00:32:25.013599,True
P101311,2025-06-03 05:38:43,2025-06-03 06:38:43,,,,False
P100405,2025-06-03 06:00:39,2025-06-03 06:00:39,,,,False
P100053,2025-06-03 06:17:05,2025-06-03 06:17:05,2025-06-03 21:43:52.374392,,,False
P100191,2025-06-03 06:46:57,2025-06-03 08:46:57,2025-06-04 01:59:44.770135,2025-06-10 04:34:12.518810,2025-06-11 21:06:29.388532,True
P100197,2025-06-03 08:02:07,2025-06-03 09:02:07,,,,False
P100897,2025-06-03 09:37:22,2025-06-03 15:37:22,2025-06-03 19:06:46.191415,2025-06-05 11:21:23.934192,2025-06-05 20:10:20.755931,True
P100853,2025-06-03 14:54:24,2025-06-03 18:54:24,2025-06-03 20:03:22.735150,2025-06-05 19:56:10.965747,2025-06-07 16:44:30.031681,True
P100121,2025-06-03 16:51:26,2025-06-03 19:51:26,,,,False
P101517,2025-06-03 17:53:47,2025-06-04 07:53:47,2025-06-08 15:03:03.879640,2025-06-10 15:31:23.064828,2025-06-17 17:18:00.265539,True
P100671,2025-06-03 18:05:49,2025-06-03 23:05:49,2025-06-07 16:48:22.228205,2025-06-07 22:38:52.901925,2025-06-11 14:36:21.392172,True
P101785,2025-06-03 21:22:26,,,,,False
P100631,2025-06-03 21:50:53,2025-06-03 23:50:53,2025-06-05 11:30:16.871600,2025-06-07 03:26:45.308125,2025-06-08 17:39:12.835369,True
P100922,2025-06-03 22:11:06,2025-06-05 02:11:06,2025-06-08 00:00:23.601290,2025-06-14 18:48:06.401631,2025-06-15 22:25:13.859097,True
P101781,2025-06-04 03:16:21,,,,,False
P100485,2025-06-04 05:38:44,2025-06-04 07:38:44,2025-06-04 14:47:48.552959,2025-06-05 11:02:00.848951,2025-06-09 00:38:51.103254,True
P102720,2025-06-04 06:02:31,2025-06-04 07:02:31,2025-06-06 00:32:01.776270,,,False
P102017,2025-06-04 08:32:14,2025-06-04 13:32:14,2025-06-08 08:45:19.257965,2025-06-09 16:21:17.276719,,False
P102425,2025-06-04 09:48:53,2025-06-04 14:48:53,2025-06-04 15:31:39.057534,2025-06-06 22:07:24.964639,2025-06-08 07:21:30.980838,True
P100745,2025-06-04 10:11:23,2025-06-04 14:11:23,,,,False
P101356,2025-06-04 18:16:20,2025-06-05 00:16:20,2025-06-05 11:22:39.155246,2025-06-07 13:41:34.266227,2025-06-07 14:43:08.643100,True
P100203,2025-06-04 19:06:54,2025-06-04 21:06:54,,,,False
P100947,2025-06-04 20:50:33,2025-06-04 20:50:33,2025-06-05 06:02:29.708487,2025-06-05 14:14:32.216335,2025-06-07 17:48:39.533767,True
P102925,2025-06-04 21:32:07,2025-06-05 03:32:07,2025-06-05 20:58:35.507116,2025-06-08 07:42:07.127612,,False
P100192,2025-06-04 22:46:22,2025-06-05 19:46:22,2025-06-10 00:57:25.033204,2025-06-10 04:21:01.808898,2025-06-10 17:55:56.001516,True
P101559,2025-06-04 23:52:39,2025-06-05 00:52:39,2025-06-07 23:43:33.486281,2025-06-08 00:06:32.750530,2025-06-10 10:40:21.241528,True
P100568,2025-06-05 03:56:51,2025-06-05 12:56:51,2025-06-09 22:01:38.690813,2025-06-09 23:37:12.034877,,False
P102356,2025-06-05 09:03:54,2025-06-05 13:03:54,2025-06-05 17:41:25.439433,,,False
P100408,2025-06-05 09:37:40,2025-06-05 11:37:40,2025-06-05 12:39:07.033608,,,False
P100401,2025-06-05 15:26:52,2025-06-06 06:26:52,,,,False
P100367,2025-06-05 21:07:47,2025-06-06 01:07:47,2025-06-09 17:34:34.956923,2025-06-10 07:40:05.310538,,False
P102232,2025-06-05 21:12:48,2025-06-06 04:12:48,,,,False
P100104,2025-06-06 00:32:00,,,,,False
P102472,2025-06-06 01:20:23,2025-06-06 01:20:23,2025-06-06 10:38:09.595500,2025-06-06 10:47:28.449578,,False
P100043,2025-06-06 02:56:01,2025-06-06 09:56:01,,,,False
P102801,2025-06-06 03:00:28,2025-06-06 07:00:28,,,,False
P100150,2025-06-06 03:30:25,,,,,False
P102251,2025-06-06 07:29:10,2025-06-06 14:29:10,2025-06-06 21:44:03.797242,2025-06-07 17:58:09.790097,2025-06-08 13:40:58.920628,True
P100453,2025-06-06 07:33:36,2025-06-06 07:33:36,2025-06-06 16:55:44.072567,2025-06-09 14:08:47.020927,2025-06-12 01:39:44.291293,True
P102571,2025-06-06 12:34:14,2025-06-06 13:34:14,2025-06-07 06:37:15.225067,2025-06-07 21:26:52.218609,2025-06-08 01:57:21.771122,True
P102012,2025-06-06 13:14:05,,,,,False
P102191,2025-06-06 13:14:22,2025-06-06 13:14:22,2025-06-07 12:03:08.847218,,,False
P102107,2025-06-06 15:16:02,2025-06-06 23:16:02,2025-06-11 07:25:41.469796,2025-06-12 13:16:21.281379,2025-06-13 21:55:05.751583,True
P101367,2025-06-06 17:03:06,2025-06-07 16:03:06,,,,False
P100748,2025-06-06 17:26:30,2025-06-06 18:26:30,2025-06-07 02:26:08.689741,2025-06-07 17:06:34.623444,,False
P102083,2025-06-06 21:31:46,2025-06-07 01:31:46,2025-06-08 05:11:01.948854,2025-06-08 09:48:38.336363,,False
P102320,2025-06-06 21:44:42,2025-06-07 03:44:42,,,,False
P102002,2025-06-06 22:37:21,,,,,False
P100785,2025-06-06 23:23:34,2025-06-07 06:23:34,2025-06-11 08:51:40.434713,2025-06-12 10:29:00.843503,2025-06-15 02:43:13.764653,True
P102209,2025-06-07 05:50:29,2025-06-07 09:50:29,2025-06-10 02:59:24.907510,2025-06-10 12:56:20.761249,,False
P102351,2025-06-07 07:22:12,2025-06-07 08:22:12,2025-06-08 02:06:28.944627,2025-06-12 08:16:12.798149,2025-06-13 02:35:23.320204,True
P101360,2025-06-07 09:20:54,2025-06-07 09:20:54,2025-06-07 18:06:50.872266,,,False
P102623,2025-06-07 09:36:05,2025-06-07 19:36:05,2025-06-11 12:07:45.593761,2025-06-14 11:42:01.830519,2025-06-15 06:12:20.509094,True
P100506,2025-06-07 21:44:38,2025-06-07 23:44:38,2025-06-08 17:17:59.004026,2025-06-14 15:46:21.047611,2025-06-15 10:11:56.855909,True
P100273,2025-06-07 21:49:41,2025-06-08 12:49:41,2025-06-10 17:46:07.485870,2025-06-16 09:15:17.848777,2025-06-22 17:50:07.099326,True
P100953,2025-06-08 02:58:23,2025-06-08 12:58:23,2025-06-15 09:05:47.759648,2025-06-16 20:48:34.729920,2025-06-19 07:05:27.832645,True
P102100,2025-06-08 04:03:25,2025-06-08 04:03:25,2025-06-09 11:04:06.350853,2025-06-17 15:22:19.931613,2025-06-22 11:03:03.578514,True
P101018,2025-06-08 09:34:44,2025-06-08 10:34:44,,,,False
P100996,2025-06-08 11:30:30,2025-06-08 13:30:30,2025-06-10 08:50:09.065491,,,False
P102382,2025-06-08 12:11:20,,,,,False
P100937,2025-06-08 12:11:59,,,,,False
P100242,2025-06-08 17:09:13,2025-06-08 17:09:13,2025-06-09 06:38:01.371151,,,False
P100836,2025-06-08 18:26:46,2025-06-08 20:26:46,2025-06-09 02:54:16.146122,2025-06-12 06:08:29.956853,2025-06-12 22:16:05.302735,True
P102205,2025-06-09 01:33:16,2025-06-09 04:33:16,,,,False
P101662,2025-06-09 01:37:47,2025-06-09 02:37:47,2025-06-10 09:29:36.821451,2025-06-14 16:07:19.873067,2025-06-21 19:45:47.118827,True
P100615,2025-06-09 05:23:24,2025-06-09 11:23:24,2025-06-11 14:56:49.858755,2025-06-15 03:15:03.574521,2025-06-19 13:35:58.363918,True
P102835,2025-06-09 10:52:28,2025-06-09 15:52:28,2025-06-12 18:09:15.953948,2025-06-13 12:40:26.494146,,False
P101854,2025-06-09 11:17:24,2025-06-09 14:17:24,2025-06-09 23:15:07.078750,2025-06-10 13:27:59.575846,,False
P100813,2025-06-09 11:55:33,2025-06-09 16:55:33,2025-06-11 23:23:08.907445,2025-06-14 14:55:09.514180,,False
P102842,2025-06-09 15:41:03,,,,,False
P102754,2025-06-09 16:05:39,2025-06-09 19:05:39,2025-06-11 06:46:16.406251,2025-06-11 10:14:53.362463,2025-06-12 01:08:18.377442,True
P102954,2025-06-09 17:07:26,,,,,False
P101248,2025-06-09 17:12:02,2025-06-09 23:12:02,2025-06-10 09:51:18.815942,2025-06-10 17:43:57.454025,,False
P102853,2025-06-09 18:29:03,2025-06-09 22:29:03,2025-06-11 07:33:26.109704,2025-06-13 02:19:48.679470,,False
P100825,2025-06-09 18:31:10,2025-06-09 19:31:10,2025-06-10 19:04:58.368564,2025-06-10 23:23:12.417562,2025-06-12 23:33:06.027806,True
P100799,2025-06-10 08:10:37,2025-06-10 08:10:37,2025-06-12 16:27:33.711304,2025-06-13 03:38:04.377190,2025-06-17 02:31:19.617578,True
P101686,2025-06-10 08:36:19,2025-06-10 09:36:19,2025-06-12 04:37:07.562732,2025-06-13 18:27:23.325799,2025-06-16 00:53:18.734942,True
P100182,2025-06-10 17:40:10,2025-06-10 17:40:10,2025-06-12 22:31:12.719114,,,False
P101022,2025-06-10 21:23:16,,,,,False
P100055,2025-06-10 22:07:30,2025-06-11 00:07:30,2025-06-12 19:59:40.591872,2025-06-17 13:53:39.674605,2025-06-17 14:51:19.353964,True
P100807,2025-06-11 03:01:18,2025-06-11 07:01:18,2025-06-12 16:32:04.167478,,,False
P101639,2025-06-11 04:04:53,2025-06-11 07:04:53,2025-06-12 05:02:36.471880,,,False
P102820,2025-06-11 06:01:12,2025-06-11 12:01:12,2025-06-12 05:07:59.679298,2025-06-16 09:51:33.960098,2025-06-16 17:06:54.207759,True
P100245,2025-06-11 08:33:36,2025-06-11 18:33:36,2025-06-12 09:03:47.761272,2025-06-12 22:53:24.855680,2025-06-13 17:03:14.029205,True
P101634,2025-06-11 09:58:52,2025-06-11 14:58:52,2025-06-11 15:19:51.901470,2025-06-13 10:01:13.884268,,False
P101838,2025-06-11 12:59:11,2025-06-11 12:59:11,2025-06-11 19:40:30.401838,2025-06-12 17:44:17.640297,,False
P101103,2025-06-11 14:20:18,2025-06-11 14:20:18,2025-06-11 16:31:36.252561,2025-06-14 11:29:00.013389,2025-06-18 19:49:31.481444,True
P100577,2025-06-11 14:28:33,2025-06-11 15:28:33,2025-06-14 11:22:48.379899,2025-06-15 09:40:44.045804,,False
P102515,2025-06-11 15:39:58,2025-06-11 19:39:58,2025-06-14 18:28:08.520921,2025-06-15 08:12:17.911256,2025-06-20 02:40:56.679209,True
P101519,2025-06-11 20:21:30,2025-06-11 20:21:30,2025-06-14 15:45:08.833224,2025-06-16 12:40:04.734702,2025-06-18 22:24:22.407761,True
P101015,2025-06-11 23:56:47,2025-06-12 02:56:47,,,,False
P100512,2025-06-12 10:40:37,,,,,False
P100395,2025-06-12 11:43:59,2025-06-12 11:43:59,,,,False
P102569,2025-06-12 13:18:34,2025-06-13 12:18:34,2025-06-17 02:08:35.393471,2025-06-18 04:27:25.986028,2025-06-23 04:03:38.307319,True
P100796,2025-06-12 15:50:21,2025-06-13 06:50:21,2025-06-15 10:10:57.502009,2025-06-18 14:21:17.967279,2025-06-21 12:57:04.809423,True
P100684,2025-06-12 16:06:20,2025-06-13 06:06:20,2025-06-13 06:10:16.124032,2025-06-15 00:23:19.984455,,False
P101183,2025-06-12 16:20:19,2025-06-13 07:20:19,,,,False
P101455,2025-06-12 18:58:32,2025-06-12 18:58:32,,,,False
P100112,2025-06-12 20:31:43,2025-06-12 21:31:43,2025-06-13 09:23:16.170192,2025-06-17 00:24:29.722212,2025-06-17 05:15:55.214894,True
P101667,2025-06-12 20:37:09,2025-06-12 21:37:09,2025-06-13 18:13:16.476682,,,False
P102304,2025-06-12 21:35:33,2025-06-12 21:35:33,2025-06-16 06:00:57.546328,2025-06-17 22:24:57.595052,,False
P100715,2025-06-12 22:07:55,2025-06-13 01:07:55,2025-06-14 15:22:45.638859,2025-06-16 21:26:15.184911,2025-06-21 08:25:17.896369,True
P101521,2025-06-13 01:07:58,2025-06-13 15:07:58,,,,False
P100256,2025-06-13 01:56:08,2025-06-13 03:56:08,2025-06-14 04:13:19.983318,2025-06-14 06:48:55.458283,2025-06-15 20:39:40.767861,True
P101955,2025-06-13 03:20:21,2025-06-13 05:20:21,2025-06-15 18:33:12.807249,2025-06-20 15:19:31.411403,2025-06-27 10:43:41.993611,True
P100806,2025-06-13 04:25:16,2025-06-13 13:25:16,2025-06-14 02:14:37.325051,2025-06-14 17:25:34.957514,2025-06-16 18:57:14.558068,True
P101415,2025-06-13 05:51:07,2025-06-13 05:51:07,2025-06-14 16:13:03.454797,2025-06-14 19:02:12.918001,2025-06-17 15:27:40.172854,True
P101419,2025-06-13 06:09:51,2025-06-13 09:09:51,2025-06-13 20:06:48.326961,2025-06-14 09:08:07.773078,2025-06-27 03:36:20.455995,True
P101301,2025-06-13 06:37:42,2025-06-13 08:37:42,2025-06-14 08:10:01.757927,2025-06-16 02:32:22.540795,2025-06-18 07:44:42.244159,True
P102949,2025-06-13 11:17:13,2025-06-14 02:17:13,2025-06-14 03:11:08.803105,2025-06-14 05:32:21.107876,2025-06-18 19:42:42.936600,True
P102185,2025-06-14 02:34:25,2025-06-14 07:34:25,2025-06-17 04:25:12.688583,2025-06-17 04:27:24.890762,2025-06-18 18:54:53.420678,True
P100178,2025-06-14 03:34:15,2025-06-14 11:34:15,2025-06-14 13:21:17.552337,2025-06-16 14:18:33.241485,,False
P100971,2025-06-14 05:39:14,2025-06-14 06:39:14,2025-06-14 15:48:01.138719,2025-06-15 20:47:34.906182,,False
P100751,2025-06-14 06:32:49,,,,,False
P101185,2025-06-14 09:19:36,2025-06-14 12:19:36,2025-06-15 23:39:07.165110,2025-06-16 13:56:46.330557,2025-06-18 06:58:27.921137,True
P101052,2025-06-14 09:30:17,2025-06-14 18:30:17,2025-06-16 16:20:08.842292,2025-06-17 08:09:04.253608,2025-06-19 10:34:59.932373,True
P101865,2025-06-14 11:04:44,2025-06-15 11:04:44,2025-06-15 14:05:53.810229,2025-06-15 17:58:21.916342,2025-06-17 09:42:31.041703,True
P100358,2025-06-14 12:04:02,2025-06-14 17:04:02,,,,False
P100052,2025-06-14 12:43:53,2025-06-14 17:43:53,2025-06-17 03:29:23.247376,2025-06-18 01:21:23.243190,2025-06-25 01:36:14.920612,True
P100720,2025-06-14 14:25:34,2025-06-14 14:25:34,,,,False
P102022,2025-06-14 16:19:15,2025-06-14 19:19:15,2025-06-17 11:26:27.946216,,,False
P100240,2025-06-14 18:32:16,,,,,False
P101655,2025-06-14 23:09:44,2025-06-15 00:09:44,2025-06-17 02:12:53.575431,2025-06-17 07:32:58.965657,2025-06-17 09:22:59.015629,True
P100364,2025-06-15 00:46:03,2025-06-15 19:46:03,2025-06-16 12:55:15.586560,2025-06-18 00:30:44.033038,2025-06-19 18:52:03.327095,True
P101090,2025-06-15 01:29:28,2025-06-15 09:29:28,2025-06-16 17:36:17.392587,2025-06-17 04:06:08.269714,,False
P102482,2025-06-15 08:19:28,2025-06-15 12:19:28,2025-06-17 23:14:53.361150,2025-06-18 10:42:30.010142,2025-06-24 15:18:44.370532,True
P101024,2025-06-15 08:24:26,,,,,False
P102344,2025-06-15 11:21:15,2025-06-15 12:21:15,2025-06-16 08:08:23.967738,2025-06-17 13:39:49.580290,2025-06-23 18:18:02.493310,True
P102734,2025-06-15 11:44:41,2025-06-15 12:44:41,2025-06-17 13:18:26.105753,,,False
P100134,2025-06-15 12:09:24,2025-06-15 14:09:24,,,,False
P102802,2025-06-15 13:13:08,,,,,False
P101012,2025-06-15 15:29:58,2025-06-16 10:29:58,2025-06-16 22:58:29.534401,2025-06-18 17:22:57.461535,2025-06-21 02:41:53.343366,True
P101975,2025-06-15 16:27:31,2025-06-15 19:27:31,2025-06-15 20:38:31.862611,2025-06-16 12:30:14.691777,2025-06-25 18:38:04.979337,True
P101844,2025-06-15 16:37:52,2025-06-15 21:37:52,2025-06-15 22:41:45.432645,,,False
P102885,2025-06-15 19:44:11,2025-06-15 20:44:11,2025-06-20 03:43:40.056961,2025-06-23 07:18:07.880018,2025-06-26 20:39:35.747663,True
P101223,2025-06-15 23:44:41,2025-06-16 09:44:41,2025-06-20 17:51:36.386556,2025-06-23 22:37:28.009455,2025-07-01 17:36:52.866747,True
P102871,2025-06-16 00:43:57,2025-06-16 06:43:57,2025-06-16 15:16:37.154027,,,False
P101448,2025-06-16 01:32:53,2025-06-16 05:32:53,2025-06-16 11:17:29.615560,,,False
P102553,2025-06-16 02:35:44,,,,,False
P101084,2025-06-16 03:16:35,2025-06-16 20:16:35,,,,False
P100789,2025-06-16 03:17:54,2025-06-16 11:17:54,2025-06-17 01:57:00.349453,2025-06-19 20:43:54.151791,2025-06-28 02:01:53.197167,True
P100445,2025-06-16 09:22:02,2025-06-17 05:22:02,,,,False
P100869,2025-06-16 15:03:20,,,,,False
P102968,2025-06-16 15:25:01,2025-06-17 05:25:01,2025-06-19 07:14:29.855782,2025-06-22 15:52:48.934680,2025-06-23 21:39:28.869169,True
P102053,2025-06-16 17:03:51,2025-06-16 21:03:51,2025-06-17 00:06:20.197438,2025-06-20 03:32:35.630544,2025-06-20 15:02:31.656615,True
P100535,2025-06-16 17:26:07,,,,,False
P102274,2025-06-17 00:03:48,,,,,False
P101550,2025-06-17 01:53:48,2025-06-17 02:53:48,,,,False
P102938,2025-06-17 04:22:08,,,,,False
P100488,2025-06-17 04:35:44,2025-06-17 05:35:44,2025-06-17 08:50:04.703139,2025-06-17 09:45:38.326588,,False
P100998,2025-06-17 06:58:25,2025-06-17 09:58:25,,,,False
P101427,2025-06-17 07:17:50,2025-06-17 09:17:50,,,,False
P100508,2025-06-17 08:01:41,2025-06-17 15:01:41,2025-06-21 19:44:07.820962,,,False
P102843,2025-06-17 09:22:37,2025-06-19 06:22:37,2025-06-21 01:29:57.707072,2025-06-22 07:57:54.689265,2025-06-22 09:50:31.895336,True
P100917,2025-06-17 10:35:34,2025-06-17 10:35:34,2025-06-18 05:39:57.980156,2025-06-18 20:29:48.418148,,False
P100575,2025-06-17 14:52:15,2025-06-18 02:52:15,2025-06-20 17:02:49.661511,2025-06-22 11:53:32.472719,2025-06-26 21:30:54.087423,True
P100412,2025-06-17 16:20:47,2025-06-17 17:20:47,,,,False
P100411,2025-06-17 16:26:37,2025-06-17 16:26:37,,,,False
P102638,2025-06-17 17:46:56,2025-06-18 01:46:56,2025-06-19 20:46:00.166646,2025-06-22 13:59:41.124398,2025-07-07 08:36:53.653809,True
P101079,2025-06-17 20:15:20,,,,,False
P102788,2025-06-17 22:28:28,2025-06-17 23:28:28,2025-06-20 08:27:48.932193,2025-06-21 20:15:20.634360,2025-06-22 21:26:23.213681,True
P100033,2025-06-17 22:38:06,2025-06-18 01:38:06,2025-06-19 14:53:44.686091,,,False
P102862,2025-06-17 22:46:58,2025-06-17 23:46:58,2025-06-21 06:18:39.011288,2025-06-25 09:16:36.990171,2025-06-25 20:59:31.958164,True
P101220,2025-06-17 23:36:56,,,,,False
P100001,2025-06-17 23:58:48,2025-06-18 01:58:48,,,,False
P101773,2025-06-18 00:15:24,,,,,False
P100324,2025-06-18 03:33:36,2025-06-18 21:33:36,2025-06-18 23:58:59.757151,2025-06-24 01:25:03.536592,2025-06-25 12:11:31.849482,True
P102555,2025-06-18 08:16:53,2025-06-18 14:16:53,2025-06-18 23:14:06.647233,2025-06-20 09:16:55.930750,2025-06-20 19:59:00.108973,True
P102427,2025-06-18 09:49:58,2025-06-19 06:49:58,2025-06-19 21:58:55.704887,2025-06-22 11:32:52.727357,2025-06-24 23:48:05.489704,True
P101121,2025-06-18 11:03:11,2025-06-19 07:03:11,2025-06-19 08:06:21.932897,2025-06-20 13:24:24.333403,2025-06-29 04:55:51.122036,True
P102503,2025-06-18 14:14:32,2025-06-18 18:14:32,2025-06-19 07:51:37.316763,2025-06-19 19:42:47.490180,2025-06-23 02:35:08.776815,True
P100540,2025-06-18 14:37:36,2025-06-18 20:37:36,2025-06-21 01:46:39.994233,2025-06-21 08:07:47.442048,2025-06-24 02:29:33.172413,True
P100241,2025-06-18 22:34:17,2025-06-19 00:34:17,2025-06-21 18:37:05.184119,2025-06-22 01:39:10.821514,2025-06-23 04:17:44.693658,True
P102325,2025-06-18 23:29:37,2025-06-20 12:29:37,2025-06-20 12:48:52.110812,2025-06-20 13:50:57.055769,,False
P101512,2025-06-18 23:31:38,2025-06-19 01:31:38,,,,False
P102803,2025-06-19 03:07:01,2025-06-19 15:07:01,,,,False
P102527,2025-06-19 03:26:19,,,,,False
P102765,2025-06-19 04:38:12,2025-06-19 07:38:12,,,,False
P102646,2025-06-19 08:15:09,2025-06-19 08:15:09,2025-06-25 10:43:45.251409,2025-06-26 19:36:19.182394,2025-06-28 05:34:57.193839,True
P101996,2025-06-19 11:50:24,2025-06-19 17:50:24,2025-06-23 00:26:20.340477,2025-06-24 05:06:24.164306,2025-06-26 02:48:28.421680,True
P101906,2025-06-19 12:30:39,2025-06-19 14:30:39,,,,False
P101623,2025-06-19 12:55:46,2025-06-19 13:55:46,2025-06-19 18:52:47.603317,2025-06-21 19:39:24.458587,2025-06-23 01:09:41.882396,True
P101800,2025-06-19 14:44:11,2025-06-19 16:44:11,2025-06-20 15:56:56.298186,2025-06-22 12:54:14.307493,2025-06-27 19:02:14.672906,True
P102733,2025-06-19 15:18:07,2025-06-19 17:18:07,2025-06-27 07:06:05.600026,2025-06-28 03:17:34.446117,2025-06-29 16:06:39.204111,True
P101756,2025-06-19 23:21:41,2025-06-20 04:21:41,2025-06-20 10:10:17.808357,2025-06-21 06:20:49.959421,,False
P100140,2025-06-20 01:23:59,2025-06-20 04:23:59,2025-06-21 11:08:19.786857,,,False
P102434,2025-06-20 02:51:53,2025-06-20 02:51:53,2025-06-20 18:03:26.973200,2025-06-22 08:52:23.715178,2025-06-23 17:41:17.752711,True
P102625,2025-06-20 04:46:39,2025-06-20 10:46:39,2025-06-21 04:26:45.542887,2025-06-23 17:18:04.796062,,False
P100248,2025-06-20 04:50:13,2025-06-20 16:50:13,2025-06-24 00:33:32.922353,,,False
P102213,2025-06-20 08:38:25,,,,,False
P102471,2025-06-20 08:42:56,2025-06-21 13:42:56,2025-06-23 16:54:31.208633,2025-06-24 10:19:40.751819,,False
P100313,2025-06-20 10:19:18,,,,,False
P100366,2025-06-20 10:45:59,2025-06-20 23:45:59,,,,False
P101180,2025-06-20 11:07:11,2025-06-20 16:07:11,2025-06-23 00:35:51.328454,2025-06-26 00:46:01.537786,,False
P102738,2025-06-20 11:08:35,2025-06-20 16:08:35,2025-06-25 23:16:10.373564,2025-06-30 07:44:43.496692,2025-07-03 02:55:11.137672,True
P102020,2025-06-20 12:50:16,,,,,False
P101544,2025-06-20 13:08:35,2025-06-20 16:08:35,2025-06-23 00:13:57.194998,2025-06-23 13:19:12.074656,2025-06-24 02:44:48.699264,True
P102415,2025-06-20 15:43:53,2025-06-20 18:43:53,2025-06-21 18:47:01.668124,2025-06-22 21:59:13.416774,2025-06-25 13:15:40.754160,True
P100843,2025-06-20 17:48:13,2025-06-21 00:48:13,2025-06-21 07:12:57.499994,,,False
P101698,2025-06-20 19:59:07,2025-06-20 19:59:07,2025-06-20 21:37:22.458806,2025-06-23 05:10:34.716008,2025-06-25 16:48:32.184396,True
P102694,2025-06-20 20:50:57,,,,,False
P100464,2025-06-20 21:11:20,,,,,False
P102786,2025-06-20 21:26:49,2025-06-21 00:26:49,2025-06-21 05:27:14.963820,2025-06-22 11:30:11.540820,,False
P100469,2025-06-20 21:56:16,2025-06-20 22:56:16,2025-06-21 08:06:10.798547,2025-06-23 02:56:29.307379,2025-06-23 06:05:40.454795,True
P100247,2025-06-21 00:02:16,2025-06-21 01:02:16,2025-06-21 04:10:42.669427,2025-06-21 07:50:52.684598,2025-06-24 20:02:16.217144,True
P101700,2025-06-21 00:11:32,,,,,False
P101815,2025-06-21 02:43:57,2025-06-21 02:43:57,2025-06-21 07:35:38.058643,2025-06-22 19:29:57.534138,2025-06-25 17:45:16.641068,True
P101425,2025-06-21 03:40:10,,,,,False
P102451,2025-06-21 04:20:30,2025-06-21 04:20:30,2025-06-21 18:54:05.462960,2025-06-24 08:39:54.266995,,False
P102913,2025-06-21 06:20:21,2025-06-21 08:20:21,2025-06-23 00:28:36.302640,2025-06-25 06:30:28.757174,2025-06-27 12:06:29.836984,True
P100717,2025-06-21 10:37:10,2025-06-21 12:37:10,,,,False
P102091,2025-06-21 11:04:27,,,,,False
P102985,2025-06-21 12:28:41,2025-06-23 02:28:41,2025-06-29 20:50:08.134287,2025-07-01 18:02:18.730543,2025-07-05 15:25:45.887841,True
P100034,2025-06-21 12:34:30,2025-06-21 13:34:30,,,,False
P102636,2025-06-21 17:39:40,2025-06-21 18:39:40,,,,False
P102122,2025-06-21 17:42:52,2025-06-21 22:42:52,,,,False
P101370,2025-06-22 00:05:20,2025-06-22 01:05:20,,,,False
P101388,2025-06-22 00:50:09,2025-06-22 05:50:09,,,,False
P101238,2025-06-22 01:34:55,2025-06-22 05:34:55,2025-06-22 17:46:15.717442,,,False
P100011,2025-06-22 04:29:59,2025-06-22 07:29:59,2025-06-26 13:04:49.758587,,,False
P101023,2025-06-22 04:42:48,2025-06-22 17:42:48,2025-06-25 01:25:43.387308,2025-06-26 19:39:46.447643,2025-06-27 13:53:46.120091,True
P101101,2025-06-22 04:49:47,2025-06-22 18:49:47,2025-06-24 18:42:42.721746,2025-06-24 22:10:11.252834,2025-06-27 13:20:23.119738,True
P100139,2025-06-22 06:04:29,2025-06-23 17:04:29,,,,False
P100522,2025-06-22 06:29:46,2025-06-22 08:29:46,2025-06-24 13:22:12.068626,2025-06-24 16:40:19.580137,2025-06-24 20:19:24.890104,True
P100678,2025-06-22 07:04:39,2025-06-23 00:04:39,,,,False
P101197,2025-06-22 07:36:26,2025-06-22 13:36:26,,,,False
P101827,2025-06-22 07:41:12,2025-06-22 14:41:12,2025-06-25 09:10:39.710715,,,False
P100050,2025-06-22 07:50:30,2025-06-23 01:50:30,2025-06-23 09:01:23.353258,,,False
P101440,2025-06-22 08:29:24,2025-06-23 06:29:24,2025-06-23 12:53:47.489239,2025-06-24 05:09:00.928942,2025-06-30 16:09:15.247862,True
P100471,2025-06-22 13:16:28,2025-06-22 23:16:28,2025-06-23 05:30:26.344772,2025-06-27 02:37:01.939932,2025-06-27 15:53:50.613898,True
P100478,2025-06-22 14:29:58,2025-06-22 17:29:58,,,,False
P102286,2025-06-22 19:58:47,2025-06-23 00:58:47,,,,False
P102979,2025-06-22 22:05:53,,,,,False
P101382,2025-06-22 22:45:31,2025-06-23 12:45:31,2025-06-26 02:09:23.616742,2025-06-27 12:40:05.587500,2025-06-28 15:10:55.557807,True
P102033,2025-06-22 22:55:42,2025-06-23 06:55:42,2025-06-23 12:50:13.352526,2025-06-24 08:35:14.180944,2025-06-25 10:42:12.793272,True
P100226,2025-06-23 00:36:27,2025-06-23 03:36:27,2025-06-24 23:37:16.286665,,,False
P100305,2025-06-23 03:23:27,2025-06-23 07:23:27,2025-06-24 18:53:27.029221,,,False
P100498,2025-06-23 05:20:59,2025-06-23 05:20:59,2025-06-23 16:59:09.898987,2025-06-26 16:01:04.604354,2025-07-03 20:59:58.918486,True
P101754,2025-06-23 05:27:07,2025-06-24 01:27:07,2025-06-24 10:44:17.705215,2025-06-29 12:24:51.375508,2025-06-29 13:29:23.435086,True
P101334,2025-06-23 07:22:33,2025-06-23 07:22:33,2025-06-23 17:45:37.871942,2025-06-24 02:38:13.931445,2025-06-25 06:56:16.864729,True
P101681,2025-06-23 07:32:31,2025-06-23 13:32:31,2025-06-25 12:45:43.644194,2025-06-27 05:12:37.267130,2025-06-28 17:02:25.252277,True
P102717,2025-06-23 17:42:33,,,,,False
P101324,2025-06-23 17:45:28,2025-06-23 21:45:28,2025-06-24 09:28:55.316638,2025-06-25 01:58:43.044917,2025-07-03 17:43:39.986154,True
P102906,2025-06-23 23:25:35,2025-06-24 11:25:35,2025-06-24 12:14:41.799717,2025-06-25 16:50:07.651181,2025-06-28 16:05:47.163118,True
P101196,2025-06-23 23:32:06,2025-06-24 12:32:06,2025-06-28 02:31:20.861253,,,False
P101466,2025-06-24 02:40:15,2025-06-24 02:40:15,2025-06-26 04:58:08.214311,2025-06-26 07:08:03.255097,2025-06-26 22:24:51.896797,True
P102701,2025-06-24 03:44:00,2025-06-24 07:44:00,2025-06-25 06:46:42.705469,2025-06-28 07:43:33.311790,2025-06-30 00:43:54.369166,True
P102805,2025-06-24 03:46:09,2025-06-24 12:46:09,,,,False
P102200,2025-06-24 07:29:17,2025-06-24 11:29:17,2025-06-24 23:59:50.106207,,,False
P102165,2025-06-24 09:43:00,2025-06-24 15:43:00,2025-06-26 08:08:43.774164,2025-06-28 07:17:08.155460,2025-07-03 00:07:02.638508,True
P102963,2025-06-24 10:19:56,2025-06-24 17:19:56,2025-06-25 06:26:18.153656,2025-06-26 02:21:08.204438,2025-06-26 17:37:48.756761,True
P102576,2025-06-24 19:02:26,2025-06-24 20:02:26,,,,False
P102027,2025-06-25 02:13:07,2025-06-25 06:13:07,2025-06-28 01:16:01.242705,2025-06-28 14:12:29.817718,2025-07-02 23:04:58.356048,True
P102782,2025-06-25 09:38:15,2025-06-25 09:38:15,2025-06-27 17:18:49.977764,,,False
P102109,2025-06-25 10:09:21,2025-06-25 11:09:21,2025-06-25 23:41:39.671859,2025-06-26 02:45:12.778180,,False
P100675,2025-06-25 10:18:19,2025-06-25 15:18:19,2025-06-25 18:21:41.144953,2025-06-26 18:19:49.453210,2025-07-01 19:16:39.099063,True
P102498,2025-06-25 12:25:55,2025-06-25 18:25:55,2025-06-26 10:21:45.517785,2025-06-26 15:17:52.048129,,False
P102485,2025-06-25 14:19:27,2025-06-25 15:19:27,,,,False
P102791,2025-06-25 15:08:50,2025-06-26 02:08:50,2025-06-26 05:57:43.134556,2025-06-26 06:26:05.551089,2025-07-01 08:13:02.130871,True
P102798,2025-06-25 16:44:49,,,,,False
P101830,2025-06-25 18:04:26,,,,,False
P101718,2025-06-25 18:46:56,,,,,False
P101171,2025-06-25 19:52:25,2025-06-25 20:52:25,2025-06-28 20:13:30.035911,2025-06-29 09:09:22.638740,,False
P100581,2025-06-25 20:09:27,2025-06-26 07:09:27,2025-06-26 09:03:20.806923,2025-06-28 21:51:58.401970,2025-07-03 19:18:43.504599,True
P101074,2025-06-26 00:41:02,2025-06-26 06:41:02,2025-06-27 22:15:25.223575,2025-06-30 03:15:08.958830,2025-06-30 04:49:15.476543,True
P101011,2025-06-26 01:03:03,2025-06-26 04:03:03,2025-06-28 12:24:45.701706,2025-06-28 21:45:31.364804,2025-07-05 11:11:03.445134,True
P100446,2025-06-26 02:57:05,2025-06-26 05:57:05,2025-06-27 03:07:57.213432,2025-06-28 01:23:27.523875,2025-07-05 08:06:24.103496,True
P102432,2025-06-26 06:36:00,2025-06-26 07:36:00,2025-06-26 15:48:04.864895,2025-07-01 13:24:03.521367,2025-07-04 19:51:24.077240,True
P100154,2025-06-26 07:15:49,,,,,False
P101348,2025-06-26 07:16:46,2025-06-26 07:16:46,2025-06-26 08:00:20.153965,2025-06-29 04:34:37.464645,2025-07-01 05:02:51.463033,True
P100069,2025-06-26 07:29:50,2025-06-26 12:29:50,2025-06-27 17:39:05.403360,2025-06-29 09:29:03.773538,2025-07-03 17:01:36.858678,True
P100499,2025-06-26 09:59:19,2025-06-27 03:59:19,2025-06-27 20:47:06.289223,,,False
P102927,2025-06-26 10:56:25,2025-06-26 22:56:25,2025-06-27 21:11:36.699279,2025-06-29 07:18:39.251398,,False
P100810,2025-06-26 11:27:15,2025-06-26 11:27:15,2025-06-27 15:08:28.968430,,,False
P101584,2025-06-26 11:47:11,2025-06-27 04:47:11,2025-06-28 08:19:57.993916,2025-06-30 23:40:05.362357,,False
P100932,2025-06-26 13:34:07,,,,,False
P101864,2025-06-26 13:47:26,2025-06-26 14:47:26,2025-06-28 07:46:36.179916,,,False
P102124,2025-06-26 15:19:52,2025-06-27 02:19:52,2025-06-27 03:01:37.685640,2025-06-29 02:43:37.476303,,False
P101277,2025-06-26 17:08:12,,,,,False
P100441,2025-06-26 17:22:02,2025-06-26 19:22:02,,,,False
P101424,2025-06-26 17:37:57,2025-06-26 18:37:57,,,,False
P100518,2025-06-26 20:47:22,2025-06-27 01:47:22,,,,False
P102078,2025-06-26 21:17:26,2025-06-26 21:17:26,2025-06-28 02:10:16.051723,2025-07-01 03:20:02.707964,2025-07-01 20:19:53.408141,True
P101228,2025-06-26 21:25:54,2025-06-27 09:25:54,2025-06-28 11:33:50.132710,2025-06-28 19:26:52.746919,2025-07-03 06:46:40.972833,True
P100661,2025-06-26 23:03:34,2025-06-27 04:03:34,,,,False
P101061,2025-06-26 23:47:58,2025-06-27 03:47:58,2025-06-28 17:46:33.741482,2025-06-29 03:27:04.974811,2025-07-02 20:34:08.118020,True
P101591,2025-06-27 00:24:26,2025-06-27 00:24:26,2025-07-01 18:28:35.514483,2025-07-03 21:09:42.650057,2025-07-10 21:35:23.232161,True
P100390,2025-06-27 02:13:46,2025-06-27 15:13:46,2025-06-28 15:31:35.593612,2025-07-01 14:43:54.338977,,False
P100705,2025-06-27 02:58:12,2025-06-27 07:58:12,2025-06-29 15:28:57.336452,2025-07-03 22:47:08.417131,2025-07-04 20:23:28.906454,True
P101889,2025-06-27 03:50:51,2025-06-27 07:50:51,2025-06-27 18:05:19.946810,2025-07-01 16:41:06.511865,2025-07-02 13:37:09.554197,True
P100261,2025-06-27 06:26:39,2025-06-27 17:26:39,2025-06-29 21:06:50.903937,2025-06-30 02:07:45.573697,2025-07-04 15:55:57.166500,True
P101088,2025-06-27 08:10:25,2025-06-27 08:10:25,,,,False
P102408,2025-06-27 11:21:00,2025-06-27 14:21:00,2025-06-29 03:05:57.248097,2025-07-03 22:30:21.276207,,False
P102736,2025-06-27 15:14:17,2025-06-27 21:14:17,,,,False
P101638,2025-06-28 00:15:46,2025-06-28 04:15:46,2025-06-28 13:49:43.990800,2025-06-29 19:26:22.010901,2025-07-06 12:21:54.517921,True
P101715,2025-06-28 02:12:13,2025-06-28 03:12:13,2025-06-28 19:44:54.354052,,,False
P101664,2025-06-28 02:32:01,2025-06-28 04:32:01,2025-06-28 07:39:20.089830,2025-06-29 22:17:00.653117,2025-07-02 04:25:10.329301,True
P101104,2025-06-28 05:05:23,2025-06-28 07:05:23,2025-06-30 05:42:43.442132,2025-07-02 01:17:31.245150,,False
P102789,2025-06-28 07:12:18,2025-06-29 21:12:18,2025-07-02 16:03:31.537199,2025-07-03 06:08:17.236035,2025-07-08 22:32:04.859141,True
P101616,2025-06-28 07:30:52,2025-06-28 10:30:52,2025-06-29 05:15:21.202977,2025-06-30 06:04:32.872871,2025-06-30 20:11:58.206835,True
P102243,2025-06-28 11:11:17,,,,,False
P102314,2025-06-28 11:38:30,2025-06-29 00:38:30,2025-06-30 15:20:10.867404,2025-07-01 02:25:29.159139,2025-07-03 02:21:14.722516,True
P100475,2025-06-28 18:27:38,2025-06-28 22:27:38,2025-06-29 01:17:24.570534,2025-07-12 13:27:33.271294,2025-07-18 03:21:37.099226,True
P102460,2025-06-28 20:06:34,2025-06-29 00:06:34,2025-06-29 12:38:03.929594,2025-06-30 04:35:56.344912,2025-06-30 16:13:23.315937,True
P102836,2025-06-28 23:02:08,2025-06-29 05:02:08,2025-06-29 21:27:11.046474,2025-07-01 12:02:23.141072,2025-07-03 07:19:05.666599,True
P101333,2025-06-29 01:02:28,2025-06-29 08:02:28,2025-06-30 10:21:30.339615,2025-07-02 01:07:57.181605,2025-07-05 02:00:10.275018,True
P101054,2025-06-29 01:30:54,2025-06-29 08:30:54,,,,False
P101209,2025-06-29 04:35:08,,,,,False
P101727,2025-06-29 04:54:13,2025-06-29 17:54:13,2025-06-30 21:55:13.296329,2025-07-02 13:54:53.926257,,False
P100532,2025-06-29 07:05:25,2025-06-29 08:05:25,2025-07-03 05:45:33.483476,2025-07-03 10:20:23.103776,2025-07-06 05:31:57.735774,True
P102529,2025-06-29 10:39:27,2025-06-29 12:39:27,2025-06-29 13:38:46.014296,,,False
P101912,2025-06-29 11:47:02,2025-06-29 12:47:02,2025-07-01 05:50:16.904439,2025-07-01 18:01:35.629177,2025-07-05 20:14:29.220824,True
P101954,2025-06-29 13:06:44,2025-06-30 00:06:44,2025-07-01 11:23:38.950006,2025-07-01 17:45:30.873001,2025-07-08 02:01:12.055426,True
P100531,2025-06-29 19:28:50,2025-06-30 02:28:50,2025-07-03 23:27:22.166172,2025-07-09 04:05:56.602857,2025-07-15 23:00:47.777338,True
P100847,2025-06-29 20:05:07,2025-06-30 07:05:07,,,,False
P101464,2025-06-29 20:26:20,2025-06-30 04:26:20,2025-07-01 15:44:01.124020,2025-07-02 00:36:35.228751,2025-07-02 01:17:17.530951,True
