participant_id,signup_date,acquisition_channel,country,age,gender,device_type,last_activity_date,account_status
P102902,2024-01-04 03:08:52,Social Media,Mexico,20,Male,Desktop,,never_activated
P102604,2024-01-10 10:50:41,Organic Search,United Kingdom,34,Female,Tablet,2024-09-09 08:25:02.060249,churned
P102714,2024-01-28 17:21:54,Social Media,Italy,31,Female,Tablet,2024-05-24 00:45:56.129467,churned
P102327,2024-01-29 03:50:54,Social Media,United States,29,Female,Mobile,2024-03-30 02:48:19.973859,churned
P102911,2024-01-29 11:21:10,Organic Search,Spain,18,Male,Mobile,2024-03-26 05:29:53.070811,churned
P101921,2024-02-10 16:52:38,Social Media,South Africa,37,Male,Desktop,,never_activated
P102611,2024-02-13 20:30:05,Partner Program,Poland,18,Male,Desktop,2024-06-10 03:40:22.177941,churned
P102632,2024-02-16 00:08:54,Paid Ads,Mexico,36,Male,Mobile,2024-04-15 20:54:53.243390,churned
P100821,2024-02-17 23:55:24,Social Media,Poland,33,Male,Desktop,2024-06-21 01:46:26.481574,churned
P101426,2024-02-18 23:08:49,Paid Ads,South Africa,39,Male,Tablet,,never_activated
P100208,2024-02-19 21:18:29,Organic Search,United States,44,Male,Mobile,,never_activated
P101901,2024-02-20 22:38:53,Social Media,Spain,35,Male,Desktop,,never_activated
P100072,2024-02-21 05:20:33,Social Media,Poland,31,Prefer not to say,Desktop,,never_activated
P102294,2024-02-21 18:52:26,Social Media,Mexico,43,Female,Mobile,2024-05-24 18:12:21.504970,churned
P101483,2024-02-22 08:20:05,Referral,Netherlands,42,Male,Desktop,,never_activated
P101168,2024-02-24 11:27:27,Partner Program,Germany,27,Prefer not to say,Mobile,,never_activated
P100128,2024-02-27 01:08:58,Partner Program,United States,36,Male,Desktop,2024-12-20 20:07:26.265763,churned
P101515,2024-02-29 07:00:16,Referral,Portugal,28,Female,Desktop,,never_activated
P102295,2024-02-29 18:42:36,Organic Search,United Kingdom,30,Female,Desktop,2024-05-08 07:49:00.167966,churned
P102761,2024-03-01 14:14:47,Referral,United States,32,Female,Desktop,2024-04-02 12:19:28.337297,churned
P102528,2024-03-04 04:23:12,Referral,Greece,26,Female,Desktop,2024-08-27 17:52:04.679798,churned
P100205,2024-03-05 07:03:18,Social Media,United States,23,Male,Desktop,2024-07-03 08:19:39.389944,churned
P102818,2024-03-05 21:25:29,Partner Program,United Kingdom,31,Male,Desktop,,never_activated
P101886,2024-03-06 07:52:59,Organic Search,Italy,25,Male,Desktop,,never_activated
P101283,2024-03-07 10:45:24,Organic Search,Germany,43,Male,Desktop,,never_activated
P102692,2024-03-08 05:35:16,Paid Ads,United Kingdom,28,Male,Desktop,,never_activated
P102349,2024-03-08 16:54:52,Organic Search,Greece,27,Female,Mobile,2024-07-03 01:27:33.034357,churned
P100407,2024-03-10 04:37:13,Referral,Mexico,38,Female,Mobile,2024-05-03 13:53:46.308685,churned
P101743,2024-03-11 17:44:11,Referral,United States,31,Female,Mobile,,never_activated
P100945,2024-03-11 21:19:37,Paid Ads,Italy,33,Female,Desktop,2024-04-30 10:53:45.585919,churned
P100456,2024-03-12 16:49:53,Organic Search,Canada,28,Female,Desktop,,never_activated
P102977,2024-03-12 17:23:00,Organic Search,United Kingdom,42,Male,Desktop,,never_activated
P101264,2024-03-13 01:22:02,Paid Ads,Germany,19,Male,Mobile,2024-07-30 18:15:01.056232,churned
P102360,2024-03-13 06:24:25,Paid Ads,United States,28,Male,Desktop,2024-04-07 06:56:44.375365,churned
P102817,2024-03-14 01:33:56,Referral,United Kingdom,33,Male,Desktop,,never_activated
P100470,2024-03-14 08:48:29,Paid Ads,United Kingdom,29,Female,Mobile,2024-06-18 05:27:18.953310,churned
P101752,2024-03-14 10:58:36,Paid Ads,United States,18,Male,Mobile,,never_activated
P101799,2024-03-14 14:38:39,Organic Search,Mexico,18,Female,Desktop,2024-09-13 19:48:08.173693,churned
P102224,2024-03-15 05:17:45,Paid Ads,Germany,25,Male,Desktop,2024-06-15 01:05:51.751612,churned
P102131,2024-03-15 22:30:10,Referral,Mexico,32,Non-binary,Desktop,,never_activated
P100898,2024-03-16 11:37:10,Paid Ads,Greece,34,Prefer not to say,Desktop,2024-05-01 01:11:27.154428,churned
P100840,2024-03-17 09:24:45,Organic Search,South Africa,33,Male,Desktop,,never_activated
P102533,2024-03-20 00:13:06,Referral,Spain,38,Female,Mobile,,never_activated
P100332,2024-03-20 02:57:35,Referral,United States,34,Male,Desktop,,never_activated
P100563,2024-03-20 19:06:38,Organic Search,United Kingdom,44,Female,Mobile,,never_activated
P102682,2024-03-21 02:35:27,Partner Program,Greece,26,Prefer not to say,Desktop,,never_activated
P100244,2024-03-23 03:04:47,Social Media,Poland,19,Female,Desktop,,never_activated
P100171,2024-03-25 06:42:50,Referral,United States,44,Prefer not to say,Desktop,,never_activated
P102703,2024-03-26 00:21:09,Referral,Germany,18,Female,Desktop,,never_activated
P102708,2024-03-27 10:45:29,Organic Search,Canada,46,Female,Tablet,2024-05-25 03:42:04.478762,churned
P102212,2024-03-28 04:04:05,Referral,Poland,33,Male,Desktop,,never_activated
P101073,2024-03-28 20:58:24,Organic Search,Mexico,45,Female,Tablet,,never_activated
P101513,2024-03-29 04:26:00,Referral,Canada,33,Male,Desktop,,never_activated
P100371,2024-03-29 10:25:48,Paid Ads,Portugal,36,Male,Desktop,,never_activated
P100794,2024-03-29 13:45:00,Social Media,United States,34,Male,Tablet,,never_activated
P100936,2024-03-29 17:06:16,Social Media,Poland,37,Male,Desktop,,never_activated
P102685,2024-03-31 06:23:24,Social Media,Canada,34,Female,Desktop,2025-06-21 01:54:06.066527,active
P102516,2024-03-31 11:18:38,Organic Search,Italy,35,Female,Desktop,,never_activated
P101746,2024-03-31 19:30:11,Paid Ads,Spain,32,Female,Mobile,2024-08-26 05:57:57.507025,churned
P100882,2024-04-01 16:02:47,Social Media,United States,40,Female,Desktop,,never_activated
P100640,2024-04-02 17:53:38,Referral,Canada,37,Female,Mobile,2024-05-01 04:00:00.345736,churned
P100010,2024-04-03 10:22:07,Referral,United Kingdom,32,Male,Desktop,,never_activated
P101049,2024-04-04 08:10:32,Paid Ads,South Africa,39,Prefer not to say,Desktop,2024-07-05 13:15:56.294157,churned
P101813,2024-04-04 20:54:02,Organic Search,Portugal,18,Female,Mobile,2024-06-02 00:15:42.602866,churned
P102018,2024-04-05 00:08:35,Referral,Greece,20,Male,Desktop,,never_activated
P101202,2024-04-06 00:35:23,Referral,Portugal,29,Male,Desktop,,never_activated
P100925,2024-04-07 00:32:41,Organic Search,United Kingdom,34,Male,Desktop,2024-09-30 22:03:34.015547,churned
P102421,2024-04-08 13:22:08,Partner Program,United Kingdom,32,Female,Mobile,2024-05-15 13:36:57.461264,churned
P100377,2024-04-08 13:48:03,Organic Search,United Kingdom,21,Male,Mobile,,never_activated
P101576,2024-04-09 03:24:14,Referral,United States,44,Male,Mobile,,never_activated
P102719,2024-04-09 20:27:00,Organic Search,United States,31,Female,Desktop,2024-04-21 02:12:04.426779,churned
P100237,2024-04-10 00:43:11,Organic Search,United Kingdom,43,Male,Mobile,,never_activated
P101970,2024-04-10 01:33:42,Paid Ads,Mexico,31,Male,Desktop,,never_activated
P101047,2024-04-10 05:13:36,Social Media,Portugal,24,Male,Mobile,,never_activated
P101201,2024-04-11 15:43:55,Organic Search,Poland,18,Male,Tablet,2024-05-13 11:29:37.458667,churned
P102975,2024-04-12 04:16:06,Social Media,United States,34,Female,Desktop,2024-06-11 04:23:44.618874,churned
P102397,2024-04-12 13:39:38,Paid Ads,United Kingdom,24,Non-binary,Desktop,2024-05-13 15:06:58.590602,churned
P100874,2024-04-12 14:31:05,Organic Search,United States,31,Non-binary,Mobile,2024-07-05 06:51:53.658605,churned
P100098,2024-04-12 17:28:32,Paid Ads,Greece,33,Male,Mobile,,never_activated
P100312,2024-04-12 21:18:20,Paid Ads,Italy,43,Male,Mobile,2024-09-14 14:19:45.213528,churned
P101696,2024-04-13 09:27:49,Partner Program,Poland,44,Male,Desktop,2024-09-06 22:31:53.164533,churned
P101502,2024-04-13 17:31:48,Partner Program,Spain,22,Male,Mobile,,never_activated
P100901,2024-04-14 02:33:41,Organic Search,United Kingdom,27,Non-binary,Desktop,,never_activated
P101969,2024-04-14 08:17:43,Organic Search,Greece,36,Female,Desktop,2024-07-08 03:53:54.250275,churned
P100515,2024-04-14 11:27:38,Referral,United Kingdom,30,Male,Mobile,2025-06-15 11:31:13.694397,active
P100356,2024-04-14 11:43:35,Paid Ads,United Kingdom,27,Male,Mobile,,never_activated
P100878,2024-04-15 16:40:06,Organic Search,United Kingdom,41,Male,Desktop,,never_activated
P102080,2024-04-16 00:18:49,Organic Search,Netherlands,43,Female,Mobile,,never_activated
P102413,2024-04-16 16:57:58,Paid Ads,Portugal,22,Female,Mobile,,never_activated
P100557,2024-04-18 15:49:44,Partner Program,Poland,42,Male,Desktop,,never_activated
P102829,2024-04-19 02:20:46,Social Media,Italy,46,Male,Desktop,2024-05-26 10:38:48.342494,churned
P101159,2024-04-19 05:18:14,Referral,United Kingdom,18,Male,Mobile,2024-05-13 22:24:39.104821,churned
P101435,2024-04-20 08:54:43,Paid Ads,United Kingdom,18,Non-binary,Desktop,2024-08-22 05:51:08.295330,churned
P100290,2024-04-21 12:02:50,Referral,Poland,44,Female,Desktop,2024-07-09 10:40:38.812735,churned
P101454,2024-04-21 14:54:47,Partner Program,United Kingdom,41,Male,Mobile,2024-07-12 02:19:16.557817,churned
P102418,2024-04-22 00:51:54,Organic Search,Greece,31,Female,Desktop,2024-07-12 16:14:57.441688,churned
P100974,2024-04-22 08:12:03,Referral,United Kingdom,27,Male,Desktop,,never_activated
P101339,2024-04-22 12:58:06,Social Media,Italy,40,Male,Desktop,,never_activated
P101233,2024-04-22 20:01:24,Paid Ads,United Kingdom,42,Male,Desktop,2024-09-21 08:43:53.171631,churned
P101300,2024-04-23 06:18:12,Paid Ads,United States,18,Male,Desktop,2024-08-28 11:49:30.981325,churned
P100100,2024-04-23 11:40:51,Social Media,South Africa,21,Female,Desktop,2024-05-16 09:24:53.231944,churned
P101247,2024-04-25 14:05:05,Paid Ads,United States,26,Female,Desktop,,never_activated
P101288,2024-04-26 06:22:07,Paid Ads,United Kingdom,28,Female,Desktop,2024-06-17 06:48:44.901843,churned
P102182,2024-04-26 14:28:11,Social Media,United States,38,Female,Mobile,2024-06-24 14:49:06.060763,churned
P100764,2024-04-26 22:14:19,Paid Ads,United States,18,Female,Mobile,,never_activated
P102010,2024-04-26 22:15:58,Organic Search,United States,20,Female,Desktop,2024-05-22 10:19:22.471727,churned
P101019,2024-04-27 05:48:42,Organic Search,United States,50,Male,Desktop,,never_activated
P100042,2024-04-28 15:21:52,Referral,Greece,38,Female,Mobile,2024-05-28 03:19:25.501235,churned
P102241,2024-04-28 18:36:25,Social Media,Poland,55,Male,Desktop,2024-10-27 04:50:24.702732,churned
P101903,2024-04-29 11:39:39,Paid Ads,South Africa,29,Female,Desktop,,never_activated
P102858,2024-04-30 05:19:47,Organic Search,United States,31,Male,Desktop,2024-10-26 07:28:38.137176,churned
P101650,2024-04-30 11:53:52,Social Media,United States,19,Male,Mobile,,never_activated
P100285,2024-04-30 13:41:38,Referral,United Kingdom,18,Female,Mobile,,never_activated
P101402,2024-05-01 09:29:12,Social Media,United States,33,Female,Mobile,,never_activated
P100856,2024-05-01 09:51:04,Social Media,Portugal,40,Male,Desktop,,never_activated
P100628,2024-05-01 10:55:50,Organic Search,Canada,35,Male,Desktop,,never_activated
P100145,2024-05-01 14:44:13,Paid Ads,Poland,37,Female,Mobile,2024-08-04 07:12:45.039813,churned
P102297,2024-05-01 17:28:14,Paid Ads,Canada,28,Male,Desktop,2024-05-25 03:53:17.664952,churned
P100291,2024-05-02 02:18:48,Organic Search,Poland,37,Female,Mobile,,never_activated
P102899,2024-05-02 07:41:15,Organic Search,Canada,18,Male,Mobile,,never_activated
P101030,2024-05-02 10:50:19,Organic Search,United Kingdom,23,Female,Desktop,,never_activated
P102417,2024-05-04 12:06:41,Referral,United States,37,Male,Mobile,2024-07-15 05:55:17.050405,churned
P102857,2024-05-04 19:17:24,Paid Ads,Canada,23,Female,Desktop,2024-05-27 14:01:54.796483,churned
P101780,2024-05-04 20:29:22,Referral,Australia,27,Male,Mobile,,never_activated
P101013,2024-05-05 01:11:38,Referral,Germany,33,Male,Mobile,,never_activated
P101273,2024-05-05 04:35:24,Social Media,Spain,37,Female,Mobile,2024-07-29 00:04:44.163551,churned
P101416,2024-05-05 14:10:33,Organic Search,United Kingdom,26,Female,Desktop,2024-09-26 10:37:18.471647,churned
P100610,2024-05-05 15:42:21,Organic Search,Canada,18,Female,Desktop,,never_activated
P102467,2024-05-05 17:11:08,Organic Search,Poland,29,Female,Mobile,,never_activated
P101349,2024-05-06 00:04:47,Paid Ads,United Kingdom,28,Female,Desktop,,never_activated
P100335,2024-05-07 02:35:59,Organic Search,Italy,21,Male,Desktop,,never_activated
P100168,2024-05-07 06:27:28,Organic Search,United States,38,Male,Desktop,2024-09-10 08:42:35.745215,churned
P100599,2024-05-07 06:31:10,Organic Search,Portugal,51,Male,Desktop,2024-06-29 14:37:01.269191,churned
P101794,2024-05-08 08:17:11,Referral,South Africa,32,Non-binary,Mobile,,never_activated
P101422,2024-05-08 22:38:51,Organic Search,United Kingdom,38,Female,Mobile,,never_activated
P102939,2024-05-09 01:56:37,Social Media,Canada,21,Female,Mobile,2024-07-10 07:10:06.972405,churned
P101826,2024-05-09 07:13:46,Partner Program,United Kingdom,18,Female,Desktop,2024-08-11 06:57:38.938281,churned
P102203,2024-05-09 11:41:05,Paid Ads,Canada,40,Female,Desktop,2024-11-03 17:28:51.749464,churned
P101072,2024-05-09 13:43:40,Referral,Portugal,43,Male,Mobile,2024-12-22 12:41:57.327102,churned
P100472,2024-05-10 10:16:59,Organic Search,South Africa,33,Male,Desktop,2024-10-11 21:46:22.700725,churned
P101866,2024-05-10 19:15:22,Paid Ads,Portugal,18,Female,Desktop,,never_activated
P102365,2024-05-11 08:53:36,Social Media,Canada,18,Female,Desktop,,never_activated
P102776,2024-05-11 20:44:41,Referral,United States,36,Female,Desktop,,never_activated
P101548,2024-05-11 23:53:25,Organic Search,United States,37,Male,Desktop,,never_activated
P100347,2024-05-13 03:14:36,Paid Ads,Poland,27,Male,Mobile,,never_activated
P102837,2024-05-13 05:44:58,Social Media,United States,34,Male,Tablet,,never_activated
P100486,2024-05-13 06:21:07,Social Media,United Kingdom,28,Female,Desktop,2025-05-12 02:35:16.203743,at_risk
P100058,2024-05-13 18:08:23,Organic Search,Ireland,28,Female,Desktop,2025-06-19 18:07:29.417148,active
P100514,2024-05-13 20:56:43,Social Media,United Kingdom,33,Prefer not to say,Mobile,,never_activated
P100334,2024-05-14 08:21:15,Social Media,United States,23,Prefer not to say,Mobile,,never_activated
P102283,2024-05-14 11:36:25,Social Media,Spain,31,Male,Desktop,,never_activated
P101194,2024-05-14 23:21:57,Referral,United Kingdom,36,Female,Desktop,,never_activated
P102606,2024-05-15 00:21:39,Social Media,Portugal,37,Male,Desktop,2024-07-13 10:15:51.825865,churned
P100029,2024-05-15 02:10:46,Partner Program,Poland,19,Male,Desktop,,never_activated
P100957,2024-05-15 03:26:32,Organic Search,Italy,49,Female,Mobile,,never_activated
P102644,2024-05-17 02:25:38,Referral,United Kingdom,33,Female,Desktop,,never_activated
P102231,2024-05-17 13:28:37,Social Media,South Africa,18,Female,Desktop,2024-06-18 10:35:12.971495,churned
P101465,2024-05-17 14:49:30,Organic Search,Canada,27,Male,Desktop,,never_activated
P102780,2024-05-19 13:01:40,Paid Ads,United States,18,Male,Desktop,2024-10-17 13:27:22.779877,churned
P102562,2024-05-20 21:51:23,Referral,Germany,26,Male,Desktop,2024-08-22 06:39:48.836070,churned
P102329,2024-05-21 07:30:25,Social Media,Spain,30,Male,Desktop,,never_activated
P100977,2024-05-21 21:32:05,Partner Program,Portugal,41,Prefer not to say,Desktop,2024-07-23 05:20:47.956049,churned
P100148,2024-05-21 23:59:06,Organic Search,Italy,41,Female,Mobile,,never_activated
P102653,2024-05-22 00:32:16,Paid Ads,Spain,35,Male,Desktop,,never_activated
P100300,2024-05-22 01:33:38,Referral,Germany,41,Male,Mobile,2024-07-20 22:08:46.124074,churned
P102023,2024-05-22 07:44:16,Social Media,United States,44,Non-binary,Desktop,,never_activated
P100701,2024-05-22 12:31:06,Social Media,Portugal,40,Female,Desktop,2024-10-07 03:42:01.203346,churned
P102064,2024-05-22 16:58:04,Organic Search,United Kingdom,48,Female,Mobile,2024-06-11 23:34:54.314927,churned
P102986,2024-05-22 22:02:49,Referral,United States,25,Female,Desktop,2024-06-19 22:33:51.609648,churned
P101302,2024-05-22 22:05:07,Organic Search,Portugal,44,Male,Mobile,,never_activated
P100818,2024-05-25 04:31:19,Partner Program,Portugal,23,Female,Mobile,,never_activated
P102905,2024-05-25 15:51:44,Organic Search,Greece,31,Non-binary,Desktop,,never_activated
P102601,2024-05-25 22:32:29,Paid Ads,United Kingdom,22,Male,Desktop,2024-07-23 02:52:52.362413,churned
P100528,2024-05-27 09:53:38,Social Media,United Kingdom,30,Male,Desktop,,never_activated
P100458,2024-05-27 13:45:22,Organic Search,United States,31,Female,Mobile,,never_activated
P101413,2024-05-28 01:32:23,Social Media,Poland,31,Male,Desktop,,never_activated
P101998,2024-05-28 23:16:31,Organic Search,United States,48,Female,Desktop,,never_activated
P102677,2024-05-29 00:27:54,Social Media,Greece,30,Female,Mobile,,never_activated
P100006,2024-05-29 03:07:34,Paid Ads,South Africa,21,Female,Desktop,,never_activated
P101100,2024-05-29 04:11:26,Partner Program,United States,45,Prefer not to say,Mobile,,never_activated
P102732,2024-05-29 10:54:23,Paid Ads,United Kingdom,18,Male,Desktop,2024-08-29 17:43:09.766957,churned
P101716,2024-05-29 11:18:16,Organic Search,Ireland,27,Male,Desktop,2024-07-13 22:00:31.906413,churned
P102448,2024-05-29 14:03:37,Paid Ads,United States,24,Male,Mobile,,never_activated
P101714,2024-05-29 21:13:02,Organic Search,South Africa,24,Male,Desktop,,never_activated
P100424,2024-05-29 21:27:21,Organic Search,Ireland,35,Female,Desktop,2024-07-17 19:52:58.182770,churned
P101940,2024-05-30 23:25:07,Referral,South Africa,31,Male,Mobile,2024-06-28 07:49:06.981258,churned
P102331,2024-05-31 11:24:41,Social Media,Italy,38,Female,Mobile,,never_activated
P101621,2024-06-01 01:17:13,Organic Search,Greece,18,Male,Desktop,,never_activated
P101520,2024-06-01 13:03:34,Referral,Greece,31,Female,Desktop,,never_activated
P101319,2024-06-01 18:27:47,Organic Search,United Kingdom,25,Male,Desktop,,never_activated
P101711,2024-06-02 06:49:54,Referral,Ireland,18,Male,Mobile,,never_activated
P100616,2024-06-02 07:03:00,Referral,Germany,19,Male,Desktop,,never_activated
P102759,2024-06-03 10:21:05,Social Media,Mexico,29,Female,Desktop,,never_activated
P102060,2024-06-03 16:26:39,Organic Search,Poland,27,Male,Desktop,,never_activated
P102510,2024-06-03 19:29:50,Organic Search,Australia,18,Male,Mobile,,never_activated
P101725,2024-06-03 23:43:34,Paid Ads,United States,35,Male,Mobile,2024-10-16 16:38:20.803864,churned
P102609,2024-06-04 02:04:49,Paid Ads,Italy,35,Female,Desktop,2024-09-17 09:00:59.687023,churned
P100704,2024-06-04 06:35:41,Referral,United Kingdom,33,Male,Desktop,2024-07-06 06:42:49.537938,churned
P102011,2024-06-04 18:28:57,Partner Program,Germany,33,Male,Mobile,,never_activated
P101258,2024-06-05 04:34:19,Social Media,Germany,18,Female,Mobile,,never_activated
P100083,2024-06-05 08:04:44,Referral,United States,20,Male,Mobile,,never_activated
P102246,2024-06-05 12:33:32,Organic Search,United Kingdom,30,Male,Desktop,2024-09-20 22:45:44.630850,churned
P100032,2024-06-06 01:02:45,Organic Search,United Kingdom,29,Male,Mobile,,never_activated
P102081,2024-06-06 07:47:02,Organic Search,Portugal,39,Male,Tablet,2024-07-03 18:55:39.977120,churned
P101929,2024-06-06 23:40:16,Referral,United States,38,Male,Desktop,2024-08-31 12:13:35.366091,churned
P102549,2024-06-07 15:36:47,Referral,United States,30,Male,Desktop,2025-02-04 17:13:02.904717,churned
P102726,2024-06-07 16:09:04,Referral,Germany,34,Prefer not to say,Tablet,,never_activated
P101038,2024-06-07 19:18:17,Social Media,Poland,21,Female,Desktop,2024-07-11 18:58:05.344178,churned
P100859,2024-06-07 20:46:35,Organic Search,Portugal,42,Male,Mobile,,never_activated
P102008,2024-06-07 23:10:34,Organic Search,United Kingdom,27,Female,Mobile,,never_activated
P102357,2024-06-08 00:01:00,Organic Search,Mexico,22,Female,Mobile,,never_activated
P101788,2024-06-08 05:41:10,Referral,Italy,43,Female,Desktop,,never_activated
P100722,2024-06-08 20:19:53,Organic Search,United Kingdom,29,Male,Mobile,,never_activated
P100850,2024-06-08 21:46:28,Paid Ads,Germany,18,Female,Desktop,2024-07-06 03:57:05.862661,churned
P102046,2024-06-09 10:41:38,Partner Program,United Kingdom,38,Male,Desktop,2025-06-27 01:39:26.323379,active
P101190,2024-06-09 12:04:21,Organic Search,Spain,25,Female,Mobile,,never_activated
P101187,2024-06-09 13:37:08,Referral,United States,45,Male,Mobile,2024-08-27 15:58:49.852639,churned
P101606,2024-06-09 23:55:33,Organic Search,United Kingdom,43,Male,Desktop,,never_activated
P101997,2024-06-10 10:22:24,Organic Search,United Kingdom,29,Female,Mobile,2024-11-14 07:55:45.280561,churned
P101695,2024-06-10 20:22:53,Organic Search,Mexico,29,Female,Desktop,,never_activated
P102884,2024-06-10 23:58:42,Organic Search,Italy,18,Male,Mobile,,never_activated
P100369,2024-06-11 03:04:24,Social Media,Portugal,35,Female,Desktop,,never_activated
P102171,2024-06-11 11:49:03,Referral,United States,33,Male,Mobile,2024-08-05 23:27:06.805561,churned
P101604,2024-06-11 20:38:48,Referral,Mexico,26,Male,Desktop,,never_activated
P100354,2024-06-12 10:23:25,Social Media,Germany,27,Male,Desktop,2024-07-14 00:05:11.645483,churned
P100374,2024-06-13 01:47:56,Organic Search,United States,24,Male,Desktop,,never_activated
P102586,2024-06-13 04:11:56,Organic Search,United States,43,Female,Mobile,,never_activated
P102279,2024-06-13 09:21:26,Paid Ads,United States,18,Male,Desktop,,never_activated
P102341,2024-06-13 09:37:58,Organic Search,Greece,18,Female,Desktop,,never_activated
P102883,2024-06-13 10:17:25,Paid Ads,Australia,26,Female,Desktop,,never_activated
P101798,2024-06-13 16:50:10,Social Media,United States,30,Female,Desktop,,never_activated
P102401,2024-06-13 21:13:16,Social Media,Mexico,48,Male,Desktop,2024-10-13 01:23:38.337321,churned
P101265,2024-06-14 01:18:06,Partner Program,Canada,21,Male,Desktop,2024-11-19 18:35:24.387082,churned
P102554,2024-06-14 04:24:56,Organic Search,Greece,43,Male,Mobile,,never_activated
P101797,2024-06-14 10:37:00,Partner Program,United Kingdom,34,Male,Mobile,2024-08-19 02:59:49.918770,churned
P100436,2024-06-14 10:52:58,Paid Ads,United Kingdom,28,Female,Desktop,2024-08-10 20:15:17.811715,churned
P101338,2024-06-14 14:57:45,Social Media,United Kingdom,32,Male,Desktop,,never_activated
P102796,2024-06-15 00:55:26,Paid Ads,Greece,23,Female,Desktop,2024-08-15 02:10:36.658253,churned
P102563,2024-06-15 03:09:57,Organic Search,United Kingdom,31,Male,Desktop,,never_activated
P100476,2024-06-15 07:38:46,Social Media,United States,26,Female,Mobile,2024-08-04 19:44:38.223887,churned
P101391,2024-06-15 13:27:23,Organic Search,Poland,40,Female,Mobile,2024-08-26 17:59:45.178010,churned
P101493,2024-06-15 18:49:49,Paid Ads,United Kingdom,30,Male,Desktop,2024-11-14 14:18:31.502131,churned
P100077,2024-06-16 03:26:00,Referral,Poland,40,Female,Mobile,2024-07-22 16:04:18.431132,churned
P100068,2024-06-16 17:10:42,Social Media,United States,48,Female,Desktop,2024-09-17 04:04:09.404687,churned
P102739,2024-06-17 03:57:29,Organic Search,Germany,26,Male,Desktop,,never_activated
P100983,2024-06-17 11:22:33,Referral,Portugal,19,Female,Desktop,,never_activated
P102770,2024-06-18 04:19:37,Partner Program,United Kingdom,46,Male,Mobile,,never_activated
P101135,2024-06-18 12:33:46,Social Media,Mexico,18,Female,Desktop,,never_activated
P100586,2024-06-18 21:53:44,Organic Search,Canada,27,Female,Desktop,2024-07-13 19:06:55.476984,churned
P102558,2024-06-19 02:58:01,Paid Ads,Canada,32,Male,Desktop,2025-01-05 12:35:05.000081,churned
P100109,2024-06-19 03:35:05,Organic Search,Portugal,29,Female,Mobile,,never_activated
P101939,2024-06-19 12:55:11,Social Media,Poland,18,Male,Desktop,,never_activated
P101034,2024-06-19 13:54:02,Referral,United States,35,Male,Desktop,2024-07-08 22:40:59.951968,churned
P100497,2024-06-19 19:47:26,Social Media,United Kingdom,29,Female,Mobile,,never_activated
P102546,2024-06-19 20:46:37,Social Media,Ireland,29,Male,Tablet,,never_activated
P102932,2024-06-20 11:13:07,Referral,Germany,26,Female,Desktop,2024-07-07 05:40:17.740480,churned
P101289,2024-06-20 18:30:30,Organic Search,United Kingdom,36,Female,Desktop,,never_activated
P100311,2024-06-20 19:34:23,Social Media,Poland,30,Female,Desktop,2024-09-08 23:56:51.135510,churned
P102136,2024-06-21 06:31:14,Organic Search,United Kingdom,26,Male,Desktop,2024-09-05 02:49:15.129736,churned
P102238,2024-06-21 17:31:20,Organic Search,Greece,45,Female,Desktop,,never_activated
P101597,2024-06-21 20:22:49,Partner Program,United Kingdom,53,Male,Desktop,2024-07-17 16:22:41.676558,churned
P101985,2024-06-22 03:30:32,Social Media,Poland,35,Female,Desktop,2025-02-04 12:04:24.990148,churned
P102342,2024-06-22 06:47:46,Referral,Poland,35,Female,Desktop,2024-08-08 04:36:40.966367,churned
P100672,2024-06-22 07:23:36,Partner Program,Canada,33,Male,Mobile,2024-08-20 20:04:45.822848,churned
P101310,2024-06-22 11:04:36,Social Media,Italy,23,Female,Desktop,,never_activated
P101318,2024-06-23 00:11:31,Organic Search,Spain,48,Male,Desktop,2025-01-10 23:46:11.338238,churned
P101132,2024-06-23 08:00:07,Partner Program,United States,20,Female,Mobile,2024-08-27 10:36:08.348416,churned
P100613,2024-06-23 15:57:13,Paid Ads,Canada,27,Male,Mobile,,never_activated
P102049,2024-06-23 16:15:31,Referral,Germany,30,Prefer not to say,Mobile,2024-08-22 09:44:31.465560,churned
P100439,2024-06-23 16:55:35,Social Media,Poland,46,Male,Mobile,,never_activated
P101676,2024-06-23 19:51:06,Organic Search,United Kingdom,34,Female,Mobile,2024-11-16 08:54:01.745861,churned
P100960,2024-06-24 04:20:41,Referral,South Africa,20,Male,Desktop,,never_activated
P101814,2024-06-24 13:59:43,Paid Ads,United States,47,Female,Desktop,,never_activated
P101216,2024-06-24 17:42:48,Organic Search,Portugal,42,Male,Mobile,,never_activated
P100449,2024-06-25 01:54:19,Partner Program,United Kingdom,31,Female,Mobile,2024-07-10 01:01:51.164662,churned
P102118,2024-06-25 17:12:37,Organic Search,United States,26,Female,Desktop,2024-09-25 03:16:22.225478,churned
P100440,2024-06-26 04:43:19,Social Media,United States,31,Male,Mobile,,never_activated
P101795,2024-06-26 15:52:54,Organic Search,United States,39,Female,Desktop,2024-08-24 04:16:36.267571,churned
P100201,2024-06-26 20:25:39,Referral,Australia,32,Male,Desktop,2024-07-29 20:34:40.327837,churned
P100434,2024-06-26 23:33:31,Organic Search,United States,38,Female,Desktop,,never_activated
P101598,2024-06-27 00:31:33,Partner Program,Mexico,27,Female,Desktop,,never_activated
P100899,2024-06-27 02:50:34,Partner Program,Mexico,35,Male,Desktop,2024-07-27 06:16:13.498333,churned
P100299,2024-06-27 08:20:49,Partner Program,Spain,30,Female,Mobile,,never_activated
P100846,2024-06-27 22:03:34,Referral,Poland,39,Male,Desktop,,never_activated
P101126,2024-06-28 12:59:59,Partner Program,Spain,36,Male,Tablet,,never_activated
P100650,2024-06-28 19:15:41,Partner Program,United States,27,Male,Mobile,,never_activated
P101654,2024-06-29 08:03:21,Paid Ads,Portugal,30,Male,Desktop,,never_activated
P101286,2024-06-29 18:59:39,Paid Ads,United States,32,Male,Mobile,2024-12-09 15:02:47.784290,churned
P102306,2024-06-29 22:29:20,Social Media,United Kingdom,29,Female,Mobile,2024-11-08 13:19:52.683359,churned
P102544,2024-06-30 05:34:45,Referral,Italy,28,Prefer not to say,Desktop,2025-04-04 10:03:05.526619,at_risk
P100056,2024-06-30 11:26:07,Paid Ads,Mexico,38,Non-binary,Mobile,,never_activated
P101644,2024-06-30 11:26:43,Referral,Ireland,44,Female,Mobile,2024-09-02 13:53:08.988693,churned
P101950,2024-06-30 22:03:56,Organic Search,United States,38,Male,Desktop,2024-11-15 13:16:27.219006,churned
P100603,2024-06-30 23:04:15,Referral,Canada,23,Female,Mobile,2024-07-13 19:50:58.409247,churned
P101081,2024-07-01 06:46:06,Organic Search,United States,33,Male,Desktop,,never_activated
P102626,2024-07-01 16:40:38,Social Media,Germany,46,Female,Mobile,,never_activated
P100164,2024-07-02 02:48:23,Partner Program,Greece,52,Male,Desktop,,never_activated
P100422,2024-07-02 09:38:13,Organic Search,Portugal,32,Female,Mobile,,never_activated
P100409,2024-07-02 19:09:35,Organic Search,United States,28,Male,Desktop,2024-12-29 19:40:04.382716,churned
P101116,2024-07-03 10:27:43,Organic Search,United Kingdom,38,Male,Mobile,2024-07-16 17:00:37.338665,churned
P100995,2024-07-03 15:44:43,Referral,United States,26,Prefer not to say,Desktop,,never_activated
P101925,2024-07-04 06:08:12,Partner Program,United Kingdom,44,Male,Desktop,,never_activated
P100190,2024-07-04 20:20:33,Social Media,Germany,42,Male,Desktop,2024-12-07 01:52:25.321987,churned
P102250,2024-07-05 02:43:44,Organic Search,Spain,20,Male,Desktop,,never_activated
P100372,2024-07-05 10:15:45,Social Media,Germany,51,Male,Mobile,2024-07-21 01:54:43.073541,churned
P101441,2024-07-05 16:24:55,Social Media,Canada,19,Male,Desktop,2024-12-31 00:38:05.484956,churned
P100222,2024-07-05 17:30:59,Paid Ads,Greece,27,Male,Mobile,,never_activated
P100283,2024-07-05 19:12:46,Partner Program,United Kingdom,18,Female,Mobile,2024-09-08 03:28:25.369629,churned
P102827,2024-07-06 08:04:47,Social Media,United Kingdom,18,Female,Desktop,2024-08-01 22:23:34.630879,churned
P101575,2024-07-06 15:07:58,Partner Program,United Kingdom,32,Female,Desktop,2025-04-03 23:33:18.073797,at_risk
P101567,2024-07-06 15:39:56,Partner Program,Portugal,24,Female,Desktop,,never_activated
P102222,2024-07-07 02:12:31,Organic Search,Canada,43,Male,Tablet,2024-11-06 09:16:59.236423,churned
P101628,2024-07-07 05:47:07,Organic Search,Canada,25,Male,Mobile,,never_activated
P100339,2024-07-08 09:14:32,Organic Search,Poland,46,Female,Mobile,,never_activated
P100037,2024-07-08 15:27:13,Referral,Canada,29,Male,Desktop,2024-08-08 03:58:00.670475,churned
P100259,2024-07-08 16:37:28,Social Media,Poland,28,Male,Mobile,,never_activated
P101809,2024-07-09 05:31:20,Social Media,United States,35,Female,Desktop,,never_activated
P101890,2024-07-09 12:42:27,Organic Search,Italy,30,Male,Mobile,,never_activated
P101762,2024-07-09 19:48:54,Paid Ads,Poland,18,Male,Mobile,2024-11-02 23:39:23.716494,churned
P100888,2024-07-10 18:15:27,Organic Search,United Kingdom,26,Male,Mobile,,never_activated
P100206,2024-07-11 09:57:22,Referral,Poland,37,Female,Desktop,,never_activated
P101723,2024-07-11 13:53:33,Organic Search,United States,34,Male,Mobile,2024-10-30 03:58:33.927638,churned
P101523,2024-07-11 14:01:59,Partner Program,Poland,33,Female,Mobile,,never_activated
P102154,2024-07-11 14:08:26,Social Media,Poland,26,Male,Mobile,,never_activated
P100433,2024-07-11 15:37:13,Organic Search,United Kingdom,36,Female,Mobile,,never_activated
P100370,2024-07-11 21:20:48,Social Media,Portugal,18,Female,Mobile,,never_activated
P101184,2024-07-12 12:10:56,Social Media,United States,37,Female,Tablet,,never_activated
P102615,2024-07-12 12:19:47,Referral,United States,33,Male,Desktop,,never_activated
P102854,2024-07-12 15:27:28,Referral,Ireland,18,Female,Desktop,,never_activated
P100664,2024-07-12 19:21:21,Paid Ads,Canada,36,Female,Desktop,,never_activated
P102945,2024-07-12 23:16:07,Organic Search,United States,18,Prefer not to say,Desktop,,never_activated
P100400,2024-07-13 04:58:09,Paid Ads,Portugal,32,Female,Desktop,2024-08-16 00:41:46.146077,churned
P101297,2024-07-14 05:51:37,Referral,United Kingdom,37,Female,Desktop,2024-09-16 04:42:23.467436,churned
P100883,2024-07-14 07:47:34,Organic Search,South Africa,18,Female,Desktop,,never_activated
P101275,2024-07-14 18:12:32,Referral,Mexico,42,Female,Mobile,,never_activated
P102270,2024-07-14 20:46:47,Referral,United Kingdom,29,Male,Mobile,,never_activated
P101593,2024-07-14 23:18:06,Referral,Mexico,41,Female,Desktop,2024-09-09 03:01:19.660615,churned
P102086,2024-07-15 08:58:50,Referral,South Africa,31,Female,Mobile,,never_activated
P102641,2024-07-15 16:10:32,Organic Search,United Kingdom,48,Female,Mobile,,never_activated
P101705,2024-07-15 21:00:09,Social Media,United Kingdom,24,Female,Desktop,,never_activated
P101462,2024-07-16 04:44:06,Paid Ads,United States,28,Male,Mobile,2024-10-18 08:40:59.481595,churned
P101541,2024-07-16 13:08:11,Organic Search,United Kingdom,23,Female,Desktop,,never_activated
P100982,2024-07-16 14:18:13,Organic Search,United States,41,Male,Mobile,2024-08-08 01:15:15.016495,churned
P101177,2024-07-16 21:44:30,Paid Ads,Italy,26,Female,Desktop,,never_activated
P100634,2024-07-16 23:01:35,Social Media,United Kingdom,18,Female,Desktop,2024-08-12 21:02:47.436605,churned
P102298,2024-07-17 09:37:15,Paid Ads,Poland,22,Male,Mobile,2025-02-19 06:56:05.564878,churned
P100099,2024-07-17 16:44:32,Social Media,Germany,48,Female,Desktop,2024-08-14 14:25:08.653689,churned
P102505,2024-07-18 09:08:44,Organic Search,United Kingdom,26,Prefer not to say,Mobile,,never_activated
P101758,2024-07-18 15:29:58,Partner Program,Spain,23,Female,Desktop,,never_activated
P100123,2024-07-19 00:40:26,Referral,Canada,18,Male,Desktop,,never_activated
P102201,2024-07-19 07:04:24,Organic Search,United Kingdom,35,Female,Tablet,2024-11-09 11:55:07.248462,churned
P100770,2024-07-19 12:49:11,Organic Search,Portugal,57,Male,Mobile,,never_activated
P101067,2024-07-19 20:00:45,Referral,Mexico,24,Male,Mobile,2024-10-07 21:56:25.568477,churned
P102194,2024-07-20 04:19:41,Social Media,Canada,36,Male,Desktop,,never_activated
P101411,2024-07-20 13:24:47,Paid Ads,United Kingdom,30,Non-binary,Mobile,,never_activated
P100454,2024-07-20 14:42:33,Partner Program,United Kingdom,18,Male,Desktop,2024-09-15 06:02:31.997318,churned
P102551,2024-07-20 15:35:17,Social Media,Ireland,30,Male,Desktop,2024-10-10 21:23:37.117919,churned
P100676,2024-07-20 21:03:51,Paid Ads,United Kingdom,37,Female,Desktop,2024-11-15 10:48:59.333318,churned
P102678,2024-07-20 21:13:31,Organic Search,United States,18,Female,Mobile,2024-10-17 21:06:51.608948,churned
P102219,2024-07-21 04:23:24,Organic Search,Poland,46,Female,Desktop,,never_activated
P100809,2024-07-21 20:27:28,Partner Program,Germany,43,Male,Desktop,,never_activated
P100181,2024-07-22 01:14:18,Referral,Germany,45,Female,Mobile,,never_activated
P102036,2024-07-22 09:49:00,Organic Search,Germany,35,Male,Desktop,,never_activated
P100546,2024-07-22 12:19:46,Referral,Canada,25,Male,Desktop,2024-08-22 20:43:28.477352,churned
P102334,2024-07-22 12:47:20,Partner Program,United Kingdom,18,Male,Mobile,,never_activated
P102308,2024-07-22 18:16:16,Social Media,Italy,35,Female,Desktop,,never_activated
P100694,2024-07-23 05:13:34,Social Media,Mexico,42,Male,Desktop,,never_activated
P102249,2024-07-23 09:54:53,Partner Program,South Africa,35,Prefer not to say,Desktop,,never_activated
P100079,2024-07-23 10:16:03,Paid Ads,Germany,42,Male,Mobile,2024-09-13 05:07:42.415842,churned
P102043,2024-07-23 22:23:59,Organic Search,Poland,30,Male,Mobile,,never_activated
P102426,2024-07-24 00:52:54,Social Media,Italy,45,Female,Mobile,,never_activated
P101668,2024-07-24 02:28:41,Partner Program,Poland,29,Female,Desktop,2024-08-13 18:59:16.237574,churned
P100750,2024-07-24 05:42:07,Social Media,Poland,21,Male,Desktop,,never_activated
P100429,2024-07-24 12:45:13,Organic Search,United States,36,Female,Desktop,2025-06-23 11:15:08.987265,active
P100333,2024-07-24 13:18:17,Referral,Ireland,27,Female,Mobile,2024-10-06 04:14:13.080183,churned
P100460,2024-07-25 02:04:45,Partner Program,Greece,19,Male,Desktop,2024-08-23 08:09:31.098146,churned
P100380,2024-07-25 07:29:06,Partner Program,United Kingdom,37,Female,Desktop,,never_activated
P101252,2024-07-25 13:09:25,Social Media,United Kingdom,25,Male,Desktop,,never_activated
P101960,2024-07-25 14:12:17,Referral,Greece,27,Male,Mobile,,never_activated
P100938,2024-07-25 22:48:23,Social Media,Spain,38,Female,Mobile,2024-08-30 00:51:42.659185,churned
P100459,2024-07-26 01:21:26,Paid Ads,United Kingdom,21,Male,Desktop,2024-09-21 01:06:33.453258,churned
P102832,2024-07-26 16:41:41,Organic Search,Mexico,26,Male,Tablet,2025-01-21 07:39:42.681837,churned
P100090,2024-07-26 17:17:40,Social Media,United States,18,Female,Mobile,2024-10-25 18:13:55.119792,churned
P101033,2024-07-27 03:02:36,Referral,United Kingdom,38,Male,Mobile,,never_activated
P100604,2024-07-27 03:23:12,Partner Program,United Kingdom,20,Male,Tablet,2024-08-23 10:16:12.549842,churned
P100644,2024-07-27 14:34:06,Organic Search,United States,22,Male,Desktop,,never_activated
P100132,2024-07-27 17:29:16,Partner Program,United Kingdom,18,Female,Desktop,,never_activated
P102355,2024-07-27 20:36:59,Social Media,Italy,32,Female,Desktop,2024-09-02 09:04:27.616861,churned
P102706,2024-07-27 21:38:29,Paid Ads,Portugal,57,Female,Mobile,2024-08-27 02:23:30.968825,churned
P101481,2024-07-27 22:37:02,Organic Search,Poland,32,Male,Mobile,,never_activated
P102338,2024-07-28 00:21:41,Referral,United Kingdom,26,Non-binary,Desktop,2025-02-24 09:21:41.297043,churned
P101535,2024-07-28 02:04:53,Referral,Italy,58,Non-binary,Desktop,2024-09-27 09:02:22.798175,churned
P100040,2024-07-28 07:13:11,Partner Program,South Africa,34,Female,Desktop,,never_activated
P101721,2024-07-28 07:15:23,Paid Ads,United Kingdom,29,Male,Mobile,,never_activated
P101821,2024-07-28 08:21:03,Partner Program,United Kingdom,28,Male,Desktop,2024-10-01 18:01:42.644088,churned
P101417,2024-07-28 12:34:16,Organic Search,Ireland,20,Male,Desktop,,never_activated
P101846,2024-07-28 22:58:53,Partner Program,United Kingdom,39,Male,Desktop,,never_activated
P102580,2024-07-29 14:20:58,Social Media,Spain,37,Male,Tablet,,never_activated
P102366,2024-07-29 17:01:44,Organic Search,Poland,24,Male,Mobile,,never_activated
P100812,2024-07-30 00:05:36,Referral,United Kingdom,45,Female,Desktop,,never_activated
P102686,2024-07-30 02:54:52,Organic Search,Germany,19,Non-binary,Desktop,,never_activated
P100718,2024-07-30 05:25:20,Partner Program,United Kingdom,18,Male,Desktop,,never_activated
P102478,2024-07-31 11:04:55,Organic Search,Poland,30,Female,Desktop,2024-10-02 12:03:36.820788,churned
P102702,2024-07-31 12:55:01,Organic Search,Spain,53,Male,Mobile,,never_activated
P101253,2024-07-31 22:00:11,Referral,United Kingdom,29,Male,Mobile,,never_activated
P102167,2024-08-01 15:16:10,Referral,Portugal,48,Male,Mobile,,never_activated
P100294,2024-08-01 23:35:25,Partner Program,Portugal,44,Male,Mobile,,never_activated
P101836,2024-08-02 05:10:10,Organic Search,Netherlands,36,Prefer not to say,Desktop,,never_activated
P101592,2024-08-02 08:32:51,Organic Search,Spain,33,Male,Desktop,2024-11-28 02:05:10.547461,churned
P101646,2024-08-02 17:11:01,Paid Ads,Greece,27,Male,Desktop,2025-04-03 13:50:25.422685,at_risk
P100772,2024-08-02 18:40:31,Referral,United States,29,Female,Desktop,,never_activated
P102900,2024-08-02 20:04:27,Referral,United Kingdom,39,Female,Desktop,,never_activated
P100655,2024-08-02 21:52:48,Paid Ads,Canada,39,Male,Mobile,,never_activated
P100588,2024-08-02 23:27:05,Referral,United Kingdom,18,Female,Desktop,2024-10-26 21:45:06.155373,churned
P101119,2024-08-03 02:35:43,Referral,United Kingdom,29,Male,Desktop,2025-03-24 12:24:40.491676,churned
P101161,2024-08-03 02:56:29,Organic Search,United States,47,Male,Desktop,2024-09-30 12:09:31.815930,churned
P100587,2024-08-03 08:17:57,Social Media,Poland,40,Female,Desktop,,never_activated
P100539,2024-08-03 09:21:27,Referral,Portugal,31,Prefer not to say,Mobile,2025-03-19 03:58:39.812912,churned
P101734,2024-08-04 06:09:55,Referral,Italy,46,Male,Desktop,,never_activated
P102476,2024-08-04 07:23:39,Referral,Poland,31,Male,Desktop,2024-08-28 11:30:51.891223,churned
P101199,2024-08-04 15:13:06,Organic Search,United Kingdom,27,Male,Tablet,2024-10-31 23:11:04.190570,churned
P101246,2024-08-04 15:17:06,Organic Search,United Kingdom,21,Female,Desktop,,never_activated
P101387,2024-08-04 23:22:29,Organic Search,United Kingdom,39,Female,Desktop,2024-09-19 18:34:04.479938,churned
P101868,2024-08-05 02:33:10,Social Media,Poland,29,Female,Desktop,,never_activated
P101684,2024-08-05 04:28:42,Paid Ads,Greece,36,Male,Desktop,,never_activated
P101365,2024-08-05 09:50:22,Organic Search,Mexico,32,Female,Tablet,,never_activated
P102994,2024-08-05 16:16:00,Organic Search,Poland,39,Female,Mobile,,never_activated
P102315,2024-08-05 20:25:31,Organic Search,Ireland,32,Female,Mobile,,never_activated
P102599,2024-08-06 14:33:48,Referral,United States,18,Female,Desktop,,never_activated
P101984,2024-08-06 23:44:33,Paid Ads,United States,23,Male,Desktop,,never_activated
P101291,2024-08-06 23:56:50,Referral,Mexico,30,Male,Desktop,,never_activated
P101993,2024-08-07 02:02:29,Organic Search,United Kingdom,31,Male,Mobile,2024-09-20 03:33:00.883519,churned
P101697,2024-08-07 02:02:50,Organic Search,United States,18,Female,Desktop,2024-10-05 19:21:50.828030,churned
P100703,2024-08-07 02:52:15,Paid Ads,Australia,25,Male,Desktop,,never_activated
P102764,2024-08-07 09:00:27,Referral,United Kingdom,43,Male,Mobile,,never_activated
P100556,2024-08-07 11:04:10,Organic Search,Spain,33,Male,Desktop,2024-09-27 20:59:20.265969,churned
P102521,2024-08-07 22:09:55,Referral,Canada,36,Male,Desktop,,never_activated
P101585,2024-08-08 01:20:37,Organic Search,Portugal,18,Male,Mobile,2024-10-06 05:03:41.909621,churned
P102666,2024-08-08 05:59:44,Paid Ads,United States,28,Female,Mobile,,never_activated
P100562,2024-08-08 20:06:14,Organic Search,United Kingdom,18,Male,Desktop,,never_activated
P100997,2024-08-09 00:33:07,Referral,Portugal,32,Male,Desktop,2024-09-13 20:24:22.562930,churned
P101749,2024-08-09 07:44:03,Organic Search,Portugal,31,Female,Desktop,,never_activated
P100946,2024-08-09 13:57:28,Partner Program,United States,35,Female,Desktop,2024-10-14 08:04:05.184147,churned
P100179,2024-08-09 23:39:38,Social Media,United Kingdom,42,Female,Tablet,,never_activated
P100930,2024-08-10 03:40:55,Organic Search,Spain,38,Male,Desktop,,never_activated
P102013,2024-08-10 06:28:03,Organic Search,United States,21,Female,Desktop,,never_activated
P100754,2024-08-10 16:26:14,Paid Ads,Greece,21,Male,Mobile,,never_activated
P100590,2024-08-10 21:00:02,Referral,Mexico,41,Male,Tablet,,never_activated
P102455,2024-08-10 22:41:25,Social Media,United Kingdom,41,Female,Mobile,2024-11-07 17:00:47.301646,churned
P102743,2024-08-11 05:20:22,Paid Ads,United States,24,Female,Desktop,,never_activated
P100021,2024-08-11 06:33:40,Referral,United States,35,Male,Mobile,,never_activated
P101434,2024-08-11 08:51:39,Partner Program,United Kingdom,36,Female,Mobile,2024-11-13 16:25:21.429850,churned
P102284,2024-08-11 10:09:07,Partner Program,United Kingdom,36,Female,Mobile,,never_activated
P100262,2024-08-11 12:23:09,Organic Search,United Kingdom,30,Male,Desktop,,never_activated
P102411,2024-08-11 17:40:56,Organic Search,Canada,43,Male,Desktop,,never_activated
P100726,2024-08-11 19:39:04,Referral,United States,35,Female,Mobile,2024-11-09 14:34:27.086381,churned
P100919,2024-08-11 19:56:02,Referral,Poland,45,Male,Mobile,,never_activated
P102110,2024-08-11 20:58:03,Referral,Australia,18,Male,Desktop,2024-09-09 15:16:51.294470,churned
P102156,2024-08-12 08:52:53,Social Media,Germany,20,Female,Mobile,,never_activated
P102359,2024-08-12 17:32:23,Paid Ads,Canada,28,Male,Mobile,2024-09-12 15:24:22.094471,churned
P100066,2024-08-12 18:55:36,Social Media,Mexico,47,Female,Desktop,2025-03-01 17:58:33.438206,churned
P100832,2024-08-12 21:15:33,Referral,Poland,27,Non-binary,Tablet,2024-09-09 05:49:38.564646,churned
P102537,2024-08-13 10:17:20,Referral,United Kingdom,28,Male,Mobile,2024-12-23 05:18:11.943058,churned
P101720,2024-08-13 15:42:28,Referral,Portugal,42,Female,Desktop,,never_activated
P100430,2024-08-13 18:20:25,Organic Search,Ireland,21,Female,Mobile,,never_activated
P102393,2024-08-13 19:42:14,Referral,United Kingdom,23,Female,Mobile,2024-09-18 03:23:26.891493,churned
P102594,2024-08-13 20:10:03,Referral,Mexico,28,Male,Desktop,,never_activated
P101278,2024-08-13 22:53:04,Organic Search,United Kingdom,34,Female,Mobile,,never_activated
P100152,2024-08-14 16:17:51,Referral,Canada,52,Female,Desktop,,never_activated
P101693,2024-08-15 22:36:24,Referral,United States,34,Male,Tablet,,never_activated
P102747,2024-08-16 02:24:06,Organic Search,Germany,18,Female,Desktop,2024-11-14 13:31:38.749638,churned
P100576,2024-08-16 08:35:08,Organic Search,Spain,32,Female,Desktop,2024-11-06 09:29:19.654622,churned
P101947,2024-08-16 11:07:05,Partner Program,United Kingdom,37,Male,Desktop,,never_activated
P102760,2024-08-16 11:18:21,Paid Ads,Australia,51,Male,Mobile,,never_activated
P100844,2024-08-17 13:16:04,Social Media,Poland,41,Male,Mobile,,never_activated
P101423,2024-08-17 13:33:23,Referral,United States,25,Female,Mobile,,never_activated
P102483,2024-08-17 14:49:24,Paid Ads,Germany,37,Male,Desktop,,never_activated
P101909,2024-08-17 16:56:13,Organic Search,United States,34,Male,Desktop,,never_activated
P101790,2024-08-18 02:22:11,Social Media,United Kingdom,18,Male,Mobile,2025-01-04 16:52:07.028919,churned
P100519,2024-08-18 04:08:28,Organic Search,United States,29,Female,Desktop,,never_activated
P100775,2024-08-18 18:36:21,Organic Search,United Kingdom,38,Male,Desktop,,never_activated
P101764,2024-08-18 21:40:02,Paid Ads,Portugal,18,Male,Mobile,,never_activated
P100589,2024-08-19 00:15:17,Partner Program,United States,21,Female,Mobile,2024-11-22 04:54:41.612919,churned
P101221,2024-08-19 00:26:49,Organic Search,United Kingdom,23,Female,Desktop,,never_activated
P102037,2024-08-19 01:23:53,Paid Ads,Canada,33,Female,Desktop,,never_activated
P100760,2024-08-19 18:33:08,Paid Ads,Canada,41,Female,Desktop,2024-12-10 02:29:02.000458,churned
P101710,2024-08-19 21:31:03,Referral,Poland,28,Female,Mobile,,never_activated
P102894,2024-08-19 21:36:54,Social Media,United States,40,Male,Mobile,,never_activated
P102115,2024-08-19 22:36:57,Social Media,United Kingdom,36,Male,Mobile,,never_activated
P100790,2024-08-20 03:54:39,Organic Search,United States,19,Female,Desktop,,never_activated
P101637,2024-08-20 03:58:47,Organic Search,United Kingdom,45,Male,Desktop,,never_activated
P100665,2024-08-20 08:55:01,Paid Ads,Ireland,37,Female,Mobile,,never_activated
P100801,2024-08-20 12:57:55,Paid Ads,Ireland,32,Male,Tablet,2025-03-18 04:21:41.704462,churned
P100698,2024-08-21 04:23:50,Referral,United States,35,Male,Desktop,2024-10-21 00:12:09.596034,churned
P102439,2024-08-21 04:27:55,Paid Ads,Canada,26,Female,Mobile,2024-09-15 01:59:57.389886,churned
P101109,2024-08-21 05:04:39,Paid Ads,United States,41,Male,Desktop,2025-06-16 04:02:47.975989,active
P102396,2024-08-21 23:03:07,Organic Search,Germany,31,Male,Mobile,,never_activated
P100004,2024-08-22 03:18:09,Referral,United Kingdom,18,Male,Mobile,,never_activated
P100875,2024-08-22 04:27:41,Organic Search,United States,35,Male,Desktop,,never_activated
P100005,2024-08-22 06:45:35,Organic Search,Mexico,28,Male,Mobile,,never_activated
P100318,2024-08-22 17:09:04,Paid Ads,Netherlands,39,Male,Desktop,,never_activated
P100866,2024-08-22 23:10:24,Organic Search,Spain,18,Male,Mobile,2024-11-17 13:00:17.158213,churned
P102102,2024-08-23 01:33:06,Organic Search,Portugal,33,Female,Desktop,2024-12-18 05:29:53.581426,churned
P102996,2024-08-23 19:04:45,Partner Program,Canada,37,Female,Desktop,2024-09-30 08:28:24.975382,churned
P101156,2024-08-24 10:17:14,Paid Ads,Poland,35,Male,Desktop,2024-11-21 18:47:51.147785,churned
P101991,2024-08-24 15:39:04,Referral,United Kingdom,37,Male,Desktop,,never_activated
P101164,2024-08-25 10:58:51,Organic Search,Italy,22,Male,Mobile,,never_activated
P100667,2024-08-25 12:40:19,Partner Program,Portugal,39,Female,Mobile,,never_activated
P102420,2024-08-25 13:49:28,Organic Search,Australia,27,Non-binary,Desktop,,never_activated
P101884,2024-08-25 15:22:51,Organic Search,Canada,26,Male,Desktop,2024-10-03 05:57:23.269972,churned
P100209,2024-08-25 15:45:04,Referral,Australia,52,Female,Desktop,,never_activated
P101321,2024-08-25 15:51:02,Paid Ads,Ireland,37,Female,Mobile,,never_activated
P100111,2024-08-26 08:36:21,Paid Ads,United Kingdom,20,Male,Desktop,2024-09-26 01:46:45.845240,churned
P100202,2024-08-26 08:48:27,Social Media,Netherlands,38,Male,Desktop,2024-12-26 22:22:20.134729,churned
P102130,2024-08-26 12:20:14,Referral,South Africa,35,Male,Mobile,,never_activated
P102807,2024-08-26 19:52:38,Partner Program,Ireland,37,Male,Mobile,2025-01-20 10:49:17.957037,churned
P100505,2024-08-27 04:28:23,Organic Search,Poland,25,Male,Desktop,2024-11-19 05:24:36.791357,churned
P102971,2024-08-27 09:20:35,Organic Search,Spain,29,Female,Mobile,,never_activated
P101212,2024-08-27 09:54:59,Paid Ads,United Kingdom,21,Female,Desktop,2025-02-21 16:35:08.764101,churned
P100353,2024-08-27 12:12:29,Paid Ads,United Kingdom,18,Male,Mobile,,never_activated
P100729,2024-08-27 15:03:39,Organic Search,United States,38,Male,Mobile,,never_activated
P102813,2024-08-27 16:38:55,Referral,Portugal,30,Male,Mobile,,never_activated
P101380,2024-08-27 20:17:14,Organic Search,United States,50,Female,Desktop,,never_activated
P101867,2024-08-28 06:00:50,Referral,Canada,27,Female,Mobile,2024-09-09 00:11:26.841623,churned
P100730,2024-08-28 12:46:31,Organic Search,Portugal,33,Female,Tablet,2024-09-22 00:41:41.484152,churned
P102068,2024-08-28 23:53:26,Social Media,Greece,31,Female,Desktop,,never_activated
P102391,2024-08-29 03:59:40,Paid Ads,United States,18,Male,Desktop,2025-03-25 02:30:21.363214,churned
P102127,2024-08-29 04:18:31,Social Media,Poland,53,Male,Desktop,2024-10-01 05:08:12.069731,churned
P100958,2024-08-29 12:25:24,Referral,United States,32,Female,Mobile,,never_activated
P102777,2024-08-29 12:52:10,Referral,Spain,18,Male,Desktop,,never_activated
P102052,2024-08-29 15:47:07,Referral,Poland,22,Female,Tablet,,never_activated
P101296,2024-08-30 03:32:28,Referral,Portugal,43,Male,Desktop,,never_activated
P102935,2024-08-30 04:15:39,Social Media,Poland,42,Male,Desktop,2024-09-17 22:19:26.567221,churned
P101087,2024-08-30 08:22:23,Social Media,United States,40,Female,Mobile,2024-10-27 18:34:38.617092,churned
P101400,2024-08-30 09:11:05,Social Media,Poland,42,Male,Desktop,,never_activated
P101401,2024-08-30 09:23:03,Paid Ads,Portugal,29,Female,Mobile,,never_activated
P102633,2024-08-30 10:02:12,Paid Ads,Poland,37,Female,Mobile,,never_activated
P101571,2024-08-30 23:31:59,Referral,United Kingdom,25,Male,Desktop,,never_activated
P101392,2024-08-31 04:10:29,Referral,United States,25,Male,Desktop,2025-02-13 19:20:53.183781,churned
P100600,2024-08-31 16:37:01,Referral,United Kingdom,41,Female,Desktop,2024-11-04 02:19:41.290341,churned
P100254,2024-08-31 21:10:40,Organic Search,United States,44,Male,Mobile,,never_activated
P100031,2024-09-01 12:49:23,Social Media,Mexico,26,Female,Mobile,,never_activated
P100682,2024-09-01 22:56:09,Organic Search,United States,40,Male,Desktop,,never_activated
P100597,2024-09-02 02:45:41,Social Media,Mexico,27,Male,Mobile,,never_activated
P100934,2024-09-02 05:39:49,Paid Ads,United States,23,Male,Tablet,2024-12-26 01:17:52.310304,churned
P101105,2024-09-03 05:00:19,Paid Ads,United Kingdom,29,Male,Tablet,2024-10-08 11:43:43.886534,churned
P102151,2024-09-03 05:36:53,Social Media,Germany,32,Female,Desktop,,never_activated
P100175,2024-09-03 12:10:03,Referral,United Kingdom,19,Male,Desktop,2025-04-04 20:21:41.742141,at_risk
P101678,2024-09-03 13:33:05,Organic Search,Greece,43,Female,Mobile,2025-01-02 06:03:53.722025,churned
P101808,2024-09-03 14:51:13,Partner Program,Australia,18,Female,Tablet,,never_activated
P100670,2024-09-03 15:52:04,Referral,Portugal,44,Female,Tablet,,never_activated
P100317,2024-09-03 16:18:12,Social Media,Spain,19,Female,Desktop,,never_activated
P100342,2024-09-03 21:11:14,Social Media,Mexico,22,Female,Desktop,,never_activated
P101624,2024-09-04 01:56:48,Social Media,United Kingdom,35,Male,Desktop,2024-10-04 09:55:51.460989,churned
P102859,2024-09-04 03:19:17,Partner Program,Poland,25,Female,Mobile,2024-11-09 06:18:36.864306,churned
P102172,2024-09-04 04:02:39,Paid Ads,Poland,26,Female,Mobile,,never_activated
P100952,2024-09-04 05:28:58,Organic Search,Poland,35,Female,Desktop,2024-09-14 07:22:05.617507,churned
P101690,2024-09-04 07:57:13,Paid Ads,Ireland,45,Male,Mobile,2025-03-25 02:53:19.391737,churned
P100602,2024-09-05 01:15:29,Partner Program,United States,22,Female,Mobile,,never_activated
P101445,2024-09-05 02:55:53,Partner Program,Italy,37,Male,Desktop,,never_activated
P100387,2024-09-05 06:06:50,Referral,Mexico,42,Male,Mobile,2025-06-14 13:37:10.612955,active
P101095,2024-09-05 08:07:07,Social Media,Portugal,36,Female,Desktop,2024-12-25 07:04:59.871460,churned
P101862,2024-09-05 11:53:34,Referral,United States,47,Male,Mobile,2024-12-11 18:07:05.904687,churned
P100833,2024-09-05 15:47:10,Referral,Canada,42,Female,Desktop,,never_activated
P100239,2024-09-05 17:14:21,Paid Ads,South Africa,30,Male,Desktop,2024-09-14 01:46:21.508654,churned
P100842,2024-09-06 08:31:16,Referral,Italy,33,Male,Mobile,,never_activated
P100885,2024-09-06 12:36:37,Referral,United Kingdom,41,Female,Desktop,2025-05-19 13:48:02.142018,at_risk
P102990,2024-09-06 21:56:15,Social Media,Ireland,30,Female,Desktop,2024-10-25 22:30:49.561164,churned
P101016,2024-09-07 15:19:21,Referral,United States,19,Female,Desktop,2024-10-12 05:17:40.486200,churned
P101368,2024-09-07 23:08:11,Referral,United States,22,Non-binary,Tablet,,never_activated
P101538,2024-09-08 00:49:54,Referral,United Kingdom,19,Male,Desktop,,never_activated
P100902,2024-09-08 03:10:10,Organic Search,Germany,30,Male,Desktop,2024-10-01 19:16:03.591287,churned
P100014,2024-09-08 05:26:21,Paid Ads,Poland,22,Male,Desktop,,never_activated
P100867,2024-09-08 05:28:12,Referral,Italy,25,Female,Mobile,,never_activated
P101371,2024-09-08 06:01:24,Paid Ads,Germany,30,Female,Desktop,,never_activated
P100721,2024-09-08 07:06:06,Paid Ads,United Kingdom,32,Male,Desktop,2024-10-05 03:06:21.040220,churned
P101326,2024-09-08 11:29:07,Organic Search,Poland,39,Female,Desktop,,never_activated
P102923,2024-09-08 16:50:54,Referral,Italy,30,Male,Mobile,,never_activated
P101536,2024-09-08 19:20:39,Partner Program,Poland,27,Male,Desktop,2024-12-02 15:09:24.252261,churned
P100784,2024-09-08 20:06:31,Social Media,Germany,47,Female,Mobile,2025-05-10 11:17:00.791259,at_risk
P100592,2024-09-08 20:08:38,Social Media,Germany,34,Female,Mobile,,never_activated
P100015,2024-09-09 16:35:22,Paid Ads,Portugal,54,Female,Desktop,,never_activated
P101966,2024-09-10 00:15:01,Organic Search,Italy,45,Male,Desktop,,never_activated
P102112,2024-09-10 00:26:17,Social Media,United States,23,Male,Mobile,,never_activated
P101000,2024-09-10 03:37:06,Paid Ads,Greece,18,Female,Mobile,,never_activated
P100049,2024-09-10 03:57:36,Organic Search,Poland,46,Female,Mobile,,never_activated
P100620,2024-09-10 06:48:39,Referral,United Kingdom,39,Female,Mobile,,never_activated
P101239,2024-09-10 10:52:49,Organic Search,Mexico,30,Male,Mobile,2024-10-27 02:57:24.890824,churned
P101807,2024-09-10 11:36:38,Organic Search,Canada,20,Male,Mobile,,never_activated
P102237,2024-09-10 13:18:42,Organic Search,South Africa,50,Female,Mobile,,never_activated
P100689,2024-09-11 03:09:09,Organic Search,Portugal,38,Male,Desktop,,never_activated
P101097,2024-09-11 03:25:06,Referral,Netherlands,49,Male,Desktop,,never_activated
P102879,2024-09-11 05:13:50,Organic Search,Germany,32,Male,Desktop,2025-02-06 20:46:13.775568,churned
P100117,2024-09-11 05:31:14,Organic Search,Australia,31,Female,Mobile,2024-11-09 05:11:03.816411,churned
P101980,2024-09-11 06:14:59,Referral,Spain,18,Female,Mobile,2024-10-11 01:03:50.229535,churned
P100668,2024-09-11 12:43:58,Referral,Poland,40,Female,Desktop,,never_activated
P100167,2024-09-11 22:53:29,Organic Search,Spain,26,Male,Mobile,,never_activated
P102138,2024-09-12 01:22:02,Organic Search,Italy,20,Female,Desktop,,never_activated
P101897,2024-09-12 19:45:38,Referral,United States,49,Non-binary,Mobile,,never_activated
P100493,2024-09-12 22:26:04,Paid Ads,Germany,23,Male,Desktop,2024-10-10 08:55:09.076824,churned
P102799,2024-09-13 07:39:54,Partner Program,United States,21,Male,Mobile,,never_activated
P102852,2024-09-14 05:47:16,Referral,Poland,45,Female,Tablet,,never_activated
P100855,2024-09-14 08:37:07,Partner Program,Portugal,33,Male,Mobile,,never_activated
P101600,2024-09-14 11:21:14,Referral,Germany,18,Female,Mobile,,never_activated
P100598,2024-09-15 16:59:29,Referral,Australia,42,Female,Desktop,,never_activated
P100234,2024-09-16 03:59:47,Referral,Italy,35,Male,Mobile,,never_activated
P102960,2024-09-16 04:18:24,Referral,United States,28,Female,Desktop,2024-10-09 17:00:12.611403,churned
P101737,2024-09-16 04:35:55,Organic Search,Australia,20,Prefer not to say,Mobile,2024-10-15 18:49:01.687178,churned
P102447,2024-09-16 05:49:37,Organic Search,South Africa,44,Male,Mobile,,never_activated
P100368,2024-09-17 07:01:47,Paid Ads,United Kingdom,25,Male,Desktop,,never_activated
P102787,2024-09-17 07:43:49,Organic Search,United States,31,Male,Mobile,,never_activated
P101514,2024-09-17 08:33:11,Referral,Australia,18,Male,Mobile,2025-02-04 00:33:33.385242,churned
P102289,2024-09-17 10:22:13,Organic Search,Portugal,31,Male,Mobile,,never_activated
P102742,2024-09-17 10:28:26,Organic Search,Canada,33,Non-binary,Desktop,,never_activated
P100057,2024-09-17 19:48:11,Partner Program,United Kingdom,29,Male,Mobile,2024-12-03 08:11:48.472250,churned
P100071,2024-09-18 08:21:49,Partner Program,South Africa,18,Male,Mobile,,never_activated
P101847,2024-09-18 17:25:12,Organic Search,Poland,52,Male,Desktop,2024-12-16 21:28:12.847321,churned
P102030,2024-09-18 18:25:23,Organic Search,United Kingdom,40,Female,Desktop,2024-11-15 14:21:44.467844,churned
P101295,2024-09-19 03:23:25,Paid Ads,South Africa,18,Male,Desktop,2025-06-15 16:47:41.272075,active
P100026,2024-09-19 07:14:09,Organic Search,United Kingdom,35,Male,Desktop,2024-10-20 18:06:21.732929,churned
P102504,2024-09-19 09:57:33,Organic Search,South Africa,18,Non-binary,Mobile,2024-10-13 10:43:25.877486,churned
P102673,2024-09-19 10:59:23,Organic Search,Canada,40,Female,Mobile,2024-11-16 05:20:32.282809,churned
P101336,2024-09-19 12:18:51,Referral,United Kingdom,27,Female,Mobile,2024-10-15 10:04:44.473317,churned
P101438,2024-09-20 05:17:33,Partner Program,Poland,32,Male,Mobile,,never_activated
P102465,2024-09-20 05:26:12,Organic Search,Germany,39,Male,Desktop,,never_activated
P101626,2024-09-20 07:36:45,Partner Program,United States,28,Female,Mobile,,never_activated
P100728,2024-09-20 07:46:58,Paid Ads,Poland,43,Male,Mobile,,never_activated
P101256,2024-09-20 11:26:38,Referral,United Kingdom,47,Female,Mobile,,never_activated
P102066,2024-09-20 18:11:37,Social Media,Ireland,38,Female,Desktop,2025-01-15 19:05:55.579005,churned
P102111,2024-09-20 22:36:35,Organic Search,United Kingdom,41,Female,Tablet,2024-11-18 01:36:18.289752,churned
P102092,2024-09-21 00:14:53,Organic Search,United Kingdom,41,Male,Desktop,2024-10-24 18:12:39.793324,churned
P101905,2024-09-21 04:09:57,Partner Program,United States,34,Female,Mobile,,never_activated
P102491,2024-09-21 18:10:25,Referral,United Kingdom,34,Female,Mobile,2024-10-24 03:34:04.845145,churned
P102072,2024-09-22 02:06:41,Referral,Mexico,18,Female,Desktop,,never_activated
P100895,2024-09-22 06:34:26,Organic Search,Mexico,32,Prefer not to say,Desktop,2025-02-08 07:02:59.956389,churned
P101893,2024-09-22 15:39:16,Referral,Ireland,28,Male,Desktop,,never_activated
P100854,2024-09-22 18:43:04,Social Media,Poland,35,Male,Mobile,2025-06-29 18:45:19.299129,active
P102877,2024-09-22 23:38:12,Paid Ads,Germany,18,Male,Desktop,,never_activated
P100944,2024-09-23 08:42:29,Paid Ads,Portugal,35,Female,Mobile,,never_activated
P101410,2024-09-23 11:59:29,Referral,United States,50,Female,Mobile,,never_activated
P101820,2024-09-23 16:21:01,Referral,United Kingdom,23,Male,Desktop,,never_activated
P102882,2024-09-23 19:13:22,Organic Search,Canada,32,Male,Mobile,,never_activated
P100606,2024-09-23 20:12:42,Social Media,United States,33,Male,Desktop,2024-10-27 10:21:32.016215,churned
P102292,2024-09-23 20:29:39,Referral,United Kingdom,37,Female,Desktop,2025-02-11 05:38:12.391490,churned
P102650,2024-09-24 00:54:00,Referral,United States,27,Female,Mobile,,never_activated
P101666,2024-09-24 04:43:47,Social Media,Canada,35,Male,Mobile,,never_activated
P100900,2024-09-24 16:00:16,Social Media,Mexico,23,Prefer not to say,Desktop,,never_activated
P100621,2024-09-25 06:13:59,Organic Search,Poland,26,Female,Desktop,,never_activated
P101361,2024-09-25 07:23:47,Referral,Canada,34,Male,Mobile,,never_activated
P102779,2024-09-25 09:15:13,Social Media,United Kingdom,38,Male,Desktop,2024-11-08 12:34:02.963682,churned
P100852,2024-09-25 12:03:11,Referral,United States,28,Male,Desktop,2025-03-06 13:50:38.024849,churned
P100013,2024-09-26 00:01:52,Referral,United States,31,Prefer not to say,Desktop,2024-11-04 17:48:59.260023,churned
P102526,2024-09-26 02:10:53,Referral,Portugal,41,Non-binary,Desktop,,never_activated
P102658,2024-09-26 08:33:45,Social Media,United States,30,Male,Desktop,2024-11-24 11:27:19.422832,churned
P100642,2024-09-26 22:53:04,Social Media,United Kingdom,36,Female,Desktop,,never_activated
P101555,2024-09-26 23:21:18,Organic Search,Portugal,43,Male,Mobile,,never_activated
P100561,2024-09-27 01:35:41,Paid Ads,United Kingdom,34,Female,Mobile,,never_activated
P102181,2024-09-27 08:28:00,Referral,Poland,34,Male,Desktop,,never_activated
P101871,2024-09-27 11:01:01,Organic Search,United Kingdom,36,Non-binary,Mobile,,never_activated
P101232,2024-09-27 14:06:12,Organic Search,Spain,32,Female,Desktop,2025-02-25 22:11:30.147814,churned
P102662,2024-09-28 00:53:23,Social Media,Poland,37,Female,Mobile,2024-11-27 14:14:24.765637,churned
P100973,2024-09-28 08:00:20,Organic Search,United States,24,Male,Mobile,,never_activated
P101751,2024-09-28 08:16:33,Referral,Canada,22,Male,Mobile,,never_activated
P101458,2024-09-28 17:06:27,Referral,Portugal,55,Male,Mobile,2025-01-12 11:58:19.747721,churned
P100297,2024-09-28 22:16:41,Social Media,United Kingdom,27,Male,Mobile,2024-11-17 04:59:32.896357,churned
P101707,2024-09-29 01:48:53,Organic Search,United States,50,Female,Mobile,,never_activated
P101574,2024-09-29 19:33:31,Social Media,Spain,18,Male,Desktop,,never_activated
P101323,2024-09-30 03:51:01,Referral,Greece,26,Female,Mobile,,never_activated
P102296,2024-09-30 14:28:36,Organic Search,South Africa,38,Female,Mobile,,never_activated
P101078,2024-09-30 18:19:02,Partner Program,United Kingdom,25,Male,Desktop,2024-12-27 11:34:33.670145,churned
P102407,2024-09-30 23:48:31,Paid Ads,Poland,27,Male,Desktop,,never_activated
P101096,2024-10-01 02:06:06,Organic Search,Greece,24,Female,Desktop,,never_activated
P102856,2024-10-01 02:59:23,Social Media,United Kingdom,28,Male,Desktop,,never_activated
P101133,2024-10-01 19:33:43,Paid Ads,Mexico,36,Female,Desktop,2025-04-06 16:54:54.494792,at_risk
P101951,2024-10-01 21:22:56,Organic Search,Australia,38,Male,Mobile,,never_activated
P101215,2024-10-01 21:37:33,Social Media,United Kingdom,18,Male,Mobile,,never_activated
P100131,2024-10-02 02:54:11,Social Media,United States,28,Female,Desktop,2024-11-07 18:27:51.352651,churned
P100879,2024-10-02 06:20:00,Paid Ads,United Kingdom,37,Male,Desktop,2024-12-30 14:15:26.506499,churned
P101010,2024-10-02 09:22:56,Referral,Germany,38,Male,Tablet,2024-12-29 16:24:20.738984,churned
P102823,2024-10-02 15:10:33,Organic Search,Portugal,38,Female,Mobile,,never_activated
P100213,2024-10-03 01:25:03,Referral,Canada,26,Male,Desktop,,never_activated
P100468,2024-10-03 06:16:28,Partner Program,Portugal,30,Female,Mobile,,never_activated
P101112,2024-10-03 06:21:48,Referral,United States,18,Female,Desktop,,never_activated
P102914,2024-10-03 07:04:54,Referral,United Kingdom,31,Male,Desktop,2025-01-28 03:34:05.746353,churned
P100830,2024-10-03 14:34:55,Paid Ads,United States,21,Male,Mobile,,never_activated
P101111,2024-10-03 17:26:20,Paid Ads,Poland,26,Male,Mobile,2025-04-30 14:32:54.061118,at_risk
P101839,2024-10-03 23:55:26,Organic Search,Poland,36,Female,Mobile,,never_activated
P102741,2024-10-04 06:50:00,Organic Search,Greece,25,Male,Mobile,2025-01-01 23:41:28.807531,churned
P102574,2024-10-04 14:32:24,Referral,Portugal,27,Male,Mobile,2024-12-13 23:17:33.603340,churned
P102038,2024-10-04 20:22:04,Partner Program,United Kingdom,18,Male,Desktop,,never_activated
P102907,2024-10-04 22:25:30,Referral,United States,33,Male,Mobile,2024-10-13 18:51:52.427299,churned
P100173,2024-10-04 22:50:14,Paid Ads,Portugal,33,Male,Desktop,2024-12-03 08:34:04.575848,churned
P102174,2024-10-05 02:26:42,Social Media,South Africa,18,Female,Desktop,2024-12-11 00:51:35.388935,churned
P102470,2024-10-05 04:17:59,Social Media,South Africa,37,Female,Mobile,,never_activated
P101492,2024-10-05 06:13:14,Partner Program,United Kingdom,32,Female,Desktop,,never_activated
P101602,2024-10-05 09:16:07,Paid Ads,Germany,34,Female,Desktop,,never_activated
P101554,2024-10-05 11:57:39,Social Media,Canada,22,Prefer not to say,Mobile,,never_activated
P102727,2024-10-05 13:29:30,Paid Ads,United Kingdom,41,Female,Mobile,,never_activated
P100124,2024-10-05 19:01:38,Referral,South Africa,44,Male,Desktop,,never_activated
P100108,2024-10-06 00:34:53,Partner Program,Canada,31,Female,Mobile,2025-02-05 11:12:17.443271,churned
P102821,2024-10-06 01:36:52,Organic Search,Ireland,30,Male,Mobile,2024-12-02 00:15:13.547037,churned
P101332,2024-10-06 06:26:05,Paid Ads,Canada,32,Male,Desktop,,never_activated
P101032,2024-10-06 09:33:13,Partner Program,South Africa,34,Prefer not to say,Desktop,,never_activated
P101231,2024-10-06 10:39:06,Partner Program,Poland,18,Female,Tablet,,never_activated
P100542,2024-10-06 18:06:46,Paid Ads,Portugal,37,Female,Desktop,,never_activated
P100776,2024-10-06 22:46:12,Partner Program,Ireland,44,Female,Desktop,2025-02-17 09:48:27.405316,churned
P101094,2024-10-07 04:05:19,Organic Search,Poland,21,Male,Mobile,,never_activated
P102910,2024-10-07 06:01:13,Social Media,Spain,36,Male,Desktop,,never_activated
P101089,2024-10-07 20:52:19,Organic Search,United States,40,Female,Tablet,,never_activated
P100880,2024-10-07 20:57:56,Referral,United States,55,Male,Desktop,2024-12-12 18:18:29.430743,churned
P101608,2024-10-08 04:26:29,Organic Search,United Kingdom,47,Female,Desktop,2024-12-15 14:31:43.436852,churned
P101580,2024-10-08 12:48:41,Paid Ads,Canada,39,Male,Desktop,,never_activated
P101071,2024-10-08 14:38:52,Social Media,Portugal,18,Male,Mobile,2025-01-08 17:42:31.244162,churned
P100744,2024-10-08 18:19:42,Organic Search,Germany,30,Male,Desktop,,never_activated
P101046,2024-10-08 21:04:46,Organic Search,Italy,32,Female,Mobile,,never_activated
P102566,2024-10-08 21:59:43,Organic Search,Greece,25,Male,Desktop,,never_activated
P102981,2024-10-09 01:09:10,Paid Ads,United States,22,Female,Mobile,2024-11-09 06:38:10.855766,churned
P101635,2024-10-09 05:52:44,Social Media,Spain,29,Male,Mobile,,never_activated
P101390,2024-10-10 03:56:49,Social Media,Portugal,26,Female,Tablet,,never_activated
P100663,2024-10-10 07:02:18,Referral,Ireland,18,Male,Desktop,,never_activated
P100215,2024-10-10 09:52:09,Referral,United States,42,Male,Desktop,,never_activated
P101561,2024-10-10 11:19:05,Referral,Poland,38,Female,Tablet,2025-02-06 14:21:25.764288,churned
P101719,2024-10-11 01:41:29,Organic Search,United States,25,Male,Desktop,,never_activated
P101369,2024-10-11 01:58:55,Paid Ads,United Kingdom,18,Male,Desktop,2025-04-10 22:35:19.515166,at_risk
P100158,2024-10-11 02:06:50,Organic Search,Germany,30,Female,Desktop,2025-01-08 11:11:33.880967,churned
P101490,2024-10-11 06:29:42,Paid Ads,Portugal,21,Female,Mobile,,never_activated
P100887,2024-10-11 06:57:48,Organic Search,Poland,29,Female,Desktop,,never_activated
P101066,2024-10-11 17:06:42,Organic Search,Portugal,22,Female,Mobile,,never_activated
P102268,2024-10-11 19:52:17,Organic Search,United Kingdom,30,Male,Mobile,2024-12-22 20:32:56.464215,churned
P102076,2024-10-11 20:13:53,Social Media,United States,39,Female,Desktop,2025-02-05 13:27:32.623214,churned
P102155,2024-10-12 00:07:43,Organic Search,Netherlands,21,Female,Tablet,,never_activated
P101845,2024-10-12 02:00:35,Organic Search,Portugal,47,Male,Mobile,2024-12-15 10:10:13.885508,churned
P100585,2024-10-12 05:21:28,Referral,United Kingdom,39,Female,Mobile,,never_activated
P100151,2024-10-12 09:33:17,Organic Search,Italy,46,Female,Mobile,,never_activated
P102239,2024-10-12 22:02:15,Referral,United Kingdom,22,Female,Mobile,2024-11-04 15:15:34.099992,churned
P102851,2024-10-12 22:16:11,Organic Search,Italy,36,Female,Desktop,2024-11-17 00:34:44.622313,churned
P102223,2024-10-13 01:47:29,Organic Search,Portugal,40,Male,Desktop,2025-02-11 06:39:58.804614,churned
P100693,2024-10-13 03:27:33,Partner Program,Greece,36,Female,Tablet,2024-11-21 19:04:53.195421,churned
P101753,2024-10-13 04:57:37,Organic Search,United Kingdom,26,Male,Desktop,2025-06-01 21:25:09.153126,active
P102767,2024-10-13 06:55:18,Organic Search,United Kingdom,45,Male,Desktop,2025-01-05 16:15:07.721749,churned
P102588,2024-10-13 07:18:47,Social Media,United States,42,Male,Mobile,,never_activated
P101276,2024-10-13 12:49:02,Social Media,Poland,44,Female,Tablet,2024-12-14 12:11:07.674197,churned
P100189,2024-10-13 13:06:35,Paid Ads,Greece,37,Male,Mobile,2024-12-03 21:42:46.224420,churned
P102785,2024-10-13 13:39:16,Referral,Mexico,38,Female,Mobile,2025-02-10 13:15:50.029321,churned
P100637,2024-10-13 16:32:26,Referral,United States,28,Male,Desktop,,never_activated
P100155,2024-10-13 16:40:30,Organic Search,South Africa,20,Male,Mobile,,never_activated
P100225,2024-10-14 03:25:56,Social Media,Mexico,27,Female,Mobile,,never_activated
P101518,2024-10-14 17:14:07,Organic Search,United States,28,Male,Desktop,,never_activated
P100889,2024-10-14 19:34:13,Partner Program,Italy,24,Female,Mobile,,never_activated
P100666,2024-10-15 00:46:15,Referral,United States,18,Male,Mobile,,never_activated
P100962,2024-10-15 01:45:05,Social Media,United States,37,Male,Desktop,,never_activated
P100988,2024-10-15 06:32:56,Paid Ads,Germany,34,Male,Desktop,,never_activated
P102728,2024-10-15 12:48:17,Paid Ads,Spain,46,Male,Mobile,2025-03-07 20:15:52.181374,churned
P101887,2024-10-15 23:07:12,Referral,Poland,37,Male,Mobile,,never_activated
P102001,2024-10-16 00:24:22,Partner Program,Australia,29,Female,Desktop,,never_activated
P102810,2024-10-16 03:45:15,Paid Ads,Germany,41,Female,Desktop,2025-01-04 03:53:18.647092,churned
P100537,2024-10-16 09:08:53,Referral,Poland,29,Female,Mobile,,never_activated
P100762,2024-10-16 10:30:42,Referral,Ireland,24,Female,Desktop,,never_activated
P100329,2024-10-16 11:09:02,Paid Ads,Mexico,48,Female,Desktop,2024-12-18 04:22:47.454170,churned
P101320,2024-10-16 12:44:56,Organic Search,Australia,27,Male,Mobile,,never_activated
P101374,2024-10-16 13:34:59,Organic Search,Germany,18,Female,Mobile,2024-11-08 06:21:46.204053,churned
P102612,2024-10-16 18:59:27,Organic Search,Poland,41,Male,Tablet,,never_activated
P100319,2024-10-17 04:23:30,Organic Search,United Kingdom,31,Female,Mobile,,never_activated
P101008,2024-10-17 14:53:12,Referral,Mexico,24,Male,Mobile,2024-12-19 07:55:06.591931,churned
P101397,2024-10-17 18:01:32,Organic Search,Poland,52,Male,Mobile,,never_activated
P100105,2024-10-17 21:26:59,Paid Ads,Greece,42,Non-binary,Mobile,,never_activated
P102003,2024-10-17 22:43:08,Referral,United States,21,Male,Tablet,,never_activated
P100782,2024-10-18 02:23:17,Referral,South Africa,37,Female,Desktop,,never_activated
P102039,2024-10-18 04:21:29,Referral,Germany,19,Male,Mobile,,never_activated
P100141,2024-10-18 05:54:41,Paid Ads,United States,24,Male,Desktop,2025-01-20 17:14:18.586296,churned
P102847,2024-10-18 08:43:10,Social Media,Greece,21,Male,Desktop,,never_activated
P101855,2024-10-18 13:31:04,Social Media,United States,28,Male,Mobile,,never_activated
P100629,2024-10-19 12:50:23,Social Media,Mexico,32,Female,Desktop,2024-10-26 20:13:38.888479,churned
P100708,2024-10-20 09:27:37,Paid Ads,Germany,52,Female,Mobile,,never_activated
P101778,2024-10-20 17:16:57,Social Media,Italy,26,Female,Desktop,2024-11-27 21:20:30.783901,churned
P102280,2024-10-20 21:23:01,Organic Search,Spain,25,Female,Mobile,,never_activated
P101543,2024-10-21 02:02:51,Social Media,United States,24,Female,Desktop,,never_activated
P100681,2024-10-21 11:40:43,Partner Program,Portugal,28,Female,Tablet,2025-05-13 04:56:31.269634,at_risk
P101525,2024-10-21 13:37:32,Social Media,United States,21,Male,Desktop,2025-01-20 05:08:13.367203,churned
P102330,2024-10-21 14:43:02,Referral,Australia,23,Female,Desktop,,never_activated
P100929,2024-10-21 15:29:15,Referral,United States,30,Female,Desktop,,never_activated
P102028,2024-10-21 17:22:12,Referral,Greece,25,Male,Mobile,,never_activated
P101340,2024-10-21 21:05:10,Social Media,United States,37,Female,Desktop,2025-01-17 09:01:24.612005,churned
P100184,2024-10-21 23:19:21,Paid Ads,Italy,39,Female,Desktop,2025-01-19 18:39:17.603748,churned
P102067,2024-10-22 00:02:58,Referral,Ireland,40,Female,Desktop,2025-02-24 08:18:42.798694,churned
P101173,2024-10-22 02:36:57,Organic Search,Spain,47,Female,Tablet,,never_activated
P101129,2024-10-22 03:48:19,Organic Search,Poland,38,Male,Desktop,2024-12-09 12:57:31.590452,churned
P100044,2024-10-22 04:41:41,Partner Program,Poland,28,Female,Mobile,,never_activated
P101747,2024-10-22 11:37:30,Referral,United Kingdom,25,Male,Mobile,,never_activated
P100579,2024-10-22 12:57:26,Paid Ads,United Kingdom,45,Male,Desktop,2024-11-26 19:50:07.753510,churned
P101383,2024-10-22 13:42:26,Organic Search,United Kingdom,19,Male,Desktop,2024-11-22 07:21:27.404953,churned
P102752,2024-10-22 14:17:08,Social Media,United Kingdom,18,Female,Mobile,2024-11-17 03:35:25.985211,churned
P102793,2024-10-22 16:44:42,Paid Ads,Canada,18,Female,Tablet,2025-01-22 08:30:45.859493,churned
P102446,2024-10-22 19:11:41,Social Media,United Kingdom,19,Male,Mobile,,never_activated
P101976,2024-10-22 20:09:32,Referral,United States,25,Male,Mobile,,never_activated
P100908,2024-10-22 21:41:56,Partner Program,Canada,21,Male,Desktop,2025-01-14 01:14:17.469458,churned
P102025,2024-10-23 06:42:42,Partner Program,United Kingdom,39,Male,Mobile,2024-11-21 14:25:45.692070,churned
P102000,2024-10-23 13:19:35,Organic Search,Poland,48,Male,Desktop,,never_activated
P102190,2024-10-23 14:53:54,Referral,United Kingdom,32,Female,Desktop,2025-01-14 11:57:56.767916,churned
P101652,2024-10-24 08:48:48,Organic Search,United States,20,Male,Mobile,2025-02-10 22:17:39.250030,churned
P100975,2024-10-24 19:44:48,Social Media,United States,29,Female,Desktop,2025-04-26 07:35:17.896481,at_risk
P101812,2024-10-25 09:44:41,Organic Search,United States,22,Male,Desktop,,never_activated
P101118,2024-10-25 13:18:49,Paid Ads,South Africa,33,Female,Desktop,2025-02-21 13:51:10.684797,churned
P102940,2024-10-25 16:46:48,Organic Search,United Kingdom,38,Female,Mobile,2024-11-25 11:58:39.537366,churned
P100224,2024-10-25 22:58:42,Organic Search,Poland,29,Female,Mobile,2025-01-04 13:17:37.325626,churned
P102707,2024-10-25 23:28:43,Social Media,United Kingdom,50,Male,Desktop,,never_activated
P101144,2024-10-26 16:10:19,Organic Search,United Kingdom,29,Male,Desktop,,never_activated
P102680,2024-10-26 18:38:01,Referral,Germany,20,Female,Mobile,2024-11-25 20:40:42.411507,churned
P100638,2024-10-27 00:55:27,Organic Search,United Kingdom,28,Male,Desktop,,never_activated
P100926,2024-10-27 03:28:17,Paid Ads,United Kingdom,23,Female,Desktop,2025-01-25 06:17:37.029989,churned
P101260,2024-10-27 11:45:16,Paid Ads,Italy,39,Male,Desktop,,never_activated
P101412,2024-10-27 15:12:25,Partner Program,United Kingdom,34,Male,Mobile,,never_activated
P100911,2024-10-27 21:31:15,Partner Program,United Kingdom,28,Male,Desktop,,never_activated
P101936,2024-10-28 04:44:25,Organic Search,Portugal,41,Male,Mobile,,never_activated
P100871,2024-10-28 05:01:14,Referral,Mexico,22,Male,Desktop,2025-04-18 11:18:48.846147,at_risk
P102617,2024-10-28 05:44:19,Referral,Italy,45,Female,Desktop,2025-04-20 18:39:45.604805,at_risk
P100061,2024-10-28 16:51:50,Referral,United States,40,Female,Desktop,2024-11-28 23:52:53.643612,churned
P100309,2024-10-28 19:44:48,Social Media,United Kingdom,38,Female,Desktop,,never_activated
P102450,2024-10-28 20:15:02,Referral,Poland,34,Male,Desktop,2025-03-19 01:51:14.980486,churned
P102596,2024-10-28 23:12:01,Organic Search,Ireland,40,Female,Desktop,2025-01-07 07:03:33.885342,churned
P101219,2024-10-29 08:53:00,Paid Ads,Germany,39,Female,Mobile,2024-12-24 05:15:08.852858,churned
P102004,2024-10-29 11:16:21,Referral,United Kingdom,24,Female,Tablet,2024-11-23 11:44:54.195967,churned
P100935,2024-10-29 12:22:03,Referral,Germany,28,Male,Mobile,,never_activated
P101208,2024-10-29 13:57:38,Referral,Portugal,35,Female,Desktop,2024-11-28 07:14:31.023995,churned
P100992,2024-10-29 16:44:41,Paid Ads,Canada,38,Female,Desktop,2025-01-22 17:49:51.105326,churned
P100527,2024-10-29 17:35:44,Referral,Netherlands,39,Male,Desktop,2024-11-30 19:00:02.939918,churned
P101533,2024-10-29 22:30:06,Organic Search,Portugal,27,Female,Desktop,,never_activated
P101972,2024-10-29 23:06:08,Organic Search,Poland,28,Female,Mobile,,never_activated
P102316,2024-10-30 06:59:46,Referral,Portugal,33,Female,Mobile,2025-01-15 21:06:03.873399,churned
P101227,2024-10-30 07:12:13,Organic Search,Canada,28,Male,Mobile,,never_activated
P102375,2024-10-30 12:04:19,Referral,United Kingdom,27,Female,Mobile,,never_activated
P102958,2024-10-30 13:41:56,Organic Search,Spain,32,Male,Desktop,,never_activated
P101563,2024-10-30 14:42:55,Organic Search,Canada,32,Male,Desktop,,never_activated
P101596,2024-10-30 16:52:19,Referral,Germany,18,Non-binary,Desktop,2025-03-19 12:46:25.737073,churned
P100940,2024-10-30 21:15:24,Referral,Germany,37,Female,Desktop,,never_activated
P102771,2024-10-30 23:39:15,Organic Search,United Kingdom,27,Male,Desktop,,never_activated
P102607,2024-10-31 01:23:14,Organic Search,Canada,22,Male,Mobile,,never_activated
P100617,2024-10-31 05:19:33,Partner Program,South Africa,28,Female,Mobile,2024-11-26 03:10:58.538283,churned
P102480,2024-10-31 05:21:07,Referral,United Kingdom,25,Male,Tablet,,never_activated
P102108,2024-10-31 05:33:59,Social Media,United Kingdom,25,Male,Desktop,2025-01-03 17:12:37.693173,churned
P101358,2024-10-31 08:50:31,Referral,United States,35,Female,Desktop,,never_activated
P102285,2024-10-31 11:53:38,Social Media,Mexico,26,Male,Mobile,,never_activated
P100492,2024-10-31 18:30:29,Organic Search,Portugal,19,Male,Mobile,,never_activated
P102525,2024-11-01 00:02:33,Social Media,Poland,40,Female,Desktop,,never_activated
P102176,2024-11-01 11:10:05,Paid Ads,Canada,37,Male,Desktop,,never_activated
P100601,2024-11-01 12:20:35,Organic Search,United Kingdom,53,Male,Mobile,2025-01-13 03:15:39.431886,churned
P100149,2024-11-01 18:38:07,Partner Program,Poland,26,Male,Desktop,,never_activated
P100487,2024-11-02 00:03:23,Referral,Ireland,45,Female,Mobile,,never_activated
P100687,2024-11-02 01:08:51,Organic Search,Italy,36,Female,Mobile,2024-12-25 04:28:40.044502,churned
P102206,2024-11-02 04:32:54,Social Media,United Kingdom,24,Male,Desktop,,never_activated
P100064,2024-11-02 06:15:47,Paid Ads,United Kingdom,25,Male,Desktop,,never_activated
P100323,2024-11-02 10:06:53,Organic Search,United Kingdom,24,Female,Desktop,,never_activated
P102291,2024-11-02 10:56:45,Social Media,United States,37,Male,Desktop,2025-06-11 11:53:19.688739,active
P102567,2024-11-02 12:17:44,Organic Search,United States,44,Non-binary,Desktop,,never_activated
P102217,2024-11-02 17:56:44,Partner Program,Portugal,30,Prefer not to say,Desktop,,never_activated
P100236,2024-11-02 19:57:12,Social Media,Spain,45,Female,Desktop,,never_activated
P101999,2024-11-03 06:44:59,Referral,Italy,18,Female,Desktop,,never_activated
P100386,2024-11-03 07:33:17,Organic Search,United Kingdom,34,Male,Mobile,2025-06-29 02:52:24.198265,active
P102861,2024-11-03 07:45:59,Organic Search,United States,27,Male,Desktop,,never_activated
P100379,2024-11-03 09:16:42,Referral,United Kingdom,40,Female,Desktop,,never_activated
P100656,2024-11-03 09:58:23,Organic Search,United States,21,Prefer not to say,Desktop,,never_activated
P102897,2024-11-03 20:41:39,Referral,United Kingdom,38,Male,Desktop,,never_activated
P102868,2024-11-03 23:08:28,Referral,Mexico,18,Female,Mobile,2024-12-31 08:18:52.357108,churned
P101526,2024-11-04 03:59:49,Referral,Italy,28,Male,Mobile,,never_activated
P100669,2024-11-04 05:25:39,Paid Ads,United Kingdom,28,Female,Mobile,,never_activated
P100144,2024-11-04 07:39:46,Organic Search,Italy,23,Male,Desktop,,never_activated
P100466,2024-11-04 14:24:37,Paid Ads,United Kingdom,42,Female,Mobile,,never_activated
P102598,2024-11-04 16:14:06,Paid Ads,Mexico,45,Female,Desktop,2024-11-24 13:33:07.992162,churned
P102490,2024-11-04 18:57:24,Partner Program,Germany,36,Female,Mobile,,never_activated
P102675,2024-11-05 00:42:47,Paid Ads,United Kingdom,57,Male,Desktop,,never_activated
P100288,2024-11-05 00:57:33,Paid Ads,Ireland,18,Male,Mobile,2025-01-05 16:55:21.031799,churned
P102094,2024-11-05 01:10:39,Organic Search,Ireland,30,Male,Desktop,,never_activated
P101169,2024-11-05 05:26:41,Organic Search,Poland,20,Male,Desktop,,never_activated
P101069,2024-11-05 13:40:23,Referral,United Kingdom,33,Male,Mobile,2024-12-06 18:23:47.023641,churned
P101850,2024-11-05 22:10:23,Partner Program,Canada,40,Male,Mobile,2025-04-15 17:48:19.394174,at_risk
P102433,2024-11-06 03:09:20,Referral,Poland,46,Female,Desktop,,never_activated
P100110,2024-11-06 06:45:51,Referral,Poland,36,Male,Mobile,2024-12-07 18:20:00.863141,churned
P102833,2024-11-06 07:33:20,Partner Program,United States,44,Male,Tablet,2024-12-04 02:08:10.233362,churned
P100696,2024-11-06 21:34:54,Organic Search,United States,42,Female,Desktop,,never_activated
P100964,2024-11-06 21:44:17,Paid Ads,South Africa,30,Female,Desktop,2025-02-26 23:52:57.606661,churned
P102424,2024-11-06 23:05:23,Referral,United Kingdom,29,Male,Tablet,,never_activated
P100019,2024-11-07 03:00:08,Partner Program,Canada,50,Female,Mobile,2025-04-11 00:15:00.452941,at_risk
P101269,2024-11-07 08:43:42,Social Media,Portugal,29,Male,Desktop,2025-01-01 03:48:29.079483,churned
P102755,2024-11-07 14:43:46,Organic Search,United Kingdom,28,Female,Mobile,2025-02-05 08:02:33.644691,churned
P102998,2024-11-07 23:54:24,Organic Search,Portugal,39,Female,Desktop,2024-12-06 09:47:49.163777,churned
P100022,2024-11-08 00:14:47,Organic Search,Ireland,22,Male,Desktop,2025-03-09 09:40:24.273709,churned
P100269,2024-11-08 04:09:15,Organic Search,Ireland,18,Female,Desktop,2025-01-14 05:02:21.109742,churned
P102709,2024-11-08 04:22:14,Partner Program,United States,28,Female,Desktop,,never_activated
P102208,2024-11-08 07:36:28,Organic Search,Germany,18,Male,Desktop,,never_activated
P100416,2024-11-08 12:19:46,Organic Search,Mexico,32,Female,Mobile,,never_activated
P101829,2024-11-08 14:33:33,Paid Ads,Germany,42,Male,Desktop,,never_activated
P100896,2024-11-08 16:20:17,Social Media,Spain,21,Female,Desktop,2025-03-11 21:13:17.817717,churned
P102303,2024-11-08 17:27:54,Organic Search,Canada,18,Female,Mobile,,never_activated
P102532,2024-11-09 03:04:09,Partner Program,United Kingdom,56,Female,Mobile,2025-01-15 12:16:58.842903,churned
P100916,2024-11-09 09:59:04,Referral,Spain,22,Male,Desktop,2025-03-17 02:22:47.687344,churned
P102565,2024-11-09 10:16:51,Organic Search,Canada,20,Female,Desktop,,never_activated
P101816,2024-11-09 14:29:11,Paid Ads,United States,27,Female,Mobile,,never_activated
P102665,2024-11-09 19:03:39,Organic Search,Ireland,22,Female,Mobile,2024-11-20 13:51:01.898315,churned
P102362,2024-11-09 22:27:39,Social Media,Poland,25,Male,Mobile,2025-02-08 20:41:44.967570,churned
P100250,2024-11-09 23:28:34,Social Media,United States,38,Female,Desktop,2025-03-11 00:50:49.677380,churned
P101021,2024-11-10 05:38:36,Partner Program,United Kingdom,50,Female,Mobile,,never_activated
P101878,2024-11-10 05:50:42,Referral,Portugal,26,Male,Desktop,2025-06-24 09:10:49.997613,active
P102228,2024-11-10 10:16:33,Social Media,Ireland,31,Female,Desktop,,never_activated
P102942,2024-11-10 10:42:03,Social Media,Portugal,30,Female,Desktop,2025-01-09 00:12:50.970007,churned
P101070,2024-11-10 18:08:53,Referral,United States,38,Male,Desktop,2025-02-08 11:21:31.500126,churned
P101803,2024-11-10 18:12:04,Organic Search,Germany,24,Female,Desktop,2025-02-09 21:50:56.214442,churned
P102640,2024-11-10 18:31:48,Organic Search,Poland,20,Female,Mobile,2025-01-16 14:13:09.422831,churned
P100967,2024-11-10 18:49:26,Paid Ads,Portugal,20,Male,Mobile,,never_activated
P102715,2024-11-11 02:20:33,Organic Search,United States,29,Male,Mobile,2024-12-08 15:06:15.427140,churned
P102229,2024-11-11 08:51:15,Paid Ads,Poland,27,Male,Desktop,2025-03-09 06:12:39.250004,churned
P101974,2024-11-11 12:33:21,Referral,United States,18,Non-binary,Mobile,,never_activated
P102557,2024-11-11 18:14:39,Social Media,United States,19,Male,Desktop,2025-01-16 09:48:17.818998,churned
P102522,2024-11-11 22:20:09,Organic Search,Ireland,18,Female,Desktop,,never_activated
P100741,2024-11-12 13:53:16,Organic Search,Germany,34,Male,Desktop,,never_activated
P101188,2024-11-12 16:36:47,Social Media,Canada,25,Female,Desktop,2025-04-11 16:23:12.402576,at_risk
P102445,2024-11-12 17:00:47,Organic Search,United Kingdom,49,Female,Mobile,,never_activated
P102226,2024-11-12 17:18:07,Referral,Portugal,19,Female,Mobile,,never_activated
P100143,2024-11-12 20:29:48,Paid Ads,United Kingdom,28,Male,Desktop,,never_activated
P102908,2024-11-13 01:22:31,Partner Program,Canada,26,Female,Desktop,,never_activated
P101722,2024-11-13 02:09:57,Organic Search,United Kingdom,24,Male,Tablet,,never_activated
P100016,2024-11-13 04:35:23,Referral,Poland,36,Male,Desktop,,never_activated
P102909,2024-11-13 07:52:13,Referral,South Africa,25,Male,Mobile,,never_activated
P101651,2024-11-13 07:52:49,Paid Ads,United States,36,Male,Desktop,2025-02-13 02:45:31.708634,churned
P102725,2024-11-13 09:39:35,Paid Ads,Greece,31,Female,Tablet,2024-11-24 02:12:03.378661,churned
P102919,2024-11-13 10:22:15,Social Media,United Kingdom,22,Male,Desktop,,never_activated
P102183,2024-11-13 13:16:06,Organic Search,United Kingdom,18,Male,Desktop,2025-03-06 18:28:41.003522,churned
P101730,2024-11-14 00:19:44,Social Media,Germany,28,Female,Desktop,,never_activated
P101910,2024-11-14 00:48:07,Partner Program,United Kingdom,26,Male,Desktop,,never_activated
P101675,2024-11-14 02:29:07,Referral,United Kingdom,40,Male,Desktop,2025-04-23 11:01:01.408973,at_risk
P102215,2024-11-14 04:26:00,Partner Program,United States,20,Male,Desktop,,never_activated
P100036,2024-11-14 06:22:11,Organic Search,Germany,41,Male,Desktop,,never_activated
P102180,2024-11-14 08:04:46,Referral,Germany,22,Male,Mobile,,never_activated
P101657,2024-11-14 12:37:16,Referral,Italy,29,Female,Desktop,,never_activated
P102376,2024-11-14 21:54:23,Paid Ads,Spain,28,Female,Mobile,2025-01-03 08:01:34.409845,churned
P101436,2024-11-15 18:48:28,Referral,United Kingdom,28,Non-binary,Mobile,,never_activated
P101527,2024-11-15 18:55:11,Social Media,South Africa,29,Prefer not to say,Tablet,2025-02-07 16:35:36.453836,churned
P100502,2024-11-16 00:35:03,Organic Search,United Kingdom,40,Female,Mobile,,never_activated
P101262,2024-11-16 01:37:57,Referral,United Kingdom,25,Female,Mobile,2025-03-13 04:35:16.844124,churned
P102997,2024-11-16 06:51:00,Social Media,United States,27,Female,Desktop,,never_activated
P102323,2024-11-16 16:21:06,Paid Ads,Ireland,31,Male,Desktop,2025-04-14 17:18:29.084577,at_risk
P102697,2024-11-17 03:08:03,Organic Search,Canada,41,Female,Mobile,,never_activated
P101530,2024-11-17 05:10:24,Organic Search,Portugal,41,Female,Mobile,2025-01-15 00:12:51.787348,churned
P100046,2024-11-17 07:11:57,Paid Ads,Mexico,37,Female,Mobile,2025-06-18 23:49:05.723747,active
P102403,2024-11-17 10:35:06,Social Media,Poland,41,Male,Mobile,,never_activated
P100084,2024-11-17 11:13:07,Paid Ads,Canada,29,Female,Tablet,,never_activated
P100761,2024-11-17 19:44:05,Referral,Greece,24,Female,Desktop,,never_activated
P101702,2024-11-17 20:33:04,Social Media,Spain,43,Female,Desktop,2025-02-09 08:35:35.145666,churned
P102428,2024-11-18 09:58:49,Organic Search,Portugal,18,Male,Mobile,,never_activated
P102143,2024-11-18 19:38:34,Organic Search,Portugal,28,Female,Mobile,2025-06-24 23:58:47.006359,active
P102619,2024-11-18 22:34:28,Organic Search,Spain,43,Female,Desktop,,never_activated
P100102,2024-11-18 22:58:56,Organic Search,Canada,32,Male,Desktop,2025-01-13 23:08:10.436620,churned
P102614,2024-11-19 00:33:16,Referral,Mexico,47,Female,Desktop,,never_activated
P101775,2024-11-19 07:21:18,Organic Search,Spain,53,Male,Desktop,,never_activated
P100253,2024-11-19 09:07:34,Organic Search,United States,28,Male,Mobile,2025-01-21 15:05:16.459681,churned
P102669,2024-11-19 09:19:01,Referral,United States,20,Male,Mobile,2025-02-13 19:34:46.795358,churned
P102258,2024-11-19 09:34:34,Social Media,Canada,18,Female,Mobile,2024-12-10 19:54:32.963582,churned
P101039,2024-11-19 11:32:54,Referral,Germany,24,Female,Desktop,,never_activated
P101420,2024-11-19 20:12:22,Paid Ads,Poland,25,Male,Desktop,2025-06-23 11:58:14.456381,active
P102105,2024-11-19 23:04:47,Organic Search,Portugal,18,Male,Mobile,2025-06-29 17:23:28.625488,active
P102603,2024-11-20 01:31:39,Referral,United Kingdom,35,Female,Desktop,,never_activated
P101028,2024-11-20 01:38:18,Social Media,Canada,40,Male,Desktop,,never_activated
P100410,2024-11-20 08:56:12,Partner Program,United States,26,Male,Desktop,,never_activated
P102384,2024-11-20 13:46:29,Organic Search,United Kingdom,29,Male,Desktop,2025-01-12 17:05:30.691981,churned
P100375,2024-11-20 14:22:36,Paid Ads,Mexico,24,Female,Mobile,,never_activated
P101042,2024-11-20 18:03:26,Organic Search,Italy,47,Male,Mobile,,never_activated
P100122,2024-11-20 19:13:32,Referral,South Africa,28,Prefer not to say,Mobile,,never_activated
P100166,2024-11-21 09:17:38,Paid Ads,Australia,30,Male,Mobile,,never_activated
P102572,2024-11-21 11:08:16,Organic Search,United Kingdom,44,Female,Desktop,2025-03-14 03:51:14.230357,churned
P100404,2024-11-21 15:05:19,Partner Program,Poland,24,Female,Desktop,2024-12-09 10:19:30.302507,churned
P100135,2024-11-22 00:18:54,Social Media,United Kingdom,30,Male,Desktop,,never_activated
P102824,2024-11-22 04:45:43,Organic Search,South Africa,36,Male,Mobile,,never_activated
P100307,2024-11-22 09:09:32,Referral,Germany,32,Male,Desktop,,never_activated
P100641,2024-11-22 11:53:08,Paid Ads,Italy,45,Female,Mobile,,never_activated
P100706,2024-11-22 13:08:15,Social Media,Spain,23,Female,Mobile,,never_activated
P100690,2024-11-22 16:55:31,Organic Search,United Kingdom,27,Male,Desktop,2025-01-28 13:17:32.619972,churned
P101203,2024-11-22 17:29:53,Organic Search,Poland,30,Male,Tablet,,never_activated
P101601,2024-11-22 21:29:22,Paid Ads,United Kingdom,31,Female,Desktop,2025-01-17 03:10:25.063948,churned
P101484,2024-11-23 01:50:38,Partner Program,United States,33,Male,Desktop,,never_activated
P102169,2024-11-23 03:14:55,Referral,Spain,35,Female,Desktop,2024-12-16 12:34:00.766391,churned
P100216,2024-11-23 05:07:32,Organic Search,United Kingdom,25,Male,Desktop,2025-03-19 11:55:53.862026,churned
P101765,2024-11-23 11:50:14,Partner Program,United States,29,Male,Desktop,,never_activated
P102920,2024-11-23 19:15:51,Referral,Mexico,39,Male,Mobile,,never_activated
P100085,2024-11-23 20:46:56,Organic Search,Poland,41,Female,Mobile,,never_activated
P100059,2024-11-23 21:12:41,Social Media,Portugal,45,Female,Desktop,,never_activated
P101613,2024-11-23 22:04:41,Paid Ads,United Kingdom,19,Female,Desktop,,never_activated
P101385,2024-11-23 23:32:42,Social Media,United States,35,Female,Desktop,,never_activated
P101908,2024-11-24 02:27:56,Referral,United States,46,Male,Desktop,,never_activated
P100643,2024-11-24 13:00:30,Organic Search,Spain,33,Female,Desktop,2025-02-16 03:06:12.877962,churned
P101284,2024-11-24 13:40:41,Referral,United Kingdom,47,Female,Mobile,2025-06-25 02:07:21.003957,active
P101474,2024-11-24 21:48:53,Paid Ads,Australia,27,Male,Desktop,2025-01-26 12:46:37.512746,churned
P101948,2024-11-25 00:35:59,Organic Search,Poland,44,Male,Desktop,,never_activated
P102069,2024-11-25 04:45:18,Paid Ads,Ireland,39,Prefer not to say,Desktop,,never_activated
P100583,2024-11-25 10:03:02,Social Media,United States,41,Female,Mobile,,never_activated
P100417,2024-11-25 17:46:12,Partner Program,United States,32,Male,Desktop,2025-02-23 10:20:19.783555,churned
P100082,2024-11-26 05:11:29,Social Media,United Kingdom,30,Male,Mobile,,never_activated
P102890,2024-11-26 05:23:23,Organic Search,Italy,29,Male,Desktop,2024-12-22 10:34:28.460975,churned
P102880,2024-11-26 15:17:24,Social Media,Greece,26,Male,Desktop,2025-04-27 02:49:08.291233,at_risk
P102287,2024-11-26 18:14:41,Referral,Netherlands,48,Male,Desktop,,never_activated
P101968,2024-11-27 00:48:01,Social Media,Italy,32,Male,Desktop,,never_activated
P101941,2024-11-27 08:08:40,Referral,Canada,28,Female,Mobile,,never_activated
P100980,2024-11-27 09:40:12,Social Media,Germany,20,Male,Desktop,,never_activated
P101614,2024-11-27 21:11:38,Paid Ads,United Kingdom,42,Female,Desktop,2025-01-31 05:51:42.877811,churned
P100822,2024-11-27 21:31:25,Social Media,Canada,37,Female,Mobile,,never_activated
P100702,2024-11-28 00:56:13,Referral,United Kingdom,19,Female,Tablet,,never_activated
P102962,2024-11-28 07:24:20,Organic Search,United Kingdom,32,Female,Mobile,,never_activated
P101162,2024-11-28 15:53:41,Social Media,United States,37,Female,Desktop,,never_activated
P102150,2024-11-28 17:10:26,Referral,United States,20,Female,Desktop,,never_activated
P100819,2024-11-28 19:04:25,Social Media,Poland,20,Female,Mobile,2024-12-18 18:11:22.451224,churned
P100753,2024-11-28 19:44:54,Referral,Canada,46,Female,Desktop,,never_activated
P101325,2024-11-28 23:07:11,Paid Ads,United Kingdom,38,Male,Desktop,,never_activated
P101837,2024-11-29 00:17:59,Referral,United States,22,Male,Tablet,,never_activated
P102299,2024-11-29 02:04:25,Paid Ads,United States,29,Female,Mobile,2025-01-18 18:15:12.064096,churned
P100133,2024-11-29 02:51:18,Organic Search,Australia,25,Male,Desktop,,never_activated
P102684,2024-11-29 06:28:51,Paid Ads,Poland,23,Female,Desktop,,never_activated
P100281,2024-11-29 08:09:05,Organic Search,United Kingdom,29,Male,Desktop,2025-03-31 00:07:19.576028,at_risk
P100194,2024-11-29 12:50:18,Social Media,United States,48,Female,Desktop,,never_activated
P101394,2024-11-29 22:04:03,Social Media,United States,44,Male,Tablet,2025-04-04 12:39:44.216382,at_risk
P100394,2024-11-30 02:34:37,Organic Search,United States,29,Male,Mobile,,never_activated
P102437,2024-11-30 03:55:30,Organic Search,Ireland,34,Female,Mobile,,never_activated
P100180,2024-11-30 05:33:45,Organic Search,Ireland,39,Male,Desktop,2025-03-28 04:28:15.560223,churned
P101036,2024-11-30 08:13:51,Organic Search,Germany,38,Male,Tablet,,never_activated
P101503,2024-11-30 13:35:24,Referral,Italy,37,Male,Desktop,2025-02-15 02:34:43.796299,churned
P102400,2024-11-30 13:48:19,Partner Program,Ireland,33,Male,Tablet,,never_activated
P101308,2024-11-30 19:24:15,Referral,United Kingdom,41,Female,Desktop,,never_activated
P100768,2024-12-01 05:46:29,Referral,South Africa,36,Male,Desktop,2024-12-30 22:07:03.356789,churned
P102368,2024-12-01 09:15:02,Paid Ads,Ireland,39,Female,Desktop,,never_activated
P102449,2024-12-01 15:57:53,Referral,Portugal,18,Male,Desktop,2025-02-27 17:37:20.068947,churned
P100907,2024-12-01 21:21:58,Referral,Poland,25,Male,Mobile,,never_activated
P101181,2024-12-01 22:00:35,Partner Program,Mexico,25,Male,Mobile,2025-03-24 00:20:38.307143,churned
P102395,2024-12-02 01:32:09,Paid Ads,United States,36,Male,Mobile,,never_activated
P102753,2024-12-02 06:36:17,Organic Search,United States,23,Non-binary,Mobile,2025-06-25 04:30:34.371813,active
P100593,2024-12-02 10:51:44,Partner Program,Germany,18,Non-binary,Mobile,2025-01-02 13:37:12.207885,churned
P100783,2024-12-02 17:45:09,Social Media,South Africa,23,Female,Desktop,2025-02-16 02:12:55.361612,churned
P102961,2024-12-02 19:03:13,Paid Ads,Greece,32,Male,Desktop,,never_activated
P102309,2024-12-02 19:29:27,Partner Program,Spain,26,Female,Desktop,,never_activated
P101192,2024-12-02 23:05:36,Partner Program,United Kingdom,29,Male,Mobile,,never_activated
P102453,2024-12-03 02:03:02,Paid Ads,Ireland,18,Prefer not to say,Desktop,2025-01-04 20:29:24.806071,churned
P102712,2024-12-03 11:12:05,Paid Ads,Italy,41,Female,Mobile,,never_activated
P102016,2024-12-03 13:47:10,Partner Program,Australia,18,Prefer not to say,Desktop,2025-06-01 17:09:33.608229,active
P101141,2024-12-03 14:43:19,Social Media,United States,49,Male,Desktop,,never_activated
P100827,2024-12-03 15:00:28,Organic Search,Poland,43,Male,Tablet,,never_activated
P101346,2024-12-03 15:07:40,Paid Ads,Poland,30,Female,Mobile,,never_activated
P101680,2024-12-03 18:36:12,Social Media,Poland,23,Female,Mobile,,never_activated
P102157,2024-12-03 20:44:54,Referral,Greece,47,Female,Desktop,,never_activated
P100826,2024-12-03 21:14:34,Organic Search,Ireland,25,Female,Desktop,,never_activated
P101631,2024-12-03 21:49:03,Organic Search,United Kingdom,18,Female,Mobile,2025-03-05 19:24:18.650926,churned
P100569,2024-12-04 01:27:12,Referral,Canada,31,Female,Desktop,2025-04-01 04:45:57.343327,at_risk
P100195,2024-12-04 02:02:32,Partner Program,United Kingdom,39,Female,Desktop,,never_activated
P101099,2024-12-04 06:40:42,Social Media,Germany,38,Male,Desktop,2025-01-27 02:30:06.312995,churned
P102550,2024-12-04 09:26:20,Paid Ads,United Kingdom,20,Male,Mobile,2025-01-12 13:45:54.426749,churned
P102035,2024-12-04 10:07:24,Social Media,Ireland,34,Male,Mobile,,never_activated
P101804,2024-12-04 23:02:16,Organic Search,United States,27,Male,Mobile,,never_activated
P100714,2024-12-04 23:38:23,Social Media,Portugal,31,Female,Desktop,,never_activated
P101287,2024-12-05 04:26:12,Partner Program,Portugal,25,Male,Desktop,2025-04-28 15:20:13.382039,at_risk
P102162,2024-12-05 10:36:25,Social Media,United States,45,Female,Desktop,,never_activated
P100564,2024-12-05 19:35:32,Organic Search,Canada,30,Female,Mobile,,never_activated
P101055,2024-12-05 20:49:20,Social Media,Ireland,22,Non-binary,Desktop,2025-01-09 10:51:16.591667,churned
P101522,2024-12-05 21:46:29,Organic Search,Canada,36,Male,Desktop,,never_activated
P100428,2024-12-05 22:37:51,Paid Ads,United States,35,Male,Desktop,,never_activated
P101560,2024-12-06 00:33:55,Organic Search,Ireland,18,Female,Desktop,,never_activated
P101603,2024-12-06 05:53:19,Organic Search,Italy,31,Female,Desktop,,never_activated
P100495,2024-12-06 06:59:43,Organic Search,Italy,35,Female,Desktop,,never_activated
P101068,2024-12-06 11:43:42,Organic Search,Poland,46,Female,Mobile,2025-05-06 10:56:11.559144,at_risk
P102869,2024-12-06 14:19:27,Referral,South Africa,47,Male,Desktop,,never_activated
P101802,2024-12-06 15:44:12,Paid Ads,Canada,38,Male,Desktop,,never_activated
P102343,2024-12-06 22:20:40,Social Media,South Africa,45,Female,Desktop,2025-04-28 15:01:04.942488,at_risk
P102819,2024-12-07 00:48:12,Social Media,Poland,30,Female,Desktop,,never_activated
P100063,2024-12-07 08:35:49,Partner Program,Portugal,48,Female,Desktop,,never_activated
P100330,2024-12-07 10:07:48,Organic Search,United Kingdom,27,Female,Desktop,2025-01-18 15:53:56.258313,churned
P100660,2024-12-07 13:23:45,Organic Search,United States,18,Female,Mobile,,never_activated
P101923,2024-12-07 13:36:42,Social Media,United States,29,Male,Mobile,2025-05-23 17:58:41.347614,at_risk
P102845,2024-12-07 19:30:47,Organic Search,Australia,21,Female,Desktop,2025-02-07 13:18:53.201991,churned
P100965,2024-12-07 21:39:23,Organic Search,United Kingdom,28,Prefer not to say,Mobile,,never_activated
P101898,2024-12-07 23:05:11,Referral,United Kingdom,22,Female,Mobile,,never_activated
P102523,2024-12-08 03:36:56,Partner Program,Germany,37,Male,Desktop,2025-03-03 18:52:22.531184,churned
P102849,2024-12-08 03:39:21,Referral,South Africa,39,Female,Desktop,,never_activated
P100545,2024-12-08 06:39:53,Social Media,United Kingdom,18,Female,Desktop,,never_activated
P100268,2024-12-08 11:33:25,Organic Search,Italy,22,Female,Desktop,2025-04-08 06:59:15.040584,at_risk
P101378,2024-12-08 11:36:17,Organic Search,United States,51,Female,Mobile,2025-03-07 17:26:27.825286,churned
P100078,2024-12-08 12:43:20,Referral,United States,39,Male,Mobile,,never_activated
P100734,2024-12-08 16:21:10,Social Media,Netherlands,38,Female,Desktop,,never_activated
P102578,2024-12-08 18:13:23,Partner Program,Canada,37,Female,Desktop,,never_activated
P102147,2024-12-08 23:07:35,Organic Search,South Africa,36,Female,Desktop,2025-03-05 05:59:52.997067,churned
P102616,2024-12-09 00:51:29,Paid Ads,United Kingdom,38,Male,Desktop,2025-01-18 06:11:44.283599,churned
P101653,2024-12-09 04:52:56,Organic Search,United States,36,Male,Mobile,2025-06-26 21:41:23.874831,active
P102645,2024-12-09 06:40:54,Referral,United Kingdom,29,Male,Mobile,2025-06-23 16:06:50.794589,active
P100994,2024-12-09 09:50:40,Partner Program,Poland,45,Female,Desktop,,never_activated
P102281,2024-12-09 17:34:21,Organic Search,Spain,30,Prefer not to say,Mobile,,never_activated
P100293,2024-12-09 23:41:20,Referral,South Africa,44,Male,Tablet,,never_activated
P102347,2024-12-10 05:05:00,Referral,Spain,44,Male,Desktop,2025-01-16 10:37:46.746085,churned
P100837,2024-12-10 10:58:39,Paid Ads,Germany,26,Male,Mobile,2025-01-08 13:51:31.869344,churned
P100138,2024-12-10 16:42:08,Social Media,United Kingdom,30,Male,Desktop,2025-03-11 10:17:17.743752,churned
P100657,2024-12-10 20:08:09,Organic Search,Mexico,28,Male,Mobile,2025-01-10 01:43:38.540436,churned
P101967,2024-12-10 23:13:17,Organic Search,Italy,38,Male,Desktop,,never_activated
P102406,2024-12-11 02:29:57,Partner Program,United Kingdom,24,Female,Mobile,,never_activated
P100023,2024-12-11 08:50:02,Partner Program,Germany,30,Prefer not to say,Desktop,2025-04-08 00:55:33.503424,at_risk
P100607,2024-12-11 09:28:07,Social Media,Spain,30,Female,Desktop,,never_activated
P101485,2024-12-11 10:23:39,Organic Search,Canada,24,Non-binary,Mobile,2025-06-29 03:52:57.389523,active
P102740,2024-12-11 13:00:25,Paid Ads,South Africa,47,Female,Mobile,2025-01-11 09:11:34.998927,churned
P100160,2024-12-12 04:08:44,Social Media,Greece,30,Female,Desktop,,never_activated
P100223,2024-12-12 04:25:54,Paid Ads,Spain,18,Female,Desktop,,never_activated
P102676,2024-12-12 04:28:41,Partner Program,United States,26,Male,Mobile,,never_activated
P101738,2024-12-12 05:11:30,Social Media,Ireland,46,Male,Desktop,,never_activated
P101907,2024-12-12 05:48:43,Organic Search,United Kingdom,26,Female,Desktop,2025-06-14 02:50:00.715462,active
P101235,2024-12-12 07:38:46,Paid Ads,Greece,25,Non-binary,Desktop,,never_activated
P101694,2024-12-12 10:08:03,Organic Search,United Kingdom,35,Male,Mobile,,never_activated
P101913,2024-12-12 14:16:53,Referral,United Kingdom,29,Female,Desktop,2025-01-24 01:34:21.484972,churned
P102651,2024-12-12 20:03:21,Organic Search,Italy,32,Male,Desktop,2025-03-08 09:06:04.025262,churned
P100625,2024-12-13 01:23:41,Social Media,Canada,39,Male,Tablet,,never_activated
P102337,2024-12-13 06:39:51,Social Media,Germany,21,Male,Mobile,2025-02-11 15:29:08.295276,churned
P102386,2024-12-13 09:58:17,Partner Program,Poland,27,Male,Desktop,2025-01-20 01:14:27.356204,churned
P102652,2024-12-13 12:41:29,Social Media,United Kingdom,26,Male,Desktop,2025-02-11 00:35:09.147372,churned
P101347,2024-12-13 12:53:38,Paid Ads,Portugal,37,Female,Desktop,,never_activated
P100443,2024-12-13 17:55:51,Organic Search,United Kingdom,18,Female,Mobile,2025-02-11 16:00:28.658566,churned
P102948,2024-12-13 18:02:06,Organic Search,United Kingdom,48,Female,Mobile,,never_activated
P102924,2024-12-13 18:55:43,Organic Search,Poland,42,Female,Tablet,,never_activated
P100622,2024-12-13 21:22:29,Partner Program,Portugal,46,Female,Desktop,,never_activated
P100243,2024-12-13 23:32:54,Paid Ads,Ireland,31,Female,Mobile,,never_activated
P102839,2024-12-14 14:21:00,Referral,Italy,40,Male,Mobile,,never_activated
P101840,2024-12-14 15:23:52,Referral,United Kingdom,28,Male,Desktop,,never_activated
P101491,2024-12-14 15:34:23,Paid Ads,South Africa,26,Male,Mobile,,never_activated
P100870,2024-12-14 15:56:55,Organic Search,Australia,33,Male,Desktop,,never_activated
P101128,2024-12-14 17:24:13,Organic Search,Canada,18,Female,Mobile,2025-03-14 02:50:27.548536,churned
P100392,2024-12-14 19:07:22,Referral,United States,30,Female,Desktop,,never_activated
P102713,2024-12-14 23:13:20,Organic Search,Ireland,33,Female,Desktop,,never_activated
P100348,2024-12-15 01:13:54,Referral,United States,46,Male,Mobile,,never_activated
P100000,2024-12-15 04:47:46,Paid Ads,South Africa,21,Female,Mobile,2025-01-20 09:39:08.881613,churned
P100442,2024-12-15 10:45:12,Social Media,United States,43,Male,Mobile,,never_activated
P100282,2024-12-15 12:51:53,Social Media,Italy,20,Male,Mobile,2025-03-21 00:08:09.843237,churned
P100465,2024-12-15 14:50:42,Referral,Portugal,49,Male,Mobile,,never_activated
P102489,2024-12-15 18:35:00,Organic Search,Germany,18,Male,Desktop,,never_activated
P101768,2024-12-15 20:01:35,Social Media,Canada,26,Prefer not to say,Tablet,,never_activated
P102390,2024-12-15 23:00:21,Organic Search,Poland,23,Female,Desktop,2025-01-12 17:10:38.502820,churned
P102624,2024-12-16 06:21:24,Organic Search,Canada,34,Male,Mobile,,never_activated
P100739,2024-12-16 07:52:58,Organic Search,Mexico,34,Female,Tablet,2025-03-03 12:11:54.642752,churned
P100639,2024-12-16 08:16:08,Partner Program,Italy,23,Female,Desktop,,never_activated
P100516,2024-12-16 09:22:04,Organic Search,United Kingdom,40,Female,Desktop,2025-01-14 18:55:02.545423,churned
P100448,2024-12-16 21:15:09,Paid Ads,Poland,18,Male,Mobile,,never_activated
P101670,2024-12-17 02:51:50,Organic Search,Portugal,31,Male,Mobile,,never_activated
P101504,2024-12-17 04:38:29,Organic Search,Poland,31,Female,Desktop,,never_activated
P102089,2024-12-17 07:09:51,Social Media,Ireland,30,Female,Mobile,,never_activated
P102970,2024-12-17 07:30:43,Paid Ads,Germany,22,Female,Desktop,,never_activated
P100909,2024-12-17 15:42:43,Social Media,Poland,23,Male,Mobile,,never_activated
P102199,2024-12-17 17:24:59,Social Media,United Kingdom,32,Male,Mobile,2025-02-16 12:20:11.191399,churned
P102683,2024-12-17 19:37:43,Paid Ads,Germany,21,Non-binary,Mobile,2025-01-23 02:51:08.672262,churned
P101498,2024-12-17 22:44:05,Referral,United Kingdom,42,Female,Mobile,,never_activated
P101819,2024-12-18 07:18:19,Organic Search,Portugal,33,Female,Mobile,2025-04-14 18:29:10.312279,at_risk
P100521,2024-12-18 10:20:28,Organic Search,Germany,32,Male,Mobile,,never_activated
P101076,2024-12-19 02:34:35,Social Media,South Africa,36,Prefer not to say,Mobile,2025-03-07 21:50:07.163773,churned
P100746,2024-12-19 04:53:38,Social Media,United Kingdom,22,Male,Mobile,2025-02-18 09:03:09.694094,churned
P102416,2024-12-19 07:24:15,Organic Search,Portugal,65,Male,Desktop,,never_activated
P102974,2024-12-19 09:12:12,Social Media,Greece,28,Female,Desktop,,never_activated
P100251,2024-12-19 15:39:18,Organic Search,Portugal,20,Female,Mobile,,never_activated
P102335,2024-12-19 18:32:46,Paid Ads,Portugal,32,Female,Mobile,2025-02-20 00:21:30.231620,churned
P101963,2024-12-19 20:33:44,Organic Search,Portugal,42,Male,Desktop,,never_activated
P102271,2024-12-19 21:27:19,Paid Ads,Germany,25,Female,Desktop,2025-03-20 02:34:12.201943,churned
P100955,2024-12-19 23:05:06,Organic Search,United States,18,Male,Desktop,,never_activated
P102436,2024-12-20 01:36:41,Social Media,United States,25,Male,Desktop,,never_activated
P100177,2024-12-20 05:04:17,Referral,United States,27,Male,Mobile,,never_activated
P100365,2024-12-20 15:24:40,Social Media,Ireland,35,Male,Mobile,2025-01-22 16:23:27.567061,churned
P102629,2024-12-20 21:40:15,Organic Search,United Kingdom,31,Female,Desktop,2025-03-25 11:54:40.895013,churned
P102493,2024-12-20 23:00:44,Partner Program,United Kingdom,25,Female,Desktop,,never_activated
P100060,2024-12-21 01:08:37,Social Media,United Kingdom,31,Male,Mobile,2025-02-18 10:11:21.821649,churned
P100963,2024-12-21 05:13:02,Social Media,United Kingdom,21,Female,Mobile,2025-03-16 13:34:38.614171,churned
P102419,2024-12-21 07:21:42,Referral,South Africa,26,Male,Desktop,,never_activated
P101488,2024-12-21 10:10:34,Referral,Germany,32,Male,Mobile,,never_activated
P100360,2024-12-21 11:25:53,Organic Search,United States,23,Non-binary,Mobile,,never_activated
P100406,2024-12-21 17:58:32,Organic Search,Spain,34,Male,Desktop,2025-02-07 18:11:26.180792,churned
P102750,2024-12-21 21:45:53,Referral,United States,18,Male,Mobile,,never_activated
P102435,2024-12-21 23:53:18,Social Media,Italy,38,Male,Mobile,,never_activated
P101918,2024-12-22 08:25:41,Organic Search,United Kingdom,19,Female,Mobile,2025-01-23 14:52:58.194316,churned
P101266,2024-12-22 09:06:06,Organic Search,Mexico,34,Male,Mobile,,never_activated
P100566,2024-12-22 09:53:15,Referral,Portugal,27,Male,Desktop,2025-02-23 02:46:40.026009,churned
P101381,2024-12-22 11:08:50,Paid Ads,Canada,22,Male,Mobile,2025-03-31 06:53:16.448738,at_risk
P102840,2024-12-22 14:58:30,Social Media,Canada,18,Female,Desktop,,never_activated
P101581,2024-12-22 22:36:58,Referral,United Kingdom,32,Female,Mobile,2025-01-28 05:43:27.173423,churned
P100736,2024-12-22 23:54:15,Social Media,United States,45,Female,Desktop,,never_activated
P102317,2024-12-23 06:20:13,Organic Search,South Africa,33,Male,Mobile,,never_activated
P102929,2024-12-23 16:53:02,Paid Ads,Spain,33,Female,Mobile,,never_activated
P100227,2024-12-23 21:27:23,Social Media,Poland,36,Male,Mobile,2025-02-25 08:19:21.027830,churned
P101460,2024-12-23 22:16:05,Organic Search,United States,22,Female,Desktop,,never_activated
P101769,2024-12-23 23:31:34,Paid Ads,United States,40,Male,Mobile,2025-06-22 02:19:46.780244,active
P102099,2024-12-24 00:25:15,Social Media,Portugal,18,Male,Desktop,,never_activated
P102466,2024-12-24 01:08:56,Social Media,United Kingdom,38,Female,Desktop,,never_activated
P101658,2024-12-24 03:12:49,Referral,United States,21,Male,Desktop,,never_activated
P100893,2024-12-24 06:29:43,Organic Search,United Kingdom,34,Female,Mobile,,never_activated
P102305,2024-12-24 08:11:51,Organic Search,Poland,47,Prefer not to say,Desktop,2025-02-18 13:09:43.497985,churned
P101486,2024-12-24 09:16:17,Referral,United States,43,Female,Tablet,,never_activated
P101290,2024-12-24 14:32:27,Social Media,Greece,38,Male,Desktop,2025-03-27 23:37:46.861222,churned
P102993,2024-12-24 17:44:39,Organic Search,United States,34,Female,Desktop,,never_activated
P102671,2024-12-24 19:31:08,Organic Search,United Kingdom,44,Female,Mobile,,never_activated
P101106,2024-12-24 20:57:06,Social Media,Italy,18,Female,Desktop,,never_activated
P100572,2024-12-24 22:09:28,Paid Ads,Poland,22,Female,Mobile,,never_activated
P100773,2024-12-24 22:19:17,Referral,Portugal,24,Male,Desktop,2025-01-23 05:15:08.381326,churned
P101226,2024-12-25 01:53:02,Organic Search,United States,18,Female,Desktop,,never_activated
P101505,2024-12-25 02:42:06,Social Media,Greece,26,Male,Mobile,,never_activated
P101636,2024-12-25 04:00:14,Referral,Mexico,30,Male,Tablet,,never_activated
P102724,2024-12-25 08:21:17,Referral,United States,43,Non-binary,Desktop,,never_activated
P100344,2024-12-25 12:12:34,Organic Search,Canada,29,Female,Mobile,,never_activated
P100817,2024-12-25 14:12:28,Referral,Portugal,36,Female,Mobile,,never_activated
P102834,2024-12-25 17:04:25,Paid Ads,Poland,32,Female,Mobile,,never_activated
P100677,2024-12-25 17:09:59,Organic Search,Canada,28,Female,Mobile,2025-02-23 15:22:55.741697,churned
P101692,2024-12-25 17:55:50,Referral,United States,33,Male,Desktop,,never_activated
P100823,2024-12-25 20:34:15,Partner Program,Australia,38,Female,Desktop,2025-01-26 05:35:16.992789,churned
P102459,2024-12-26 00:16:32,Referral,Italy,31,Female,Mobile,,never_activated
P100864,2024-12-26 10:10:39,Organic Search,Italy,33,Male,Desktop,2025-05-18 20:14:57.785662,at_risk
P101891,2024-12-26 14:32:29,Partner Program,Portugal,34,Male,Desktop,,never_activated
P100787,2024-12-26 17:34:53,Partner Program,Poland,21,Female,Desktop,2025-05-06 03:11:32.251966,at_risk
P101057,2024-12-26 23:19:08,Referral,United States,18,Female,Desktop,2025-01-13 07:23:37.503464,churned
P102689,2024-12-27 03:49:09,Organic Search,United States,58,Male,Mobile,,never_activated
P100555,2024-12-27 09:15:40,Referral,United Kingdom,47,Male,Mobile,,never_activated
P102564,2024-12-27 10:46:39,Organic Search,Mexico,18,Male,Desktop,2025-05-15 20:51:16.753826,at_risk
P101677,2024-12-27 17:10:16,Social Media,Australia,35,Female,Mobile,2025-02-11 16:14:09.822923,churned
P101587,2024-12-27 19:47:12,Organic Search,Canada,20,Female,Desktop,2025-03-03 08:03:19.589213,churned
P101473,2024-12-27 23:48:29,Organic Search,South Africa,23,Male,Desktop,2025-02-05 19:52:18.021159,churned
P101467,2024-12-28 01:24:20,Organic Search,United Kingdom,37,Male,Mobile,,never_activated
P102548,2024-12-28 11:02:59,Organic Search,Ireland,44,Male,Mobile,,never_activated
P102570,2024-12-28 23:30:33,Referral,United Kingdom,34,Male,Mobile,2025-01-22 07:14:19.632287,churned
P100913,2024-12-29 00:05:07,Referral,Italy,42,Female,Mobile,2025-01-25 05:00:32.676986,churned
P101127,2024-12-29 01:20:27,Referral,Portugal,36,Female,Tablet,,never_activated
P101229,2024-12-29 02:18:27,Organic Search,Italy,23,Female,Mobile,2025-01-21 21:51:56.522562,churned
P102887,2024-12-29 04:13:18,Organic Search,Spain,40,Female,Mobile,2025-01-21 21:34:20.748864,churned
P102402,2024-12-29 07:01:19,Referral,Australia,36,Male,Desktop,,never_activated
P100873,2024-12-29 08:19:23,Partner Program,United Kingdom,44,Female,Desktop,,never_activated
P100316,2024-12-29 17:05:10,Organic Search,Poland,23,Female,Mobile,2025-02-19 12:28:01.896092,churned
P102499,2024-12-29 18:48:04,Social Media,United Kingdom,38,Male,Tablet,,never_activated
P102547,2024-12-29 23:24:29,Referral,Poland,33,Female,Mobile,,never_activated
P100713,2024-12-30 06:38:26,Organic Search,Canada,18,Female,Desktop,2025-02-02 23:14:50.727687,churned
P102015,2024-12-30 08:20:24,Organic Search,United States,28,Female,Desktop,,never_activated
P101961,2024-12-30 08:23:52,Social Media,United Kingdom,34,Male,Desktop,2025-03-29 18:20:33.317306,churned
P102057,2024-12-30 09:02:47,Organic Search,Italy,35,Male,Desktop,2025-02-02 06:03:26.280697,churned
P100674,2024-12-30 15:09:27,Partner Program,Canada,22,Female,Mobile,,never_activated
P101557,2024-12-30 17:01:09,Partner Program,Australia,35,Female,Desktop,,never_activated
P100106,2024-12-30 21:21:12,Organic Search,Portugal,34,Female,Desktop,,never_activated
P102319,2024-12-30 23:45:25,Referral,United States,43,Male,Mobile,,never_activated
P101919,2024-12-31 01:19:18,Referral,Canada,20,Female,Desktop,,never_activated
P101534,2024-12-31 06:51:44,Social Media,South Africa,26,Female,Mobile,,never_activated
P100845,2024-12-31 14:06:39,Paid Ads,Canada,32,Female,Desktop,,never_activated
P102687,2024-12-31 15:13:17,Organic Search,Canada,24,Female,Desktop,,never_activated
P101739,2024-12-31 16:15:02,Social Media,Spain,34,Female,Mobile,,never_activated
P100391,2024-12-31 18:02:05,Paid Ads,Canada,31,Female,Desktop,,never_activated
P102903,2025-01-01 05:19:37,Organic Search,United States,40,Female,Mobile,,never_activated
P102655,2025-01-01 21:32:14,Organic Search,Netherlands,36,Female,Desktop,,never_activated
P101744,2025-01-01 22:38:22,Social Media,Canada,40,Female,Desktop,,never_activated
P100526,2025-01-01 23:32:28,Paid Ads,United Kingdom,28,Female,Mobile,,never_activated
P100130,2025-01-02 01:06:57,Referral,United Kingdom,31,Male,Desktop,,never_activated
P101063,2025-01-02 02:27:28,Referral,United Kingdom,28,Male,Desktop,,never_activated
P102123,2025-01-02 05:26:21,Organic Search,United Kingdom,40,Male,Mobile,2025-02-19 02:24:29.632982,churned
P101224,2025-01-02 07:49:01,Partner Program,Portugal,20,Male,Mobile,,never_activated
P102339,2025-01-02 07:56:50,Partner Program,United States,26,Female,Desktop,,never_activated
P100328,2025-01-02 08:55:30,Paid Ads,Portugal,23,Female,Desktop,2025-03-04 12:25:11.815513,churned
P102873,2025-01-02 11:40:25,Social Media,United Kingdom,26,Male,Desktop,,never_activated
P101082,2025-01-02 12:13:56,Paid Ads,Germany,43,Male,Desktop,,never_activated
P100954,2025-01-02 13:43:42,Paid Ads,United Kingdom,50,Non-binary,Desktop,2025-01-28 08:11:44.858908,churned
P100511,2025-01-02 13:59:17,Organic Search,Mexico,25,Female,Mobile,,never_activated
P100835,2025-01-02 14:35:09,Organic Search,Greece,27,Female,Mobile,2025-05-31 16:48:37.440428,active
P102024,2025-01-02 20:31:10,Referral,Germany,25,Male,Desktop,,never_activated
P102361,2025-01-03 00:48:15,Paid Ads,Greece,28,Female,Desktop,2025-05-02 06:17:02.983704,at_risk
P101357,2025-01-03 00:52:58,Paid Ads,United Kingdom,43,Female,Desktop,2025-03-22 07:02:07.756860,churned
P100904,2025-01-03 17:03:33,Organic Search,Italy,18,Female,Mobile,2025-04-02 11:28:20.491329,at_risk
P101957,2025-01-03 18:39:23,Partner Program,United States,23,Female,Desktop,,never_activated
P101064,2025-01-03 21:51:12,Partner Program,Ireland,28,Female,Mobile,,never_activated
P102318,2025-01-03 21:53:32,Partner Program,United Kingdom,29,Female,Desktop,,never_activated
P100804,2025-01-04 03:14:29,Organic Search,Greece,32,Female,Mobile,,never_activated
P100452,2025-01-04 06:03:59,Social Media,United Kingdom,23,Male,Desktop,2025-01-24 09:28:43.362355,churned
P102202,2025-01-04 06:34:09,Organic Search,Portugal,42,Female,Mobile,2025-06-18 03:27:38.306088,active
P101565,2025-01-04 07:07:05,Social Media,United Kingdom,41,Male,Mobile,2025-02-05 01:52:27.823870,churned
P102918,2025-01-04 21:29:20,Organic Search,Italy,37,Female,Desktop,,never_activated
P100924,2025-01-05 01:23:12,Referral,Mexico,34,Female,Desktop,,never_activated
P101345,2025-01-05 02:47:48,Referral,United Kingdom,30,Male,Mobile,,never_activated
P101733,2025-01-05 06:54:06,Partner Program,Spain,46,Female,Desktop,,never_activated
P100125,2025-01-05 08:19:03,Referral,United Kingdom,31,Non-binary,Desktop,2025-04-06 06:02:36.748826,at_risk
P100691,2025-01-05 12:17:34,Organic Search,Germany,18,Female,Mobile,,never_activated
P102898,2025-01-05 15:42:54,Referral,United Kingdom,26,Male,Mobile,,never_activated
P101210,2025-01-05 23:39:26,Organic Search,United States,23,Male,Desktop,2025-03-30 11:06:23.808663,churned
P101075,2025-01-06 02:37:40,Paid Ads,Canada,24,Male,Desktop,,never_activated
P102828,2025-01-06 03:13:38,Organic Search,United States,38,Female,Tablet,2025-05-09 13:24:10.183502,at_risk
P100246,2025-01-06 06:30:08,Organic Search,Canada,34,Male,Desktop,,never_activated
P101977,2025-01-06 10:54:15,Partner Program,Poland,28,Male,Mobile,,never_activated
P100097,2025-01-06 11:27:23,Social Media,United Kingdom,38,Male,Desktop,2025-03-06 03:37:53.168597,churned
P100397,2025-01-06 13:20:08,Organic Search,Italy,21,Female,Desktop,,never_activated
P102129,2025-01-06 13:31:05,Referral,United States,18,Male,Desktop,,never_activated
P101588,2025-01-06 13:36:34,Referral,United States,22,Male,Desktop,,never_activated
P100654,2025-01-07 01:35:50,Social Media,United States,18,Female,Mobile,,never_activated
P102383,2025-01-07 02:18:40,Partner Program,Canada,26,Female,Desktop,2025-06-08 00:39:08.885742,active
P100018,2025-01-07 05:25:52,Partner Program,United Kingdom,46,Female,Mobile,2025-04-09 00:39:21.113261,at_risk
P102257,2025-01-07 06:37:14,Referral,Poland,33,Male,Mobile,,never_activated
P101255,2025-01-07 06:56:46,Referral,Greece,37,Female,Mobile,,never_activated
P101841,2025-01-07 08:35:51,Paid Ads,United Kingdom,48,Male,Desktop,,never_activated
P102373,2025-01-07 11:02:05,Social Media,United States,19,Female,Desktop,,never_activated
P101396,2025-01-07 17:22:39,Paid Ads,Australia,43,Male,Mobile,,never_activated
P101222,2025-01-07 18:24:13,Paid Ads,Poland,34,Female,Mobile,,never_activated
P102392,2025-01-07 21:21:36,Paid Ads,Poland,30,Female,Desktop,2025-06-29 11:11:05.806393,active
P102648,2025-01-08 00:06:03,Partner Program,United States,41,Female,Mobile,,never_activated
P102775,2025-01-08 05:55:41,Social Media,Portugal,19,Male,Mobile,2025-01-23 01:47:28.331679,churned
P100987,2025-01-08 07:11:41,Social Media,Greece,46,Female,Desktop,,never_activated
P100343,2025-01-08 07:12:43,Paid Ads,Poland,38,Male,Mobile,2025-02-06 13:45:16.519318,churned
P101701,2025-01-08 08:02:06,Social Media,Ireland,45,Male,Mobile,,never_activated
P102259,2025-01-08 11:57:46,Referral,Canada,27,Male,Mobile,,never_activated
P101949,2025-01-08 13:35:40,Social Media,United States,34,Non-binary,Mobile,,never_activated
P102622,2025-01-08 19:28:31,Social Media,United Kingdom,33,Female,Mobile,2025-04-03 12:54:06.818942,at_risk
P102864,2025-01-09 00:14:37,Referral,Italy,25,Male,Desktop,2025-04-18 02:13:35.389789,at_risk
P100567,2025-01-09 08:24:17,Referral,Mexico,34,Male,Desktop,,never_activated
P101988,2025-01-09 13:03:14,Organic Search,Spain,31,Male,Mobile,,never_activated
P102794,2025-01-09 13:16:41,Organic Search,Poland,35,Male,Mobile,,never_activated
P100915,2025-01-09 19:08:15,Organic Search,Canada,43,Female,Desktop,2025-04-07 20:03:29.491873,at_risk
P101479,2025-01-09 22:05:58,Organic Search,Poland,31,Male,Desktop,2025-03-15 11:34:11.315533,churned
P101352,2025-01-10 00:19:21,Paid Ads,South Africa,24,Female,Desktop,2025-04-08 02:08:30.556971,at_risk
P102507,2025-01-10 06:38:09,Organic Search,Mexico,37,Female,Desktop,,never_activated
P100310,2025-01-10 08:01:56,Organic Search,Poland,32,Male,Desktop,2025-02-03 17:42:07.655373,churned
P102980,2025-01-10 10:53:56,Social Media,United Kingdom,18,Female,Desktop,,never_activated
P101777,2025-01-10 12:53:38,Referral,Mexico,18,Male,Mobile,2025-02-08 14:20:11.658236,churned
P101704,2025-01-10 13:46:33,Referral,United States,44,Female,Mobile,,never_activated
P100738,2025-01-10 17:58:49,Paid Ads,United States,31,Male,Desktop,,never_activated
P101842,2025-01-10 22:27:43,Paid Ads,United Kingdom,47,Male,Desktop,2025-01-30 18:06:32.568547,churned
P102116,2025-01-11 02:59:45,Referral,South Africa,33,Male,Desktop,,never_activated
P100426,2025-01-11 04:49:34,Organic Search,United States,38,Male,Desktop,2025-03-07 14:13:32.745508,churned
P100039,2025-01-11 14:25:13,Referral,Poland,30,Male,Desktop,2025-04-14 18:50:12.852561,at_risk
P101946,2025-01-11 18:55:16,Paid Ads,Portugal,24,Male,Mobile,2025-01-31 15:36:30.733310,churned
P100863,2025-01-11 19:15:27,Paid Ads,Canada,34,Male,Mobile,2025-03-17 20:48:55.737971,churned
P102444,2025-01-11 19:49:36,Social Media,United States,27,Male,Desktop,2025-05-09 07:09:14.900304,at_risk
P101443,2025-01-12 05:52:33,Organic Search,United Kingdom,38,Male,Desktop,2025-06-01 11:33:50.146842,active
P101376,2025-01-12 10:55:21,Referral,Poland,42,Female,Desktop,,never_activated
P102456,2025-01-12 13:30:39,Organic Search,Poland,37,Female,Mobile,2025-03-11 03:19:20.246111,churned
P102263,2025-01-12 23:43:50,Referral,Ireland,21,Male,Desktop,2025-04-24 07:30:02.583980,at_risk
P101659,2025-01-13 03:37:09,Organic Search,United States,60,Male,Desktop,,never_activated
P102378,2025-01-13 06:51:40,Paid Ads,United Kingdom,34,Male,Desktop,2025-02-13 16:25:13.221065,churned
P102763,2025-01-13 14:05:17,Organic Search,Greece,37,Male,Mobile,,never_activated
P100635,2025-01-13 18:33:18,Paid Ads,Australia,39,Female,Desktop,,never_activated
P102195,2025-01-13 18:44:03,Paid Ads,United States,31,Male,Mobile,2025-02-10 18:50:54.099759,churned
P102778,2025-01-13 19:00:16,Paid Ads,United States,38,Female,Mobile,2025-01-30 03:27:23.976345,churned
P100999,2025-01-13 21:48:04,Referral,Canada,34,Female,Desktop,,never_activated
P101207,2025-01-13 21:48:57,Organic Search,Germany,20,Female,Mobile,,never_activated
P101914,2025-01-14 00:47:21,Referral,United Kingdom,25,Female,Mobile,2025-02-13 07:45:57.985485,churned
P101736,2025-01-14 01:05:56,Social Media,United Kingdom,38,Male,Desktop,2025-03-15 15:37:03.751009,churned
P102006,2025-01-14 03:56:15,Organic Search,Spain,21,Male,Mobile,,never_activated
P100415,2025-01-14 05:36:16,Partner Program,Germany,29,Female,Desktop,,never_activated
P102158,2025-01-14 05:44:11,Organic Search,Mexico,40,Male,Desktop,2025-03-19 18:30:47.279906,churned
P102512,2025-01-14 08:59:23,Social Media,United States,18,Male,Mobile,,never_activated
P101629,2025-01-14 09:10:40,Social Media,Canada,18,Female,Mobile,,never_activated
P102583,2025-01-14 19:46:56,Referral,Portugal,33,Female,Desktop,,never_activated
P101489,2025-01-14 22:51:31,Referral,Greece,33,Prefer not to say,Desktop,,never_activated
P100808,2025-01-15 00:49:45,Referral,United States,19,Female,Mobile,,never_activated
P102077,2025-01-15 00:51:24,Social Media,Spain,29,Female,Mobile,2025-03-06 20:08:12.559943,churned
P100829,2025-01-15 05:01:48,Partner Program,Spain,33,Male,Mobile,,never_activated
P100538,2025-01-15 12:04:29,Paid Ads,Germany,35,Female,Mobile,,never_activated
P101569,2025-01-15 17:45:27,Organic Search,Mexico,32,Male,Desktop,2025-01-26 03:01:16.230333,churned
P101314,2025-01-15 17:49:00,Partner Program,United Kingdom,43,Male,Desktop,,never_activated
P101418,2025-01-15 19:15:45,Social Media,United States,27,Male,Desktop,,never_activated
P101211,2025-01-15 21:55:16,Paid Ads,Poland,29,Male,Desktop,,never_activated
P100831,2025-01-15 23:00:06,Paid Ads,Australia,35,Male,Desktop,,never_activated
P102409,2025-01-16 00:53:45,Referral,Australia,35,Male,Tablet,2025-02-14 21:31:52.750822,churned
P101430,2025-01-16 02:04:12,Social Media,United Kingdom,30,Male,Mobile,,never_activated
P100490,2025-01-16 08:04:23,Organic Search,Canada,37,Male,Mobile,,never_activated
P101389,2025-01-16 08:08:47,Referral,Mexico,26,Female,Mobile,2025-01-31 07:21:15.964388,churned
P100482,2025-01-16 10:28:21,Social Media,Australia,38,Female,Desktop,,never_activated
P101263,2025-01-16 10:59:13,Organic Search,Portugal,61,Male,Desktop,,never_activated
P100861,2025-01-16 13:02:02,Organic Search,United Kingdom,35,Female,Desktop,2025-01-24 09:08:11.480571,churned
P101760,2025-01-16 20:55:18,Referral,Portugal,30,Female,Desktop,,never_activated
P100362,2025-01-17 00:43:01,Social Media,Portugal,33,Male,Desktop,2025-06-27 18:53:54.856113,active
P102649,2025-01-17 02:52:38,Organic Search,United States,29,Male,Mobile,,never_activated
P102050,2025-01-17 03:35:40,Referral,Spain,50,Male,Desktop,2025-02-15 11:43:53.020731,churned
P102723,2025-01-17 10:49:28,Social Media,Greece,39,Female,Mobile,2025-06-29 17:34:30.306036,active
P101982,2025-01-17 17:02:40,Referral,Canada,31,Male,Mobile,,never_activated
P102336,2025-01-17 23:04:13,Referral,Portugal,27,Female,Mobile,2025-03-09 08:48:21.770026,churned
P100024,2025-01-17 23:37:04,Organic Search,Ireland,30,Male,Mobile,,never_activated
P102146,2025-01-18 04:36:14,Social Media,Germany,46,Male,Desktop,,never_activated
P102063,2025-01-18 04:52:38,Partner Program,United States,33,Male,Mobile,2025-02-19 16:59:49.030399,churned
P102773,2025-01-18 07:41:29,Referral,United States,21,Male,Mobile,2025-05-10 15:35:47.888443,at_risk
P102196,2025-01-18 08:10:24,Organic Search,United States,42,Male,Desktop,,never_activated
P101770,2025-01-18 09:58:12,Organic Search,United Kingdom,42,Female,Mobile,,never_activated
P102423,2025-01-18 15:26:05,Partner Program,United Kingdom,27,Male,Desktop,,never_activated
P100580,2025-01-18 17:33:05,Referral,Spain,33,Male,Desktop,,never_activated
P101857,2025-01-18 18:31:17,Organic Search,United States,32,Male,Mobile,2025-03-19 18:51:29.386968,churned
P100605,2025-01-18 20:35:02,Social Media,Greece,36,Female,Mobile,2025-02-18 21:45:51.735127,churned
P101713,2025-01-18 21:35:13,Organic Search,Italy,20,Female,Desktop,,never_activated
P101341,2025-01-19 01:17:55,Referral,United Kingdom,30,Male,Desktop,2025-03-22 12:44:19.571518,churned
P101782,2025-01-19 01:31:55,Social Media,United Kingdom,37,Female,Desktop,2025-05-04 21:06:49.138317,at_risk
P101885,2025-01-19 05:48:38,Referral,Germany,31,Female,Mobile,,never_activated
P101497,2025-01-19 05:49:15,Referral,Portugal,32,Female,Desktop,,never_activated
P100626,2025-01-19 05:51:59,Organic Search,Portugal,25,Male,Desktop,,never_activated
P102484,2025-01-19 06:29:05,Paid Ads,South Africa,24,Female,Tablet,,never_activated
P100788,2025-01-19 07:10:05,Referral,United States,21,Male,Mobile,,never_activated
P102056,2025-01-19 07:42:57,Referral,Canada,42,Female,Desktop,,never_activated
P102953,2025-01-19 12:15:15,Social Media,United States,18,Male,Desktop,2025-01-29 16:13:40.975090,churned
P100740,2025-01-19 15:05:53,Social Media,Poland,28,Female,Desktop,,never_activated
P102082,2025-01-20 00:26:45,Social Media,United Kingdom,42,Male,Desktop,,never_activated
P102032,2025-01-20 02:44:33,Organic Search,Poland,25,Male,Desktop,,never_activated
P102693,2025-01-20 05:11:07,Referral,United Kingdom,32,Female,Mobile,,never_activated
P100494,2025-01-20 05:48:04,Partner Program,United Kingdom,49,Female,Mobile,,never_activated
P100286,2025-01-20 13:07:01,Organic Search,United States,34,Male,Desktop,,never_activated
P101620,2025-01-20 16:00:56,Organic Search,Poland,32,Male,Mobile,2025-02-06 06:24:29.354156,churned
P102225,2025-01-21 02:32:10,Organic Search,Germany,35,Female,Desktop,,never_activated
P100525,2025-01-21 16:53:35,Referral,United States,26,Female,Desktop,2025-03-06 11:55:41.045594,churned
P101085,2025-01-21 19:27:01,Paid Ads,United States,24,Prefer not to say,Desktop,2025-04-13 13:54:35.272317,at_risk
P100457,2025-01-21 20:01:15,Paid Ads,United Kingdom,33,Male,Mobile,2025-02-19 17:28:36.542503,churned
P102144,2025-01-22 04:14:00,Organic Search,Poland,29,Male,Desktop,2025-03-17 04:51:06.540507,churned
P102756,2025-01-22 08:12:33,Organic Search,United Kingdom,20,Male,Desktop,2025-04-16 23:16:28.407936,at_risk
P100712,2025-01-22 16:28:07,Referral,United States,31,Male,Mobile,,never_activated
P102164,2025-01-22 19:45:39,Organic Search,United Kingdom,34,Female,Mobile,,never_activated
P102731,2025-01-23 00:12:35,Referral,Canada,48,Male,Desktop,,never_activated
P102282,2025-01-23 00:46:49,Social Media,Australia,45,Male,Mobile,,never_activated
P100595,2025-01-23 04:43:19,Referral,United Kingdom,43,Male,Mobile,2025-02-19 20:07:20.954872,churned
P101025,2025-01-23 06:40:00,Organic Search,Germany,25,Non-binary,Mobile,,never_activated
P100341,2025-01-23 07:30:48,Organic Search,Mexico,24,Male,Desktop,,never_activated
P102660,2025-01-23 08:01:25,Paid Ads,Ireland,27,Female,Mobile,,never_activated
P100857,2025-01-23 09:34:45,Social Media,Portugal,35,Male,Mobile,2025-02-20 05:01:11.724319,churned
P100089,2025-01-23 15:26:01,Organic Search,Ireland,19,Male,Mobile,,never_activated
P100338,2025-01-23 16:26:31,Organic Search,United Kingdom,18,Male,Desktop,,never_activated
P101237,2025-01-23 19:01:17,Partner Program,Greece,44,Prefer not to say,Mobile,2025-03-24 17:28:47.865013,churned
P100969,2025-01-24 07:16:17,Partner Program,Italy,41,Male,Mobile,2025-03-27 19:30:26.102223,churned
P102875,2025-01-24 07:59:02,Organic Search,United Kingdom,24,Male,Desktop,,never_activated
P101405,2025-01-24 08:04:52,Organic Search,Mexico,36,Male,Desktop,2025-02-25 22:52:27.324575,churned
P102808,2025-01-24 12:35:37,Referral,South Africa,21,Female,Desktop,,never_activated
P102573,2025-01-24 14:56:25,Referral,South Africa,31,Female,Mobile,,never_activated
P101767,2025-01-24 16:00:08,Social Media,United Kingdom,26,Female,Desktop,2025-05-29 12:10:35.474564,at_risk
P102468,2025-01-24 22:51:03,Referral,Germany,18,Male,Desktop,,never_activated
P102517,2025-01-24 23:01:56,Organic Search,South Africa,32,Female,Desktop,,never_activated
P101501,2025-01-25 12:01:38,Organic Search,Canada,31,Non-binary,Mobile,2025-04-06 00:15:49.602141,at_risk
P101138,2025-01-26 00:59:18,Paid Ads,Germany,33,Male,Mobile,,never_activated
P101927,2025-01-26 01:02:09,Organic Search,Germany,25,Male,Mobile,,never_activated
P101274,2025-01-26 07:50:02,Referral,Portugal,34,Male,Desktop,2025-03-17 16:45:43.688225,churned
P101251,2025-01-26 10:59:27,Organic Search,United Kingdom,35,Female,Desktop,,never_activated
P100699,2025-01-26 13:18:13,Referral,Poland,26,Male,Desktop,,never_activated
P102830,2025-01-26 13:34:27,Organic Search,United Kingdom,22,Female,Desktop,,never_activated
P101058,2025-01-26 17:24:31,Organic Search,Ireland,27,Male,Desktop,,never_activated
P102288,2025-01-26 22:04:25,Organic Search,Poland,41,Female,Mobile,2025-04-01 11:39:30.237777,at_risk
P101267,2025-01-26 22:12:23,Referral,United Kingdom,53,Female,Mobile,2025-06-19 02:15:58.112595,active
P101745,2025-01-26 22:36:58,Social Media,United Kingdom,41,Female,Tablet,,never_activated
P101983,2025-01-27 01:16:43,Organic Search,Mexico,18,Male,Desktop,,never_activated
P100623,2025-01-27 04:09:55,Social Media,Mexico,30,Male,Desktop,2025-02-26 21:18:31.151940,churned
P102051,2025-01-27 04:42:12,Organic Search,Poland,36,Female,Mobile,2025-04-04 19:12:17.029176,at_risk
P102729,2025-01-27 06:48:23,Referral,Poland,28,Female,Desktop,2025-03-22 12:40:59.490916,churned
P102486,2025-01-27 17:06:47,Referral,Greece,28,Female,Desktop,,never_activated
P101545,2025-01-27 23:12:44,Partner Program,Mexico,43,Male,Desktop,2025-05-27 17:18:00.076162,at_risk
P101524,2025-01-28 01:07:22,Paid Ads,United States,39,Male,Desktop,2025-06-25 13:19:18.289396,active
P102363,2025-01-28 03:25:52,Social Media,Portugal,24,Male,Desktop,2025-06-16 09:45:47.801212,active
P102272,2025-01-28 03:42:09,Partner Program,Ireland,28,Male,Desktop,,never_activated
P102545,2025-01-28 13:00:54,Paid Ads,Poland,33,Prefer not to say,Desktop,,never_activated
P102412,2025-01-28 14:24:40,Social Media,Canada,18,Male,Desktop,2025-06-26 05:07:34.069164,active
P100921,2025-01-28 15:17:01,Paid Ads,United States,19,Female,Desktop,2025-02-21 00:10:10.499396,churned
P101687,2025-01-28 22:02:56,Social Media,Canada,25,Non-binary,Mobile,,never_activated
P101354,2025-01-28 22:47:43,Social Media,Canada,33,Female,Desktop,,never_activated
P102009,2025-01-28 23:28:38,Paid Ads,Netherlands,50,Female,Desktop,2025-04-19 19:43:53.776970,at_risk
P101009,2025-01-29 02:02:27,Paid Ads,Portugal,23,Female,Desktop,2025-05-09 09:55:59.848673,at_risk
P101432,2025-01-29 04:07:39,Referral,Mexico,38,Female,Mobile,,never_activated
P102458,2025-01-29 12:47:21,Organic Search,Portugal,36,Female,Mobile,2025-05-26 03:02:23.947582,at_risk
P101757,2025-01-29 14:30:48,Social Media,Poland,40,Male,Desktop,2025-02-28 02:22:26.948498,churned
P100153,2025-01-29 18:34:57,Social Media,Ireland,47,Male,Desktop,2025-06-18 14:57:14.114443,active
P101763,2025-01-29 20:52:43,Organic Search,South Africa,23,Male,Mobile,2025-05-16 22:05:42.225837,at_risk
P101204,2025-01-29 22:15:22,Organic Search,Greece,36,Non-binary,Desktop,2025-04-20 00:49:53.254996,at_risk
P100340,2025-01-30 04:04:31,Organic Search,United States,38,Male,Desktop,,never_activated
P100578,2025-01-30 05:26:50,Social Media,Italy,29,Male,Mobile,2025-03-01 03:57:17.465319,churned
P101373,2025-01-30 06:04:49,Paid Ads,United Kingdom,29,Female,Tablet,2025-03-07 20:47:18.827322,churned
P101257,2025-01-30 06:20:31,Social Media,Greece,43,Female,Desktop,,never_activated
P100233,2025-01-30 07:21:29,Organic Search,South Africa,27,Male,Mobile,,never_activated
P100582,2025-01-30 13:12:54,Paid Ads,United Kingdom,50,Female,Desktop,,never_activated
P102495,2025-01-30 15:53:16,Social Media,United States,26,Female,Mobile,2025-03-27 04:57:44.555514,churned
P102688,2025-01-30 16:08:15,Social Media,Ireland,38,Female,Mobile,,never_activated
P100455,2025-01-30 23:28:01,Social Media,United Kingdom,44,Female,Mobile,,never_activated
P101131,2025-01-31 03:46:38,Organic Search,South Africa,21,Female,Mobile,,never_activated
P100985,2025-01-31 05:21:49,Organic Search,United Kingdom,55,Female,Desktop,2025-03-05 16:58:53.608776,churned
P100423,2025-01-31 09:55:40,Referral,Germany,30,Female,Tablet,2025-03-23 14:24:11.459302,churned
P102628,2025-01-31 13:41:34,Organic Search,United States,44,Prefer not to say,Desktop,,never_activated
P100041,2025-01-31 15:14:05,Partner Program,Poland,29,Female,Mobile,2025-05-09 07:18:38.190832,at_risk
P102312,2025-01-31 17:03:02,Organic Search,Italy,31,Male,Mobile,2025-02-27 23:00:50.761992,churned
P102148,2025-01-31 20:28:37,Organic Search,Ireland,25,Female,Mobile,2025-04-02 14:46:38.679953,at_risk
P101137,2025-01-31 22:14:32,Partner Program,United Kingdom,18,Prefer not to say,Desktop,2025-05-04 01:26:01.676522,at_risk
P100095,2025-01-31 23:26:21,Paid Ads,United Kingdom,24,Female,Mobile,2025-06-09 02:40:18.129546,active
P101938,2025-02-01 00:17:53,Organic Search,Ireland,30,Female,Desktop,,never_activated
P101450,2025-02-01 01:59:49,Referral,United States,35,Prefer not to say,Desktop,2025-05-24 23:55:00.918041,at_risk
P100649,2025-02-01 02:31:16,Paid Ads,Spain,26,Male,Desktop,,never_activated
P100142,2025-02-01 02:54:02,Organic Search,Poland,36,Male,Desktop,2025-02-24 00:30:36.671698,churned
P102876,2025-02-01 03:17:11,Paid Ads,Mexico,49,Male,Desktop,2025-03-07 00:59:06.465474,churned
P100978,2025-02-01 03:49:40,Organic Search,Italy,41,Male,Mobile,2025-06-07 08:06:24.349101,active
P101329,2025-02-01 07:49:24,Social Media,Germany,41,Male,Desktop,2025-03-12 08:07:48.707258,churned
P102085,2025-02-01 08:07:45,Organic Search,South Africa,24,Female,Desktop,2025-05-02 16:33:04.041305,at_risk
P102969,2025-02-01 14:48:29,Organic Search,Poland,52,Female,Mobile,,never_activated
P101987,2025-02-01 18:15:56,Organic Search,United States,25,Male,Desktop,2025-04-04 09:32:41.147465,at_risk
P100834,2025-02-01 20:44:00,Organic Search,Germany,39,Female,Mobile,,never_activated
P101663,2025-02-01 22:27:00,Social Media,South Africa,19,Female,Mobile,2025-05-31 14:14:38.309605,active
P102597,2025-02-01 23:10:00,Referral,United Kingdom,29,Female,Mobile,,never_activated
P101583,2025-02-01 23:29:37,Organic Search,United States,39,Female,Desktop,2025-03-03 20:46:39.204055,churned
P101279,2025-02-02 05:47:35,Paid Ads,United Kingdom,34,Prefer not to say,Mobile,,never_activated
P102768,2025-02-02 11:25:36,Partner Program,Ireland,26,Female,Mobile,,never_activated
P100275,2025-02-02 19:31:09,Partner Program,United States,46,Male,Desktop,2025-06-28 15:29:08.604344,active
P102559,2025-02-02 20:15:03,Organic Search,South Africa,35,Female,Desktop,,never_activated
P102816,2025-02-02 20:52:28,Referral,Italy,19,Male,Desktop,,never_activated
P102647,2025-02-02 23:47:23,Social Media,Italy,25,Female,Desktop,2025-05-01 17:47:04.516181,at_risk
P100350,2025-02-03 01:23:14,Social Media,Portugal,21,Male,Desktop,2025-04-06 04:42:46.683450,at_risk
P102582,2025-02-03 03:12:29,Social Media,Poland,50,Male,Mobile,,never_activated
P101691,2025-02-03 06:48:15,Referral,Portugal,25,Female,Desktop,,never_activated
P100231,2025-02-03 16:00:20,Organic Search,United Kingdom,37,Male,Desktop,,never_activated
P100608,2025-02-03 18:31:17,Organic Search,South Africa,40,Male,Desktop,2025-06-26 16:20:19.594766,active
P100743,2025-02-03 22:14:32,Paid Ads,Mexico,44,Prefer not to say,Mobile,2025-06-03 22:15:44.052427,active
P100848,2025-02-03 22:47:42,Organic Search,Australia,18,Male,Desktop,2025-06-25 12:09:24.712006,active
P100147,2025-02-03 23:05:04,Organic Search,United Kingdom,39,Female,Mobile,2025-03-15 16:00:12.565852,churned
P102855,2025-02-04 07:18:51,Organic Search,Ireland,31,Male,Mobile,,never_activated
P102886,2025-02-04 07:23:47,Organic Search,Germany,42,Male,Desktop,,never_activated
P101872,2025-02-04 08:15:09,Paid Ads,Poland,40,Female,Mobile,2025-06-20 12:00:40.970375,active
P101703,2025-02-04 12:03:10,Partner Program,Greece,29,Male,Desktop,2025-06-04 20:18:16.159889,active
P100402,2025-02-04 12:22:15,Referral,Australia,18,Female,Desktop,2025-04-05 09:29:17.234234,at_risk
P102277,2025-02-04 16:02:49,Social Media,Mexico,31,Prefer not to say,Desktop,2025-03-12 06:07:37.304860,churned
P102987,2025-02-04 18:35:17,Partner Program,United States,31,Male,Desktop,2025-06-29 09:14:11.706602,active
P102121,2025-02-04 19:58:14,Social Media,Mexico,42,Non-binary,Desktop,2025-06-29 08:36:51.306396,active
P100792,2025-02-04 20:12:59,Paid Ads,United States,36,Male,Desktop,,never_activated
P102414,2025-02-04 21:11:30,Social Media,Italy,34,Female,Desktop,2025-05-26 23:40:56.135609,at_risk
P102947,2025-02-05 03:22:06,Social Media,Ireland,36,Male,Mobile,,never_activated
P101421,2025-02-05 08:03:12,Referral,Portugal,22,Male,Desktop,2025-06-06 14:39:08.586862,active
P101726,2025-02-05 09:21:12,Social Media,United Kingdom,28,Male,Mobile,2025-04-10 09:51:16.589895,at_risk
P100692,2025-02-05 10:37:05,Social Media,United States,27,Female,Mobile,2025-06-04 07:32:21.376272,active
P101877,2025-02-05 12:42:40,Paid Ads,United Kingdom,44,Female,Mobile,2025-04-09 08:56:27.337980,at_risk
P100103,2025-02-05 18:13:38,Referral,Poland,38,Male,Mobile,,never_activated
P102310,2025-02-05 20:52:15,Referral,Poland,33,Prefer not to say,Desktop,,never_activated
P101167,2025-02-05 23:19:33,Social Media,United Kingdom,47,Male,Mobile,,never_activated
P102269,2025-02-06 01:16:07,Paid Ads,United States,29,Male,Mobile,,never_activated
P100172,2025-02-06 02:13:44,Paid Ads,Poland,44,Female,Mobile,,never_activated
P102061,2025-02-06 03:49:58,Paid Ads,United Kingdom,37,Male,Desktop,,never_activated
P100632,2025-02-06 06:10:50,Paid Ads,Canada,27,Female,Desktop,,never_activated
P102605,2025-02-06 08:41:55,Paid Ads,United States,35,Male,Desktop,2025-05-04 18:36:10.018316,at_risk
P102494,2025-02-06 09:08:39,Organic Search,Germany,31,Male,Mobile,2025-06-28 12:57:09.527205,active
P102302,2025-02-06 10:47:51,Organic Search,Portugal,40,Male,Desktop,2025-04-04 06:35:25.795009,at_risk
P101792,2025-02-06 11:51:14,Social Media,Germany,29,Non-binary,Desktop,,never_activated
P102179,2025-02-06 14:01:32,Referral,United Kingdom,22,Male,Desktop,,never_activated
P102513,2025-02-06 17:42:32,Paid Ads,United States,19,Male,Mobile,,never_activated
P100274,2025-02-06 18:02:05,Paid Ads,Poland,47,Female,Desktop,,never_activated
P100129,2025-02-06 21:05:45,Referral,United Kingdom,20,Female,Mobile,,never_activated
P102946,2025-02-07 11:00:19,Social Media,United States,35,Male,Mobile,,never_activated
P101093,2025-02-07 16:44:54,Paid Ads,United States,32,Female,Mobile,2025-04-13 06:54:31.997593,at_risk
P100570,2025-02-07 18:49:13,Social Media,United Kingdom,27,Female,Desktop,2025-06-20 19:29:40.642345,active
P100027,2025-02-07 21:36:29,Organic Search,Germany,37,Prefer not to say,Desktop,,never_activated
P101377,2025-02-07 23:52:42,Paid Ads,Germany,36,Female,Desktop,,never_activated
P102293,2025-02-08 08:46:41,Paid Ads,Spain,43,Female,Mobile,2025-03-23 00:04:55.796259,churned
P101945,2025-02-08 11:18:54,Referral,United States,24,Female,Mobile,2025-06-24 07:09:45.665663,active
P102711,2025-02-08 11:28:57,Referral,Greece,35,Male,Tablet,,never_activated
P101431,2025-02-08 11:31:26,Organic Search,Australia,23,Female,Mobile,,never_activated
P101661,2025-02-08 12:44:35,Referral,United States,18,Female,Mobile,,never_activated
P101285,2025-02-08 14:26:43,Social Media,United States,18,Female,Mobile,2025-04-14 14:38:26.447096,at_risk
P100306,2025-02-08 18:16:14,Organic Search,Poland,18,Male,Desktop,2025-03-10 06:44:19.841821,churned
P102679,2025-02-08 18:24:35,Partner Program,Italy,36,Male,Desktop,,never_activated
P102256,2025-02-08 19:04:49,Partner Program,Poland,28,Female,Desktop,2025-06-12 04:39:59.180069,active
P101973,2025-02-08 19:46:26,Referral,United States,34,Male,Mobile,,never_activated
P102866,2025-02-08 23:16:28,Partner Program,United States,48,Male,Mobile,,never_activated
P102071,2025-02-09 00:13:18,Referral,United States,27,Female,Desktop,2025-02-27 02:35:30.185485,churned
P100263,2025-02-09 08:55:15,Paid Ads,Canada,31,Female,Desktop,,never_activated
P101789,2025-02-09 11:58:49,Referral,Portugal,53,Female,Mobile,,never_activated
P100815,2025-02-09 12:38:56,Partner Program,Germany,27,Female,Mobile,,never_activated
P101605,2025-02-09 16:02:04,Referral,United Kingdom,22,Male,Desktop,2025-06-25 01:50:10.630751,active
P100956,2025-02-09 17:11:39,Referral,United Kingdom,20,Male,Desktop,,never_activated
P100047,2025-02-09 17:15:20,Partner Program,Portugal,46,Female,Desktop,2025-05-11 13:52:29.155675,at_risk
P100136,2025-02-09 17:29:03,Social Media,United Kingdom,18,Male,Mobile,2025-06-13 09:43:40.653199,active
P102593,2025-02-09 17:49:08,Referral,United States,47,Male,Desktop,,never_activated
P101500,2025-02-09 18:27:51,Referral,Portugal,32,Female,Mobile,2025-05-09 22:17:07.397228,at_risk
P101393,2025-02-09 18:46:53,Referral,United States,41,Female,Desktop,2025-03-02 19:43:06.087556,churned
P100550,2025-02-09 19:46:36,Paid Ads,United Kingdom,18,Male,Tablet,,never_activated
P101642,2025-02-09 20:04:15,Referral,Poland,54,Female,Mobile,,never_activated
P102695,2025-02-09 20:36:45,Paid Ads,Italy,41,Female,Desktop,,never_activated
P100548,2025-02-09 21:11:52,Organic Search,United States,36,Male,Mobile,,never_activated
P102042,2025-02-10 02:05:33,Organic Search,United States,34,Male,Mobile,,never_activated
P102804,2025-02-10 03:06:51,Referral,Germany,37,Male,Desktop,2025-03-11 13:49:54.119389,churned
P102093,2025-02-10 05:29:33,Partner Program,Australia,32,Female,Desktop,,never_activated
P102700,2025-02-10 08:47:04,Organic Search,Ireland,30,Male,Desktop,,never_activated
P100295,2025-02-10 10:05:20,Social Media,Italy,34,Female,Tablet,2025-06-26 15:04:15.414131,active
P100733,2025-02-10 10:47:42,Organic Search,United Kingdom,45,Male,Desktop,,never_activated
P100479,2025-02-10 12:03:15,Social Media,Poland,28,Male,Desktop,,never_activated
P100096,2025-02-10 15:21:16,Organic Search,Canada,30,Male,Mobile,2025-05-19 11:25:04.064461,at_risk
P102245,2025-02-10 15:43:17,Referral,Poland,41,Female,Tablet,2025-05-15 16:19:20.610628,at_risk
P102904,2025-02-10 19:00:47,Social Media,Poland,48,Male,Desktop,,never_activated
P102556,2025-02-10 23:27:11,Referral,Portugal,19,Male,Mobile,2025-03-06 12:24:57.197896,churned
P101316,2025-02-11 01:46:04,Paid Ads,Germany,18,Female,Desktop,,never_activated
P100862,2025-02-11 03:43:29,Paid Ads,Greece,18,Male,Mobile,,never_activated
P100933,2025-02-11 13:20:03,Partner Program,Spain,37,Male,Desktop,2025-04-15 15:06:41.194240,at_risk
P100017,2025-02-11 18:36:00,Social Media,United States,30,Female,Mobile,2025-02-23 12:54:00.520517,churned
P101539,2025-02-11 19:14:40,Partner Program,Netherlands,22,Female,Mobile,2025-03-17 07:54:42.822690,churned
P100673,2025-02-11 22:07:35,Organic Search,Germany,27,Female,Mobile,,never_activated
P102133,2025-02-12 03:43:06,Referral,Mexico,24,Male,Desktop,2025-03-13 04:09:51.450690,churned
P101732,2025-02-12 12:15:48,Organic Search,Spain,23,Male,Desktop,,never_activated
P100474,2025-02-12 18:05:33,Organic Search,United States,38,Male,Desktop,,never_activated
P101051,2025-02-12 20:06:13,Organic Search,Netherlands,38,Male,Mobile,,never_activated
P100188,2025-02-13 01:34:28,Referral,Spain,50,Male,Desktop,,never_activated
P102766,2025-02-13 08:47:05,Social Media,South Africa,28,Female,Mobile,,never_activated
P100301,2025-02-13 15:34:13,Referral,Portugal,18,Female,Tablet,,never_activated
P101414,2025-02-13 15:39:52,Social Media,United States,23,Female,Desktop,,never_activated
P102014,2025-02-13 16:25:23,Paid Ads,Spain,38,Male,Mobile,,never_activated
P102690,2025-02-13 17:33:37,Referral,United States,36,Female,Desktop,,never_activated
P101825,2025-02-13 22:10:54,Social Media,South Africa,22,Male,Mobile,,never_activated
P100633,2025-02-13 23:28:06,Social Media,United Kingdom,52,Male,Mobile,,never_activated
P102358,2025-02-14 02:34:29,Organic Search,Mexico,53,Female,Mobile,2025-04-05 23:35:07.695909,at_risk
P102474,2025-02-14 05:26:25,Organic Search,Poland,33,Female,Desktop,,never_activated
P100757,2025-02-14 09:48:23,Partner Program,Portugal,31,Male,Mobile,,never_activated
P101507,2025-02-14 11:15:42,Organic Search,United Kingdom,19,Male,Desktop,,never_activated
P100700,2025-02-14 12:24:33,Organic Search,United States,33,Female,Desktop,,never_activated
P100636,2025-02-14 15:03:19,Organic Search,United States,26,Male,Mobile,,never_activated
P102101,2025-02-14 15:37:20,Organic Search,Germany,41,Female,Tablet,,never_activated
P101750,2025-02-14 17:18:40,Partner Program,South Africa,23,Female,Mobile,,never_activated
P101612,2025-02-14 22:11:18,Organic Search,Mexico,18,Male,Desktop,,never_activated
P100163,2025-02-15 00:16:54,Referral,United States,27,Male,Desktop,,never_activated
P100651,2025-02-15 08:38:05,Referral,Ireland,18,Female,Mobile,2025-03-11 13:18:59.353135,churned
P101627,2025-02-15 10:06:26,Organic Search,Ireland,39,Male,Mobile,,never_activated
P101113,2025-02-15 17:06:24,Referral,Portugal,27,Female,Desktop,,never_activated
P100824,2025-02-15 21:27:53,Organic Search,Greece,30,Male,Desktop,,never_activated
P100501,2025-02-15 23:47:59,Paid Ads,Poland,33,Female,Desktop,,never_activated
P100302,2025-02-16 00:32:00,Referral,Portugal,18,Female,Mobile,2025-05-22 05:54:04.476971,at_risk
P100119,2025-02-16 02:07:54,Organic Search,Poland,34,Male,Desktop,,never_activated
P101640,2025-02-16 07:34:01,Partner Program,United States,32,Male,Mobile,2025-06-21 23:19:14.845302,active
P102221,2025-02-16 07:48:52,Paid Ads,Portugal,45,Female,Tablet,,never_activated
P101609,2025-02-16 08:02:11,Social Media,Portugal,26,Female,Desktop,,never_activated
P101040,2025-02-16 08:43:37,Organic Search,United States,38,Female,Desktop,,never_activated
P101529,2025-02-16 09:39:14,Partner Program,United Kingdom,24,Female,Mobile,,never_activated
P102896,2025-02-16 09:39:25,Paid Ads,Canada,33,Female,Desktop,2025-02-26 09:56:16.449179,churned
P102084,2025-02-16 12:15:30,Social Media,Mexico,27,Female,Desktop,,never_activated
P102141,2025-02-16 14:32:15,Paid Ads,United States,42,Male,Desktop,,never_activated
P101175,2025-02-16 18:56:47,Paid Ads,United States,35,Male,Mobile,,never_activated
P100747,2025-02-17 01:49:47,Organic Search,United States,34,Female,Desktop,,never_activated
P100781,2025-02-17 01:55:01,Organic Search,Germany,32,Female,Desktop,2025-04-22 05:00:47.404706,at_risk
P101875,2025-02-17 02:45:43,Organic Search,Poland,27,Female,Desktop,2025-03-13 14:58:08.118027,churned
P102438,2025-02-17 03:57:51,Organic Search,South Africa,45,Female,Desktop,,never_activated
P102469,2025-02-17 08:56:07,Social Media,United States,36,Male,Desktop,,never_activated
P100927,2025-02-17 09:02:31,Social Media,Canada,38,Male,Desktop,,never_activated
P100287,2025-02-17 12:29:02,Referral,South Africa,40,Female,Desktop,2025-05-23 21:16:10.916862,at_risk
P102048,2025-02-17 13:37:16,Social Media,United Kingdom,35,Male,Desktop,,never_activated
P102441,2025-02-17 16:55:42,Social Media,United Kingdom,32,Non-binary,Desktop,2025-06-24 15:19:35.355589,active
P101001,2025-02-17 18:58:29,Paid Ads,Spain,42,Female,Mobile,,never_activated
P101179,2025-02-17 19:34:02,Partner Program,United Kingdom,34,Male,Mobile,2025-03-09 23:22:45.444350,churned
P101303,2025-02-17 22:15:52,Organic Search,United States,41,Female,Desktop,,never_activated
P100065,2025-02-17 22:44:42,Referral,United Kingdom,25,Male,Desktop,2025-06-27 01:05:21.763310,active
P100048,2025-02-18 00:33:08,Organic Search,United Kingdom,28,Female,Tablet,2025-03-11 19:45:25.972751,churned
P102774,2025-02-18 03:05:54,Referral,Portugal,25,Non-binary,Desktop,,never_activated
P102933,2025-02-18 04:23:43,Organic Search,Greece,18,Male,Desktop,,never_activated
P102737,2025-02-18 04:50:00,Social Media,United Kingdom,27,Prefer not to say,Desktop,2025-06-14 16:28:48.239375,active
P101482,2025-02-18 07:00:56,Paid Ads,Portugal,27,Female,Desktop,,never_activated
P102984,2025-02-18 08:19:52,Referral,Mexico,37,Female,Desktop,,never_activated
P102198,2025-02-18 11:31:45,Referral,United States,36,Male,Mobile,2025-04-19 04:47:07.399037,at_risk
P102059,2025-02-18 11:49:58,Social Media,Mexico,34,Female,Desktop,2025-06-28 19:17:55.234874,active
P100363,2025-02-18 14:21:57,Paid Ads,United Kingdom,18,Female,Tablet,,never_activated
P101863,2025-02-18 19:30:19,Referral,United States,41,Female,Desktop,,never_activated
P101579,2025-02-18 21:14:01,Referral,United Kingdom,45,Male,Mobile,,never_activated
P100320,2025-02-19 01:25:26,Referral,United States,31,Male,Desktop,,never_activated
P101312,2025-02-19 04:33:48,Organic Search,Mexico,18,Female,Mobile,,never_activated
P101699,2025-02-19 10:52:13,Organic Search,Mexico,36,Female,Mobile,2025-03-29 20:23:13.548796,churned
P101759,2025-02-19 12:15:16,Referral,Poland,32,Female,Desktop,2025-06-21 20:31:07.560431,active
P100210,2025-02-19 18:39:33,Referral,United Kingdom,34,Prefer not to say,Desktop,,never_activated
P100425,2025-02-19 21:15:02,Organic Search,Portugal,39,Male,Mobile,,never_activated
P100552,2025-02-20 02:16:50,Organic Search,Greece,18,Male,Desktop,2025-06-28 00:11:18.229325,active
P101547,2025-02-20 04:37:06,Organic Search,Netherlands,41,Female,Mobile,2025-03-19 03:54:43.361974,churned
P102592,2025-02-20 07:28:25,Organic Search,United Kingdom,31,Female,Mobile,,never_activated
P100914,2025-02-20 15:48:09,Referral,South Africa,42,Male,Mobile,,never_activated
P101125,2025-02-20 15:58:50,Referral,Portugal,34,Female,Mobile,2025-06-25 08:13:00.918610,active
P101656,2025-02-21 00:06:30,Paid Ads,Portugal,35,Male,Mobile,2025-03-29 21:53:36.799753,churned
P100941,2025-02-21 01:34:58,Paid Ads,United States,21,Female,Mobile,,never_activated
P101894,2025-02-21 04:05:45,Referral,United Kingdom,32,Male,Desktop,2025-06-22 01:21:01.016721,active
P102440,2025-02-21 05:16:24,Organic Search,United States,23,Male,Desktop,,never_activated
P102992,2025-02-21 06:39:16,Referral,Greece,20,Male,Mobile,,never_activated
P101330,2025-02-21 07:04:51,Paid Ads,United States,37,Male,Desktop,,never_activated
P100187,2025-02-21 10:41:46,Organic Search,United States,36,Female,Mobile,,never_activated
P101900,2025-02-21 12:35:49,Paid Ads,United States,18,Male,Mobile,,never_activated
P100326,2025-02-21 18:04:08,Organic Search,Netherlands,45,Female,Mobile,2025-03-18 21:54:34.128123,churned
P100477,2025-02-21 20:24:53,Paid Ads,United States,38,Female,Mobile,2025-03-29 18:50:20.583285,churned
P100533,2025-02-21 22:10:18,Organic Search,United States,24,Female,Desktop,2025-06-20 11:12:49.427056,active
P100255,2025-02-22 04:32:02,Organic Search,United Kingdom,26,Male,Mobile,,never_activated
P102452,2025-02-22 05:34:16,Organic Search,Ireland,20,Male,Mobile,2025-03-23 11:45:19.129728,churned
P101618,2025-02-22 11:14:35,Organic Search,United Kingdom,18,Male,Desktop,2025-06-17 09:20:31.355485,active
P100451,2025-02-22 12:01:47,Social Media,Portugal,35,Female,Desktop,2025-05-18 22:11:20.842622,at_risk
P100685,2025-02-22 23:02:36,Social Media,United States,36,Female,Desktop,,never_activated
P100093,2025-02-23 00:49:54,Partner Program,United States,22,Male,Desktop,,never_activated
P102193,2025-02-23 02:49:03,Partner Program,Greece,36,Male,Desktop,,never_activated
P100553,2025-02-23 03:02:02,Paid Ads,Italy,32,Male,Tablet,,never_activated
P102367,2025-02-23 03:19:22,Social Media,United Kingdom,51,Female,Desktop,2025-04-23 23:40:43.012759,at_risk
P101282,2025-02-23 06:58:15,Partner Program,Germany,31,Male,Mobile,,never_activated
P101932,2025-02-23 09:37:30,Paid Ads,Germany,23,Male,Desktop,,never_activated
P102041,2025-02-23 12:34:06,Organic Search,South Africa,34,Female,Desktop,,never_activated
P100865,2025-02-23 17:40:27,Paid Ads,Poland,48,Male,Desktop,,never_activated
P102021,2025-02-23 19:57:13,Partner Program,Portugal,28,Male,Desktop,,never_activated
P102132,2025-02-23 20:09:33,Organic Search,United States,40,Female,Mobile,2025-05-16 11:39:58.280940,at_risk
P101622,2025-02-24 04:48:24,Referral,United Kingdom,29,Male,Desktop,,never_activated
P101931,2025-02-24 05:56:38,Partner Program,Portugal,28,Female,Mobile,,never_activated
P102848,2025-02-24 15:35:16,Social Media,United Kingdom,18,Male,Mobile,,never_activated
P102967,2025-02-24 22:34:57,Organic Search,United States,24,Female,Desktop,,never_activated
P101542,2025-02-25 01:33:14,Referral,Spain,29,Male,Tablet,2025-04-01 20:00:16.430936,at_risk
P100968,2025-02-25 01:48:31,Organic Search,Italy,44,Male,Desktop,2025-06-26 17:15:34.645273,active
P100858,2025-02-25 05:24:16,Organic Search,United Kingdom,27,Female,Mobile,2025-06-13 23:16:01.616564,active
P100797,2025-02-25 05:30:00,Paid Ads,United Kingdom,25,Female,Desktop,,never_activated
P101143,2025-02-25 10:05:43,Organic Search,United States,31,Male,Tablet,,never_activated
P102031,2025-02-25 10:49:50,Organic Search,United States,35,Female,Mobile,2025-04-29 04:39:25.520058,at_risk
P102814,2025-02-25 12:09:50,Paid Ads,United States,28,Male,Mobile,,never_activated
P101879,2025-02-25 12:11:34,Paid Ads,United States,37,Male,Desktop,2025-06-14 11:22:38.996594,active
P101470,2025-02-25 19:45:17,Paid Ads,Ireland,42,Female,Mobile,2025-04-30 13:27:26.681533,at_risk
P100765,2025-02-26 00:31:21,Paid Ads,United Kingdom,18,Female,Desktop,,never_activated
P102463,2025-02-26 12:32:36,Paid Ads,South Africa,30,Female,Desktop,2025-04-28 23:12:23.320056,at_risk
P100221,2025-02-26 13:10:06,Paid Ads,United States,28,Female,Desktop,2025-04-23 02:06:42.754049,at_risk
P100258,2025-02-26 14:25:25,Partner Program,Italy,31,Male,Mobile,,never_activated
P101017,2025-02-26 16:50:52,Social Media,United States,18,Male,Mobile,,never_activated
P102792,2025-02-26 18:56:39,Partner Program,Spain,37,Female,Mobile,,never_activated
P101292,2025-02-26 19:18:38,Referral,United Kingdom,18,Female,Mobile,2025-06-20 00:41:52.455912,active
P100686,2025-02-27 04:32:31,Social Media,South Africa,18,Female,Desktop,,never_activated
P100659,2025-02-27 09:31:54,Social Media,Canada,18,Male,Mobile,2025-06-23 22:56:17.581354,active
P101964,2025-02-27 14:17:28,Paid Ads,Ireland,23,Female,Desktop,,never_activated
P102255,2025-02-27 21:05:00,Social Media,United Kingdom,41,Male,Desktop,2025-06-02 12:51:21.126576,active
P101453,2025-02-27 21:17:03,Organic Search,United States,37,Female,Tablet,,never_activated
P102301,2025-02-27 23:38:39,Partner Program,Germany,18,Male,Desktop,2025-03-28 06:21:10.776448,churned
P102502,2025-02-28 00:25:52,Partner Program,Poland,20,Female,Desktop,2025-06-23 22:08:59.346407,active
P100724,2025-02-28 02:52:25,Social Media,United Kingdom,37,Female,Mobile,,never_activated
P100413,2025-02-28 03:12:57,Organic Search,Portugal,30,Male,Desktop,2025-06-03 05:44:47.376403,active
P100359,2025-02-28 14:22:39,Referral,Canada,33,Male,Desktop,2025-05-02 02:34:55.070881,at_risk
P100939,2025-03-01 00:55:58,Organic Search,Poland,36,Prefer not to say,Desktop,,never_activated
P100802,2025-03-01 05:32:22,Organic Search,United States,24,Male,Desktop,,never_activated
P101351,2025-03-01 05:44:26,Referral,Italy,41,Female,Desktop,,never_activated
P101595,2025-03-01 05:45:46,Referral,United States,44,Male,Desktop,2025-03-25 06:09:05.501767,churned
P100232,2025-03-01 09:07:08,Social Media,Poland,29,Female,Desktop,,never_activated
P100284,2025-03-01 13:17:41,Partner Program,United States,42,Male,Tablet,2025-04-30 17:47:05.564707,at_risk
P102364,2025-03-01 13:48:57,Referral,Poland,26,Male,Mobile,,never_activated
P102096,2025-03-01 14:16:55,Social Media,Ireland,18,Male,Mobile,2025-04-09 13:53:55.628732,at_risk
P102746,2025-03-01 18:55:59,Partner Program,Canada,31,Male,Desktop,2025-04-03 22:16:57.919555,at_risk
P102844,2025-03-01 21:40:12,Social Media,Italy,30,Female,Mobile,,never_activated
P102496,2025-03-01 22:03:21,Social Media,South Africa,28,Male,Desktop,2025-06-28 05:31:11.895022,active
P100697,2025-03-02 04:22:15,Social Media,United Kingdom,25,Male,Desktop,2025-05-01 00:54:01.001839,at_risk
P102863,2025-03-02 07:31:45,Referral,United Kingdom,34,Female,Mobile,2025-05-22 10:39:44.940202,at_risk
P101259,2025-03-02 09:00:43,Organic Search,Italy,34,Male,Mobile,,never_activated
P101115,2025-03-02 10:32:32,Partner Program,Portugal,28,Female,Mobile,,never_activated
P101191,2025-03-02 11:14:29,Referral,Canada,32,Female,Mobile,,never_activated
P102865,2025-03-02 13:25:53,Paid Ads,Italy,43,Female,Mobile,,never_activated
P100838,2025-03-02 13:47:29,Social Media,Portugal,18,Male,Desktop,2025-06-04 04:45:50.749725,active
P102454,2025-03-02 15:28:59,Referral,Poland,31,Male,Desktop,2025-03-25 01:35:40.563368,churned
P101506,2025-03-02 16:53:44,Organic Search,South Africa,43,Male,Desktop,2025-04-02 17:52:24.417678,at_risk
P102385,2025-03-02 21:11:16,Organic Search,United States,20,Female,Desktop,2025-06-23 22:58:12.684853,active
P101930,2025-03-02 23:17:40,Paid Ads,United Kingdom,29,Male,Desktop,2025-06-03 08:57:52.724422,active
P102937,2025-03-03 00:11:46,Referral,Canada,32,Male,Mobile,,never_activated
P100786,2025-03-03 02:17:43,Referral,United States,18,Female,Desktop,,never_activated
P100463,2025-03-03 07:54:13,Referral,United States,35,Female,Mobile,,never_activated
P100484,2025-03-03 13:39:05,Paid Ads,South Africa,20,Male,Desktop,,never_activated
P101832,2025-03-03 14:09:31,Organic Search,Portugal,26,Non-binary,Desktop,2025-04-07 13:27:46.829133,at_risk
P102242,2025-03-03 16:00:08,Paid Ads,United States,54,Male,Tablet,,never_activated
P100903,2025-03-03 22:14:15,Paid Ads,Greece,18,Male,Mobile,,never_activated
P100496,2025-03-03 22:39:30,Organic Search,Spain,33,Male,Mobile,2025-04-10 06:02:32.941144,at_risk
P101926,2025-03-04 00:08:10,Partner Program,Italy,29,Female,Desktop,,never_activated
P100357,2025-03-04 06:26:25,Social Media,Poland,28,Female,Mobile,2025-05-28 21:03:36.988540,at_risk
P102584,2025-03-04 07:08:59,Social Media,United Kingdom,42,Female,Desktop,,never_activated
P100791,2025-03-04 13:50:50,Referral,United Kingdom,28,Female,Desktop,2025-06-04 22:03:00.371276,active
P100652,2025-03-04 15:26:11,Referral,South Africa,36,Female,Mobile,,never_activated
P101408,2025-03-04 16:35:54,Referral,Germany,24,Female,Mobile,2025-05-01 14:49:40.135546,at_risk
P101965,2025-03-04 23:28:37,Referral,United Kingdom,23,Male,Mobile,2025-04-01 21:22:45.529931,at_risk
P101570,2025-03-04 23:57:06,Social Media,Germany,21,Male,Mobile,,never_activated
P100993,2025-03-05 04:31:00,Referral,Mexico,34,Female,Desktop,,never_activated
P100565,2025-03-05 06:09:24,Social Media,Canada,43,Male,Desktop,,never_activated
P101876,2025-03-05 12:00:40,Referral,Portugal,32,Female,Mobile,,never_activated
P100169,2025-03-05 12:05:16,Referral,Mexico,28,Male,Tablet,2025-06-08 02:05:41.344291,active
P100910,2025-03-05 12:25:57,Organic Search,Greece,27,Female,Desktop,,never_activated
P102878,2025-03-05 12:59:22,Referral,Greece,31,Male,Mobile,,never_activated
P100289,2025-03-05 15:15:35,Social Media,United States,22,Female,Mobile,,never_activated
P100816,2025-03-05 19:18:24,Partner Program,Greece,41,Female,Desktop,2025-04-25 07:57:23.354327,at_risk
P102930,2025-03-05 19:45:16,Referral,Poland,44,Female,Tablet,,never_activated
P102488,2025-03-05 23:14:18,Paid Ads,Spain,25,Female,Desktop,2025-05-22 05:10:06.797823,at_risk
P101359,2025-03-06 00:36:16,Organic Search,United States,31,Female,Desktop,,never_activated
P102266,2025-03-06 01:33:03,Paid Ads,United Kingdom,40,Female,Mobile,,never_activated
P102795,2025-03-06 02:37:45,Paid Ads,Italy,24,Male,Desktop,2025-05-01 05:23:37.776769,at_risk
P101917,2025-03-06 02:51:44,Organic Search,United States,26,Male,Mobile,,never_activated
P102235,2025-03-06 07:51:47,Organic Search,United Kingdom,30,Female,Mobile,2025-05-02 19:44:32.241647,at_risk
P101379,2025-03-06 12:50:50,Organic Search,United Kingdom,22,Female,Mobile,,never_activated
P101114,2025-03-06 13:57:05,Referral,United Kingdom,28,Male,Desktop,2025-05-07 22:36:43.140210,at_risk
P100520,2025-03-06 14:03:46,Organic Search,Italy,22,Male,Mobile,,never_activated
P100646,2025-03-06 15:43:03,Referral,Poland,53,Female,Mobile,,never_activated
P102348,2025-03-06 17:53:04,Referral,Poland,50,Female,Desktop,,never_activated
P101139,2025-03-06 20:55:08,Referral,United States,34,Female,Desktop,,never_activated
P100028,2025-03-06 23:28:46,Referral,United Kingdom,34,Male,Mobile,,never_activated
P101031,2025-03-07 01:06:46,Organic Search,Greece,22,Male,Mobile,,never_activated
P100979,2025-03-07 01:49:49,Social Media,United States,35,Female,Mobile,2025-04-05 04:45:38.528210,at_risk
P102691,2025-03-07 02:30:45,Paid Ads,United Kingdom,22,Female,Mobile,,never_activated
P100711,2025-03-07 06:19:25,Partner Program,United States,25,Female,Mobile,,never_activated
P100849,2025-03-07 08:52:03,Paid Ads,Portugal,34,Male,Desktop,,never_activated
P101582,2025-03-07 16:43:17,Organic Search,United Kingdom,32,Male,Mobile,,never_activated
P100976,2025-03-07 18:22:43,Referral,United States,48,Male,Mobile,,never_activated
P101952,2025-03-08 04:04:38,Social Media,United Kingdom,46,Female,Desktop,,never_activated
P100949,2025-03-08 08:52:34,Paid Ads,Germany,19,Female,Desktop,2025-04-13 06:40:05.855202,at_risk
P101268,2025-03-08 08:53:26,Organic Search,Germany,23,Female,Desktop,2025-03-28 18:06:37.951463,churned
P100054,2025-03-08 08:54:48,Referral,Poland,35,Male,Desktop,2025-05-28 14:54:35.483231,at_risk
P102248,2025-03-08 12:00:58,Social Media,Germany,40,Male,Mobile,,never_activated
P100003,2025-03-08 12:05:26,Social Media,Italy,38,Female,Tablet,2025-06-29 02:38:20.373423,active
P102227,2025-03-08 14:21:42,Referral,Italy,41,Male,Mobile,,never_activated
P101494,2025-03-09 00:14:24,Paid Ads,Portugal,44,Female,Desktop,,never_activated
P100950,2025-03-09 02:13:22,Paid Ads,Portugal,28,Female,Desktop,,never_activated
P102261,2025-03-09 02:52:25,Referral,Portugal,28,Female,Mobile,2025-03-25 20:45:51.335271,churned
P101660,2025-03-09 06:14:50,Paid Ads,United Kingdom,27,Female,Desktop,2025-06-19 23:02:40.345429,active
P100008,2025-03-09 12:51:29,Paid Ads,Germany,28,Male,Mobile,,never_activated
P102430,2025-03-09 15:23:41,Partner Program,Germany,47,Male,Mobile,,never_activated
P101551,2025-03-09 15:58:34,Organic Search,Poland,22,Female,Mobile,,never_activated
P102941,2025-03-09 16:08:17,Social Media,Portugal,48,Female,Desktop,,never_activated
P102387,2025-03-09 16:16:05,Social Media,Greece,20,Male,Mobile,,never_activated
P101831,2025-03-09 16:26:53,Referral,Mexico,20,Female,Desktop,,never_activated
P100961,2025-03-09 22:05:34,Social Media,United States,36,Female,Mobile,,never_activated
P102275,2025-03-09 22:50:14,Organic Search,Canada,49,Male,Mobile,2025-06-21 22:27:58.543003,active
P102332,2025-03-10 01:12:48,Paid Ads,Mexico,28,Prefer not to say,Mobile,2025-05-24 02:14:06.740867,at_risk
P100204,2025-03-10 02:01:36,Social Media,United Kingdom,37,Female,Mobile,,never_activated
P100541,2025-03-10 04:49:35,Social Media,United Kingdom,34,Female,Tablet,2025-06-08 06:29:20.434338,active
P101933,2025-03-10 05:54:52,Organic Search,South Africa,24,Female,Mobile,2025-06-11 06:38:41.669441,active
P100662,2025-03-10 09:46:19,Referral,Italy,43,Female,Desktop,2025-05-10 00:47:39.201478,at_risk
P102405,2025-03-10 11:15:44,Organic Search,United States,38,Male,Mobile,2025-04-22 08:59:57.212828,at_risk
P101688,2025-03-10 14:39:34,Partner Program,United States,29,Female,Mobile,,never_activated
P102577,2025-03-10 19:44:51,Organic Search,Canada,27,Male,Desktop,,never_activated
P102664,2025-03-11 00:37:24,Organic Search,Portugal,25,Female,Desktop,2025-03-27 19:45:45.472028,churned
P101508,2025-03-11 05:37:25,Organic Search,United Kingdom,27,Male,Desktop,2025-04-10 03:12:25.616149,at_risk
P100803,2025-03-11 05:47:42,Paid Ads,United Kingdom,29,Male,Desktop,,never_activated
P102322,2025-03-11 07:47:40,Referral,Spain,44,Male,Desktop,2025-06-17 14:38:38.047409,active
P101578,2025-03-11 07:57:01,Social Media,United States,47,Male,Mobile,2025-04-09 19:09:46.672530,at_risk
P102264,2025-03-11 08:01:39,Social Media,United States,42,Female,Desktop,,never_activated
P100030,2025-03-11 12:50:20,Organic Search,United Kingdom,22,Male,Mobile,2025-06-16 08:23:45.456222,active
P100146,2025-03-11 14:01:29,Referral,United States,46,Male,Desktop,2025-04-09 21:29:58.819966,at_risk
P101092,2025-03-11 16:20:29,Social Media,Spain,40,Non-binary,Desktop,2025-03-28 14:50:22.314022,churned
P102034,2025-03-11 23:49:21,Organic Search,Portugal,18,Prefer not to say,Desktop,,never_activated
P102352,2025-03-12 01:47:44,Referral,Spain,39,Male,Desktop,2025-04-04 20:04:36.683623,at_risk
P100793,2025-03-12 02:30:18,Organic Search,Australia,31,Male,Mobile,,never_activated
P102290,2025-03-12 04:36:16,Social Media,Portugal,38,Female,Mobile,2025-04-17 08:07:52.114655,at_risk
P100695,2025-03-12 05:04:23,Paid Ads,Canada,20,Male,Desktop,,never_activated
P101556,2025-03-12 11:55:32,Organic Search,Italy,51,Male,Desktop,,never_activated
P100327,2025-03-12 14:09:00,Partner Program,United Kingdom,18,Female,Desktop,2025-06-20 05:32:36.360089,active
P101992,2025-03-12 14:56:15,Social Media,Poland,23,Male,Mobile,,never_activated
P100020,2025-03-12 20:08:45,Referral,United States,30,Female,Desktop,,never_activated
P101531,2025-03-12 23:51:26,Paid Ads,South Africa,43,Female,Desktop,,never_activated
P100260,2025-03-13 00:28:20,Paid Ads,Poland,29,Male,Mobile,,never_activated
P101787,2025-03-13 02:31:35,Paid Ads,Portugal,26,Non-binary,Desktop,,never_activated
P101729,2025-03-13 07:15:40,Paid Ads,United Kingdom,34,Male,Desktop,,never_activated
P102543,2025-03-13 15:53:24,Social Media,Ireland,30,Female,Desktop,,never_activated
P100510,2025-03-13 18:51:54,Referral,Italy,29,Male,Tablet,2025-04-14 12:25:02.230794,at_risk
P101086,2025-03-13 18:55:54,Social Media,United Kingdom,23,Prefer not to say,Desktop,2025-05-24 23:11:23.948499,at_risk
P101822,2025-03-13 19:17:33,Paid Ads,United Kingdom,48,Male,Desktop,,never_activated
P102117,2025-03-13 20:03:47,Referral,South Africa,24,Male,Desktop,2025-06-25 16:09:07.861523,active
P101843,2025-03-13 21:44:51,Social Media,Italy,41,Male,Desktop,,never_activated
P101896,2025-03-14 03:52:01,Social Media,Italy,31,Female,Desktop,2025-05-25 02:02:29.420285,at_risk
P100624,2025-03-14 06:32:39,Organic Search,Poland,38,Male,Mobile,2025-06-27 08:23:32.119254,active
P100432,2025-03-14 07:14:29,Organic Search,Poland,18,Male,Mobile,2025-06-17 00:51:57.534167,active
P102307,2025-03-14 13:33:41,Organic Search,United Kingdom,32,Female,Desktop,,never_activated
P101170,2025-03-14 14:03:19,Paid Ads,Mexico,18,Female,Mobile,2025-04-25 20:30:14.944601,at_risk
P101045,2025-03-14 15:11:50,Organic Search,Poland,31,Female,Desktop,2025-05-12 15:07:28.851805,at_risk
P101398,2025-03-14 19:33:29,Social Media,United States,34,Male,Mobile,2025-05-18 02:49:54.730779,at_risk
P100345,2025-03-14 20:05:09,Organic Search,Canada,18,Female,Desktop,,never_activated
P101249,2025-03-14 20:31:54,Organic Search,Poland,41,Female,Desktop,,never_activated
P101451,2025-03-14 22:14:37,Partner Program,Italy,26,Female,Mobile,,never_activated
P101154,2025-03-14 22:43:00,Organic Search,United States,25,Male,Desktop,2025-06-12 04:14:43.829597,active
P100544,2025-03-14 23:06:18,Social Media,Spain,46,Male,Desktop,2025-04-19 19:07:51.791033,at_risk
P101280,2025-03-14 23:15:47,Organic Search,United States,36,Female,Desktop,2025-06-12 20:36:15.387330,active
P100491,2025-03-15 01:02:28,Partner Program,Poland,27,Male,Desktop,2025-04-24 13:07:38.387301,at_risk
P101708,2025-03-15 02:00:11,Paid Ads,United Kingdom,44,Male,Desktop,2025-05-20 00:50:44.525775,at_risk
P100559,2025-03-15 03:04:54,Paid Ads,Italy,27,Male,Mobile,2025-06-26 10:48:41.273183,active
P101496,2025-03-15 03:47:46,Paid Ads,United States,40,Male,Mobile,,never_activated
P101193,2025-03-15 05:40:35,Referral,United Kingdom,33,Male,Desktop,,never_activated
P101922,2025-03-15 08:47:38,Social Media,Canada,28,Male,Desktop,,never_activated
P100756,2025-03-15 09:09:14,Referral,Mexico,34,Female,Mobile,2025-06-23 09:36:50.779022,active
P102464,2025-03-15 14:16:15,Paid Ads,United States,40,Female,Desktop,2025-05-24 10:43:55.849445,at_risk
P102161,2025-03-15 19:34:34,Partner Program,Poland,27,Female,Desktop,2025-05-29 10:07:23.791652,at_risk
P102797,2025-03-16 01:00:59,Referral,South Africa,49,Female,Mobile,2025-04-29 14:18:46.095698,at_risk
P100298,2025-03-16 02:24:00,Organic Search,Poland,34,Female,Desktop,,never_activated
P101568,2025-03-16 03:42:11,Partner Program,Greece,21,Female,Desktop,2025-04-08 06:47:24.187824,at_risk
P102585,2025-03-16 05:53:29,Organic Search,Greece,28,Male,Mobile,2025-06-08 00:14:45.405803,active
P100573,2025-03-16 07:06:53,Organic Search,Canada,19,Male,Mobile,2025-04-07 14:55:19.820630,at_risk
P102462,2025-03-16 07:32:40,Organic Search,United Kingdom,29,Male,Mobile,,never_activated
P100749,2025-03-16 08:44:40,Organic Search,United States,35,Male,Mobile,2025-06-25 15:11:51.185910,active
P101818,2025-03-16 09:11:13,Referral,Germany,41,Female,Mobile,2025-06-06 02:55:18.247221,active
P101731,2025-03-16 09:34:53,Referral,United Kingdom,18,Female,Desktop,,never_activated
P102744,2025-03-16 11:25:39,Referral,Spain,40,Female,Desktop,,never_activated
P100912,2025-03-16 14:14:17,Organic Search,Portugal,53,Female,Mobile,,never_activated
P100081,2025-03-16 14:21:47,Paid Ads,United States,18,Male,Desktop,2025-04-15 17:15:58.950372,at_risk
P101362,2025-03-16 14:35:50,Organic Search,Greece,33,Female,Desktop,2025-06-10 09:36:48.597537,active
P101643,2025-03-16 17:59:17,Paid Ads,Italy,18,Male,Tablet,,never_activated
P100612,2025-03-17 00:54:15,Referral,Italy,40,Male,Mobile,,never_activated
P100752,2025-03-17 03:05:51,Organic Search,United States,38,Female,Desktop,,never_activated
P101245,2025-03-17 06:53:36,Social Media,Canada,33,Female,Mobile,2025-03-22 03:07:38.883763,churned
P100483,2025-03-17 07:12:19,Organic Search,United States,50,Non-binary,Desktop,,never_activated
P101043,2025-03-17 10:57:34,Organic Search,Australia,37,Male,Desktop,,never_activated
P101059,2025-03-17 13:05:11,Social Media,United Kingdom,26,Female,Desktop,,never_activated
P100349,2025-03-17 13:50:10,Referral,United States,44,Male,Desktop,,never_activated
P102457,2025-03-17 16:37:18,Social Media,Canada,32,Male,Mobile,2025-04-18 12:47:27.634464,at_risk
P102514,2025-03-17 21:23:24,Organic Search,South Africa,30,Female,Mobile,,never_activated
P102762,2025-03-18 01:52:07,Referral,Canada,43,Female,Desktop,,never_activated
P100229,2025-03-18 05:53:45,Referral,Poland,34,Male,Mobile,2025-06-22 07:05:48.975219,active
P100480,2025-03-18 06:40:31,Organic Search,Greece,18,Male,Mobile,,never_activated
P102265,2025-03-18 07:50:29,Paid Ads,Australia,37,Male,Desktop,2025-06-13 16:35:23.351474,active
P102600,2025-03-18 13:18:14,Referral,Canada,19,Female,Mobile,2025-05-22 11:55:23.585085,at_risk
P100382,2025-03-18 20:32:13,Social Media,United Kingdom,41,Non-binary,Mobile,,never_activated
P100584,2025-03-19 00:09:30,Referral,United States,30,Female,Desktop,2025-05-12 14:43:33.081100,at_risk
P102822,2025-03-19 00:10:54,Paid Ads,Spain,40,Male,Mobile,,never_activated
P100162,2025-03-19 00:14:29,Referral,Italy,45,Male,Tablet,,never_activated
P101172,2025-03-19 01:15:52,Social Media,Spain,30,Female,Mobile,,never_activated
P101549,2025-03-19 01:58:50,Organic Search,Germany,32,Male,Desktop,2025-05-12 05:33:47.280491,at_risk
P100193,2025-03-19 02:59:11,Social Media,Portugal,41,Male,Mobile,2025-06-27 12:24:08.199817,active
P101182,2025-03-19 05:57:18,Referral,Australia,23,Female,Mobile,2025-04-02 09:15:28.414315,at_risk
P102166,2025-03-19 06:15:04,Referral,Portugal,18,Female,Desktop,2025-06-29 12:26:14.561907,active
P102630,2025-03-19 09:29:38,Partner Program,South Africa,43,Female,Desktop,,never_activated
P100839,2025-03-19 09:35:24,Organic Search,United States,23,Male,Mobile,,never_activated
P101363,2025-03-19 12:28:30,Referral,United Kingdom,35,Male,Desktop,2025-05-12 05:37:45.021198,at_risk
P102278,2025-03-19 12:47:12,Organic Search,United States,41,Female,Desktop,,never_activated
P101174,2025-03-19 16:16:19,Partner Program,Portugal,38,Male,Mobile,,never_activated
P100161,2025-03-19 21:09:22,Organic Search,United Kingdom,35,Non-binary,Mobile,,never_activated
P100928,2025-03-19 21:13:04,Organic Search,Portugal,25,Male,Desktop,,never_activated
P100414,2025-03-19 21:28:19,Social Media,United Kingdom,45,Male,Desktop,2025-06-27 03:38:53.940632,active
P100114,2025-03-19 22:51:29,Referral,Portugal,32,Male,Mobile,2025-06-29 15:04:39.759021,active
P100346,2025-03-20 00:11:57,Social Media,Mexico,49,Male,Desktop,2025-05-17 08:06:32.206869,at_risk
P101298,2025-03-20 00:51:32,Referral,Germany,45,Non-binary,Desktop,2025-04-21 11:13:13.984108,at_risk
P102749,2025-03-20 06:19:45,Social Media,Germany,32,Female,Mobile,2025-05-10 14:20:42.101131,at_risk
P102350,2025-03-20 09:52:05,Organic Search,United Kingdom,24,Prefer not to say,Desktop,,never_activated
P101783,2025-03-20 10:02:13,Social Media,Poland,24,Female,Desktop,2025-04-19 13:57:48.602381,at_risk
P102399,2025-03-20 11:04:46,Social Media,United Kingdom,38,Male,Mobile,,never_activated
P100087,2025-03-20 11:42:17,Referral,United Kingdom,43,Female,Desktop,,never_activated
P100303,2025-03-20 12:12:17,Social Media,United States,33,Male,Desktop,2025-06-04 01:24:22.240637,active
P101882,2025-03-20 15:45:59,Partner Program,South Africa,41,Male,Mobile,,never_activated
P102126,2025-03-20 17:49:33,Organic Search,United Kingdom,30,Male,Mobile,,never_activated
P102328,2025-03-20 18:48:15,Organic Search,Canada,44,Female,Desktop,2025-06-08 04:25:36.655565,active
P102097,2025-03-20 19:09:28,Organic Search,Portugal,45,Female,Desktop,,never_activated
P101958,2025-03-20 20:29:15,Organic Search,United Kingdom,23,Female,Desktop,,never_activated
P100101,2025-03-20 21:54:14,Referral,Germany,40,Female,Mobile,2025-04-23 02:43:05.037504,at_risk
P101786,2025-03-20 23:37:38,Referral,Canada,30,Male,Desktop,,never_activated
P101225,2025-03-21 08:20:09,Organic Search,United States,30,Male,Mobile,2025-06-21 12:44:44.349542,active
P101428,2025-03-21 17:13:28,Paid Ads,Germany,33,Prefer not to say,Mobile,,never_activated
P102811,2025-03-21 19:54:55,Social Media,United Kingdom,30,Male,Desktop,2025-05-30 01:20:57.000333,active
P102575,2025-03-21 22:57:23,Organic Search,United States,25,Female,Tablet,2025-05-11 18:29:13.817093,at_risk
P101706,2025-03-22 01:26:49,Organic Search,United States,41,Male,Desktop,2025-06-19 00:33:42.848387,active
P101928,2025-03-22 01:39:34,Organic Search,Australia,23,Male,Desktop,,never_activated
P101956,2025-03-22 01:52:52,Paid Ads,Germany,18,Male,Mobile,2025-05-23 03:01:02.729755,at_risk
P101682,2025-03-22 03:13:38,Paid Ads,Poland,33,Male,Mobile,2025-05-24 19:22:25.942108,at_risk
P101824,2025-03-22 04:01:46,Social Media,United Kingdom,30,Female,Tablet,2025-05-10 21:04:47.117658,at_risk
P100200,2025-03-22 08:11:33,Referral,United Kingdom,38,Male,Mobile,,never_activated
P102177,2025-03-22 09:29:19,Organic Search,Ireland,30,Male,Desktop,,never_activated
P100355,2025-03-22 09:41:12,Social Media,United Kingdom,35,Female,Desktop,2025-04-15 06:55:26.084722,at_risk
P100779,2025-03-22 14:06:58,Referral,Portugal,36,Male,Mobile,,never_activated
P101577,2025-03-22 15:28:54,Organic Search,Portugal,33,Male,Desktop,,never_activated
P100591,2025-03-22 17:56:15,Referral,Italy,29,Male,Desktop,,never_activated
P100361,2025-03-22 21:32:15,Organic Search,Poland,39,Female,Mobile,,never_activated
P101315,2025-03-22 23:17:09,Referral,Germany,30,Female,Desktop,,never_activated
P102398,2025-03-23 01:55:37,Organic Search,Greece,35,Male,Desktop,,never_activated
P102716,2025-03-23 02:31:51,Paid Ads,Portugal,29,Female,Desktop,,never_activated
P100872,2025-03-23 04:19:09,Referral,Ireland,26,Male,Desktop,2025-06-12 10:59:22.092375,active
P102643,2025-03-23 05:22:04,Social Media,United Kingdom,31,Male,Desktop,2025-04-15 07:54:18.698375,at_risk
P102670,2025-03-23 08:04:23,Social Media,Spain,55,Female,Desktop,,never_activated
P100658,2025-03-23 08:54:53,Paid Ads,United Kingdom,46,Male,Desktop,,never_activated
P100238,2025-03-23 13:28:36,Social Media,Portugal,26,Male,Desktop,2025-06-21 08:43:01.467554,active
P101849,2025-03-23 18:46:07,Organic Search,United States,47,Female,Desktop,2025-04-28 00:20:32.401950,at_risk
P100174,2025-03-23 23:52:27,Paid Ads,United States,19,Male,Desktop,2025-04-09 01:47:01.737893,at_risk
P101091,2025-03-24 01:17:01,Social Media,Ireland,27,Female,Tablet,,never_activated
P101709,2025-03-24 02:45:27,Paid Ads,Canada,33,Female,Desktop,,never_activated
P102579,2025-03-24 07:53:32,Paid Ads,United States,36,Male,Mobile,2025-06-24 14:48:02.970325,active
P100218,2025-03-24 08:39:34,Paid Ads,Germany,31,Female,Mobile,,never_activated
P100461,2025-03-24 08:44:15,Referral,Ireland,21,Male,Desktop,,never_activated
P101516,2025-03-24 09:01:07,Paid Ads,United Kingdom,48,Female,Desktop,2025-04-09 22:20:06.666786,at_risk
P100277,2025-03-24 20:10:17,Organic Search,United States,27,Female,Mobile,,never_activated
P102370,2025-03-25 01:06:51,Referral,Canada,43,Male,Mobile,,never_activated
P102667,2025-03-25 02:22:01,Referral,Portugal,22,Female,Desktop,,never_activated
P100886,2025-03-25 03:40:33,Social Media,Poland,18,Prefer not to say,Mobile,2025-04-24 04:50:35.571001,at_risk
P100212,2025-03-25 03:47:32,Referral,United Kingdom,18,Female,Mobile,,never_activated
P102058,2025-03-25 04:46:14,Referral,United Kingdom,18,Female,Mobile,,never_activated
P102160,2025-03-25 05:33:28,Paid Ads,Mexico,37,Female,Mobile,2025-06-22 08:44:04.749852,active
P101611,2025-03-25 10:39:27,Organic Search,United States,40,Male,Mobile,,never_activated
P102184,2025-03-25 10:45:37,Paid Ads,Poland,37,Female,Mobile,2025-04-11 19:27:03.533949,at_risk
P101234,2025-03-25 11:09:09,Referral,Australia,21,Female,Desktop,2025-06-17 12:52:56.522958,active
P101335,2025-03-25 16:46:20,Social Media,United States,29,Male,Desktop,2025-06-23 00:33:47.727433,active
P100942,2025-03-25 18:33:29,Social Media,United Kingdom,33,Female,Mobile,,never_activated
P102273,2025-03-25 19:56:32,Organic Search,Poland,40,Male,Desktop,,never_activated
P101461,2025-03-25 20:32:02,Referral,United States,32,Male,Desktop,2025-06-14 11:33:31.202955,active
P102029,2025-03-26 00:55:32,Social Media,United Kingdom,42,Female,Desktop,2025-06-26 12:19:21.928813,active
P102893,2025-03-26 01:33:49,Partner Program,Italy,39,Prefer not to say,Desktop,,never_activated
P102850,2025-03-26 08:55:52,Partner Program,United Kingdom,37,Female,Mobile,2025-05-18 09:41:48.454921,at_risk
P102114,2025-03-26 09:23:18,Organic Search,Canada,30,Male,Mobile,,never_activated
P101218,2025-03-26 09:39:45,Paid Ads,United Kingdom,30,Female,Desktop,,never_activated
P101835,2025-03-26 14:01:34,Partner Program,Italy,30,Prefer not to say,Mobile,2025-05-31 08:59:21.451147,active
P101124,2025-03-26 19:17:23,Paid Ads,Portugal,36,Female,Desktop,2025-04-23 16:14:08.304583,at_risk
P101861,2025-03-26 19:23:26,Paid Ads,Poland,40,Male,Desktop,,never_activated
P101384,2025-03-27 00:42:17,Social Media,Portugal,32,Male,Mobile,,never_activated
P101459,2025-03-27 02:08:17,Organic Search,South Africa,41,Male,Desktop,2025-04-12 15:46:35.703678,at_risk
P102540,2025-03-27 06:33:20,Organic Search,Portugal,26,Female,Desktop,,never_activated
P101995,2025-03-27 07:37:44,Paid Ads,United Kingdom,26,Male,Mobile,,never_activated
P100877,2025-03-27 08:00:10,Social Media,Ireland,20,Female,Desktop,2025-06-18 13:55:07.360943,active
P101147,2025-03-27 09:22:49,Organic Search,United Kingdom,28,Male,Mobile,,never_activated
P100220,2025-03-27 09:50:36,Organic Search,United States,34,Female,Desktop,2025-06-25 16:11:17.472849,active
P101005,2025-03-27 11:55:46,Referral,United Kingdom,29,Female,Tablet,,never_activated
P101463,2025-03-27 16:03:43,Social Media,Netherlands,30,Male,Desktop,,never_activated
P102087,2025-03-27 19:01:09,Organic Search,Germany,31,Male,Desktop,,never_activated
P100352,2025-03-27 19:15:00,Organic Search,Poland,25,Female,Desktop,2025-05-20 21:38:30.220186,at_risk
P102659,2025-03-27 19:39:00,Organic Search,United Kingdom,36,Female,Desktop,,never_activated
P101784,2025-03-27 22:55:08,Social Media,United Kingdom,32,Female,Desktop,2025-04-26 03:50:30.380598,at_risk
P101328,2025-03-27 23:16:33,Referral,United States,26,Male,Mobile,2025-06-14 19:30:33.013186,active
P100322,2025-03-28 00:03:12,Paid Ads,Greece,29,Male,Desktop,2025-04-23 19:01:16.936753,at_risk
P101810,2025-03-28 12:20:39,Organic Search,Germany,26,Female,Mobile,,never_activated
P100185,2025-03-28 13:50:31,Referral,Greece,36,Female,Mobile,,never_activated
P102831,2025-03-28 14:10:28,Organic Search,Germany,29,Female,Desktop,2025-06-25 23:55:42.038774,active
P100045,2025-03-28 17:27:55,Organic Search,South Africa,34,Male,Mobile,2025-04-28 13:32:19.319059,at_risk
P101806,2025-03-28 18:46:38,Organic Search,Australia,18,Female,Desktop,2025-06-04 03:48:38.170487,active
P102931,2025-03-28 20:09:50,Social Media,Poland,36,Male,Desktop,,never_activated
P102915,2025-03-28 20:36:00,Organic Search,United States,35,Female,Desktop,,never_activated
P101617,2025-03-28 23:44:49,Partner Program,Spain,50,Male,Desktop,2025-06-27 22:52:18.376137,active
P100970,2025-03-29 01:19:25,Paid Ads,Mexico,28,Male,Mobile,,never_activated
P100732,2025-03-29 02:38:06,Paid Ads,Canada,36,Female,Tablet,2025-06-18 20:04:31.042817,active
P100207,2025-03-29 03:41:01,Organic Search,United States,41,Male,Desktop,,never_activated
P101632,2025-03-29 05:02:37,Referral,Poland,42,Male,Tablet,2025-06-07 23:03:25.259026,active
P102189,2025-03-29 12:00:54,Referral,United States,41,Male,Desktop,,never_activated
P100841,2025-03-29 12:19:29,Organic Search,Portugal,35,Female,Mobile,,never_activated
P101404,2025-03-29 14:18:22,Paid Ads,Portugal,33,Male,Desktop,,never_activated
P102019,2025-03-29 18:32:07,Referral,United Kingdom,21,Male,Desktop,2025-05-25 10:54:26.099713,at_risk
P100951,2025-03-29 19:23:03,Social Media,Spain,45,Female,Desktop,2025-06-26 05:02:14.251078,active
P102125,2025-03-30 00:24:22,Social Media,Portugal,26,Female,Mobile,,never_activated
P100683,2025-03-30 04:16:48,Organic Search,Germany,47,Female,Mobile,2025-06-29 18:29:31.267052,active
P102252,2025-03-30 06:31:28,Paid Ads,Greece,38,Female,Desktop,2025-04-25 02:01:10.429801,at_risk
P102812,2025-03-30 06:55:04,Organic Search,South Africa,24,Male,Mobile,,never_activated
P102345,2025-03-30 07:14:41,Organic Search,United States,40,Female,Desktop,,never_activated
P101433,2025-03-30 07:33:56,Organic Search,United Kingdom,57,Female,Desktop,,never_activated
P101615,2025-03-30 08:22:13,Referral,United Kingdom,20,Male,Desktop,,never_activated
P102055,2025-03-30 09:09:26,Partner Program,Poland,26,Female,Desktop,2025-04-23 12:06:55.762351,at_risk
P101495,2025-03-30 11:10:22,Social Media,United Kingdom,34,Female,Desktop,,never_activated
P101566,2025-03-30 12:29:10,Organic Search,Mexico,22,Female,Desktop,2025-04-10 23:55:11.775346,at_risk
P102234,2025-03-30 13:38:32,Social Media,Spain,27,Male,Desktop,,never_activated
P100894,2025-03-30 16:09:20,Organic Search,Greece,33,Female,Desktop,,never_activated
P101475,2025-03-30 16:10:55,Referral,United Kingdom,46,Female,Desktop,2025-06-27 09:30:52.627009,active
P102635,2025-03-30 16:19:14,Organic Search,Ireland,18,Female,Mobile,2025-05-28 23:44:57.045511,at_risk
P100596,2025-03-30 17:10:45,Social Media,United States,29,Female,Desktop,2025-05-31 08:01:24.545593,active
P100543,2025-03-31 10:10:07,Referral,Canada,19,Female,Mobile,2025-04-23 21:46:57.400518,at_risk
P100418,2025-03-31 11:23:23,Referral,Italy,22,Female,Desktop,2025-06-23 06:01:53.585881,active
P100547,2025-03-31 12:51:27,Organic Search,Ireland,31,Male,Desktop,2025-04-25 13:46:50.868175,at_risk
P100881,2025-03-31 19:17:40,Social Media,United Kingdom,21,Male,Mobile,2025-06-14 08:23:13.219135,active
P101442,2025-03-31 19:18:37,Partner Program,Italy,22,Female,Desktop,2025-04-26 12:08:56.901287,at_risk
P100156,2025-03-31 19:25:06,Organic Search,Italy,21,Female,Mobile,,never_activated
P102192,2025-03-31 20:57:32,Referral,United Kingdom,30,Male,Desktop,,never_activated
P102374,2025-04-01 02:33:16,Paid Ads,Germany,23,Male,Desktop,2025-04-29 06:56:47.026969,at_risk
P101439,2025-04-01 03:04:45,Referral,South Africa,24,Male,Desktop,,never_activated
P102751,2025-04-01 08:43:26,Organic Search,Germany,53,Female,Desktop,,never_activated
P101934,2025-04-02 00:52:39,Partner Program,United Kingdom,35,Female,Mobile,,never_activated
P102168,2025-04-02 04:39:26,Partner Program,Australia,36,Male,Mobile,,never_activated
P102530,2025-04-02 05:01:40,Referral,Germany,18,Female,Desktop,2025-06-22 22:48:48.549517,active
P102346,2025-04-02 06:45:54,Referral,Canada,42,Female,Tablet,,never_activated
P102696,2025-04-02 07:35:02,Social Media,Italy,34,Male,Desktop,,never_activated
P101457,2025-04-02 08:00:35,Social Media,United Kingdom,30,Prefer not to say,Desktop,2025-06-20 01:01:16.576729,active
P100170,2025-04-02 08:04:21,Organic Search,Netherlands,20,Male,Mobile,,never_activated
P100647,2025-04-02 09:26:38,Organic Search,United States,28,Female,Mobile,2025-04-23 05:31:30.399806,at_risk
P101142,2025-04-02 15:31:18,Social Media,Germany,18,Female,Desktop,,never_activated
P102663,2025-04-02 16:44:01,Paid Ads,Germany,42,Male,Desktop,,never_activated
P102404,2025-04-02 22:08:57,Referral,Germany,33,Female,Desktop,,never_activated
P101077,2025-04-03 03:41:09,Referral,United Kingdom,38,Male,Tablet,,never_activated
P101217,2025-04-03 09:55:39,Paid Ads,Portugal,19,Prefer not to say,Tablet,,never_activated
P101153,2025-04-03 10:34:44,Referral,Germany,28,Male,Tablet,2025-05-30 20:51:43.091606,active
P101337,2025-04-03 10:59:20,Organic Search,Germany,31,Prefer not to say,Desktop,,never_activated
P102769,2025-04-03 14:33:29,Organic Search,Mexico,49,Male,Desktop,,never_activated
P101537,2025-04-03 15:06:23,Organic Search,Spain,48,Male,Mobile,,never_activated
P100709,2025-04-03 18:36:23,Social Media,Poland,31,Male,Mobile,2025-06-08 18:53:39.668219,active
P101793,2025-04-03 22:54:36,Social Media,Poland,18,Male,Desktop,2025-05-03 07:41:05.843607,at_risk
P101206,2025-04-04 00:30:14,Organic Search,Portugal,33,Male,Desktop,2025-06-20 12:03:36.367107,active
P102587,2025-04-04 05:34:05,Referral,United Kingdom,42,Prefer not to say,Tablet,,never_activated
P100504,2025-04-04 12:22:15,Partner Program,United Kingdom,22,Male,Desktop,,never_activated
P100373,2025-04-04 13:18:57,Paid Ads,United Kingdom,22,Female,Desktop,,never_activated
P101134,2025-04-04 19:16:30,Organic Search,Poland,29,Female,Desktop,2025-05-04 17:15:50.277155,at_risk
P101254,2025-04-04 19:28:42,Organic Search,Poland,31,Female,Desktop,,never_activated
P101449,2025-04-04 22:01:07,Paid Ads,Italy,29,Male,Mobile,2025-06-06 12:57:22.618525,active
P100038,2025-04-04 22:25:02,Organic Search,Mexico,36,Female,Mobile,2025-06-29 11:42:44.345927,active
P101880,2025-04-05 01:54:29,Organic Search,United Kingdom,34,Male,Desktop,2025-05-29 20:00:03.960149,at_risk
P102170,2025-04-05 04:56:36,Referral,United Kingdom,31,Male,Desktop,2025-06-26 19:43:08.254928,active
P102518,2025-04-05 07:27:50,Organic Search,United Kingdom,31,Female,Tablet,2025-04-23 21:11:53.217038,at_risk
P102333,2025-04-05 07:31:34,Referral,Portugal,38,Female,Tablet,,never_activated
P101186,2025-04-05 11:38:58,Social Media,United Kingdom,31,Male,Mobile,2025-06-29 16:01:12.535046,active
P100986,2025-04-05 15:03:15,Paid Ads,Poland,42,Male,Desktop,,never_activated
P102389,2025-04-05 15:53:53,Referral,Germany,21,Male,Desktop,2025-06-28 06:58:32.803531,active
P102627,2025-04-05 16:03:06,Social Media,Canada,22,Female,Tablet,,never_activated
P102410,2025-04-05 16:31:10,Organic Search,United Kingdom,37,Male,Mobile,2025-06-20 07:20:07.057856,active
P101776,2025-04-05 19:44:02,Referral,Greece,37,Male,Desktop,,never_activated
P100609,2025-04-06 01:17:07,Referral,South Africa,44,Male,Desktop,,never_activated
P101724,2025-04-06 02:19:06,Referral,United Kingdom,51,Male,Mobile,2025-06-19 10:54:07.187861,active
P101590,2025-04-06 03:30:15,Partner Program,United Kingdom,31,Male,Desktop,,never_activated
P100176,2025-04-06 05:21:36,Social Media,United States,33,Female,Mobile,,never_activated
P101456,2025-04-06 07:39:24,Organic Search,United States,30,Female,Mobile,,never_activated
P100211,2025-04-06 08:49:41,Organic Search,Germany,34,Male,Mobile,,never_activated
P101293,2025-04-06 12:34:43,Organic Search,Poland,22,Male,Desktop,2025-06-02 21:52:39.628261,active
P101625,2025-04-06 13:24:51,Referral,Poland,41,Male,Desktop,,never_activated
P101006,2025-04-06 15:42:41,Paid Ads,United States,38,Male,Mobile,,never_activated
P101679,2025-04-07 00:08:27,Referral,United Kingdom,25,Female,Desktop,2025-04-29 02:31:04.621977,at_risk
P102891,2025-04-07 01:01:21,Organic Search,Netherlands,47,Female,Desktop,2025-06-07 22:43:38.213294,active
P102178,2025-04-07 03:11:56,Paid Ads,Mexico,35,Male,Mobile,2025-05-14 03:02:41.877673,at_risk
P101270,2025-04-07 03:23:25,Organic Search,United States,42,Female,Desktop,,never_activated
P101920,2025-04-07 04:43:30,Organic Search,Spain,23,Prefer not to say,Mobile,,never_activated
P101446,2025-04-07 05:46:51,Organic Search,United Kingdom,18,Male,Desktop,2025-05-07 12:40:54.701365,at_risk
P100991,2025-04-07 07:04:24,Social Media,Germany,39,Female,Mobile,2025-06-26 01:15:33.001221,active
P100780,2025-04-07 08:18:52,Referral,United States,37,Female,Desktop,2025-06-20 13:37:04.096539,active
P101487,2025-04-07 11:58:36,Referral,United States,33,Male,Desktop,,never_activated
P102955,2025-04-07 11:59:18,Paid Ads,Ireland,28,Male,Desktop,2025-06-13 23:09:21.359736,active
P101214,2025-04-07 13:00:06,Paid Ads,United States,20,Male,Mobile,,never_activated
P102520,2025-04-07 14:27:37,Organic Search,Germany,26,Male,Mobile,2025-06-13 13:44:56.967535,active
P101717,2025-04-07 18:10:49,Paid Ads,Germany,31,Female,Desktop,2025-06-06 05:30:06.669616,active
P102372,2025-04-07 18:48:11,Social Media,United Kingdom,18,Male,Tablet,2025-05-07 14:59:18.439949,at_risk
P100481,2025-04-07 20:59:02,Referral,United Kingdom,29,Female,Desktop,,never_activated
P101586,2025-04-07 23:06:03,Paid Ads,Poland,36,Male,Tablet,2025-06-24 21:57:07.440791,active
P102951,2025-04-08 00:55:17,Social Media,South Africa,23,Male,Mobile,2025-05-01 20:35:52.275997,at_risk
P100266,2025-04-08 01:32:00,Referral,United Kingdom,31,Non-binary,Desktop,,never_activated
P101035,2025-04-08 01:41:18,Organic Search,Mexico,21,Female,Desktop,,never_activated
P101108,2025-04-08 02:51:23,Organic Search,Portugal,40,Female,Desktop,2025-05-06 08:26:51.378617,at_risk
P100257,2025-04-08 07:38:38,Referral,United Kingdom,27,Male,Tablet,2025-06-11 03:47:57.824935,active
P102103,2025-04-08 08:39:46,Paid Ads,Italy,47,Male,Mobile,,never_activated
P100500,2025-04-08 09:17:37,Referral,Poland,34,Prefer not to say,Desktop,,never_activated
P101020,2025-04-08 09:27:08,Organic Search,Portugal,52,Non-binary,Mobile,2025-05-08 12:03:59.224612,at_risk
P101152,2025-04-08 16:06:41,Partner Program,Australia,41,Female,Desktop,,never_activated
P100798,2025-04-08 17:36:40,Referral,Poland,28,Female,Desktop,,never_activated
P100315,2025-04-08 19:54:56,Referral,Ireland,18,Male,Mobile,,never_activated
P100381,2025-04-08 22:08:18,Organic Search,United States,18,Male,Desktop,,never_activated
P102965,2025-04-09 02:23:25,Paid Ads,United States,28,Male,Mobile,,never_activated
P102313,2025-04-09 09:02:54,Social Media,Ireland,33,Prefer not to say,Desktop,,never_activated
P100278,2025-04-09 11:30:58,Paid Ads,United States,48,Female,Desktop,,never_activated
P100435,2025-04-09 16:24:09,Partner Program,United States,39,Female,Desktop,2025-06-28 01:10:48.145291,active
P102267,2025-04-10 01:21:37,Social Media,Greece,18,Male,Desktop,2025-04-25 19:17:24.893304,at_risk
P102631,2025-04-10 03:31:05,Organic Search,United Kingdom,43,Female,Desktop,2025-05-09 13:16:45.797354,at_risk
P102220,2025-04-10 04:03:46,Social Media,Italy,18,Female,Mobile,,never_activated
P101437,2025-04-10 04:37:43,Organic Search,Germany,33,Female,Desktop,,never_activated
P102982,2025-04-10 05:23:43,Referral,United States,29,Female,Mobile,,never_activated
P102388,2025-04-10 08:35:30,Social Media,United States,30,Male,Mobile,,never_activated
P100560,2025-04-10 09:16:58,Referral,Poland,18,Male,Mobile,,never_activated
P100267,2025-04-10 10:07:35,Partner Program,Spain,48,Male,Mobile,2025-06-21 14:10:54.897831,active
P102639,2025-04-10 12:50:33,Referral,South Africa,20,Male,Mobile,,never_activated
P100337,2025-04-10 14:23:51,Social Media,United States,29,Male,Desktop,,never_activated
P100137,2025-04-10 15:05:18,Organic Search,Canada,43,Male,Desktop,2025-06-24 07:58:02.469119,active
P102978,2025-04-10 16:04:49,Organic Search,Canada,38,Female,Mobile,,never_activated
P101281,2025-04-10 16:46:12,Social Media,United States,32,Non-binary,Desktop,,never_activated
P101014,2025-04-10 19:30:04,Social Media,United Kingdom,35,Male,Desktop,,never_activated
P102561,2025-04-11 01:16:22,Referral,Portugal,27,Female,Desktop,2025-06-22 19:21:33.076683,active
P101399,2025-04-11 02:23:55,Paid Ads,Mexico,37,Male,Desktop,2025-06-22 11:50:32.867459,active
P102047,2025-04-11 03:16:12,Referral,Canada,36,Prefer not to say,Desktop,,never_activated
P100074,2025-04-11 09:35:10,Paid Ads,Canada,43,Female,Desktop,,never_activated
P101943,2025-04-11 09:42:04,Paid Ads,United States,46,Male,Mobile,,never_activated
P101189,2025-04-11 13:51:17,Organic Search,Mexico,50,Female,Desktop,,never_activated
P100438,2025-04-11 14:22:07,Social Media,United States,46,Male,Desktop,2025-06-29 22:53:40.836139,active
P101299,2025-04-11 14:48:31,Paid Ads,United States,30,Male,Mobile,2025-05-12 12:09:58.503230,at_risk
P100009,2025-04-11 14:55:47,Paid Ads,United Kingdom,33,Female,Tablet,2025-05-10 01:10:44.809425,at_risk
P101649,2025-04-11 15:46:49,Organic Search,Italy,26,Female,Desktop,2025-06-21 14:18:03.612907,active
P102758,2025-04-11 17:33:41,Partner Program,Italy,22,Female,Mobile,,never_activated
P101150,2025-04-11 20:53:29,Social Media,Poland,41,Male,Mobile,,never_activated
P100800,2025-04-11 21:15:37,Organic Search,Portugal,33,Male,Desktop,,never_activated
P102608,2025-04-11 22:32:43,Organic Search,South Africa,19,Female,Mobile,,never_activated
P100214,2025-04-12 07:05:00,Organic Search,Spain,30,Male,Desktop,,never_activated
P102934,2025-04-12 12:46:55,Social Media,United States,29,Male,Mobile,2025-05-05 16:01:04.288740,at_risk
P101540,2025-04-12 13:07:14,Partner Program,United Kingdom,25,Female,Mobile,2025-06-28 10:35:47.652850,active
P102142,2025-04-12 14:42:29,Organic Search,United States,44,Male,Mobile,,never_activated
P102790,2025-04-12 16:26:04,Social Media,Germany,43,Male,Desktop,,never_activated
P101304,2025-04-12 19:34:29,Partner Program,United States,25,Female,Mobile,,never_activated
P102152,2025-04-12 19:58:36,Social Media,United States,25,Male,Desktop,2025-05-17 18:03:09.682704,at_risk
P102921,2025-04-13 00:40:29,Referral,United States,26,Male,Desktop,2025-05-05 16:51:34.202635,at_risk
P101306,2025-04-13 01:06:09,Social Media,United Kingdom,26,Male,Desktop,2025-05-09 13:11:37.786283,at_risk
P100091,2025-04-13 04:17:18,Referral,Portugal,33,Female,Mobile,,never_activated
P102321,2025-04-13 05:09:17,Referral,Portugal,34,Male,Desktop,,never_activated
P102943,2025-04-13 06:59:23,Paid Ads,Ireland,20,Male,Desktop,2025-06-13 18:11:47.462204,active
P100630,2025-04-13 07:05:17,Organic Search,United Kingdom,37,Female,Desktop,,never_activated
P100321,2025-04-13 08:20:09,Paid Ads,Greece,20,Female,Mobile,2025-04-29 13:15:34.877166,at_risk
P102589,2025-04-13 09:55:09,Paid Ads,Canada,32,Female,Desktop,,never_activated
P102634,2025-04-13 10:01:50,Paid Ads,Canada,36,Male,Desktop,,never_activated
P102952,2025-04-13 12:29:40,Organic Search,Poland,28,Male,Desktop,2025-06-25 10:40:12.776489,active
P102672,2025-04-13 18:02:32,Organic Search,United Kingdom,32,Male,Desktop,,never_activated
P101796,2025-04-14 03:07:59,Organic Search,United States,46,Female,Desktop,2025-05-07 06:56:35.061784,at_risk
P101366,2025-04-14 03:19:44,Social Media,Canada,26,Female,Desktop,2025-05-04 20:56:31.974260,at_risk
P100966,2025-04-14 05:42:46,Organic Search,Poland,34,Male,Mobile,,never_activated
P101511,2025-04-14 05:55:16,Paid Ads,South Africa,31,Female,Mobile,,never_activated
P101532,2025-04-14 07:24:41,Organic Search,Poland,22,Female,Desktop,,never_activated
P102809,2025-04-14 14:31:51,Organic Search,United States,56,Female,Desktop,,never_activated
P100876,2025-04-14 16:10:26,Organic Search,United States,30,Male,Mobile,,never_activated
P102988,2025-04-14 20:28:10,Paid Ads,Australia,34,Female,Mobile,,never_activated
P101589,2025-04-14 21:57:59,Referral,Greece,32,Prefer not to say,Desktop,2025-06-27 00:33:23.282282,active
P100890,2025-04-15 07:10:32,Organic Search,Germany,35,Male,Desktop,,never_activated
P101915,2025-04-15 07:59:16,Paid Ads,Canada,25,Male,Desktop,,never_activated
P102134,2025-04-15 15:07:40,Social Media,United Kingdom,23,Female,Mobile,,never_activated
P100778,2025-04-15 15:12:02,Organic Search,Poland,29,Male,Mobile,2025-05-16 09:06:52.141348,at_risk
P101331,2025-04-15 16:27:02,Organic Search,United States,24,Female,Desktop,,never_activated
P100235,2025-04-15 19:17:43,Organic Search,Italy,37,Male,Mobile,,never_activated
P102473,2025-04-15 19:34:16,Referral,United States,25,Male,Mobile,2025-06-28 04:12:45.588871,active
P100777,2025-04-15 20:58:05,Referral,South Africa,18,Female,Mobile,2025-05-10 14:05:51.295803,at_risk
P101130,2025-04-16 01:28:33,Referral,Greece,25,Male,Tablet,2025-04-21 03:08:17.222218,at_risk
P102519,2025-04-16 10:23:14,Referral,Mexico,24,Female,Desktop,,never_activated
P101353,2025-04-16 10:45:51,Paid Ads,Portugal,37,Male,Tablet,2025-06-26 19:40:44.161113,active
P102354,2025-04-16 15:25:14,Referral,Netherlands,50,Male,Desktop,2025-05-22 00:26:58.821016,at_risk
P102045,2025-04-16 16:34:18,Social Media,Ireland,21,Male,Mobile,,never_activated
P101037,2025-04-16 17:28:21,Social Media,South Africa,36,Female,Desktop,,never_activated
P101594,2025-04-16 18:18:31,Organic Search,United Kingdom,20,Male,Desktop,,never_activated
P100509,2025-04-16 22:32:39,Paid Ads,Netherlands,23,Male,Desktop,2025-06-25 06:42:39.375446,active
P100075,2025-04-17 00:21:46,Organic Search,United Kingdom,47,Female,Desktop,,never_activated
P101888,2025-04-17 00:49:22,Paid Ads,United States,24,Female,Tablet,2025-05-18 08:15:19.610142,at_risk
P102214,2025-04-17 03:47:48,Social Media,Germany,22,Female,Mobile,2025-06-25 00:31:45.532869,active
P101986,2025-04-17 08:30:07,Social Media,Poland,26,Female,Mobile,2025-05-16 09:09:38.500875,at_risk
P101869,2025-04-17 10:36:36,Social Media,United States,27,Female,Mobile,,never_activated
P100159,2025-04-17 12:02:06,Referral,Poland,48,Male,Desktop,2025-05-15 18:54:23.952119,at_risk
P102956,2025-04-17 15:32:43,Partner Program,Portugal,34,Female,Desktop,2025-05-18 14:18:45.748830,at_risk
P102966,2025-04-17 15:56:28,Organic Search,United States,30,Male,Desktop,2025-05-31 21:44:53.645454,active
P100984,2025-04-17 18:16:25,Paid Ads,United Kingdom,38,Male,Mobile,,never_activated
P102826,2025-04-17 18:42:14,Organic Search,Germany,34,Female,Mobile,,never_activated
P100304,2025-04-17 19:22:04,Social Media,Portugal,27,Female,Mobile,2025-05-22 09:56:53.631265,at_risk
P101343,2025-04-17 21:39:46,Social Media,United Kingdom,36,Male,Mobile,,never_activated
P100196,2025-04-17 21:57:32,Organic Search,Mexico,31,Female,Mobile,,never_activated
P101859,2025-04-17 23:33:37,Paid Ads,United Kingdom,18,Male,Desktop,,never_activated
P102369,2025-04-17 23:43:02,Referral,Poland,41,Male,Mobile,2025-06-27 01:30:17.624035,active
P100086,2025-04-18 00:44:02,Organic Search,Portugal,35,Male,Desktop,2025-06-01 21:10:00.805703,active
P102026,2025-04-18 01:40:08,Organic Search,Portugal,24,Male,Mobile,,never_activated
P102137,2025-04-18 05:50:45,Referral,United Kingdom,40,Male,Mobile,2025-06-18 15:13:50.456765,active
P100972,2025-04-18 06:38:49,Partner Program,United States,30,Female,Desktop,2025-06-22 18:12:27.014772,active
P101317,2025-04-18 09:49:09,Paid Ads,United States,40,Male,Mobile,,never_activated
P101989,2025-04-18 17:36:22,Social Media,Mexico,35,Male,Mobile,,never_activated
P102912,2025-04-18 19:45:01,Organic Search,South Africa,18,Male,Desktop,,never_activated
P101003,2025-04-18 20:56:54,Organic Search,Mexico,26,Male,Desktop,,never_activated
P101619,2025-04-18 22:57:46,Organic Search,Canada,33,Male,Mobile,2025-05-04 05:03:28.484194,at_risk
P100719,2025-04-18 23:40:38,Referral,United Kingdom,35,Male,Desktop,,never_activated
P100002,2025-04-18 23:53:08,Referral,Canada,20,Male,Mobile,,never_activated
P101895,2025-04-19 01:35:30,Social Media,United Kingdom,34,Female,Desktop,,never_activated
P101741,2025-04-19 07:19:07,Paid Ads,United States,18,Female,Mobile,2025-04-28 04:11:33.690200,at_risk
P100384,2025-04-19 12:31:35,Social Media,Portugal,40,Female,Mobile,,never_activated
P101364,2025-04-19 16:10:51,Organic Search,Italy,31,Female,Mobile,2025-05-15 11:36:46.338242,at_risk
P101953,2025-04-19 16:57:55,Paid Ads,South Africa,18,Male,Desktop,2025-05-11 18:22:42.176850,at_risk
P101874,2025-04-19 20:52:59,Organic Search,Portugal,18,Male,Desktop,,never_activated
P102973,2025-04-19 22:24:51,Referral,United Kingdom,29,Male,Desktop,2025-05-15 21:50:19.094507,at_risk
P101766,2025-04-20 03:32:00,Partner Program,United States,44,Male,Mobile,,never_activated
P100959,2025-04-20 08:58:19,Organic Search,United States,29,Female,Desktop,2025-06-26 10:20:17.917379,active
P101791,2025-04-20 10:17:18,Organic Search,Canada,18,Female,Mobile,2025-06-27 00:24:13.359350,active
P100325,2025-04-20 10:51:22,Organic Search,United Kingdom,22,Male,Desktop,,never_activated
P102668,2025-04-20 13:53:37,Organic Search,Poland,37,Female,Desktop,,never_activated
P100805,2025-04-20 14:56:12,Paid Ads,United States,18,Female,Desktop,,never_activated
P101403,2025-04-20 16:19:01,Referral,Germany,18,Male,Mobile,,never_activated
P101471,2025-04-20 16:59:18,Partner Program,United Kingdom,28,Female,Mobile,2025-05-20 18:40:36.481328,at_risk
P101572,2025-04-20 17:30:14,Referral,Poland,24,Male,Desktop,2025-05-07 12:07:39.902613,at_risk
P101065,2025-04-20 18:22:05,Social Media,Italy,18,Female,Tablet,,never_activated
P102534,2025-04-20 19:25:04,Social Media,Ireland,51,Male,Desktop,,never_activated
P100828,2025-04-20 19:45:28,Organic Search,Italy,27,Female,Desktop,2025-06-21 19:47:28.807503,active
P101801,2025-04-20 20:00:13,Social Media,United States,32,Male,Mobile,,never_activated
P102916,2025-04-21 00:13:55,Organic Search,United Kingdom,50,Male,Desktop,2025-06-28 06:10:32.229888,active
P100723,2025-04-21 08:22:14,Social Media,Mexico,29,Male,Tablet,2025-06-28 21:49:49.831276,active
P102204,2025-04-21 09:39:18,Organic Search,United States,21,Male,Desktop,2025-05-18 08:46:22.899518,at_risk
P102536,2025-04-21 13:14:51,Organic Search,United States,24,Female,Mobile,,never_activated
P100265,2025-04-21 15:05:16,Social Media,Mexico,35,Male,Desktop,,never_activated
P101344,2025-04-21 21:10:16,Organic Search,Poland,27,Female,Mobile,,never_activated
P102613,2025-04-21 21:29:15,Paid Ads,Poland,45,Male,Desktop,2025-05-16 12:27:25.643053,at_risk
P101163,2025-04-22 00:27:37,Referral,Ireland,33,Male,Tablet,,never_activated
P102230,2025-04-22 01:40:54,Referral,Poland,19,Male,Mobile,2025-06-15 01:06:49.079453,active
P100763,2025-04-22 03:51:40,Referral,United States,41,Male,Desktop,,never_activated
P100653,2025-04-22 04:05:15,Organic Search,Greece,23,Female,Mobile,2025-05-11 11:33:17.213591,at_risk
P100462,2025-04-22 04:39:27,Social Media,United States,24,Non-binary,Desktop,,never_activated
P101904,2025-04-22 06:20:37,Partner Program,United Kingdom,28,Female,Desktop,,never_activated
P102276,2025-04-22 10:17:32,Referral,Italy,36,Female,Desktop,2025-06-29 07:32:11.748763,active
P102730,2025-04-23 00:46:19,Organic Search,Poland,34,Female,Desktop,2025-06-24 17:16:07.637577,active
P102602,2025-04-23 01:47:27,Social Media,United Kingdom,23,Male,Mobile,2025-05-16 04:53:46.058100,at_risk
P100742,2025-04-23 03:53:51,Social Media,United Kingdom,26,Female,Desktop,,never_activated
P100619,2025-04-23 06:39:49,Referral,United Kingdom,26,Male,Desktop,2025-06-28 00:33:45.032348,active
P101833,2025-04-23 07:34:41,Organic Search,Mexico,31,Female,Tablet,2025-06-29 11:53:14.231593,active
P101198,2025-04-23 08:48:41,Referral,United States,57,Female,Desktop,,never_activated
P100217,2025-04-23 13:43:13,Partner Program,Italy,39,Male,Tablet,,never_activated
P100627,2025-04-23 14:18:59,Partner Program,United Kingdom,18,Male,Mobile,,never_activated
P102159,2025-04-23 19:04:54,Social Media,Spain,49,Male,Desktop,,never_activated
P100398,2025-04-24 04:04:43,Social Media,United States,27,Female,Mobile,2025-06-27 13:24:20.184764,active
P101155,2025-04-24 04:40:06,Social Media,United States,21,Male,Desktop,,never_activated
P100419,2025-04-24 05:33:16,Partner Program,Poland,32,Male,Mobile,2025-06-22 15:54:36.802179,active
P100388,2025-04-24 06:42:03,Partner Program,United Kingdom,51,Male,Desktop,2025-06-25 10:45:14.680578,active
P100851,2025-04-24 13:12:54,Organic Search,Poland,29,Male,Desktop,2025-06-27 01:57:57.675236,active
P101994,2025-04-24 19:45:54,Partner Program,Canada,31,Female,Desktop,2025-06-12 17:53:57.655550,active
P102340,2025-04-24 22:37:43,Social Media,United States,31,Female,Desktop,,never_activated
P100399,2025-04-25 00:11:10,Social Media,United Kingdom,27,Female,Desktop,,never_activated
P102422,2025-04-25 05:33:48,Organic Search,United States,33,Male,Mobile,2025-06-25 03:37:41.680592,active
P101645,2025-04-25 06:58:01,Referral,Germany,38,Male,Desktop,,never_activated
P102841,2025-04-25 09:50:50,Organic Search,United Kingdom,32,Non-binary,Desktop,,never_activated
P102928,2025-04-25 09:58:39,Organic Search,South Africa,36,Male,Desktop,,never_activated
P101856,2025-04-25 12:33:23,Paid Ads,Ireland,35,Female,Mobile,,never_activated
P102538,2025-04-25 16:06:26,Organic Search,United States,37,Female,Desktop,,never_activated
P101630,2025-04-25 16:45:54,Social Media,Portugal,19,Male,Tablet,2025-06-27 13:48:58.136877,active
P100447,2025-04-25 18:39:25,Social Media,Poland,35,Female,Mobile,,never_activated
P100107,2025-04-25 22:32:12,Partner Program,Greece,25,Female,Desktop,2025-06-29 19:52:53.103135,active
P102210,2025-04-25 23:19:41,Social Media,South Africa,35,Male,Mobile,2025-06-27 18:41:30.871573,active
P100558,2025-04-25 23:22:58,Paid Ads,United Kingdom,37,Female,Tablet,2025-06-29 09:41:24.112349,active
P101200,2025-04-26 03:48:24,Partner Program,Italy,38,Female,Tablet,2025-05-31 03:31:25.423072,active
P102944,2025-04-26 04:55:18,Social Media,Poland,31,Male,Desktop,2025-06-23 13:17:01.719711,active
P102070,2025-04-26 06:16:56,Referral,United Kingdom,26,Female,Mobile,,never_activated
P100331,2025-04-26 08:31:38,Paid Ads,Canada,18,Female,Desktop,,never_activated
P102806,2025-04-26 10:31:00,Paid Ads,United States,26,Female,Mobile,,never_activated
P101107,2025-04-26 11:21:03,Paid Ads,United States,31,Non-binary,Desktop,2025-06-26 01:06:22.003671,active
P102005,2025-04-26 19:48:09,Social Media,Mexico,26,Male,Mobile,,never_activated
P102867,2025-04-26 23:29:45,Organic Search,United States,38,Male,Desktop,,never_activated
P101178,2025-04-27 01:02:02,Social Media,Ireland,46,Female,Desktop,2025-06-29 18:32:44.098320,active
P100157,2025-04-27 01:28:03,Organic Search,United Kingdom,18,Male,Mobile,,never_activated
P102442,2025-04-27 03:34:21,Partner Program,South Africa,29,Male,Desktop,2025-05-31 08:58:32.121158,active
P100710,2025-04-27 05:26:23,Organic Search,Italy,29,Female,Mobile,,never_activated
P102637,2025-04-27 06:14:29,Paid Ads,United States,20,Female,Desktop,2025-06-29 02:11:09.180203,active
P100766,2025-04-27 09:10:37,Referral,Spain,31,Male,Mobile,2025-06-27 20:48:36.350522,active
P102838,2025-04-27 11:47:50,Partner Program,United States,32,Female,Mobile,2025-06-11 11:41:41.557217,active
P101883,2025-04-27 12:18:26,Paid Ads,Poland,25,Male,Desktop,,never_activated
P100431,2025-04-27 12:21:56,Social Media,Germany,33,Male,Desktop,2025-05-27 19:57:01.376375,at_risk
P100092,2025-04-27 13:27:22,Referral,Australia,29,Male,Desktop,2025-06-29 03:45:16.848301,active
P101477,2025-04-27 15:48:38,Paid Ads,United States,18,Female,Desktop,,never_activated
P101244,2025-04-27 16:46:50,Referral,United Kingdom,47,Male,Mobile,2025-06-23 16:27:26.288305,active
P102492,2025-04-27 21:48:38,Referral,United Kingdom,32,Female,Desktop,2025-06-23 15:10:37.449514,active
P101748,2025-04-27 21:49:05,Social Media,United States,39,Male,Desktop,,never_activated
P101902,2025-04-27 23:08:06,Organic Search,Germany,20,Female,Desktop,,never_activated
P101689,2025-04-28 01:23:57,Paid Ads,Spain,43,Non-binary,Desktop,2025-06-17 02:46:59.152238,active
P101811,2025-04-28 03:58:28,Organic Search,United States,26,Male,Tablet,2025-05-24 15:49:45.746016,at_risk
P102187,2025-04-28 04:16:26,Organic Search,Germany,18,Female,Mobile,,never_activated
P102541,2025-04-28 05:30:10,Referral,Australia,18,Male,Desktop,2025-06-19 07:21:45.441149,active
P100918,2025-04-28 07:35:23,Referral,United Kingdom,20,Female,Mobile,2025-05-16 01:52:05.063542,at_risk
P101509,2025-04-28 09:39:13,Referral,Italy,42,Male,Mobile,,never_activated
P102901,2025-04-28 11:16:03,Referral,United States,44,Female,Mobile,,never_activated
P101990,2025-04-28 19:32:34,Organic Search,United Kingdom,18,Male,Mobile,,never_activated
P102501,2025-04-28 21:55:29,Organic Search,United States,28,Female,Desktop,2025-06-25 12:53:56.212082,active
P102704,2025-04-29 02:11:08,Partner Program,United States,24,Male,Mobile,,never_activated
P100534,2025-04-29 03:58:54,Referral,United States,39,Male,Tablet,,never_activated
P101205,2025-04-29 07:03:36,Paid Ads,United Kingdom,18,Male,Desktop,2025-06-20 22:37:49.321861,active
P101817,2025-04-29 10:13:44,Partner Program,United Kingdom,18,Female,Desktop,2025-06-08 01:18:26.343408,active
P102539,2025-04-29 10:46:02,Paid Ads,United States,36,Male,Desktop,2025-06-16 22:25:49.598445,active
P101056,2025-04-29 12:06:58,Organic Search,United Kingdom,21,Prefer not to say,Desktop,,never_activated
P102654,2025-04-29 12:12:45,Partner Program,United States,26,Female,Mobile,,never_activated
P100688,2025-04-29 12:27:05,Partner Program,Italy,33,Female,Tablet,,never_activated
P101742,2025-04-29 13:37:36,Organic Search,Spain,38,Female,Mobile,,never_activated
P100296,2025-04-29 13:39:30,Referral,Mexico,22,Male,Mobile,2025-06-25 11:59:24.039263,active
P101062,2025-04-29 16:39:53,Social Media,Mexico,20,Male,Mobile,,never_activated
P102079,2025-04-30 00:12:11,Social Media,Poland,36,Male,Desktop,,never_activated
P100094,2025-04-30 00:30:13,Social Media,Canada,18,Male,Desktop,2025-06-24 09:55:35.885426,active
P100076,2025-04-30 01:04:09,Referral,United Kingdom,25,Female,Mobile,,never_activated
P102260,2025-04-30 02:53:20,Social Media,Germany,39,Non-binary,Desktop,,never_activated
P101386,2025-04-30 04:13:36,Social Media,Portugal,30,Female,Desktop,2025-06-23 08:23:29.162442,active
P100070,2025-04-30 04:29:53,Referral,Portugal,30,Female,Desktop,,never_activated
P102698,2025-04-30 08:35:35,Organic Search,Mexico,28,Male,Desktop,2025-06-12 12:58:32.323405,active
P102892,2025-04-30 11:44:52,Organic Search,United Kingdom,38,Male,Mobile,,never_activated
P102710,2025-04-30 11:47:09,Social Media,United Kingdom,56,Female,Mobile,,never_activated
P101242,2025-04-30 12:44:25,Social Media,Italy,18,Female,Desktop,2025-06-26 05:44:50.771033,active
P100981,2025-04-30 12:45:39,Social Media,United States,31,Male,Mobile,2025-06-24 03:12:45.742116,active
P102815,2025-04-30 19:03:00,Paid Ads,Italy,51,Female,Mobile,2025-06-24 01:12:19.313699,active
P102699,2025-04-30 20:08:54,Referral,Poland,45,Male,Desktop,2025-06-27 01:05:15.839633,active
P100549,2025-04-30 20:55:24,Organic Search,Ireland,47,Female,Tablet,2025-06-21 07:06:50.167223,active
P102007,2025-05-01 01:43:11,Referral,Mexico,29,Male,Desktop,2025-05-31 21:05:14.395867,active
P101805,2025-05-01 01:47:50,Paid Ads,United Kingdom,18,Male,Mobile,2025-06-27 10:12:21.130800,active
P100393,2025-05-01 09:21:05,Partner Program,United Kingdom,18,Male,Desktop,,never_activated
P100860,2025-05-01 09:52:34,Organic Search,United Kingdom,20,Female,Desktop,,never_activated
P100450,2025-05-01 11:33:29,Organic Search,Portugal,26,Female,Mobile,,never_activated
P102595,2025-05-01 11:55:19,Referral,United Kingdom,39,Male,Desktop,2025-06-21 02:40:09.800568,active
P101241,2025-05-01 13:07:04,Organic Search,Poland,30,Male,Desktop,,never_activated
P100051,2025-05-01 16:36:18,Social Media,South Africa,45,Male,Desktop,,never_activated
P101823,2025-05-01 19:01:12,Organic Search,Canada,31,Female,Mobile,,never_activated
P102090,2025-05-01 19:36:50,Social Media,Spain,30,Male,Mobile,,never_activated
P101860,2025-05-01 23:52:41,Organic Search,South Africa,24,Female,Desktop,,never_activated
P102936,2025-05-02 00:58:11,Organic Search,South Africa,28,Female,Mobile,,never_activated
P101562,2025-05-02 04:47:21,Social Media,United Kingdom,37,Male,Mobile,,never_activated
P101272,2025-05-02 05:07:23,Social Media,Canada,28,Female,Mobile,2025-06-18 07:49:54.889534,active
P101098,2025-05-02 14:57:02,Paid Ads,United States,47,Female,Mobile,,never_activated
P100199,2025-05-02 15:02:02,Organic Search,Greece,18,Female,Tablet,,never_activated
P101176,2025-05-02 20:00:55,Social Media,Poland,27,Female,Tablet,,never_activated
P101712,2025-05-02 20:47:32,Social Media,United Kingdom,35,Male,Mobile,,never_activated
P102874,2025-05-02 22:54:24,Referral,Poland,18,Female,Mobile,,never_activated
P102722,2025-05-02 23:50:44,Referral,Italy,37,Male,Desktop,2025-06-29 09:36:08.708914,active
P102721,2025-05-03 04:34:13,Paid Ads,Spain,18,Male,Mobile,,never_activated
P101899,2025-05-03 05:17:03,Organic Search,Ireland,31,Female,Tablet,2025-05-20 23:33:11.653925,at_risk
P102642,2025-05-03 09:33:29,Referral,Spain,42,Male,Desktop,2025-06-26 06:02:06.342954,active
P102745,2025-05-03 11:28:22,Partner Program,South Africa,26,Female,Tablet,,never_activated
P100571,2025-05-03 14:38:11,Referral,Germany,35,Male,Desktop,,never_activated
P101648,2025-05-03 15:25:12,Social Media,United Kingdom,18,Male,Desktop,,never_activated
P101469,2025-05-03 16:48:39,Organic Search,Greece,44,Female,Mobile,,never_activated
P101080,2025-05-04 06:15:53,Organic Search,United Kingdom,26,Male,Desktop,2025-06-19 11:59:50.310577,active
P101959,2025-05-04 06:31:04,Partner Program,Poland,24,Female,Desktop,,never_activated
P102065,2025-05-04 12:17:17,Paid Ads,Italy,30,Female,Tablet,2025-06-27 03:38:01.368896,active
P101774,2025-05-04 14:15:22,Organic Search,Portugal,45,Female,Mobile,,never_activated
P102735,2025-05-04 14:18:02,Paid Ads,United Kingdom,42,Female,Tablet,2025-06-25 09:56:36.532434,active
P101942,2025-05-04 19:24:36,Social Media,South Africa,31,Female,Desktop,2025-06-13 01:49:00.435438,active
P102846,2025-05-04 20:00:15,Organic Search,South Africa,32,Male,Mobile,2025-06-18 18:52:39.635421,active
P101771,2025-05-04 21:27:22,Social Media,Italy,31,Female,Mobile,,never_activated
P102972,2025-05-04 22:01:55,Social Media,Italy,28,Prefer not to say,Mobile,,never_activated
P100025,2025-05-04 22:45:38,Social Media,Portugal,33,Female,Desktop,,never_activated
P101327,2025-05-05 00:52:01,Referral,United Kingdom,32,Male,Desktop,2025-06-28 07:24:40.384225,active
P101674,2025-05-05 03:24:02,Social Media,Germany,36,Non-binary,Desktop,2025-06-29 18:26:03.563829,active
P100648,2025-05-05 07:33:50,Organic Search,Ireland,28,Male,Mobile,,never_activated
P102377,2025-05-05 09:06:09,Social Media,United Kingdom,27,Male,Tablet,2025-06-23 13:05:14.327957,active
P100421,2025-05-05 09:55:10,Referral,Mexico,36,Male,Mobile,,never_activated
P100420,2025-05-05 09:58:51,Social Media,Ireland,45,Male,Desktop,2025-05-23 20:16:06.565324,at_risk
P102188,2025-05-05 10:23:45,Referral,South Africa,23,Female,Desktop,2025-06-21 00:11:51.236907,active
P100759,2025-05-05 18:46:08,Referral,United States,18,Female,Tablet,2025-05-16 09:30:53.223945,at_risk
P102477,2025-05-05 20:51:09,Social Media,Germany,29,Male,Desktop,,never_activated
P101944,2025-05-05 22:42:00,Social Media,Mexico,33,Male,Mobile,,never_activated
P101041,2025-05-05 23:13:59,Paid Ads,United Kingdom,29,Female,Desktop,,never_activated
P102620,2025-05-05 23:37:22,Organic Search,Ireland,34,Female,Desktop,2025-06-23 13:42:55.281439,active
P101924,2025-05-06 00:22:55,Partner Program,Portugal,44,Female,Mobile,,never_activated
P102560,2025-05-06 00:53:48,Referral,United States,28,Male,Desktop,2025-06-04 10:26:24.048856,active
P100230,2025-05-06 01:00:06,Social Media,Portugal,41,Female,Tablet,,never_activated
P102479,2025-05-06 01:02:00,Referral,United Kingdom,24,Female,Desktop,2025-06-22 20:35:27.134341,active
P102800,2025-05-06 01:19:23,Social Media,Poland,28,Female,Mobile,,never_activated
P100308,2025-05-06 02:59:59,Organic Search,Ireland,31,Male,Mobile,2025-06-23 19:55:52.359778,active
P102095,2025-05-06 05:47:43,Referral,Spain,24,Female,Desktop,2025-05-19 21:48:34.229920,at_risk
P102240,2025-05-06 07:18:32,Paid Ads,Canada,18,Male,Desktop,,never_activated
P102104,2025-05-06 07:28:48,Social Media,Portugal,34,Male,Mobile,2025-06-16 06:22:50.619073,active
P102783,2025-05-06 08:23:45,Social Media,United States,39,Female,Desktop,2025-06-01 20:48:11.776589,active
P100755,2025-05-06 12:25:39,Partner Program,Portugal,47,Male,Desktop,2025-06-25 21:46:50.155461,active
P101213,2025-05-06 12:52:15,Partner Program,Canada,27,Male,Mobile,2025-06-28 09:19:58.739644,active
P101250,2025-05-07 00:31:21,Referral,United States,38,Female,Mobile,,never_activated
P100774,2025-05-07 00:54:22,Organic Search,United Kingdom,33,Male,Desktop,2025-06-19 17:26:39.060126,active
P101053,2025-05-07 05:48:04,Partner Program,Ireland,26,Male,Mobile,,never_activated
P100279,2025-05-07 05:51:53,Social Media,United States,27,Male,Desktop,2025-06-27 11:36:42.191018,active
P100276,2025-05-07 08:35:54,Partner Program,United States,18,Male,Desktop,,never_activated
P100727,2025-05-07 09:17:35,Paid Ads,Ireland,34,Male,Mobile,,never_activated
P101633,2025-05-07 09:48:35,Social Media,Netherlands,18,Male,Desktop,2025-06-25 23:22:33.003817,active
P101146,2025-05-07 10:16:06,Organic Search,United Kingdom,34,Female,Mobile,,never_activated
P101828,2025-05-07 10:40:17,Social Media,Spain,35,Male,Desktop,,never_activated
P102098,2025-05-07 16:47:10,Paid Ads,Italy,37,Female,Mobile,,never_activated
P101261,2025-05-07 17:54:46,Social Media,Mexico,38,Non-binary,Mobile,2025-06-27 05:49:57.183928,active
P102379,2025-05-07 22:19:16,Social Media,United Kingdom,32,Male,Desktop,,never_activated
P101478,2025-05-07 23:24:44,Social Media,United Kingdom,31,Female,Tablet,,never_activated
P102991,2025-05-08 05:18:42,Paid Ads,United Kingdom,24,Female,Desktop,,never_activated
P101307,2025-05-08 09:55:33,Social Media,South Africa,23,Male,Desktop,2025-06-18 07:12:56.275564,active
P101607,2025-05-08 10:06:45,Organic Search,United States,32,Male,Mobile,,never_activated
P101755,2025-05-08 17:10:22,Referral,Australia,33,Male,Desktop,,never_activated
P100067,2025-05-08 17:56:59,Organic Search,United Kingdom,27,Male,Desktop,,never_activated
P100611,2025-05-08 18:57:06,Social Media,Canada,26,Female,Desktop,2025-05-26 09:50:40.275691,at_risk
P100923,2025-05-08 19:33:47,Referral,Spain,29,Male,Desktop,,never_activated
P101892,2025-05-08 19:40:32,Social Media,Mexico,27,Male,Desktop,,never_activated
P100990,2025-05-08 20:45:11,Organic Search,Mexico,24,Female,Tablet,,never_activated
P100884,2025-05-08 20:55:19,Organic Search,Canada,33,Male,Desktop,2025-06-28 11:46:41.403007,active
P101294,2025-05-08 22:35:26,Organic Search,United States,40,Male,Desktop,,never_activated
P102120,2025-05-09 04:48:17,Referral,Greece,29,Male,Mobile,,never_activated
P101407,2025-05-09 11:14:29,Paid Ads,United Kingdom,42,Male,Mobile,,never_activated
P102524,2025-05-09 11:42:17,Partner Program,United Kingdom,28,Female,Desktop,,never_activated
P102568,2025-05-09 11:45:17,Organic Search,United Kingdom,23,Female,Desktop,,never_activated
P101528,2025-05-09 14:05:33,Partner Program,Italy,36,Non-binary,Desktop,,never_activated
P101981,2025-05-09 14:20:28,Paid Ads,Poland,37,Female,Desktop,2025-06-27 17:21:25.647623,active
P102211,2025-05-09 14:53:59,Partner Program,Poland,43,Female,Mobile,,never_activated
P102300,2025-05-09 15:45:54,Organic Search,Ireland,31,Male,Mobile,,never_activated
P102591,2025-05-09 16:42:19,Paid Ads,Germany,18,Female,Mobile,,never_activated
P101935,2025-05-09 17:26:06,Referral,United States,18,Female,Desktop,,never_activated
P100820,2025-05-09 19:49:46,Organic Search,United States,18,Female,Desktop,2025-05-23 08:58:30.209356,at_risk
P100116,2025-05-09 21:48:33,Social Media,Poland,39,Female,Desktop,,never_activated
P100385,2025-05-09 22:12:10,Organic Search,United Kingdom,35,Male,Desktop,2025-06-29 02:05:04.022431,active
P101673,2025-05-09 23:00:39,Referral,United Kingdom,37,Female,Desktop,,never_activated
P100389,2025-05-10 00:48:10,Organic Search,Canada,22,Female,Desktop,2025-06-05 15:22:24.629579,active
P102552,2025-05-10 03:55:41,Paid Ads,Canada,27,Female,Desktop,2025-06-24 21:59:45.815095,active
P102705,2025-05-10 08:24:11,Organic Search,Canada,25,Female,Desktop,,never_activated
P102926,2025-05-10 08:38:19,Paid Ads,United Kingdom,18,Male,Mobile,2025-06-15 23:22:43.743516,active
P100270,2025-05-10 12:14:09,Partner Program,Poland,38,Female,Mobile,2025-06-05 18:11:25.624765,active
P101123,2025-05-10 13:05:01,Partner Program,United States,33,Male,Desktop,2025-06-18 11:16:09.185295,active
P100120,2025-05-10 14:01:56,Organic Search,United Kingdom,36,Female,Desktop,2025-05-25 03:21:05.264445,at_risk
P100618,2025-05-10 14:43:47,Social Media,Ireland,35,Female,Desktop,,never_activated
P101004,2025-05-10 15:58:55,Paid Ads,Greece,23,Female,Desktop,2025-06-27 17:32:52.367906,active
P102959,2025-05-10 16:29:02,Social Media,Spain,28,Female,Mobile,2025-06-27 09:23:44.403799,active
P102062,2025-05-10 18:09:24,Partner Program,South Africa,41,Prefer not to say,Mobile,,never_activated
P100113,2025-05-10 19:40:21,Referral,United States,35,Male,Mobile,,never_activated
P101476,2025-05-10 20:11:24,Organic Search,South Africa,29,Male,Desktop,2025-05-28 21:52:21.035529,at_risk
P100035,2025-05-10 20:54:37,Referral,Poland,28,Female,Desktop,,never_activated
P101546,2025-05-10 22:05:26,Partner Program,Ireland,44,Female,Mobile,2025-06-09 19:23:21.122957,active
P102772,2025-05-10 22:42:11,Referral,United Kingdom,26,Female,Mobile,2025-06-18 05:38:24.459909,active
P102748,2025-05-11 03:45:43,Organic Search,Spain,18,Female,Mobile,2025-06-16 23:42:39.934809,active
P100271,2025-05-11 03:51:57,Organic Search,Portugal,35,Male,Mobile,2025-05-29 18:21:08.797115,at_risk
P101834,2025-05-11 07:48:11,Referral,Canada,30,Male,Mobile,,never_activated
P100444,2025-05-11 11:09:32,Organic Search,United Kingdom,28,Male,Desktop,,never_activated
P100707,2025-05-11 12:39:01,Organic Search,Portugal,52,Female,Mobile,2025-06-16 01:06:47.141215,active
P100530,2025-05-11 16:58:34,Organic Search,Ireland,25,Female,Desktop,2025-06-11 21:18:13.957034,active
P100517,2025-05-11 17:51:26,Partner Program,Poland,30,Female,Mobile,,never_activated
P102888,2025-05-11 19:18:41,Organic Search,South Africa,23,Female,Mobile,,never_activated
P101510,2025-05-11 22:09:48,Referral,Portugal,35,Male,Mobile,,never_activated
P100737,2025-05-12 08:42:59,Referral,Germany,33,Female,Mobile,,never_activated
P101851,2025-05-12 08:57:10,Social Media,South Africa,45,Male,Mobile,2025-05-27 01:27:58.156545,at_risk
P101309,2025-05-12 11:35:43,Paid Ads,United Kingdom,20,Male,Desktop,2025-06-08 22:12:52.859789,active
P100378,2025-05-12 12:34:36,Social Media,Portugal,36,Female,Tablet,,never_activated
P101110,2025-05-12 13:03:19,Organic Search,United Kingdom,37,Female,Desktop,2025-06-29 23:00:50.570449,active
P101728,2025-05-12 13:45:56,Partner Program,Spain,29,Male,Desktop,,never_activated
P100503,2025-05-12 18:18:21,Partner Program,Portugal,32,Male,Mobile,2025-06-28 14:05:31.961696,active
P100731,2025-05-12 20:26:56,Organic Search,United States,47,Female,Mobile,,never_activated
P100073,2025-05-12 22:42:10,Referral,South Africa,33,Female,Mobile,,never_activated
P102983,2025-05-13 01:08:57,Referral,Canada,57,Male,Desktop,2025-06-25 19:24:58.869963,active
P100989,2025-05-13 08:45:08,Social Media,United Kingdom,41,Male,Desktop,,never_activated
P101313,2025-05-13 09:36:18,Social Media,Portugal,33,Male,Desktop,,never_activated
P101870,2025-05-13 10:57:29,Social Media,Spain,32,Male,Desktop,,never_activated
P102922,2025-05-13 11:39:10,Social Media,Poland,32,Male,Mobile,2025-06-29 15:20:14.300054,active
P102140,2025-05-13 11:52:51,Organic Search,Spain,18,Male,Mobile,,never_activated
P100186,2025-05-13 12:03:47,Paid Ads,United Kingdom,47,Male,Desktop,,never_activated
P101669,2025-05-13 14:00:35,Social Media,Portugal,28,Male,Desktop,,never_activated
P101165,2025-05-13 14:30:27,Referral,United States,18,Female,Mobile,2025-06-03 05:36:39.565837,active
P101552,2025-05-13 14:37:44,Referral,Mexico,35,Male,Mobile,2025-06-28 23:23:14.077836,active
P100680,2025-05-13 15:31:03,Organic Search,Poland,33,Female,Mobile,2025-06-28 08:07:33.630370,active
P100126,2025-05-13 18:26:35,Organic Search,Canada,30,Female,Desktop,2025-06-10 08:11:09.393216,active
P100906,2025-05-13 20:55:01,Social Media,Greece,37,Male,Desktop,,never_activated
P101480,2025-05-13 23:45:49,Referral,South Africa,43,Male,Mobile,,never_activated
P102656,2025-05-14 00:14:42,Partner Program,United Kingdom,44,Prefer not to say,Mobile,2025-06-01 13:07:05.858180,active
P102145,2025-05-14 00:45:16,Organic Search,United States,36,Female,Mobile,2025-06-29 08:25:23.368456,active
P102326,2025-05-14 01:41:20,Paid Ads,United States,44,Female,Desktop,2025-06-17 04:23:04.702097,active
P100507,2025-05-14 03:26:31,Organic Search,United States,52,Female,Mobile,,never_activated
P102088,2025-05-14 04:13:07,Partner Program,United States,34,Male,Mobile,,never_activated
P100292,2025-05-14 04:18:54,Referral,Ireland,25,Male,Desktop,,never_activated
P101564,2025-05-14 06:25:54,Partner Program,United States,29,Female,Mobile,2025-06-22 06:27:24.401299,active
P100437,2025-05-14 09:07:01,Referral,Germany,35,Male,Tablet,,never_activated
P102590,2025-05-14 12:06:57,Organic Search,Portugal,25,Male,Desktop,,never_activated
P102324,2025-05-14 20:01:44,Partner Program,United Kingdom,34,Male,Desktop,2025-06-22 05:44:32.502386,active
P101683,2025-05-14 20:38:06,Paid Ads,Mexico,18,Male,Desktop,2025-06-09 23:38:05.173525,active
P102380,2025-05-14 21:13:47,Referral,United Kingdom,24,Male,Mobile,,never_activated
P100769,2025-05-14 23:11:34,Social Media,United States,28,Female,Mobile,,never_activated
P101647,2025-05-15 03:09:10,Paid Ads,United Kingdom,48,Female,Desktop,2025-06-22 20:17:26.391723,active
P101937,2025-05-15 06:00:38,Referral,United States,26,Female,Tablet,,never_activated
P102500,2025-05-15 09:15:24,Paid Ads,United Kingdom,29,Non-binary,Desktop,,never_activated
P101740,2025-05-15 13:34:09,Referral,Italy,41,Male,Tablet,,never_activated
P101140,2025-05-15 13:55:13,Paid Ads,United States,40,Female,Desktop,,never_activated
P101160,2025-05-15 16:03:16,Partner Program,Ireland,34,Female,Desktop,2025-05-25 09:41:53.911759,at_risk
P102153,2025-05-15 18:22:31,Organic Search,Italy,33,Male,Mobile,,never_activated
P102431,2025-05-15 20:10:35,Organic Search,United States,45,Male,Mobile,,never_activated
P102950,2025-05-15 21:34:14,Referral,United Kingdom,36,Male,Desktop,2025-06-19 14:49:08.628177,active
P100403,2025-05-15 21:49:02,Referral,Canada,35,Prefer not to say,Desktop,2025-06-12 01:02:58.511301,active
P102253,2025-05-16 00:03:35,Organic Search,Ireland,37,Female,Desktop,,never_activated
P102216,2025-05-16 03:09:17,Paid Ads,United Kingdom,26,Female,Mobile,2025-06-09 20:54:11.981603,active
P100892,2025-05-16 03:48:02,Paid Ads,Germany,30,Female,Mobile,2025-06-26 21:17:55.478415,active
P101029,2025-05-16 05:06:35,Referral,Poland,34,Male,Mobile,2025-06-25 19:28:31.647798,active
P102149,2025-05-16 12:14:26,Social Media,Australia,18,Male,Desktop,2025-06-09 17:42:52.660961,active
P100716,2025-05-16 12:55:25,Paid Ads,United States,25,Male,Desktop,,never_activated
P100943,2025-05-16 15:30:05,Social Media,United Kingdom,31,Female,Mobile,2025-06-28 22:56:55.556807,active
P101395,2025-05-16 15:49:57,Organic Search,Mexico,18,Male,Mobile,,never_activated
P102531,2025-05-16 17:37:36,Paid Ads,Portugal,21,Prefer not to say,Mobile,2025-06-27 23:44:23.867036,active
P100062,2025-05-16 18:37:34,Organic Search,United States,29,Female,Mobile,2025-06-17 18:44:26.859794,active
P101971,2025-05-17 00:22:58,Organic Search,United Kingdom,37,Non-binary,Desktop,,never_activated
P101166,2025-05-17 00:52:44,Organic Search,Italy,39,Female,Mobile,2025-05-30 06:55:21.517282,active
P102247,2025-05-17 02:40:37,Organic Search,Canada,30,Non-binary,Mobile,2025-06-28 09:06:25.870196,active
P102535,2025-05-17 08:31:39,Organic Search,Portugal,40,Male,Desktop,,never_activated
P100012,2025-05-17 20:13:47,Referral,United Kingdom,38,Female,Desktop,2025-06-16 19:16:27.569135,active
P102443,2025-05-17 22:50:03,Organic Search,Poland,38,Male,Desktop,,never_activated
P100931,2025-05-18 01:16:07,Social Media,Spain,25,Male,Desktop,2025-06-25 13:51:25.803193,active
P101447,2025-05-18 01:42:15,Organic Search,United Kingdom,49,Male,Mobile,2025-06-20 00:50:48.827689,active
P101151,2025-05-18 07:44:37,Social Media,United Kingdom,36,Female,Mobile,2025-06-29 22:08:02.688497,active
P100524,2025-05-18 07:51:42,Partner Program,Canada,23,Male,Desktop,,never_activated
P102681,2025-05-18 08:05:40,Organic Search,Poland,33,Male,Mobile,,never_activated
P102889,2025-05-18 08:11:15,Partner Program,Canada,19,Male,Desktop,,never_activated
P102175,2025-05-18 20:30:43,Referral,Portugal,33,Male,Mobile,2025-06-19 01:03:58.532908,active
P100165,2025-05-18 22:55:22,Partner Program,United States,51,Female,Desktop,2025-06-25 09:10:30.261650,active
P100314,2025-05-18 23:30:07,Referral,Italy,37,Male,Desktop,,never_activated
P101641,2025-05-19 04:19:00,Referral,United Kingdom,30,Male,Desktop,2025-06-14 23:52:16.488971,active
P100811,2025-05-19 05:15:31,Organic Search,United States,19,Female,Mobile,,never_activated
P101858,2025-05-19 07:03:45,Partner Program,United States,19,Female,Desktop,,never_activated
P102610,2025-05-19 08:59:15,Organic Search,Canada,25,Male,Tablet,2025-06-26 08:42:35.718113,active
P100725,2025-05-19 11:26:25,Organic Search,Italy,31,Female,Mobile,2025-06-20 12:04:05.858994,active
P100523,2025-05-19 12:59:14,Social Media,United States,18,Female,Mobile,,never_activated
P101979,2025-05-19 13:56:50,Organic Search,United Kingdom,26,Female,Mobile,2025-06-12 06:32:25.679227,active
P101962,2025-05-19 17:04:57,Organic Search,Canada,40,Female,Mobile,,never_activated
P102976,2025-05-19 20:01:47,Referral,United Kingdom,18,Male,Mobile,2025-06-28 04:47:00.252851,active
P102163,2025-05-19 20:40:17,Referral,United States,31,Female,Mobile,,never_activated
P101558,2025-05-19 21:06:26,Partner Program,United Kingdom,43,Male,Mobile,,never_activated
P101873,2025-05-19 22:20:28,Referral,United States,29,Male,Mobile,,never_activated
P101779,2025-05-19 22:27:26,Organic Search,United States,38,Female,Mobile,2025-06-29 09:55:22.755869,active
P100376,2025-05-20 00:39:42,Paid Ads,Greece,33,Female,Desktop,2025-06-23 03:47:56.980677,active
P101027,2025-05-20 00:47:46,Referral,Ireland,45,Female,Desktop,,never_activated
P101406,2025-05-20 04:54:13,Social Media,South Africa,37,Male,Mobile,2025-06-21 11:57:57.623040,active
P102371,2025-05-20 05:29:42,Organic Search,United Kingdom,50,Male,Desktop,,never_activated
P101243,2025-05-20 07:05:53,Paid Ads,South Africa,37,Female,Mobile,,never_activated
P101761,2025-05-20 07:55:57,Organic Search,Poland,39,Female,Desktop,,never_activated
P102618,2025-05-20 12:32:58,Social Media,United Kingdom,25,Male,Desktop,,never_activated
P102781,2025-05-20 21:54:00,Organic Search,Portugal,47,Female,Desktop,2025-06-20 01:59:40.752210,active
P101007,2025-05-21 02:52:57,Referral,Portugal,37,Male,Mobile,,never_activated
P102917,2025-05-21 05:10:46,Paid Ads,Germany,33,Non-binary,Desktop,2025-06-28 11:00:24.525865,active
P100771,2025-05-21 13:35:20,Paid Ads,Poland,29,Male,Desktop,2025-06-20 17:44:45.928675,active
P102508,2025-05-21 15:11:15,Partner Program,United Kingdom,29,Male,Mobile,2025-06-21 08:14:43.882242,active
P102825,2025-05-21 15:32:14,Social Media,Poland,18,Male,Mobile,2025-06-24 03:12:54.227680,active
P100219,2025-05-21 17:54:10,Social Media,Italy,30,Female,Desktop,,never_activated
P101853,2025-05-21 19:07:56,Organic Search,Portugal,34,Male,Mobile,,never_activated
P102718,2025-05-21 22:23:03,Social Media,Australia,35,Female,Desktop,,never_activated
P102542,2025-05-21 23:48:23,Social Media,Canada,64,Male,Mobile,,never_activated
P102040,2025-05-22 00:01:06,Referral,United Kingdom,24,Male,Desktop,2025-06-27 04:30:28.582358,active
P101665,2025-05-22 00:25:39,Partner Program,United States,35,Male,Desktop,,never_activated
P100536,2025-05-22 01:50:44,Partner Program,United States,42,Male,Mobile,,never_activated
P102657,2025-05-22 05:37:04,Organic Search,South Africa,24,Male,Tablet,,never_activated
P102054,2025-05-22 06:50:48,Social Media,Portugal,39,Female,Desktop,,never_activated
P102233,2025-05-22 08:14:30,Social Media,United Kingdom,43,Male,Desktop,,never_activated
P101148,2025-05-22 14:46:58,Paid Ads,United States,27,Non-binary,Desktop,,never_activated
P100249,2025-05-22 16:31:40,Paid Ads,Italy,32,Female,Desktop,2025-06-15 20:44:28.790293,active
P101136,2025-05-22 16:32:30,Paid Ads,Mexico,36,Female,Desktop,,never_activated
P100252,2025-05-22 18:23:17,Organic Search,Mexico,43,Female,Mobile,2025-06-24 15:09:57.081103,active
P100551,2025-05-22 19:26:54,Organic Search,Germany,26,Female,Tablet,2025-06-10 10:11:29.712550,active
P100351,2025-05-23 01:10:34,Organic Search,Poland,42,Male,Desktop,2025-06-22 00:20:10.643309,active
P102244,2025-05-23 08:45:51,Referral,Canada,19,Male,Desktop,2025-06-19 10:13:37.680929,active
P102173,2025-05-23 09:12:19,Social Media,United States,38,Male,Mobile,,never_activated
P100336,2025-05-23 11:40:56,Paid Ads,Italy,59,Female,Mobile,2025-06-28 07:57:23.270789,active
P101372,2025-05-23 15:31:53,Referral,United Kingdom,33,Female,Mobile,,never_activated
P102964,2025-05-23 18:18:58,Social Media,Spain,30,Male,Desktop,,never_activated
P102881,2025-05-23 20:32:28,Organic Search,Portugal,27,Male,Desktop,,never_activated
P102506,2025-05-23 20:41:02,Organic Search,United States,31,Male,Desktop,,never_activated
P102784,2025-05-23 23:54:32,Referral,United Kingdom,24,Male,Desktop,,never_activated
P100891,2025-05-23 23:57:22,Paid Ads,Germany,43,Female,Desktop,2025-06-28 21:43:23.806145,active
P102207,2025-05-24 01:02:55,Paid Ads,United Kingdom,41,Male,Desktop,2025-06-26 21:00:26.548182,active
P102381,2025-05-24 01:27:49,Social Media,South Africa,18,Male,Desktop,,never_activated
P102106,2025-05-24 05:45:11,Organic Search,United Kingdom,35,Prefer not to say,Mobile,,never_activated
P102139,2025-05-24 06:18:26,Organic Search,Poland,25,Non-binary,Mobile,,never_activated
P101271,2025-05-24 06:32:07,Referral,United States,31,Female,Desktop,2025-06-21 05:12:07.674073,active
P100396,2025-05-24 13:14:24,Organic Search,Poland,27,Female,Mobile,,never_activated
P102044,2025-05-24 19:29:12,Social Media,United States,38,Male,Mobile,,never_activated
P101685,2025-05-25 02:02:34,Organic Search,Italy,30,Male,Mobile,,never_activated
P101026,2025-05-25 03:53:31,Social Media,United Kingdom,30,Male,Desktop,,never_activated
P100574,2025-05-25 03:53:46,Paid Ads,Italy,44,Male,Mobile,,never_activated
P102487,2025-05-25 05:23:05,Organic Search,Portugal,47,Female,Mobile,,never_activated
P101122,2025-05-25 08:05:34,Referral,Canada,23,Male,Mobile,,never_activated
P102989,2025-05-25 09:30:35,Referral,United Kingdom,18,Female,Desktop,2025-06-18 19:23:54.491189,active
P101573,2025-05-25 10:55:46,Organic Search,United Kingdom,29,Female,Desktop,2025-06-22 01:02:57.459224,active
P100127,2025-05-25 12:26:56,Referral,United States,40,Female,Mobile,,never_activated
P102957,2025-05-25 13:13:51,Partner Program,Germany,25,Male,Desktop,,never_activated
P100080,2025-05-25 15:05:30,Referral,Canada,36,Female,Mobile,,never_activated
P101499,2025-05-25 19:19:50,Referral,United States,35,Female,Desktop,,never_activated
P100868,2025-05-25 21:54:00,Organic Search,South Africa,40,Prefer not to say,Mobile,,never_activated
P101852,2025-05-25 23:29:33,Paid Ads,South Africa,51,Female,Desktop,2025-06-25 20:51:26.776880,active
P101236,2025-05-25 23:48:32,Social Media,United Kingdom,37,Male,Mobile,2025-06-25 05:00:50.519920,active
P102497,2025-05-26 00:08:15,Organic Search,United States,40,Female,Desktop,,never_activated
P102860,2025-05-26 01:12:59,Paid Ads,Mexico,18,Female,Desktop,2025-06-14 23:22:17.505859,active
P101429,2025-05-26 01:26:37,Referral,Germany,18,Female,Desktop,2025-06-14 03:52:32.518887,active
P100007,2025-05-26 03:10:42,Organic Search,United States,33,Female,Desktop,,never_activated
P101149,2025-05-26 05:20:29,Organic Search,United States,20,Male,Mobile,2025-06-28 21:32:45.610747,active
P101350,2025-05-26 06:12:17,Organic Search,United States,51,Male,Desktop,,never_activated
P100513,2025-05-26 09:51:43,Partner Program,South Africa,18,Female,Desktop,,never_activated
P102197,2025-05-26 11:39:44,Referral,United Kingdom,41,Male,Desktop,2025-06-26 03:25:06.766615,active
P100679,2025-05-26 12:49:32,Paid Ads,United Kingdom,44,Male,Mobile,,never_activated
P101672,2025-05-26 19:25:22,Paid Ads,Germany,35,Male,Desktop,2025-06-22 17:52:07.548913,active
P100272,2025-05-26 19:31:33,Social Media,Spain,21,Female,Desktop,,never_activated
P100529,2025-05-26 21:10:34,Paid Ads,United Kingdom,36,Male,Desktop,,never_activated
P102995,2025-05-26 23:00:00,Referral,Germany,40,Male,Desktop,2025-06-08 19:06:52.104007,active
P102999,2025-05-27 00:19:28,Organic Search,Germany,35,Male,Mobile,2025-06-27 16:18:24.876713,active
P101305,2025-05-27 01:22:06,Social Media,United States,32,Male,Desktop,,never_activated
P101444,2025-05-27 01:27:27,Organic Search,United States,21,Male,Desktop,2025-06-18 05:41:47.745268,active
P101375,2025-05-27 02:59:30,Organic Search,South Africa,47,Female,Desktop,,never_activated
P100467,2025-05-27 03:23:46,Partner Program,Italy,40,Female,Desktop,,never_activated
P101195,2025-05-27 03:56:31,Social Media,United States,36,Female,Desktop,2025-06-28 16:27:53.354733,active
P102475,2025-05-27 04:47:52,Social Media,Canada,23,Female,Mobile,2025-06-22 10:30:02.107133,active
P100920,2025-05-27 07:12:34,Paid Ads,United Kingdom,26,Male,Mobile,2025-06-29 15:11:59.715075,active
P101409,2025-05-27 08:19:38,Referral,Mexico,26,Male,Desktop,,never_activated
P101452,2025-05-27 12:07:26,Social Media,South Africa,33,Female,Desktop,,never_activated
P102075,2025-05-27 12:34:24,Partner Program,Canada,43,Female,Mobile,2025-06-24 13:35:30.105223,active
P101240,2025-05-27 13:19:07,Organic Search,Poland,34,Female,Desktop,,never_activated
P101342,2025-05-27 18:31:46,Partner Program,Greece,39,Female,Desktop,2025-06-25 22:32:22.040989,active
P102186,2025-05-27 19:43:10,Referral,United States,30,Male,Mobile,,never_activated
P101468,2025-05-27 21:13:56,Organic Search,Australia,18,Female,Mobile,,never_activated
P101322,2025-05-27 22:09:22,Organic Search,Italy,48,Female,Desktop,,never_activated
P100115,2025-05-27 23:20:21,Social Media,United States,45,Female,Desktop,,never_activated
P100814,2025-05-27 23:34:59,Organic Search,United States,36,Male,Desktop,,never_activated
P101048,2025-05-27 23:50:24,Social Media,Mexico,22,Male,Desktop,,never_activated
P100614,2025-05-28 01:26:53,Organic Search,Portugal,24,Male,Mobile,2025-06-26 13:48:09.956407,active
P100795,2025-05-28 03:21:40,Organic Search,Canada,21,Female,Mobile,,never_activated
P101355,2025-05-28 04:05:58,Paid Ads,United Kingdom,35,Female,Desktop,2025-06-20 03:21:22.283976,active
P102353,2025-05-28 04:36:02,Organic Search,Mexico,39,Female,Desktop,,never_activated
P101060,2025-05-28 11:00:13,Partner Program,United Kingdom,37,Male,Mobile,2025-06-18 18:40:36.876937,active
P100948,2025-05-28 12:14:01,Social Media,Germany,32,Female,Desktop,,never_activated
P102311,2025-05-28 12:21:02,Social Media,United Kingdom,30,Female,Desktop,2025-06-28 10:55:19.306918,active
P101002,2025-05-28 12:45:27,Referral,Ireland,32,Male,Desktop,,never_activated
P101050,2025-05-28 13:30:17,Referral,United Kingdom,40,Female,Desktop,,never_activated
P102218,2025-05-28 14:23:16,Organic Search,United States,20,Female,Mobile,2025-06-23 10:25:42.211432,active
P101158,2025-05-28 15:24:28,Referral,United Kingdom,50,Female,Mobile,,never_activated
P101881,2025-05-28 16:57:58,Referral,United Kingdom,32,Female,Desktop,,never_activated
P101978,2025-05-28 17:33:32,Social Media,Australia,22,Male,Desktop,2025-06-11 18:45:37.478620,active
P100767,2025-05-29 00:27:10,Referral,Ireland,34,Female,Mobile,,never_activated
P102895,2025-05-29 02:20:17,Referral,Italy,36,Male,Desktop,,never_activated
P102254,2025-05-29 03:12:03,Paid Ads,United States,34,Female,Mobile,,never_activated
P102481,2025-05-29 04:21:36,Organic Search,United Kingdom,21,Male,Tablet,2025-06-28 08:28:39.362278,active
P101083,2025-05-29 04:49:29,Paid Ads,Poland,24,Male,Desktop,,never_activated
P100383,2025-05-29 06:12:15,Organic Search,Germany,41,Male,Desktop,,never_activated
P102073,2025-05-29 07:02:43,Social Media,United States,34,Male,Mobile,2025-06-26 09:22:56.270159,active
P101472,2025-05-29 09:39:42,Partner Program,Italy,39,Female,Mobile,2025-06-12 11:30:11.427907,active
P101145,2025-05-29 09:46:26,Social Media,Germany,36,Male,Desktop,,never_activated
P100554,2025-05-29 10:04:49,Referral,Poland,34,Female,Desktop,,never_activated
P100735,2025-05-29 12:10:56,Organic Search,Poland,18,Male,Desktop,,never_activated
P101117,2025-05-29 17:03:01,Referral,Italy,51,Male,Desktop,,never_activated
P100264,2025-05-29 17:12:14,Organic Search,South Africa,18,Female,Tablet,2025-06-23 16:41:55.923293,active
P101911,2025-05-29 17:42:03,Organic Search,United Kingdom,29,Female,Desktop,,never_activated
P101671,2025-05-29 17:46:05,Organic Search,Canada,40,Non-binary,Mobile,,never_activated
P100183,2025-05-29 19:40:43,Social Media,Italy,28,Male,Desktop,,never_activated
P102074,2025-05-30 00:46:35,Organic Search,Canada,35,Female,Mobile,,never_activated
P101610,2025-05-30 02:34:50,Organic Search,Spain,27,Male,Mobile,2025-06-25 06:36:43.357943,active
P102661,2025-05-30 11:07:36,Social Media,Ireland,36,Male,Mobile,,never_activated
P101157,2025-05-30 11:11:57,Partner Program,Canada,21,Female,Desktop,,never_activated
P102119,2025-05-30 18:10:31,Paid Ads,United States,20,Female,Mobile,2025-06-23 21:31:14.055028,active
P102461,2025-05-30 18:47:37,Paid Ads,Italy,18,Male,Mobile,,never_activated
P102128,2025-05-30 21:08:26,Referral,Canada,46,Female,Desktop,2025-06-26 10:41:26.078859,active
P101044,2025-05-31 00:26:27,Referral,United States,27,Male,Mobile,,never_activated
P101735,2025-05-31 01:33:26,Organic Search,Italy,23,Non-binary,Desktop,,never_activated
P101553,2025-05-31 04:58:03,Referral,United States,20,Female,Mobile,2025-06-29 21:21:38.686243,active
P102511,2025-05-31 06:17:14,Organic Search,United Kingdom,31,Male,Mobile,2025-06-03 20:34:00.972935,active
P101102,2025-05-31 07:30:42,Referral,United Kingdom,39,Male,Desktop,2025-06-24 20:59:04.045346,active
P101916,2025-05-31 19:52:56,Referral,Australia,26,Male,Desktop,2025-06-27 13:59:17.083324,active
P102429,2025-06-01 01:12:01,Paid Ads,Ireland,37,Male,Desktop,,never_activated
P102135,2025-06-01 01:43:41,Social Media,Mexico,25,Female,Desktop,2025-06-26 21:50:21.834150,active
P100645,2025-06-01 04:12:40,Organic Search,United States,37,Female,Desktop,2025-06-18 08:36:29.835854,active
P100489,2025-06-01 04:24:59,Organic Search,Italy,22,Male,Desktop,,never_activated
P101848,2025-06-01 05:57:53,Paid Ads,Spain,44,Male,Mobile,,never_activated
P102757,2025-06-01 06:32:28,Organic Search,United Kingdom,22,Male,Desktop,2025-06-22 17:00:56.084593,active
P102674,2025-06-01 11:02:32,Referral,Italy,18,Female,Mobile,2025-06-21 20:05:43.862179,active
P100198,2025-06-01 11:24:54,Social Media,Poland,18,Female,Desktop,,never_activated
P100280,2025-06-01 12:12:19,Social Media,Ireland,27,Male,Mobile,,never_activated
P102581,2025-06-01 13:45:49,Social Media,United States,44,Male,Mobile,,never_activated
P102394,2025-06-01 15:30:30,Referral,South Africa,41,Female,Tablet,2025-06-29 10:16:59.451126,active
P101120,2025-06-01 21:09:33,Organic Search,Poland,29,Female,Mobile,,never_activated
P100427,2025-06-01 21:17:54,Referral,South Africa,28,Male,Mobile,,never_activated
P100088,2025-06-01 22:10:32,Organic Search,Italy,35,Male,Mobile,,never_activated
P100905,2025-06-02 00:17:31,Organic Search,Canada,25,Female,Mobile,2025-06-27 19:35:58.082336,active
P102113,2025-06-02 07:52:30,Partner Program,Canada,22,Male,Desktop,2025-06-25 06:05:06.826863,active
P101599,2025-06-02 08:29:33,Referral,Germany,33,Female,Mobile,2025-06-29 17:22:56.105452,active
P102262,2025-06-02 09:24:56,Organic Search,United Kingdom,27,Male,Mobile,,never_activated
P100758,2025-06-02 09:38:20,Social Media,United Kingdom,28,Female,Desktop,2025-06-25 02:22:26.660681,active
P100228,2025-06-02 09:44:58,Social Media,United Kingdom,38,Female,Mobile,2025-06-24 19:30:15.172155,active
P100473,2025-06-02 12:29:08,Organic Search,United Kingdom,39,Male,Desktop,2025-06-26 05:10:22.588829,active
P100118,2025-06-02 14:08:51,Paid Ads,United States,34,Female,Desktop,,never_activated
P102870,2025-06-02 16:05:13,Referral,United States,47,Male,Mobile,2025-06-17 10:24:52.708091,active
P102236,2025-06-02 18:38:07,Organic Search,Germany,38,Female,Mobile,,never_activated
P102621,2025-06-02 19:38:46,Organic Search,United Kingdom,41,Female,Desktop,2025-06-23 22:34:57.473304,active
P102872,2025-06-02 20:12:58,Organic Search,United Kingdom,45,Female,Mobile,2025-06-29 15:44:42.863808,active
P102509,2025-06-02 20:26:31,Referral,Greece,35,Male,Mobile,,never_activated
P101230,2025-06-02 21:04:34,Organic Search,United Kingdom,27,Male,Mobile,,never_activated
P101772,2025-06-02 21:33:26,Organic Search,Italy,38,Male,Desktop,,never_activated
P100594,2025-06-03 05:01:02,Paid Ads,United States,50,Female,Tablet,2025-06-28 04:32:25.013599,active
P101311,2025-06-03 05:38:43,Organic Search,South Africa,20,Male,Mobile,,never_activated
P100405,2025-06-03 06:00:39,Organic Search,Canada,42,Male,Tablet,,never_activated
P100053,2025-06-03 06:17:05,Organic Search,United Kingdom,22,Female,Mobile,,never_activated
P100191,2025-06-03 06:46:57,Partner Program,South Africa,28,Female,Desktop,2025-06-27 16:06:29.388532,active
P100197,2025-06-03 08:02:07,Paid Ads,United Kingdom,45,Male,Mobile,,never_activated
P100897,2025-06-03 09:37:22,Social Media,United Kingdom,43,Male,Desktop,2025-06-27 00:10:20.755931,active
P100853,2025-06-03 14:54:24,Referral,Poland,47,Female,Desktop,2025-06-28 01:44:30.031681,active
P100121,2025-06-03 16:51:26,Referral,United Kingdom,18,Female,Desktop,,never_activated
P101517,2025-06-03 17:53:47,Organic Search,Mexico,25,Male,Mobile,2025-06-23 10:18:00.265539,active
P100671,2025-06-03 18:05:49,Paid Ads,Italy,43,Non-binary,Desktop,2025-06-11 22:36:21.392172,active
P101785,2025-06-03 21:22:26,Paid Ads,Australia,23,Female,Desktop,,never_activated
P100631,2025-06-03 21:50:53,Social Media,Canada,29,Female,Mobile,2025-06-27 01:39:12.835369,active
P100922,2025-06-03 22:11:06,Organic Search,Portugal,27,Female,Mobile,,never_activated
P101781,2025-06-04 03:16:21,Organic Search,United States,44,Male,Desktop,,never_activated
P100485,2025-06-04 05:38:44,Organic Search,United States,27,Male,Mobile,2025-06-28 18:38:51.103254,active
P102720,2025-06-04 06:02:31,Social Media,Ireland,47,Male,Mobile,,never_activated
P102017,2025-06-04 08:32:14,Social Media,United States,38,Non-binary,Desktop,,never_activated
P102425,2025-06-04 09:48:53,Partner Program,United States,45,Prefer not to say,Desktop,2025-06-22 23:21:30.980838,active
P100745,2025-06-04 10:11:23,Paid Ads,United Kingdom,28,Female,Desktop,,never_activated
P101356,2025-06-04 18:16:20,Organic Search,United States,33,Male,Desktop,2025-06-22 04:43:08.643100,active
P100203,2025-06-04 19:06:54,Paid Ads,Portugal,32,Male,Mobile,,never_activated
P100947,2025-06-04 20:50:33,Organic Search,Germany,28,Male,Desktop,2025-06-28 12:48:39.533767,active
P102925,2025-06-04 21:32:07,Paid Ads,Poland,18,Female,Tablet,,never_activated
P100192,2025-06-04 22:46:22,Organic Search,United Kingdom,32,Prefer not to say,Desktop,2025-06-24 15:55:56.001516,active
P101559,2025-06-04 23:52:39,Paid Ads,Canada,29,Female,Desktop,2025-06-27 18:40:21.241528,active
P100568,2025-06-05 03:56:51,Organic Search,Ireland,34,Male,Mobile,,never_activated
P102356,2025-06-05 09:03:54,Organic Search,Greece,36,Female,Desktop,,never_activated
P100408,2025-06-05 09:37:40,Social Media,United States,46,Male,Desktop,,never_activated
P100401,2025-06-05 15:26:52,Referral,Canada,18,Male,Desktop,,never_activated
P100367,2025-06-05 21:07:47,Organic Search,Poland,40,Male,Desktop,,never_activated
P102232,2025-06-05 21:12:48,Social Media,Canada,21,Male,Desktop,,never_activated
P100104,2025-06-06 00:32:00,Referral,Ireland,27,Prefer not to say,Mobile,,never_activated
P102472,2025-06-06 01:20:23,Organic Search,Canada,23,Female,Desktop,,never_activated
P100043,2025-06-06 02:56:01,Social Media,Poland,18,Male,Mobile,,never_activated
P102801,2025-06-06 03:00:28,Partner Program,United States,18,Male,Desktop,,never_activated
P100150,2025-06-06 03:30:25,Organic Search,United Kingdom,18,Female,Desktop,,never_activated
P102251,2025-06-06 07:29:10,Organic Search,Poland,28,Female,Desktop,2025-06-25 03:40:58.920628,active
P100453,2025-06-06 07:33:36,Partner Program,United Kingdom,21,Male,Desktop,2025-06-22 10:39:44.291293,active
P102571,2025-06-06 12:34:14,Partner Program,Australia,44,Male,Desktop,2025-06-26 14:57:21.771122,active
P102012,2025-06-06 13:14:05,Paid Ads,Spain,34,Male,Desktop,,never_activated
P102191,2025-06-06 13:14:22,Social Media,Mexico,28,Female,Mobile,,never_activated
P102107,2025-06-06 15:16:02,Social Media,United States,34,Female,Desktop,2025-06-18 23:55:05.751583,active
P101367,2025-06-06 17:03:06,Referral,United States,24,Male,Desktop,,never_activated
P100748,2025-06-06 17:26:30,Referral,Australia,33,Male,Desktop,,never_activated
P102083,2025-06-06 21:31:46,Referral,Portugal,29,Male,Desktop,,never_activated
P102320,2025-06-06 21:44:42,Organic Search,United States,28,Female,Desktop,,never_activated
P102002,2025-06-06 22:37:21,Organic Search,Ireland,32,Female,Mobile,,never_activated
P100785,2025-06-06 23:23:34,Referral,United Kingdom,41,Female,Desktop,,never_activated
P102209,2025-06-07 05:50:29,Organic Search,United States,35,Female,Mobile,,never_activated
P102351,2025-06-07 07:22:12,Social Media,United Kingdom,39,Female,Desktop,,never_activated
P101360,2025-06-07 09:20:54,Organic Search,Portugal,42,Female,Desktop,,never_activated
P102623,2025-06-07 09:36:05,Organic Search,Portugal,44,Female,Mobile,2025-06-29 07:12:20.509094,active
P100506,2025-06-07 21:44:38,Organic Search,South Africa,18,Female,Tablet,2025-06-25 17:11:56.855909,active
P100273,2025-06-07 21:49:41,Paid Ads,Spain,18,Male,Tablet,2025-06-27 19:50:07.099326,active
P100953,2025-06-08 02:58:23,Paid Ads,Poland,31,Male,Desktop,,never_activated
P102100,2025-06-08 04:03:25,Organic Search,United Kingdom,39,Male,Mobile,2025-06-26 23:03:03.578514,active
P101018,2025-06-08 09:34:44,Social Media,Germany,26,Female,Desktop,,never_activated
P100996,2025-06-08 11:30:30,Organic Search,Portugal,30,Male,Desktop,,never_activated
P102382,2025-06-08 12:11:20,Paid Ads,Ireland,22,Female,Desktop,,never_activated
P100937,2025-06-08 12:11:59,Partner Program,United Kingdom,52,Male,Tablet,,never_activated
P100242,2025-06-08 17:09:13,Organic Search,United Kingdom,41,Male,Desktop,,never_activated
P100836,2025-06-08 18:26:46,Referral,United States,30,Female,Desktop,,never_activated
P102205,2025-06-09 01:33:16,Social Media,United Kingdom,21,Female,Mobile,,never_activated
P101662,2025-06-09 01:37:47,Social Media,Germany,23,Female,Desktop,2025-06-25 02:45:47.118827,active
P100615,2025-06-09 05:23:24,Organic Search,Australia,42,Female,Mobile,2025-06-29 07:35:58.363918,active
P102835,2025-06-09 10:52:28,Organic Search,Ireland,49,Female,Mobile,,never_activated
P101854,2025-06-09 11:17:24,Referral,Ireland,18,Male,Desktop,,never_activated
P100813,2025-06-09 11:55:33,Organic Search,Mexico,30,Female,Mobile,,never_activated
P102842,2025-06-09 15:41:03,Referral,United States,31,Female,Mobile,,never_activated
P102754,2025-06-09 16:05:39,Paid Ads,Poland,32,Non-binary,Desktop,2025-06-28 03:08:18.377442,active
P102954,2025-06-09 17:07:26,Partner Program,United States,30,Male,Desktop,,never_activated
P101248,2025-06-09 17:12:02,Partner Program,United States,49,Male,Tablet,,never_activated
P102853,2025-06-09 18:29:03,Partner Program,United States,25,Male,Mobile,,never_activated
P100825,2025-06-09 18:31:10,Social Media,Ireland,20,Female,Mobile,2025-06-23 05:33:06.027806,active
P100799,2025-06-10 08:10:37,Social Media,Germany,34,Male,Mobile,,never_activated
P101686,2025-06-10 08:36:19,Organic Search,United States,43,Male,Desktop,2025-06-17 16:53:18.734942,active
P100182,2025-06-10 17:40:10,Referral,United Kingdom,22,Prefer not to say,Mobile,,never_activated
P101022,2025-06-10 21:23:16,Paid Ads,Mexico,30,Female,Tablet,,never_activated
P100055,2025-06-10 22:07:30,Social Media,Italy,31,Female,Desktop,2025-06-21 04:51:19.353964,active
P100807,2025-06-11 03:01:18,Paid Ads,South Africa,35,Male,Desktop,,never_activated
P101639,2025-06-11 04:04:53,Organic Search,United Kingdom,38,Male,Desktop,,never_activated
P102820,2025-06-11 06:01:12,Referral,Canada,30,Non-binary,Desktop,2025-06-28 17:06:54.207759,active
P100245,2025-06-11 08:33:36,Referral,Ireland,22,Female,Desktop,2025-06-23 21:03:14.029205,active
P101634,2025-06-11 09:58:52,Social Media,Mexico,34,Female,Desktop,,never_activated
P101838,2025-06-11 12:59:11,Social Media,Canada,41,Female,Mobile,,never_activated
P101103,2025-06-11 14:20:18,Referral,Poland,46,Female,Tablet,2025-06-29 22:49:31.481444,active
P100577,2025-06-11 14:28:33,Organic Search,United Kingdom,48,Male,Desktop,,never_activated
P102515,2025-06-11 15:39:58,Organic Search,Canada,44,Male,Mobile,,never_activated
P101519,2025-06-11 20:21:30,Paid Ads,South Africa,26,Female,Desktop,,never_activated
P101015,2025-06-11 23:56:47,Paid Ads,United States,40,Female,Mobile,,never_activated
P100512,2025-06-12 10:40:37,Referral,Poland,47,Female,Mobile,,never_activated
P100395,2025-06-12 11:43:59,Social Media,United Kingdom,22,Male,Mobile,,never_activated
P102569,2025-06-12 13:18:34,Social Media,Portugal,33,Male,Desktop,,never_activated
P100796,2025-06-12 15:50:21,Referral,Poland,37,Male,Mobile,2025-06-26 04:57:04.809423,active
P100684,2025-06-12 16:06:20,Social Media,Italy,18,Male,Desktop,,never_activated
P101183,2025-06-12 16:20:19,Organic Search,Ireland,26,Male,Mobile,,never_activated
P101455,2025-06-12 18:58:32,Referral,Greece,39,Male,Desktop,,never_activated
P100112,2025-06-12 20:31:43,Partner Program,United Kingdom,31,Female,Desktop,2025-06-25 02:15:55.214894,active
P101667,2025-06-12 20:37:09,Referral,Canada,28,Male,Mobile,,never_activated
P102304,2025-06-12 21:35:33,Partner Program,United Kingdom,59,Female,Mobile,,never_activated
P100715,2025-06-12 22:07:55,Organic Search,Canada,46,Female,Mobile,2025-06-29 21:25:17.896369,active
P101521,2025-06-13 01:07:58,Organic Search,Germany,26,Male,Desktop,,never_activated
P100256,2025-06-13 01:56:08,Organic Search,Spain,21,Female,Desktop,2025-06-26 11:39:40.767861,active
P101955,2025-06-13 03:20:21,Paid Ads,United Kingdom,41,Female,Mobile,2025-06-28 03:43:41.993611,active
P100806,2025-06-13 04:25:16,Referral,Canada,27,Female,Desktop,2025-06-24 22:57:14.558068,active
P101415,2025-06-13 05:51:07,Partner Program,Portugal,48,Female,Mobile,2025-06-21 08:27:40.172854,active
P101419,2025-06-13 06:09:51,Paid Ads,United States,18,Female,Mobile,,never_activated
P101301,2025-06-13 06:37:42,Organic Search,United States,36,Female,Mobile,2025-06-26 05:44:42.244159,active
P102949,2025-06-13 11:17:13,Referral,Poland,30,Male,Desktop,2025-06-23 13:42:42.936600,active
P102185,2025-06-14 02:34:25,Referral,United States,26,Female,Desktop,2025-06-19 14:54:53.420678,active
P100178,2025-06-14 03:34:15,Organic Search,Poland,28,Male,Desktop,,never_activated
P100971,2025-06-14 05:39:14,Referral,United Kingdom,29,Non-binary,Mobile,,never_activated
P100751,2025-06-14 06:32:49,Paid Ads,United Kingdom,18,Female,Desktop,,never_activated
P101185,2025-06-14 09:19:36,Organic Search,United Kingdom,30,Female,Desktop,2025-06-18 15:58:27.921137,active
P101052,2025-06-14 09:30:17,Organic Search,South Africa,47,Female,Mobile,2025-06-25 16:34:59.932373,active
P101865,2025-06-14 11:04:44,Social Media,Mexico,31,Male,Desktop,2025-06-22 07:42:31.041703,active
P100358,2025-06-14 12:04:02,Organic Search,United States,43,Male,Mobile,,never_activated
P100052,2025-06-14 12:43:53,Organic Search,Mexico,40,Female,Mobile,,never_activated
P100720,2025-06-14 14:25:34,Referral,United States,34,Non-binary,Mobile,,never_activated
P102022,2025-06-14 16:19:15,Organic Search,Poland,41,Male,Mobile,,never_activated
P100240,2025-06-14 18:32:16,Organic Search,Portugal,38,Female,Desktop,,never_activated
P101655,2025-06-14 23:09:44,Organic Search,Poland,27,Male,Tablet,2025-06-28 01:22:59.015629,active
P100364,2025-06-15 00:46:03,Partner Program,United Kingdom,36,Male,Mobile,2025-06-24 02:52:03.327095,active
P101090,2025-06-15 01:29:28,Referral,Portugal,18,Male,Desktop,,onboarding
P102482,2025-06-15 08:19:28,Referral,United States,35,Female,Mobile,,never_activated
P101024,2025-06-15 08:24:26,Social Media,Italy,18,Male,Mobile,,onboarding
P102344,2025-06-15 11:21:15,Organic Search,South Africa,34,Male,Desktop,2025-06-27 09:18:02.493310,active
P102734,2025-06-15 11:44:41,Social Media,Mexico,46,Male,Desktop,,onboarding
P100134,2025-06-15 12:09:24,Social Media,United States,30,Female,Mobile,,onboarding
P102802,2025-06-15 13:13:08,Organic Search,Germany,46,Female,Mobile,,onboarding
P101012,2025-06-15 15:29:58,Referral,United States,32,Male,Desktop,2025-06-29 08:41:53.343366,active
P101975,2025-06-15 16:27:31,Referral,Poland,25,Female,Desktop,,never_activated
P101844,2025-06-15 16:37:52,Social Media,Canada,18,Male,Mobile,,onboarding
P102885,2025-06-15 19:44:11,Organic Search,United Kingdom,34,Male,Desktop,2025-06-28 13:39:35.747663,active
P101223,2025-06-15 23:44:41,Paid Ads,Germany,43,Male,Mobile,,never_activated
P102871,2025-06-16 00:43:57,Referral,Portugal,32,Female,Desktop,,onboarding
P101448,2025-06-16 01:32:53,Social Media,Ireland,24,Male,Desktop,,onboarding
P102553,2025-06-16 02:35:44,Referral,Ireland,46,Male,Desktop,,onboarding
P101084,2025-06-16 03:16:35,Partner Program,Ireland,42,Female,Mobile,,onboarding
P100789,2025-06-16 03:17:54,Organic Search,South Africa,38,Female,Mobile,,never_activated
P100445,2025-06-16 09:22:02,Referral,Canada,45,Female,Desktop,,onboarding
P100869,2025-06-16 15:03:20,Referral,United States,35,Female,Desktop,,onboarding
P102968,2025-06-16 15:25:01,Paid Ads,Canada,28,Female,Tablet,2025-06-29 19:39:28.869169,active
P102053,2025-06-16 17:03:51,Referral,Spain,34,Female,Desktop,2025-06-28 14:02:31.656615,active
P100535,2025-06-16 17:26:07,Social Media,United States,32,Female,Mobile,,onboarding
P102274,2025-06-17 00:03:48,Paid Ads,Spain,18,Male,Desktop,,onboarding
P101550,2025-06-17 01:53:48,Partner Program,United Kingdom,27,Male,Desktop,,onboarding
P102938,2025-06-17 04:22:08,Paid Ads,United Kingdom,36,Male,Tablet,,onboarding
P100488,2025-06-17 04:35:44,Social Media,United States,31,Male,Mobile,,onboarding
P100998,2025-06-17 06:58:25,Partner Program,Portugal,21,Male,Desktop,,onboarding
P101427,2025-06-17 07:17:50,Organic Search,Poland,29,Male,Desktop,,onboarding
P100508,2025-06-17 08:01:41,Organic Search,Poland,40,Male,Desktop,,onboarding
P102843,2025-06-17 09:22:37,Partner Program,Spain,39,Female,Desktop,,never_activated
P100917,2025-06-17 10:35:34,Organic Search,Greece,19,Male,Desktop,,onboarding
P100575,2025-06-17 14:52:15,Social Media,United States,39,Female,Desktop,,never_activated
P100412,2025-06-17 16:20:47,Paid Ads,Germany,37,Female,Desktop,,onboarding
P100411,2025-06-17 16:26:37,Organic Search,Portugal,40,Male,Mobile,,onboarding
P102638,2025-06-17 17:46:56,Social Media,United Kingdom,33,Male,Mobile,,never_activated
P101079,2025-06-17 20:15:20,Partner Program,Ireland,28,Female,Desktop,,onboarding
P102788,2025-06-17 22:28:28,Organic Search,United States,52,Female,Mobile,2025-06-23 20:26:23.213681,active
P100033,2025-06-17 22:38:06,Organic Search,Spain,42,Male,Mobile,,onboarding
P102862,2025-06-17 22:46:58,Social Media,Greece,20,Female,Mobile,2025-06-29 09:59:31.958164,active
P101220,2025-06-17 23:36:56,Referral,Canada,25,Male,Mobile,,onboarding
P100001,2025-06-17 23:58:48,Organic Search,Mexico,30,Male,Mobile,,onboarding
P101773,2025-06-18 00:15:24,Referral,South Africa,21,Male,Desktop,,onboarding
P100324,2025-06-18 03:33:36,Social Media,United Kingdom,35,Male,Tablet,,never_activated
P102555,2025-06-18 08:16:53,Organic Search,United Kingdom,33,Female,Desktop,2025-06-27 12:59:00.108973,active
P102427,2025-06-18 09:49:58,Partner Program,United States,34,Male,Mobile,2025-06-29 11:48:05.489704,active
P101121,2025-06-18 11:03:11,Referral,United Kingdom,33,Male,Mobile,,never_activated
P102503,2025-06-18 14:14:32,Organic Search,United States,28,Male,Mobile,,never_activated
P100540,2025-06-18 14:37:36,Paid Ads,Greece,31,Female,Mobile,2025-06-29 02:29:33.172413,active
P100241,2025-06-18 22:34:17,Organic Search,United States,42,Female,Desktop,,never_activated
P102325,2025-06-18 23:29:37,Referral,United Kingdom,31,Female,Mobile,,onboarding
P101512,2025-06-18 23:31:38,Paid Ads,Germany,34,Female,Desktop,,onboarding
P102803,2025-06-19 03:07:01,Organic Search,Mexico,25,Non-binary,Mobile,,onboarding
P102527,2025-06-19 03:26:19,Referral,United Kingdom,18,Male,Mobile,,onboarding
P102765,2025-06-19 04:38:12,Social Media,Germany,18,Male,Desktop,,onboarding
P102646,2025-06-19 08:15:09,Referral,Canada,37,Female,Desktop,,never_activated
P101996,2025-06-19 11:50:24,Paid Ads,Portugal,21,Male,Mobile,2025-06-28 15:48:28.421680,active
P101906,2025-06-19 12:30:39,Referral,Portugal,26,Male,Desktop,,onboarding
P101623,2025-06-19 12:55:46,Partner Program,United Kingdom,36,Male,Desktop,2025-06-25 23:09:41.882396,active
P101800,2025-06-19 14:44:11,Referral,Mexico,32,Non-binary,Mobile,2025-06-29 19:02:14.672906,active
P102733,2025-06-19 15:18:07,Organic Search,Poland,25,Prefer not to say,Mobile,,never_activated
P101756,2025-06-19 23:21:41,Paid Ads,Mexico,26,Male,Desktop,,onboarding
P100140,2025-06-20 01:23:59,Social Media,Australia,36,Male,Mobile,,onboarding
P102434,2025-06-20 02:51:53,Partner Program,United Kingdom,32,Female,Desktop,2025-06-28 00:41:17.752711,active
P102625,2025-06-20 04:46:39,Referral,United States,18,Male,Tablet,,onboarding
P100248,2025-06-20 04:50:13,Paid Ads,Mexico,21,Male,Mobile,,onboarding
P102213,2025-06-20 08:38:25,Referral,Portugal,18,Male,Mobile,,onboarding
P102471,2025-06-20 08:42:56,Social Media,Italy,18,Male,Desktop,,onboarding
P100313,2025-06-20 10:19:18,Paid Ads,United States,18,Prefer not to say,Mobile,,onboarding
P100366,2025-06-20 10:45:59,Organic Search,Poland,32,Male,Desktop,,onboarding
P101180,2025-06-20 11:07:11,Social Media,Spain,18,Male,Desktop,,onboarding
P102738,2025-06-20 11:08:35,Organic Search,Poland,23,Male,Desktop,,never_activated
P102020,2025-06-20 12:50:16,Organic Search,Germany,38,Male,Mobile,,onboarding
P101544,2025-06-20 13:08:35,Organic Search,Germany,23,Male,Desktop,2025-06-25 22:44:48.699264,active
P102415,2025-06-20 15:43:53,Paid Ads,United Kingdom,24,Male,Desktop,,never_activated
P100843,2025-06-20 17:48:13,Partner Program,United States,28,Male,Desktop,,onboarding
P101698,2025-06-20 19:59:07,Organic Search,Poland,27,Female,Mobile,,never_activated
P102694,2025-06-20 20:50:57,Paid Ads,Ireland,28,Female,Desktop,,onboarding
P100464,2025-06-20 21:11:20,Referral,United Kingdom,24,Female,Desktop,,onboarding
P102786,2025-06-20 21:26:49,Referral,Netherlands,43,Male,Mobile,,onboarding
P100469,2025-06-20 21:56:16,Organic Search,Spain,47,Female,Mobile,,never_activated
P100247,2025-06-21 00:02:16,Social Media,Italy,35,Female,Desktop,,never_activated
P101700,2025-06-21 00:11:32,Partner Program,United Kingdom,36,Male,Desktop,,onboarding
P101815,2025-06-21 02:43:57,Referral,United Kingdom,21,Female,Mobile,2025-06-26 03:45:16.641068,active
P101425,2025-06-21 03:40:10,Organic Search,Germany,45,Male,Desktop,,onboarding
P102451,2025-06-21 04:20:30,Social Media,Canada,29,Male,Desktop,,onboarding
P102913,2025-06-21 06:20:21,Organic Search,United States,32,Male,Mobile,,never_activated
P100717,2025-06-21 10:37:10,Paid Ads,United States,29,Male,Mobile,,onboarding
P102091,2025-06-21 11:04:27,Referral,United Kingdom,24,Male,Desktop,,onboarding
P102985,2025-06-21 12:28:41,Organic Search,South Africa,18,Female,Mobile,,never_activated
P100034,2025-06-21 12:34:30,Referral,Ireland,20,Non-binary,Desktop,,onboarding
P102636,2025-06-21 17:39:40,Paid Ads,Ireland,33,Female,Desktop,,onboarding
P102122,2025-06-21 17:42:52,Referral,Germany,31,Female,Desktop,,onboarding
P101370,2025-06-22 00:05:20,Paid Ads,United States,23,Prefer not to say,Desktop,,onboarding
P101388,2025-06-22 00:50:09,Paid Ads,United States,32,Male,Mobile,,onboarding
P101238,2025-06-22 01:34:55,Partner Program,United States,18,Female,Mobile,,onboarding
P100011,2025-06-22 04:29:59,Social Media,United Kingdom,22,Female,Mobile,,onboarding
P101023,2025-06-22 04:42:48,Social Media,United States,18,Female,Mobile,,never_activated
P101101,2025-06-22 04:49:47,Organic Search,United Kingdom,32,Male,Desktop,2025-06-28 09:20:23.119738,active
P100139,2025-06-22 06:04:29,Organic Search,Ireland,32,Female,Desktop,,onboarding
P100522,2025-06-22 06:29:46,Organic Search,Canada,46,Female,Mobile,2025-06-28 21:19:24.890104,active
P100678,2025-06-22 07:04:39,Paid Ads,United States,18,Female,Mobile,,onboarding
P101197,2025-06-22 07:36:26,Organic Search,United Kingdom,20,Male,Tablet,,onboarding
P101827,2025-06-22 07:41:12,Organic Search,United States,30,Female,Desktop,,onboarding
P100050,2025-06-22 07:50:30,Partner Program,Australia,25,Male,Desktop,,onboarding
P101440,2025-06-22 08:29:24,Organic Search,Germany,34,Male,Mobile,,never_activated
P100471,2025-06-22 13:16:28,Paid Ads,Mexico,31,Female,Desktop,,never_activated
P100478,2025-06-22 14:29:58,Organic Search,Portugal,39,Female,Desktop,,onboarding
P102286,2025-06-22 19:58:47,Social Media,Poland,36,Male,Desktop,,onboarding
P102979,2025-06-22 22:05:53,Social Media,United Kingdom,19,Non-binary,Desktop,,onboarding
P101382,2025-06-22 22:45:31,Social Media,Greece,34,Female,Desktop,,never_activated
P102033,2025-06-22 22:55:42,Paid Ads,United States,30,Female,Desktop,,never_activated
P100226,2025-06-23 00:36:27,Paid Ads,Poland,26,Male,Desktop,,onboarding
P100305,2025-06-23 03:23:27,Social Media,Italy,25,Male,Mobile,,onboarding
P100498,2025-06-23 05:20:59,Partner Program,United Kingdom,34,Male,Desktop,,never_activated
P101754,2025-06-23 05:27:07,Organic Search,South Africa,43,Female,Desktop,,never_activated
P101334,2025-06-23 07:22:33,Social Media,United Kingdom,38,Female,Desktop,2025-06-25 12:56:16.864729,active
P101681,2025-06-23 07:32:31,Referral,United Kingdom,20,Male,Desktop,,never_activated
P102717,2025-06-23 17:42:33,Referral,Italy,38,Female,Desktop,,onboarding
P101324,2025-06-23 17:45:28,Referral,Germany,18,Female,Desktop,,never_activated
P102906,2025-06-23 23:25:35,Organic Search,United States,23,Male,Mobile,2025-06-28 17:05:47.163118,active
P101196,2025-06-23 23:32:06,Social Media,Portugal,24,Female,Desktop,,onboarding
P101466,2025-06-24 02:40:15,Organic Search,Spain,50,Female,Desktop,,never_activated
P102701,2025-06-24 03:44:00,Organic Search,United States,22,Female,Desktop,,never_activated
P102805,2025-06-24 03:46:09,Social Media,Australia,45,Male,Desktop,,onboarding
P102200,2025-06-24 07:29:17,Paid Ads,Canada,38,Male,Desktop,,onboarding
P102165,2025-06-24 09:43:00,Organic Search,Portugal,31,Male,Desktop,,never_activated
P102963,2025-06-24 10:19:56,Partner Program,United States,39,Female,Mobile,,never_activated
P102576,2025-06-24 19:02:26,Paid Ads,United Kingdom,29,Female,Mobile,,onboarding
P102027,2025-06-25 02:13:07,Social Media,United States,54,Male,Mobile,,never_activated
P102782,2025-06-25 09:38:15,Social Media,Poland,37,Female,Mobile,,onboarding
P102109,2025-06-25 10:09:21,Referral,United Kingdom,37,Male,Desktop,,onboarding
P100675,2025-06-25 10:18:19,Paid Ads,United Kingdom,31,Male,Tablet,,never_activated
P102498,2025-06-25 12:25:55,Referral,Mexico,33,Female,Desktop,,onboarding
P102485,2025-06-25 14:19:27,Referral,United Kingdom,47,Male,Mobile,,onboarding
P102791,2025-06-25 15:08:50,Social Media,United States,34,Female,Desktop,,never_activated
P102798,2025-06-25 16:44:49,Social Media,United Kingdom,29,Female,Mobile,,onboarding
P101830,2025-06-25 18:04:26,Referral,United Kingdom,18,Female,Desktop,,onboarding
P101718,2025-06-25 18:46:56,Organic Search,Spain,34,Male,Desktop,,onboarding
P101171,2025-06-25 19:52:25,Organic Search,Greece,22,Female,Mobile,,onboarding
P100581,2025-06-25 20:09:27,Organic Search,United Kingdom,21,Male,Mobile,,never_activated
P101074,2025-06-26 00:41:02,Referral,South Africa,18,Male,Desktop,,never_activated
P101011,2025-06-26 01:03:03,Referral,United Kingdom,24,Female,Desktop,,never_activated
P100446,2025-06-26 02:57:05,Paid Ads,Canada,41,Female,Desktop,,never_activated
P102432,2025-06-26 06:36:00,Organic Search,United States,39,Female,Mobile,,never_activated
P100154,2025-06-26 07:15:49,Social Media,United Kingdom,28,Female,Mobile,,onboarding
P101348,2025-06-26 07:16:46,Referral,United States,28,Male,Mobile,,never_activated
P100069,2025-06-26 07:29:50,Social Media,Poland,40,Male,Mobile,,never_activated
P100499,2025-06-26 09:59:19,Partner Program,Germany,34,Male,Mobile,,onboarding
P102927,2025-06-26 10:56:25,Organic Search,Poland,29,Male,Mobile,,onboarding
P100810,2025-06-26 11:27:15,Organic Search,United Kingdom,44,Female,Desktop,,onboarding
P101584,2025-06-26 11:47:11,Paid Ads,Germany,28,Female,Desktop,,onboarding
P100932,2025-06-26 13:34:07,Organic Search,Poland,26,Male,Desktop,,onboarding
P101864,2025-06-26 13:47:26,Referral,Spain,42,Non-binary,Mobile,,onboarding
P102124,2025-06-26 15:19:52,Organic Search,Poland,46,Female,Mobile,,onboarding
P101277,2025-06-26 17:08:12,Organic Search,United Kingdom,35,Male,Mobile,,onboarding
P100441,2025-06-26 17:22:02,Social Media,Australia,33,Male,Mobile,,onboarding
P101424,2025-06-26 17:37:57,Organic Search,United Kingdom,40,Male,Desktop,,onboarding
P100518,2025-06-26 20:47:22,Paid Ads,Mexico,18,Male,Mobile,,onboarding
P102078,2025-06-26 21:17:26,Organic Search,Portugal,20,Female,Desktop,,never_activated
P101228,2025-06-26 21:25:54,Paid Ads,Greece,32,Female,Desktop,,never_activated
P100661,2025-06-26 23:03:34,Social Media,United States,34,Prefer not to say,Mobile,,onboarding
P101061,2025-06-26 23:47:58,Partner Program,South Africa,34,Female,Desktop,,never_activated
P101591,2025-06-27 00:24:26,Partner Program,Italy,18,Male,Mobile,,never_activated
P100390,2025-06-27 02:13:46,Organic Search,United States,42,Male,Desktop,,onboarding
P100705,2025-06-27 02:58:12,Organic Search,Greece,56,Male,Mobile,,never_activated
P101889,2025-06-27 03:50:51,Paid Ads,United States,34,Female,Desktop,,never_activated
P100261,2025-06-27 06:26:39,Social Media,Italy,35,Female,Mobile,,never_activated
P101088,2025-06-27 08:10:25,Organic Search,Canada,41,Male,Tablet,,onboarding
P102408,2025-06-27 11:21:00,Social Media,United Kingdom,35,Male,Tablet,,onboarding
P102736,2025-06-27 15:14:17,Referral,United States,37,Female,Mobile,,onboarding
P101638,2025-06-28 00:15:46,Referral,United States,27,Female,Desktop,,never_activated
P101715,2025-06-28 02:12:13,Organic Search,South Africa,20,Male,Tablet,,onboarding
P101664,2025-06-28 02:32:01,Social Media,Italy,40,Female,Desktop,,never_activated
P101104,2025-06-28 05:05:23,Referral,Poland,34,Female,Mobile,,onboarding
P102789,2025-06-28 07:12:18,Organic Search,Canada,32,Female,Mobile,,never_activated
P101616,2025-06-28 07:30:52,Referral,United States,18,Male,Desktop,,never_activated
P102243,2025-06-28 11:11:17,Referral,United Kingdom,33,Female,Desktop,,onboarding
P102314,2025-06-28 11:38:30,Referral,Germany,18,Male,Desktop,,never_activated
P100475,2025-06-28 18:27:38,Partner Program,United Kingdom,27,Male,Mobile,,never_activated
P102460,2025-06-28 20:06:34,Organic Search,United Kingdom,18,Female,Desktop,,never_activated
P102836,2025-06-28 23:02:08,Paid Ads,South Africa,36,Male,Desktop,,never_activated
P101333,2025-06-29 01:02:28,Social Media,Ireland,18,Female,Mobile,,never_activated
P101054,2025-06-29 01:30:54,Social Media,Italy,48,Male,Desktop,,onboarding
P101209,2025-06-29 04:35:08,Organic Search,Spain,21,Female,Desktop,,onboarding
P101727,2025-06-29 04:54:13,Paid Ads,United Kingdom,18,Male,Desktop,,onboarding
P100532,2025-06-29 07:05:25,Social Media,Italy,39,Female,Desktop,,never_activated
P102529,2025-06-29 10:39:27,Paid Ads,United Kingdom,23,Male,Desktop,,onboarding
P101912,2025-06-29 11:47:02,Organic Search,South Africa,48,Male,Mobile,,never_activated
P101954,2025-06-29 13:06:44,Organic Search,Australia,38,Male,Desktop,,never_activated
P100531,2025-06-29 19:28:50,Referral,United States,34,Female,Mobile,,never_activated
P100847,2025-06-29 20:05:07,Referral,United Kingdom,18,Female,Desktop,,onboarding
P101464,2025-06-29 20:26:20,Partner Program,United Kingdom,19,Male,Mobile,,never_activated
