payment_id,participant_id,submission_id,amount,payment_date,payment_type
PAY300000,P101682,,5.0,2024-01-21 14:07:28.000000,referral_bonus
PAY300001,P100316,,2.5,2024-02-07 09:31:33.000000,loyalty_bonus
PAY300002,P102604,SUB200001,1.52,2024-02-19 04:25:02.060249,study_reward
PAY300003,P102604,SUB200002,1.52,2024-02-19 08:25:02.060249,study_reward
PAY300004,P102604,SUB200003,6.67,2024-02-20 01:25:02.060249,study_reward
PAY300005,P102604,SUB200004,6.67,2024-02-20 20:25:02.060249,study_reward
PAY300006,P102611,SUB200005,6.67,2024-02-21 21:40:22.177941,study_reward
PAY300007,P102611,SUB200006,6.67,2024-02-21 23:40:22.177941,study_reward
PAY300008,P102632,SUB200007,1.52,2024-02-22 22:54:53.243390,study_reward
PAY300009,P100964,,2.5,2024-02-26 23:53:35.000000,referral_bonus
PAY300010,P102632,SUB200008,6.67,2024-02-27 12:54:53.243390,study_reward
PAY300011,P102604,SUB200009,6.67,2024-02-29 12:25:02.060249,study_reward
PAY300012,P102714,SUB200010,6.67,2024-02-29 23:45:56.129467,study_reward
PAY300013,P102714,SUB200011,6.67,2024-03-01 07:45:56.129467,study_reward
PAY300014,P100128,SUB200012,6.67,2024-03-01 09:07:26.265763,study_reward
PAY300015,P102714,SUB200013,1.52,2024-03-01 12:45:56.129467,study_reward
PAY300016,P100821,SUB200014,7.89,2024-03-01 12:46:26.481574,study_reward
PAY300017,P102714,SUB200015,6.67,2024-03-02 19:45:56.129467,study_reward
PAY300018,P102632,SUB200016,1.52,2024-03-03 01:54:53.243390,study_reward
PAY300019,P102611,SUB200017,1.52,2024-03-03 22:40:22.177941,study_reward
PAY300020,P102911,SUB200018,1.52,2024-03-04 07:29:53.070811,study_reward
PAY300021,P100128,SUB200019,6.67,2024-03-04 20:07:26.265763,study_reward
PAY300022,P102294,SUB200020,6.67,2024-03-05 05:12:21.504970,study_reward
PAY300023,P102632,SUB200023,1.52,2024-03-07 06:54:53.243390,study_reward
PAY300024,P102611,SUB200024,6.67,2024-03-07 08:40:22.177941,study_reward
PAY300025,P100821,SUB200025,7.89,2024-03-07 20:46:26.481574,study_reward
PAY300026,P102294,SUB200026,7.89,2024-03-08 06:12:21.504970,study_reward
PAY300027,P102761,SUB200027,1.9,2024-03-08 16:19:28.337297,study_reward
PAY300028,P102604,SUB200028,1.52,2024-03-09 06:25:02.060249,study_reward
PAY300029,P102604,SUB200029,6.67,2024-03-09 10:25:02.060249,study_reward
PAY300030,P100128,SUB200030,7.89,2024-03-10 12:07:26.265763,study_reward
PAY300031,P102327,SUB200031,6.67,2024-03-11 03:48:19.973859,study_reward
PAY300032,P102528,SUB200032,1.52,2024-03-11 12:52:04.679798,study_reward
PAY300033,P102911,SUB200033,6.67,2024-03-11 21:29:53.070811,study_reward
PAY300034,P102632,SUB200034,6.67,2024-03-11 21:54:53.243390,study_reward
PAY300035,P102611,SUB200035,6.67,2024-03-12 01:40:22.177941,study_reward
PAY300036,P102714,SUB200036,1.52,2024-03-13 06:45:56.129467,study_reward
PAY300037,P102327,SUB200038,1.52,2024-03-15 03:48:19.973859,study_reward
PAY300038,P102632,SUB200039,1.52,2024-03-15 12:54:53.243390,study_reward
PAY300039,P102714,SUB200040,6.67,2024-03-15 14:45:56.129467,study_reward
PAY300040,P102761,SUB200041,7.89,2024-03-15 17:19:28.337297,study_reward
PAY300041,P100407,SUB200042,2.91,2024-03-16 17:53:46.308685,study_reward
PAY300042,P102327,SUB200043,6.67,2024-03-16 21:48:19.973859,study_reward
PAY300043,P100407,SUB200044,2.91,2024-03-16 23:53:46.308685,study_reward
PAY300044,P102911,SUB200045,6.67,2024-03-17 10:29:53.070811,study_reward
PAY300045,P100407,SUB200046,2.91,2024-03-17 11:53:46.308685,study_reward
PAY300046,P102761,SUB200047,1.9,2024-03-17 17:19:28.337297,study_reward
PAY300047,P102528,SUB200048,7.89,2024-03-17 20:52:04.679798,study_reward
PAY300048,P100128,SUB200049,7.89,2024-03-18 05:07:26.265763,study_reward
PAY300049,P100821,SUB200050,1.52,2024-03-18 05:46:26.481574,study_reward
PAY300050,P100128,SUB200051,7.89,2024-03-18 22:07:26.265763,study_reward
PAY300051,P102611,SUB200052,3.05,2024-03-19 00:40:22.177941,study_reward
PAY300052,P100407,SUB200054,7.89,2024-03-20 00:53:46.308685,study_reward
PAY300053,P100128,SUB200055,6.67,2024-03-21 00:07:26.265763,study_reward
PAY300054,P100128,SUB200056,6.67,2024-03-21 02:07:26.265763,study_reward
PAY300055,P102604,SUB200057,2.91,2024-03-21 17:25:02.060249,study_reward
PAY300056,P102295,SUB200058,1.52,2024-03-21 21:49:00.167966,study_reward
PAY300057,P102632,SUB200059,2.07,2024-03-22 05:54:53.243390,study_reward
PAY300058,P102714,SUB200061,1.52,2024-03-22 09:45:56.129467,study_reward
PAY300059,P100821,SUB200062,1.52,2024-03-23 04:46:26.481574,study_reward
PAY300060,P100898,SUB200063,7.89,2024-03-23 16:11:27.154428,study_reward
PAY300061,P100945,SUB200064,1.9,2024-03-23 16:53:45.585919,study_reward
PAY300062,P100945,SUB200065,6.67,2024-03-24 03:53:45.585919,study_reward
PAY300063,P100945,SUB200066,2.07,2024-03-24 22:53:45.585919,study_reward
PAY300064,P100470,SUB200069,3.05,2024-03-25 08:27:18.953310,study_reward
PAY300065,P102294,SUB200071,1.52,2024-03-26 01:12:21.504970,study_reward
PAY300066,P102295,SUB200072,2.07,2024-03-26 05:49:00.167966,study_reward
PAY300067,P102911,SUB200073,1.52,2024-03-26 07:29:53.070811,study_reward
PAY300068,P102611,SUB200075,1.52,2024-03-26 22:40:22.177941,study_reward
PAY300069,P102714,SUB200076,1.52,2024-03-27 05:45:56.129467,study_reward
PAY300070,P102528,SUB200077,7.89,2024-03-27 08:52:04.679798,study_reward
PAY300071,P102528,SUB200078,1.52,2024-03-27 10:52:04.679798,study_reward
PAY300072,P100898,SUB200079,2.07,2024-03-27 11:11:27.154428,study_reward
PAY300073,P100205,SUB200080,2.91,2024-03-27 17:19:39.389944,study_reward
PAY300074,P100407,SUB200083,2.91,2024-03-28 11:53:46.308685,study_reward
PAY300075,P102349,SUB200085,2.91,2024-03-28 14:27:33.034357,study_reward
PAY300076,P102632,SUB200086,6.67,2024-03-28 21:54:53.243390,study_reward
PAY300077,P102327,SUB200088,7.89,2024-03-30 04:48:19.973859,study_reward
PAY300078,P100898,SUB200089,2.07,2024-04-01 11:11:27.154428,study_reward
PAY300079,P102714,SUB200090,3.05,2024-04-01 11:45:56.129467,study_reward
PAY300080,P101264,SUB200091,1.9,2024-04-01 12:15:01.056232,study_reward
PAY300081,P102528,SUB200092,7.89,2024-04-01 17:52:04.679798,study_reward
PAY300082,P100470,SUB200093,1.52,2024-04-01 18:27:18.953310,study_reward
PAY300083,P100945,SUB200094,2.07,2024-04-02 08:53:45.585919,study_reward
PAY300084,P101264,SUB200095,6.67,2024-04-02 09:15:01.056232,study_reward
PAY300085,P102761,SUB200096,6.67,2024-04-02 14:19:28.337297,study_reward
PAY300086,P101799,SUB200097,1.9,2024-04-02 14:48:08.173693,study_reward
PAY300087,P102349,SUB200099,1.9,2024-04-03 09:27:33.034357,study_reward
PAY300088,P102611,SUB200101,1.9,2024-04-03 21:40:22.177941,study_reward
PAY300089,P101799,SUB200102,3.05,2024-04-04 15:48:08.173693,study_reward
PAY300090,P100407,SUB200103,3.05,2024-04-04 16:53:46.308685,study_reward
PAY300091,P100821,SUB200104,1.52,2024-04-05 01:46:26.481574,study_reward
PAY300092,P101799,SUB200105,7.89,2024-04-05 03:48:08.173693,study_reward
PAY300093,P100128,SUB200106,1.9,2024-04-05 13:07:26.265763,study_reward
PAY300094,P100821,SUB200107,7.89,2024-04-05 13:46:26.481574,study_reward
PAY300095,P101799,SUB200108,7.89,2024-04-05 13:48:08.173693,study_reward
PAY300096,P101799,SUB200109,3.05,2024-04-06 18:48:08.173693,study_reward
PAY300097,P101746,SUB200110,1.66,2024-04-06 23:57:57.507025,study_reward
PAY300098,P102528,SUB200111,2.07,2024-04-07 00:52:04.679798,study_reward
PAY300099,P102714,SUB200113,1.9,2024-04-07 13:45:56.129467,study_reward
PAY300100,P101746,SUB200114,2.91,2024-04-08 05:57:57.507025,study_reward
PAY300101,P100205,SUB200115,6.67,2024-04-08 18:19:39.389944,study_reward
PAY300102,P100470,SUB200116,1.52,2024-04-09 01:27:18.953310,study_reward
PAY300103,P102224,SUB200117,7.89,2024-04-09 02:05:51.751612,study_reward
PAY300104,P101799,SUB200118,2.91,2024-04-10 00:48:08.173693,study_reward
PAY300105,P101049,SUB200119,2.07,2024-04-10 01:15:56.294157,study_reward
PAY300106,P102295,SUB200120,6.67,2024-04-10 06:49:00.167966,study_reward
PAY300107,P100945,SUB200121,3.05,2024-04-10 14:53:45.585919,study_reward
PAY300108,P100128,SUB200122,7.89,2024-04-10 19:07:26.265763,study_reward
PAY300109,P102708,SUB200123,3.05,2024-04-11 02:42:04.478762,study_reward
PAY300110,P100470,SUB200124,1.9,2024-04-11 04:27:18.953310,study_reward
PAY300111,P102714,SUB200126,3.05,2024-04-11 08:45:56.129467,study_reward
PAY300112,P100505,,5.0,2024-04-11 15:37:04.000000,referral_bonus
PAY300113,P102295,SUB200127,7.89,2024-04-11 16:49:00.167966,study_reward
PAY300114,P102611,SUB200128,2.91,2024-04-12 16:40:22.177941,study_reward
PAY300115,P100470,SUB200129,2.07,2024-04-12 21:27:18.953310,study_reward
PAY300116,P101799,SUB200130,2.07,2024-04-13 08:48:08.173693,study_reward
PAY300117,P102632,SUB200131,1.9,2024-04-13 10:54:53.243390,study_reward
PAY300118,P102685,SUB200133,6.67,2024-04-14 04:54:06.066527,study_reward
PAY300119,P100821,SUB200134,1.52,2024-04-14 08:46:26.481574,study_reward
PAY300120,P102604,SUB200135,2.07,2024-04-15 07:25:02.060249,study_reward
PAY300121,P102604,SUB200136,2.91,2024-04-15 09:25:02.060249,study_reward
PAY300122,P101049,SUB200137,7.89,2024-04-15 19:15:56.294157,study_reward
PAY300123,P100945,SUB200138,7.89,2024-04-15 21:53:45.585919,study_reward
PAY300124,P102632,SUB200139,1.52,2024-04-15 22:54:53.243390,study_reward
PAY300125,P100821,SUB200141,1.9,2024-04-16 19:46:26.481574,study_reward
PAY300126,P102294,SUB200142,2.07,2024-04-16 21:12:21.504970,study_reward
PAY300127,P102295,SUB200143,1.28,2024-04-17 01:49:00.167966,study_reward
PAY300128,P101264,SUB200144,1.28,2024-04-17 07:15:01.056232,study_reward
PAY300129,P100874,SUB200145,1.66,2024-04-17 14:51:53.658605,study_reward
PAY300130,P102528,SUB200147,2.07,2024-04-17 23:52:04.679798,study_reward
PAY300131,P101264,SUB200148,3.05,2024-04-18 07:15:01.056232,study_reward
PAY300132,P100128,SUB200149,1.52,2024-04-18 13:07:26.265763,study_reward
PAY300133,P101049,SUB200151,1.66,2024-04-19 01:15:56.294157,study_reward
PAY300134,P100312,SUB200152,6.67,2024-04-19 15:19:45.213528,study_reward
PAY300135,P100640,SUB200153,3.05,2024-04-19 18:00:00.345736,study_reward
PAY300136,P102224,SUB200154,1.28,2024-04-19 18:05:51.751612,study_reward
PAY300137,P100945,SUB200156,2.07,2024-04-19 21:53:45.585919,study_reward
PAY300138,P102685,SUB200158,1.9,2024-04-20 14:54:06.066527,study_reward
PAY300139,P102975,SUB200160,7.89,2024-04-20 21:23:44.618874,study_reward
PAY300140,P102719,SUB200161,3.05,2024-04-21 04:12:04.426779,study_reward
PAY300141,P100945,SUB200162,1.66,2024-04-21 04:53:45.585919,study_reward
PAY300142,P100128,SUB200163,2.07,2024-04-21 05:07:26.265763,study_reward
PAY300143,P102421,SUB200165,1.9,2024-04-21 07:36:57.461264,study_reward
PAY300144,P101746,SUB200166,2.07,2024-04-21 13:57:57.507025,study_reward
PAY300145,P100925,SUB200167,2.07,2024-04-22 03:03:34.015547,study_reward
PAY300146,P101264,SUB200168,3.05,2024-04-22 06:15:01.056232,study_reward
PAY300147,P100205,SUB200169,1.28,2024-04-22 06:19:39.389944,study_reward
PAY300148,P101264,SUB200170,1.66,2024-04-22 07:15:01.056232,study_reward
PAY300149,P101696,SUB200171,7.89,2024-04-22 14:31:53.164533,study_reward
PAY300150,P102528,SUB200172,7.89,2024-04-22 18:52:04.679798,study_reward
PAY300151,P102349,SUB200173,1.9,2024-04-23 06:27:33.034357,study_reward
PAY300152,P102295,SUB200174,7.89,2024-04-23 06:49:00.167966,study_reward
PAY300153,P100312,SUB200175,3.05,2024-04-23 09:19:45.213528,study_reward
PAY300154,P100128,SUB200176,1.9,2024-04-23 11:07:26.265763,study_reward
PAY300155,P102975,SUB200177,1.9,2024-04-23 16:23:44.618874,study_reward
PAY300156,P100407,SUB200178,1.66,2024-04-23 16:53:46.308685,study_reward
PAY300157,P100640,SUB200179,1.9,2024-04-24 02:00:00.345736,study_reward
PAY300158,P101201,SUB200180,7.89,2024-04-24 06:29:37.458667,study_reward
PAY300159,P102975,SUB200181,6.67,2024-04-24 15:23:44.618874,study_reward
PAY300160,P100312,SUB200182,6.67,2024-04-24 18:19:45.213528,study_reward
PAY300161,P102611,SUB200183,1.66,2024-04-24 19:40:22.177941,study_reward
PAY300162,P100407,SUB200186,6.67,2024-04-25 05:53:46.308685,study_reward
PAY300163,P100128,SUB200187,3.05,2024-04-25 12:07:26.265763,study_reward
PAY300164,P100128,SUB200188,2.91,2024-04-26 03:07:26.265763,study_reward
PAY300165,P102714,SUB200189,3.05,2024-04-26 04:45:56.129467,study_reward
PAY300166,P101454,SUB200190,1.52,2024-04-26 05:19:16.557817,study_reward
PAY300167,P102611,SUB200191,1.28,2024-04-26 08:40:22.177941,study_reward
PAY300168,P100205,SUB200192,1.66,2024-04-26 11:19:39.389944,study_reward
PAY300169,P102397,SUB200193,6.67,2024-04-26 16:06:58.590602,study_reward
PAY300170,P100640,SUB200194,1.52,2024-04-26 18:00:00.345736,study_reward
PAY300171,P102611,SUB200195,1.9,2024-04-26 18:40:22.177941,study_reward
PAY300172,P101264,SUB200196,1.9,2024-04-26 20:15:01.056232,study_reward
PAY300173,P100945,SUB200197,1.52,2024-04-26 21:53:45.585919,study_reward
PAY300174,P102421,SUB200198,2.07,2024-04-27 01:36:57.461264,study_reward
PAY300175,P101746,SUB200199,2.91,2024-04-27 11:57:57.507025,study_reward
PAY300176,P101201,SUB200200,2.91,2024-04-27 12:29:37.458667,study_reward
PAY300177,P100515,SUB200201,1.52,2024-04-27 22:31:13.694397,study_reward
PAY300178,P100898,SUB200202,3.05,2024-04-28 08:11:27.154428,study_reward
PAY300179,P101201,SUB200203,7.89,2024-04-28 16:29:37.458667,study_reward
PAY300180,P102604,SUB200204,7.89,2024-04-29 03:25:02.060249,study_reward
PAY300181,P101454,SUB200205,1.52,2024-04-29 06:19:16.557817,study_reward
PAY300182,P101485,,5.0,2024-04-29 10:18:22.000000,referral_bonus
PAY300183,P102528,SUB200208,1.28,2024-04-29 20:52:04.679798,study_reward
PAY300184,P102295,SUB200209,1.28,2024-04-30 00:49:00.167966,study_reward
PAY300185,P102397,SUB200210,1.9,2024-04-30 03:06:58.590602,study_reward
PAY300186,P101159,SUB200211,3.05,2024-04-30 08:24:39.104821,study_reward
PAY300187,P100945,SUB200212,6.67,2024-04-30 12:53:45.585919,study_reward
PAY300188,P102714,SUB200213,2.91,2024-04-30 14:45:56.129467,study_reward
PAY300189,P101159,SUB200214,2.07,2024-04-30 15:24:39.104821,study_reward
PAY300190,P100604,,5.0,2024-04-30 18:26:46.000000,loyalty_bonus
PAY300191,P101813,SUB200216,1.28,2024-04-30 22:15:42.602866,study_reward
PAY300192,P102685,SUB200217,1.66,2024-04-30 23:54:06.066527,study_reward
PAY300193,P102829,SUB200218,7.89,2024-05-01 02:38:48.342494,study_reward
PAY300194,P100898,SUB200219,0.86,2024-05-01 03:11:27.154428,study_reward
PAY300195,P100640,SUB200221,1.28,2024-05-01 06:00:00.345736,study_reward
PAY300196,P102418,SUB200222,2.85,2024-05-01 19:14:57.441688,study_reward
PAY300197,P102685,SUB200225,1.66,2024-05-02 00:54:06.066527,study_reward
PAY300198,P100128,SUB200226,2.96,2024-05-02 14:07:26.265763,study_reward
PAY300199,P100312,SUB200227,1.9,2024-05-02 19:19:45.213528,study_reward
PAY300200,P100515,SUB200228,7.89,2024-05-02 19:31:13.694397,study_reward
PAY300201,P100821,SUB200229,7.89,2024-05-02 19:46:26.481574,study_reward
PAY300202,P100925,SUB200230,1.66,2024-05-03 03:03:34.015547,study_reward
PAY300203,P101813,SUB200233,2.07,2024-05-03 15:15:42.602866,study_reward
PAY300204,P100407,SUB200234,1.52,2024-05-03 15:53:46.308685,study_reward
PAY300205,P100470,SUB200235,2.91,2024-05-03 21:27:18.953310,study_reward
PAY300206,P102611,SUB200236,2.07,2024-05-04 00:40:22.177941,study_reward
PAY300207,P102858,SUB200237,2.85,2024-05-04 01:28:38.137176,study_reward
PAY300208,P102397,SUB200238,1.28,2024-05-04 09:06:58.590602,study_reward
PAY300209,P101435,SUB200239,2.96,2024-05-04 12:51:08.295330,study_reward
PAY300210,P100114,,5.0,2024-05-04 22:56:31.000000,referral_bonus
PAY300211,P102714,SUB200241,1.9,2024-05-05 03:45:56.129467,study_reward
PAY300212,P102604,SUB200242,3.05,2024-05-05 13:25:02.060249,study_reward
PAY300213,P102829,SUB200243,2.85,2024-05-05 17:38:48.342494,study_reward
PAY300214,P102349,SUB200244,1.52,2024-05-06 02:27:33.034357,study_reward
PAY300215,P101696,SUB200245,3.05,2024-05-06 06:31:53.164533,study_reward
PAY300216,P101264,SUB200246,7.89,2024-05-06 08:15:01.056232,study_reward
PAY300217,P102241,SUB200247,5.45,2024-05-06 10:50:24.702732,study_reward
PAY300218,P101454,SUB200248,1.9,2024-05-06 13:19:16.557817,study_reward
PAY300219,P101233,SUB200250,2.85,2024-05-07 07:43:53.171631,study_reward
PAY300220,P102858,SUB200251,3.05,2024-05-07 08:28:38.137176,study_reward
PAY300221,P102224,SUB200252,6.67,2024-05-07 14:05:51.751612,study_reward
PAY300222,P102349,SUB200254,1.52,2024-05-07 17:27:33.034357,study_reward
PAY300223,P101159,SUB200255,1.52,2024-05-07 18:24:39.104821,study_reward
PAY300224,P100100,SUB200256,3.05,2024-05-07 20:24:53.231944,study_reward
PAY300225,P102295,SUB200257,1.52,2024-05-07 20:49:00.167966,study_reward
PAY300226,P102685,SUB200258,2.96,2024-05-07 21:54:06.066527,study_reward
PAY300227,P102975,SUB200259,2.91,2024-05-08 01:23:44.618874,study_reward
PAY300228,P102418,SUB200260,1.13,2024-05-08 02:14:57.441688,study_reward
PAY300229,P100312,SUB200261,1.52,2024-05-08 03:19:45.213528,study_reward
PAY300230,P100874,SUB200262,1.28,2024-05-08 05:51:53.658605,study_reward
PAY300231,P101288,SUB200263,2.91,2024-05-08 06:48:44.901843,study_reward
PAY300232,P101435,SUB200264,5.45,2024-05-08 08:51:08.295330,study_reward
PAY300233,P102295,SUB200265,6.67,2024-05-08 09:49:00.167966,study_reward
PAY300234,P102858,SUB200266,2.96,2024-05-08 10:28:38.137176,study_reward
PAY300235,P100312,SUB200267,2.07,2024-05-08 18:19:45.213528,study_reward
PAY300236,P101300,SUB200268,4.57,2024-05-08 18:49:30.981325,study_reward
PAY300237,P102349,SUB200269,6.67,2024-05-08 19:27:33.034357,study_reward
PAY300238,P100874,SUB200270,2.07,2024-05-09 03:51:53.658605,study_reward
PAY300239,P101233,SUB200271,3.05,2024-05-09 07:43:53.171631,study_reward
PAY300240,P101288,SUB200273,7.89,2024-05-09 12:48:44.901843,study_reward
PAY300241,P102349,SUB200274,1.28,2024-05-09 20:27:33.034357,study_reward
PAY300242,P102685,SUB200275,2.91,2024-05-09 23:54:06.066527,study_reward
PAY300243,P100470,SUB200276,2.91,2024-05-10 00:27:18.953310,study_reward
PAY300244,P102241,SUB200277,1.66,2024-05-10 01:50:24.702732,study_reward
PAY300245,P101416,SUB200278,1.52,2024-05-10 13:37:18.471647,study_reward
PAY300246,P102418,SUB200279,2.85,2024-05-10 14:14:57.441688,study_reward
PAY300247,P101264,SUB200280,7.89,2024-05-10 15:15:01.056232,study_reward
PAY300248,P100128,SUB200281,1.13,2024-05-10 16:07:26.265763,study_reward
PAY300249,P102708,SUB200282,1.13,2024-05-10 19:42:04.478762,study_reward
PAY300250,P101300,SUB200283,1.66,2024-05-10 22:49:30.981325,study_reward
PAY300251,P100599,SUB200284,4.57,2024-05-11 01:37:01.269191,study_reward
PAY300252,P100168,SUB200285,1.28,2024-05-11 05:42:35.745215,study_reward
PAY300253,P101969,SUB200286,1.9,2024-05-11 06:53:54.250275,study_reward
PAY300254,P100599,SUB200287,1.66,2024-05-11 07:37:01.269191,study_reward
PAY300255,P101008,,2.5,2024-05-11 09:52:01.000000,loyalty_bonus
PAY300256,P102708,SUB200288,2.91,2024-05-11 12:42:04.478762,study_reward
PAY300257,P100312,SUB200289,3.05,2024-05-11 16:19:45.213528,study_reward
PAY300258,P102528,SUB200290,1.13,2024-05-11 18:52:04.679798,study_reward
PAY300259,P102241,SUB200293,1.28,2024-05-12 00:50:24.702732,study_reward
PAY300260,P100312,SUB200294,7.89,2024-05-12 03:19:45.213528,study_reward
PAY300261,P102421,SUB200295,3.05,2024-05-12 04:36:57.461264,study_reward
PAY300262,P102421,SUB200296,2.07,2024-05-12 07:36:57.461264,study_reward
PAY300263,P101233,SUB200297,2.96,2024-05-12 11:43:53.171631,study_reward
PAY300264,P102224,SUB200298,1.66,2024-05-12 13:05:51.751612,study_reward
PAY300265,P102241,SUB200299,2.85,2024-05-12 15:50:24.702732,study_reward
PAY300266,P100470,SUB200300,2.91,2024-05-12 16:27:18.953310,study_reward
PAY300267,P100145,SUB200301,2.96,2024-05-12 20:12:45.039813,study_reward
PAY300268,P101233,SUB200302,6.67,2024-05-12 23:43:53.171631,study_reward
PAY300269,P102397,SUB200303,7.89,2024-05-13 01:06:58.590602,study_reward
PAY300270,P100599,SUB200304,2.96,2024-05-13 04:37:01.269191,study_reward
PAY300271,P102975,SUB200305,1.66,2024-05-13 07:23:44.618874,study_reward
PAY300272,P101159,SUB200306,1.13,2024-05-13 12:24:39.104821,study_reward
PAY300273,P101201,SUB200307,7.89,2024-05-13 13:29:37.458667,study_reward
PAY300274,P102294,SUB200308,0.86,2024-05-13 14:12:21.504970,study_reward
PAY300275,P100042,SUB200309,4.57,2024-05-13 14:19:25.501235,study_reward
PAY300276,P102858,SUB200310,1.66,2024-05-13 15:28:38.137176,study_reward
PAY300277,P102185,,10.0,2024-05-13 16:20:20.000000,loyalty_bonus
PAY300278,P102397,SUB200311,7.89,2024-05-13 17:06:58.590602,study_reward
PAY300279,P101159,SUB200312,1.9,2024-05-14 00:24:39.104821,study_reward
PAY300280,P102857,SUB200314,7.89,2024-05-14 02:01:54.796483,study_reward
PAY300281,P102182,SUB200315,0.86,2024-05-14 07:49:06.060763,study_reward
PAY300282,P101288,SUB200317,2.96,2024-05-14 09:48:44.901843,study_reward
PAY300283,P101300,SUB200320,1.28,2024-05-15 10:49:30.981325,study_reward
PAY300284,P102010,SUB200321,1.13,2024-05-15 13:19:22.471727,study_reward
PAY300285,P102421,SUB200322,6.67,2024-05-15 15:36:57.461264,study_reward
PAY300286,P102714,SUB200323,7.89,2024-05-15 20:45:56.129467,study_reward
PAY300287,P102241,SUB200324,3.05,2024-05-15 21:50:24.702732,study_reward
PAY300288,P101813,SUB200325,0.86,2024-05-15 23:15:42.602866,study_reward
PAY300289,P101300,SUB200326,4.57,2024-05-16 07:49:30.981325,study_reward
PAY300290,P100100,SUB200327,2.85,2024-05-16 11:24:53.231944,study_reward
PAY300291,P100925,SUB200328,1.28,2024-05-16 12:03:34.015547,study_reward
PAY300292,P101813,SUB200329,1.13,2024-05-16 14:15:42.602866,study_reward
PAY300293,P101273,SUB200330,3.05,2024-05-16 22:04:44.163551,study_reward
PAY300294,P102528,SUB200331,1.13,2024-05-16 23:52:04.679798,study_reward
PAY300295,P102975,SUB200334,5.45,2024-05-17 05:23:44.618874,study_reward
PAY300296,P102611,SUB200335,2.91,2024-05-17 05:40:22.177941,study_reward
PAY300297,P102241,SUB200336,2.07,2024-05-17 06:50:24.702732,study_reward
PAY300298,P100472,SUB200338,3.05,2024-05-17 15:46:22.700725,study_reward
PAY300299,P100874,SUB200339,1.13,2024-05-17 17:51:53.658605,study_reward
PAY300300,P102829,SUB200340,1.66,2024-05-17 20:38:48.342494,study_reward
PAY300301,P101813,SUB200341,2.96,2024-05-18 00:15:42.602866,study_reward
PAY300302,P100128,SUB200342,2.85,2024-05-18 01:07:26.265763,study_reward
PAY300303,P100145,SUB200344,1.13,2024-05-18 16:12:45.039813,study_reward
PAY300304,P100205,SUB200345,1.28,2024-05-18 21:19:39.389944,study_reward
PAY300305,P101233,SUB200347,1.66,2024-05-18 23:43:53.171631,study_reward
PAY300306,P102182,SUB200349,6.67,2024-05-19 06:49:06.060763,study_reward
PAY300307,P102182,SUB200350,3.05,2024-05-19 10:49:06.060763,study_reward
PAY300308,P101813,SUB200353,5.45,2024-05-19 17:15:42.602866,study_reward
PAY300309,P102418,SUB200354,1.13,2024-05-19 18:14:57.441688,study_reward
PAY300310,P102611,SUB200355,4.57,2024-05-20 02:40:22.177941,study_reward
PAY300311,P101072,SUB200356,1.66,2024-05-20 03:41:57.327102,study_reward
PAY300312,P102858,SUB200357,2.91,2024-05-20 09:28:38.137176,study_reward
PAY300313,P100168,SUB200358,6.67,2024-05-20 18:42:35.745215,study_reward
PAY300314,P100874,SUB200359,1.66,2024-05-20 18:51:53.658605,study_reward
PAY300315,P101288,SUB200360,2.85,2024-05-20 20:48:44.901843,study_reward
PAY300316,P101264,SUB200361,7.89,2024-05-21 03:15:01.056232,study_reward
PAY300317,P102611,SUB200362,4.57,2024-05-21 03:40:22.177941,study_reward
PAY300318,P101288,SUB200363,1.28,2024-05-21 05:48:44.901843,study_reward
PAY300319,P101826,SUB200364,2.96,2024-05-21 06:57:38.938281,study_reward
PAY300320,P102858,SUB200365,2.96,2024-05-21 07:28:38.137176,study_reward
PAY300321,P100874,SUB200366,1.13,2024-05-21 08:51:53.658605,study_reward
PAY300322,P101300,SUB200367,1.66,2024-05-21 09:49:30.981325,study_reward
PAY300323,P101416,SUB200368,2.85,2024-05-21 14:37:18.471647,study_reward
PAY300324,P100042,SUB200369,0.86,2024-05-21 18:19:25.501235,study_reward
PAY300325,P100874,SUB200370,1.66,2024-05-21 20:51:53.658605,study_reward
PAY300326,P101454,SUB200371,1.52,2024-05-21 23:19:16.557817,study_reward
PAY300327,P102939,SUB200372,2.96,2024-05-22 01:10:06.972405,study_reward
PAY300328,P102714,SUB200373,2.96,2024-05-22 03:45:56.129467,study_reward
PAY300329,P102418,SUB200374,6.67,2024-05-22 08:14:57.441688,study_reward
PAY300330,P102010,SUB200375,1.9,2024-05-22 12:19:22.471727,study_reward
PAY300331,P100312,SUB200376,1.9,2024-05-22 12:19:45.213528,study_reward
PAY300332,P101826,SUB200377,7.89,2024-05-22 13:57:38.938281,study_reward
PAY300333,P102829,SUB200378,7.89,2024-05-22 15:38:48.342494,study_reward
PAY300334,P102606,SUB200379,1.79,2024-05-22 21:15:51.825865,study_reward
PAY300335,P102714,SUB200380,6.67,2024-05-23 06:45:56.129467,study_reward
PAY300336,P102528,SUB200381,1.66,2024-05-23 11:52:04.679798,study_reward
PAY300337,P100599,SUB200384,2.07,2024-05-23 21:37:01.269191,study_reward
PAY300338,P102528,SUB200385,2.07,2024-05-23 21:52:04.679798,study_reward
PAY300339,P100569,,5.0,2024-05-23 22:21:36.000000,referral_bonus
PAY300340,P102714,SUB200386,2.96,2024-05-24 02:45:56.129467,study_reward
PAY300341,P102685,SUB200387,6.67,2024-05-24 02:54:06.066527,study_reward
PAY300342,P101264,SUB200388,1.28,2024-05-24 05:15:01.056232,study_reward
PAY300343,P102975,SUB200389,5.45,2024-05-24 05:23:44.618874,study_reward
PAY300344,P100874,SUB200390,1.9,2024-05-24 15:51:53.658605,study_reward
PAY300345,P100168,SUB200391,1.28,2024-05-24 16:42:35.745215,study_reward
PAY300346,P102911,,5.0,2024-05-24 17:12:30.000000,referral_bonus
PAY300347,P102241,SUB200392,1.28,2024-05-24 19:50:24.702732,study_reward
PAY300348,P102294,SUB200393,2.96,2024-05-24 20:12:21.504970,study_reward
PAY300349,P100042,SUB200394,1.13,2024-05-24 21:19:25.501235,study_reward
PAY300350,P102182,SUB200395,1.9,2024-05-24 23:49:06.060763,study_reward
PAY300351,P102203,SUB200396,1.13,2024-05-25 00:28:51.749464,study_reward
PAY300352,P100515,SUB200397,7.89,2024-05-25 02:31:13.694397,study_reward
PAY300353,P101746,SUB200398,1.9,2024-05-25 03:57:57.507025,study_reward
PAY300354,P102829,SUB200399,0.86,2024-05-25 05:38:48.342494,study_reward
PAY300355,P102708,SUB200400,4.57,2024-05-25 05:42:04.478762,study_reward
PAY300356,P100168,SUB200401,1.28,2024-05-25 05:42:35.745215,study_reward
PAY300357,P102297,SUB200402,1.66,2024-05-25 05:53:17.664952,study_reward
PAY300358,P100515,SUB200403,2.96,2024-05-25 08:31:13.694397,study_reward
PAY300359,P102606,SUB200404,0.86,2024-05-25 09:15:51.825865,study_reward
PAY300360,P100821,SUB200406,4.57,2024-05-25 16:46:26.481574,study_reward
PAY300361,P100874,SUB200408,4.57,2024-05-25 18:51:53.658605,study_reward
PAY300362,P100925,SUB200409,1.9,2024-05-25 19:03:34.015547,study_reward
PAY300363,P100290,SUB200410,1.52,2024-05-26 01:40:38.812735,study_reward
PAY300364,P102857,SUB200411,5.45,2024-05-26 03:01:54.796483,study_reward
PAY300365,P100128,SUB200412,1.66,2024-05-26 10:07:26.265763,study_reward
PAY300366,P102829,SUB200413,1.13,2024-05-26 12:38:48.342494,study_reward
PAY300367,P102857,SUB200414,3.05,2024-05-26 13:01:54.796483,study_reward
PAY300368,P102528,SUB200415,1.66,2024-05-26 17:52:04.679798,study_reward
PAY300369,P100977,SUB200416,2.07,2024-05-26 23:20:47.956049,study_reward
PAY300370,P100168,SUB200417,0.86,2024-05-26 23:42:35.745215,study_reward
PAY300371,P100874,SUB200418,2.85,2024-05-27 00:51:53.658605,study_reward
PAY300372,P102231,SUB200419,4.57,2024-05-27 04:35:12.971495,study_reward
PAY300373,P102418,SUB200420,3.05,2024-05-27 07:14:57.441688,study_reward
PAY300374,P101273,SUB200421,1.9,2024-05-27 12:04:44.163551,study_reward
PAY300375,P102857,SUB200422,1.13,2024-05-27 16:01:54.796483,study_reward
PAY300376,P100168,SUB200424,1.13,2024-05-27 19:42:35.745215,study_reward
PAY300377,P102858,SUB200425,1.28,2024-05-27 21:28:38.137176,study_reward
PAY300378,P102418,SUB200426,1.52,2024-05-28 00:14:57.441688,study_reward
PAY300379,P102685,SUB200427,0.86,2024-05-28 03:54:06.066527,study_reward
PAY300380,P100042,SUB200428,4.57,2024-05-28 05:19:25.501235,study_reward
PAY300381,P102606,SUB200429,7.89,2024-05-28 15:15:51.825865,study_reward
PAY300382,P101300,SUB200430,6.67,2024-05-28 17:49:30.981325,study_reward
PAY300383,P101746,SUB200431,2.96,2024-05-28 17:57:57.507025,study_reward
PAY300384,P102939,SUB200432,2.85,2024-05-28 18:10:06.972405,study_reward
PAY300385,P102231,SUB200433,0.86,2024-05-28 20:35:12.971495,study_reward
PAY300386,P101072,SUB200434,1.28,2024-05-29 00:41:57.327102,study_reward
PAY300387,P101049,SUB200435,7.89,2024-05-29 01:15:56.294157,study_reward
PAY300388,P101696,SUB200436,6.67,2024-05-29 02:31:53.164533,study_reward
PAY300389,P101233,SUB200437,1.28,2024-05-29 02:43:53.171631,study_reward
PAY300390,P102231,SUB200438,1.28,2024-05-29 05:35:12.971495,study_reward
PAY300391,P100599,SUB200439,4.57,2024-05-29 06:37:01.269191,study_reward
PAY300392,P102611,SUB200440,2.91,2024-05-29 07:40:22.177941,study_reward
PAY300393,P100925,SUB200441,1.52,2024-05-29 08:03:34.015547,study_reward
PAY300394,P100599,SUB200442,7.89,2024-05-29 08:37:01.269191,study_reward
PAY300395,P101416,SUB200443,1.66,2024-05-29 16:37:18.471647,study_reward
PAY300396,P100599,SUB200444,2.96,2024-05-30 01:37:01.269191,study_reward
PAY300397,P101233,SUB200446,2.91,2024-05-30 03:43:53.171631,study_reward
PAY300398,P102939,SUB200447,0.86,2024-05-30 06:10:06.972405,study_reward
PAY300399,P100145,SUB200448,7.89,2024-05-30 12:12:45.039813,study_reward
PAY300400,P102417,SUB200449,7.89,2024-05-30 12:55:17.050405,study_reward
PAY300401,P101288,SUB200450,6.67,2024-05-30 13:48:44.901843,study_reward
PAY300402,P102601,SUB200451,2.96,2024-05-30 15:52:52.362413,study_reward
PAY300403,P101416,SUB200452,6.67,2024-05-30 17:37:18.471647,study_reward
PAY300404,P101435,SUB200453,2.96,2024-05-30 19:51:08.295330,study_reward
PAY300405,P101454,SUB200454,3.05,2024-05-30 22:19:16.557817,study_reward
PAY300406,P102562,SUB200455,1.66,2024-05-30 23:39:48.836070,study_reward
PAY300407,P101300,SUB200456,0.86,2024-05-31 03:49:30.981325,study_reward
PAY300408,P100925,SUB200457,1.13,2024-05-31 04:03:34.015547,study_reward
PAY300409,P102939,SUB200458,2.96,2024-05-31 04:10:06.972405,study_reward
PAY300410,P102611,SUB200459,4.57,2024-05-31 13:40:22.177941,study_reward
PAY300411,P100579,,15.0,2024-05-31 14:15:51.000000,loyalty_bonus
PAY300412,P100515,SUB200460,6.67,2024-05-31 16:31:13.694397,study_reward
PAY300413,P101746,SUB200461,3.05,2024-05-31 16:57:57.507025,study_reward
PAY300414,P101813,SUB200463,2.07,2024-05-31 17:15:42.602866,study_reward
PAY300415,P101813,SUB200462,3.05,2024-05-31 17:15:42.602866,study_reward
PAY300416,P102939,SUB200464,1.52,2024-06-01 02:10:06.972405,study_reward
PAY300417,P101264,SUB200465,1.9,2024-06-01 06:15:01.056232,study_reward
PAY300418,P102601,SUB200466,2.07,2024-06-01 06:52:52.362413,study_reward
PAY300419,P100290,SUB200467,1.52,2024-06-01 14:40:38.812735,study_reward
PAY300420,P102064,SUB200468,1.13,2024-06-01 17:34:54.314927,study_reward
PAY300421,P100515,SUB200470,5.45,2024-06-01 20:31:13.694397,study_reward
PAY300422,P102064,SUB200471,1.34,2024-06-01 20:34:54.314927,study_reward
PAY300423,P102939,SUB200472,1.66,2024-06-01 21:10:06.972405,study_reward
PAY300424,P100874,SUB200474,4.57,2024-06-02 05:51:53.658605,study_reward
PAY300425,P101049,SUB200475,6.67,2024-06-02 14:15:56.294157,study_reward
PAY300426,P101969,SUB200476,2.37,2024-06-02 17:53:54.250275,study_reward
PAY300427,P100128,SUB200477,4.64,2024-06-02 21:07:26.265763,study_reward
PAY300428,P101288,SUB200478,4.64,2024-06-02 21:48:44.901843,study_reward
PAY300429,P101668,,15.0,2024-06-03 00:22:15.000000,referral_bonus
PAY300430,P100168,SUB200480,3.05,2024-06-03 01:42:35.745215,study_reward
PAY300431,P101826,SUB200481,2.07,2024-06-03 06:57:38.938281,study_reward
PAY300432,P101746,SUB200482,1.52,2024-06-03 06:57:57.507025,study_reward
PAY300433,P100128,SUB200483,3.05,2024-06-03 12:07:26.265763,study_reward
PAY300434,P101264,SUB200484,2.91,2024-06-03 16:15:01.056232,study_reward
PAY300435,P101826,SUB200485,3.05,2024-06-03 17:57:38.938281,study_reward
PAY300436,P102601,SUB200486,1.28,2024-06-03 18:52:52.362413,study_reward
PAY300437,P101416,SUB200487,1.28,2024-06-03 20:37:18.471647,study_reward
PAY300438,P102986,SUB200488,2.91,2024-06-03 23:33:51.609648,study_reward
PAY300439,P100290,SUB200489,2.96,2024-06-04 05:40:38.812735,study_reward
PAY300440,P102780,SUB200491,1.66,2024-06-04 16:27:22.779877,study_reward
PAY300441,P101072,SUB200492,1.28,2024-06-04 21:41:57.327102,study_reward
PAY300442,P102182,SUB200493,1.68,2024-06-04 23:49:06.060763,study_reward
PAY300443,P100300,SUB200495,2.91,2024-06-05 02:08:46.124074,study_reward
PAY300444,P102349,SUB200496,1.52,2024-06-05 04:27:33.034357,study_reward
PAY300445,P102182,SUB200497,0.86,2024-06-05 07:49:06.060763,study_reward
PAY300446,P101940,SUB200498,0.86,2024-06-05 10:49:06.981258,study_reward
PAY300447,P102418,SUB200499,0.86,2024-06-05 14:14:57.441688,study_reward
PAY300448,P100515,SUB200500,7.89,2024-06-05 17:31:13.694397,study_reward
PAY300449,P102418,SUB200501,6.67,2024-06-05 22:14:57.441688,study_reward
PAY300450,P101416,,15.0,2024-06-06 00:56:04.000000,loyalty_bonus
PAY300451,P101072,SUB200502,1.28,2024-06-06 03:41:57.327102,study_reward
PAY300452,P100424,SUB200503,6.67,2024-06-06 04:52:58.182770,study_reward
PAY300453,P101264,SUB200504,7.89,2024-06-06 05:15:01.056232,study_reward
PAY300454,P102562,SUB200505,0.86,2024-06-06 05:39:48.836070,study_reward
PAY300455,P101416,SUB200506,4.57,2024-06-06 06:37:18.471647,study_reward
PAY300456,P102780,SUB200507,2.85,2024-06-06 07:27:22.779877,study_reward
PAY300457,P102562,SUB200508,2.07,2024-06-06 12:39:48.836070,study_reward
PAY300458,P101435,SUB200509,7.89,2024-06-06 16:51:08.295330,study_reward
PAY300459,P100128,SUB200511,7.89,2024-06-06 18:07:26.265763,study_reward
PAY300460,P100424,SUB200512,1.61,2024-06-07 04:52:58.182770,study_reward
PAY300461,P100977,SUB200514,2.07,2024-06-07 14:20:47.956049,study_reward
PAY300462,P102601,SUB200515,6.67,2024-06-07 15:52:52.362413,study_reward
PAY300463,P101300,SUB200516,2.37,2024-06-07 20:49:30.981325,study_reward
PAY300464,P100977,SUB200517,1.9,2024-06-07 22:20:47.956049,study_reward
PAY300465,P102182,SUB200518,1.52,2024-06-07 22:49:06.060763,study_reward
PAY300466,P102606,SUB200519,1.52,2024-06-08 01:15:51.825865,study_reward
PAY300467,P100424,SUB200520,3.05,2024-06-08 03:52:58.182770,study_reward
PAY300468,P100205,SUB200522,1.68,2024-06-08 18:19:39.389944,study_reward
PAY300469,P101454,SUB200523,2.85,2024-06-08 22:19:16.557817,study_reward
PAY300470,P102609,SUB200524,0.5,2024-06-09 00:00:59.687023,study_reward
PAY300471,P100424,SUB200526,1.13,2024-06-09 05:52:58.182770,study_reward
PAY300472,P100312,SUB200527,1.13,2024-06-09 11:19:45.213528,study_reward
PAY300473,P101940,SUB200529,4.64,2024-06-09 22:49:06.981258,study_reward
PAY300474,P100128,SUB200530,1.34,2024-06-10 00:07:26.265763,study_reward
PAY300475,P100290,SUB200531,1.9,2024-06-10 01:40:38.812735,study_reward
PAY300476,P100977,SUB200532,1.9,2024-06-10 02:20:47.956049,study_reward
PAY300477,P100290,SUB200534,0.86,2024-06-10 08:40:38.812735,study_reward
PAY300478,P100821,SUB200535,6.67,2024-06-10 10:46:26.481574,study_reward
PAY300479,P102986,SUB200536,1.9,2024-06-10 16:33:51.609648,study_reward
PAY300480,P100168,SUB200537,2.85,2024-06-10 16:42:35.745215,study_reward
PAY300481,P100874,SUB200538,6.67,2024-06-11 00:51:53.658605,study_reward
PAY300482,P102231,SUB200539,1.66,2024-06-11 02:35:12.971495,study_reward
PAY300483,P102562,SUB200540,1.61,2024-06-11 02:39:48.836070,study_reward
PAY300484,P102601,SUB200541,1.28,2024-06-11 02:52:52.362413,study_reward
PAY300485,P102975,SUB200543,4.57,2024-06-11 06:23:44.618874,study_reward
PAY300486,P101416,SUB200544,1.34,2024-06-11 08:37:18.471647,study_reward
PAY300487,P101746,SUB200545,2.96,2024-06-11 15:57:57.507025,study_reward
PAY300488,P100312,SUB200546,1.66,2024-06-11 17:19:45.213528,study_reward
PAY300489,P100168,SUB200547,2.85,2024-06-11 22:42:35.745215,study_reward
PAY300490,P102858,SUB200548,1.52,2024-06-11 23:28:38.137176,study_reward
PAY300491,P100821,SUB200549,2.07,2024-06-11 23:46:26.481574,study_reward
PAY300492,P102064,SUB200550,1.66,2024-06-12 01:34:54.314927,study_reward
PAY300493,P101049,SUB200551,0.86,2024-06-12 02:15:56.294157,study_reward
PAY300494,P102606,SUB200552,2.07,2024-06-12 08:15:51.825865,study_reward
PAY300495,P102241,SUB200553,4.64,2024-06-12 08:50:24.702732,study_reward
PAY300496,P102528,SUB200554,5.45,2024-06-12 17:52:04.679798,study_reward
PAY300497,P102606,SUB200555,6.67,2024-06-13 00:15:51.825865,study_reward
PAY300498,P100977,SUB200556,2.85,2024-06-14 07:20:47.956049,study_reward
PAY300499,P101799,SUB200557,1.13,2024-06-14 07:48:08.173693,study_reward
PAY300500,P102609,SUB200558,6.67,2024-06-14 08:00:59.687023,study_reward
PAY300501,P100977,SUB200559,7.89,2024-06-14 09:20:47.956049,study_reward
PAY300502,P102231,SUB200560,5.45,2024-06-14 09:35:12.971495,study_reward
PAY300503,P101969,SUB200561,1.28,2024-06-14 11:53:54.250275,study_reward
PAY300504,P101288,SUB200562,7.89,2024-06-14 12:48:44.901843,study_reward
PAY300505,P101300,SUB200563,1.34,2024-06-14 12:49:30.981325,study_reward
PAY300506,P100058,SUB200564,2.96,2024-06-14 15:07:29.417148,study_reward
PAY300507,P102231,SUB200565,2.37,2024-06-14 18:35:12.971495,study_reward
PAY300508,P101940,SUB200566,0.5,2024-06-14 22:49:06.981258,study_reward
PAY300509,P101725,SUB200567,1.28,2024-06-15 00:38:20.803864,study_reward
PAY300510,P102203,SUB200568,1.52,2024-06-15 02:28:51.749464,study_reward
PAY300511,P102224,SUB200569,0.86,2024-06-15 03:05:51.751612,study_reward
PAY300512,P100312,SUB200570,7.89,2024-06-15 03:19:45.213528,study_reward
PAY300513,P100424,SUB200571,4.64,2024-06-15 04:52:58.182770,study_reward
PAY300514,P100128,SUB200572,2.91,2024-06-15 05:07:26.265763,study_reward
PAY300515,P102606,SUB200573,0.86,2024-06-15 05:15:51.825865,study_reward
PAY300516,P100470,SUB200574,1.28,2024-06-15 05:27:18.953310,study_reward
PAY300517,P101288,SUB200575,1.52,2024-06-15 06:48:44.901843,study_reward
PAY300518,P100925,SUB200577,4.57,2024-06-15 15:03:34.015547,study_reward
PAY300519,P102528,SUB200580,7.89,2024-06-15 17:52:04.679798,study_reward
PAY300520,P102549,SUB200581,2.72,2024-06-15 21:13:02.904717,study_reward
PAY300521,P100977,SUB200582,7.89,2024-06-16 03:20:47.956049,study_reward
PAY300522,P101273,SUB200583,4.57,2024-06-16 04:04:44.163551,study_reward
PAY300523,P102858,SUB200584,1.75,2024-06-16 10:28:38.137176,study_reward
PAY300524,P101725,SUB200585,3.85,2024-06-16 12:38:20.803864,study_reward
PAY300525,P101929,SUB200586,2.07,2024-06-16 13:13:35.366091,study_reward
PAY300526,P102609,SUB200587,1.28,2024-06-17 05:00:59.687023,study_reward
PAY300527,P101288,SUB200588,2.85,2024-06-17 08:48:44.901843,study_reward
PAY300528,P102528,SUB200589,0.86,2024-06-17 18:52:04.679798,study_reward
PAY300529,P100470,SUB200592,1.9,2024-06-18 07:27:18.953310,study_reward
PAY300530,P101826,SUB200593,0.8,2024-06-18 09:57:38.938281,study_reward
PAY300531,P100704,SUB200595,1.68,2024-06-18 10:42:49.537938,study_reward
PAY300532,P102231,SUB200597,1.28,2024-06-18 12:35:12.971495,study_reward
PAY300533,P100925,SUB200598,0.86,2024-06-18 15:03:34.015547,study_reward
PAY300534,P102528,SUB200599,1.61,2024-06-18 17:52:04.679798,study_reward
PAY300535,P100290,SUB200600,0.86,2024-06-18 19:40:38.812735,study_reward
PAY300536,P102685,SUB200601,2.37,2024-06-19 00:54:06.066527,study_reward
PAY300537,P100290,SUB200602,4.64,2024-06-19 02:40:38.812735,study_reward
PAY300538,P101416,SUB200603,1.52,2024-06-19 07:37:18.471647,study_reward
PAY300539,P101940,SUB200604,1.75,2024-06-19 10:49:06.981258,study_reward
PAY300540,P100168,SUB200605,2.07,2024-06-19 11:42:35.745215,study_reward
PAY300541,P100704,SUB200606,1.61,2024-06-19 13:42:49.537938,study_reward
PAY300542,P102604,SUB200607,1.61,2024-06-19 21:25:02.060249,study_reward
PAY300543,P101826,SUB200608,0.5,2024-06-19 21:57:38.938281,study_reward
PAY300544,P102986,SUB200609,5.45,2024-06-20 00:33:51.609648,study_reward
PAY300545,P101940,SUB200610,1.34,2024-06-20 00:49:06.981258,study_reward
PAY300546,P100290,SUB200611,2.11,2024-06-20 01:40:38.812735,study_reward
PAY300547,P100424,SUB200612,4.57,2024-06-20 02:52:58.182770,study_reward
PAY300548,P102601,SUB200613,1.13,2024-06-20 06:52:52.362413,study_reward
PAY300549,P100128,SUB200614,7.89,2024-06-20 07:07:26.265763,study_reward
PAY300550,P101696,SUB200615,1.66,2024-06-20 12:31:53.164533,study_reward
PAY300551,P101940,SUB200616,2.37,2024-06-20 12:49:06.981258,study_reward
PAY300552,P101435,SUB200618,2.96,2024-06-20 18:51:08.295330,study_reward
PAY300553,P100128,SUB200619,2.85,2024-06-20 19:07:26.265763,study_reward
PAY300554,P100436,SUB200620,2.07,2024-06-20 19:15:17.811715,study_reward
PAY300555,P101799,SUB200622,3.85,2024-06-20 19:48:08.173693,study_reward
PAY300556,P102604,SUB200623,1.9,2024-06-20 20:25:02.060249,study_reward
PAY300557,P102609,SUB200624,4.64,2024-06-21 02:00:59.687023,study_reward
PAY300558,P100821,SUB200625,2.07,2024-06-21 03:46:26.481574,study_reward
PAY300559,P102549,SUB200626,2.85,2024-06-21 06:13:02.904717,study_reward
PAY300560,P101696,SUB200627,7.89,2024-06-21 06:31:53.164533,study_reward
PAY300561,P100515,SUB200630,3.08,2024-06-21 19:31:13.694397,study_reward
PAY300562,P101029,,15.0,2024-06-21 21:26:40.000000,loyalty_bonus
PAY300563,P100128,SUB200631,0.86,2024-06-21 22:07:26.265763,study_reward
PAY300564,P102246,SUB200632,1.9,2024-06-21 22:45:44.630850,study_reward
PAY300565,P100290,SUB200633,4.57,2024-06-21 23:40:38.812735,study_reward
PAY300566,P100290,SUB200634,2.96,2024-06-22 07:40:38.812735,study_reward
PAY300567,P102246,SUB200635,7.89,2024-06-22 07:45:44.630850,study_reward
PAY300568,P101716,SUB200636,7.89,2024-06-22 14:00:31.906413,study_reward
PAY300569,P102939,SUB200637,2.72,2024-06-22 15:10:06.972405,study_reward
PAY300570,P100599,SUB200638,2.37,2024-06-22 17:37:01.269191,study_reward
PAY300571,P101038,SUB200639,1.79,2024-06-22 18:58:05.344178,study_reward
PAY300572,P100290,SUB200640,2.11,2024-06-22 19:40:38.812735,study_reward
PAY300573,P101725,SUB200641,7.89,2024-06-22 23:38:20.803864,study_reward
PAY300574,P101940,SUB200642,1.66,2024-06-23 01:49:06.981258,study_reward
PAY300575,P101997,SUB200643,1.34,2024-06-23 01:55:45.280561,study_reward
PAY300576,P101826,SUB200644,1.28,2024-06-23 02:57:38.938281,study_reward
PAY300577,P101038,SUB200645,2.11,2024-06-23 10:58:05.344178,study_reward
PAY300578,P100290,SUB200647,2.11,2024-06-23 22:40:38.812735,study_reward
PAY300579,P100128,SUB200648,3.05,2024-06-23 23:07:26.265763,study_reward
PAY300580,P100424,SUB200649,1.75,2024-06-24 05:52:58.182770,study_reward
PAY300581,P100515,SUB200651,2.72,2024-06-24 09:31:13.694397,study_reward
PAY300582,P100354,SUB200652,2.07,2024-06-24 11:05:11.645483,study_reward
PAY300583,P102604,SUB200653,7.89,2024-06-24 12:25:02.060249,study_reward
PAY300584,P100599,SUB200654,3.05,2024-06-24 13:37:01.269191,study_reward
PAY300585,P102182,SUB200656,1.9,2024-06-24 16:49:06.060763,study_reward
PAY300586,P101300,SUB200657,1.61,2024-06-24 17:49:30.981325,study_reward
PAY300587,P102685,SUB200658,5.45,2024-06-24 17:54:06.066527,study_reward
PAY300588,P101187,SUB200659,6.67,2024-06-24 19:58:49.852639,study_reward
PAY300589,P102417,SUB200660,1.75,2024-06-24 21:55:17.050405,study_reward
PAY300590,P101049,SUB200661,2.37,2024-06-25 03:15:56.294157,study_reward
PAY300591,P100850,SUB200662,2.07,2024-06-25 04:57:05.862661,study_reward
PAY300592,P101493,SUB200663,1.61,2024-06-25 09:18:31.502131,study_reward
PAY300593,P102417,SUB200664,1.47,2024-06-25 12:55:17.050405,study_reward
PAY300594,P100515,SUB200665,1.13,2024-06-25 14:31:13.694397,study_reward
PAY300595,P101187,SUB200666,5.45,2024-06-25 15:58:49.852639,study_reward
PAY300596,P101264,SUB200667,1.75,2024-06-25 16:15:01.056232,study_reward
PAY300597,P100599,SUB200668,1.13,2024-06-25 16:37:01.269191,study_reward
PAY300598,P102046,SUB200669,1.61,2024-06-25 21:39:26.323379,study_reward
PAY300599,P102246,SUB200671,2.85,2024-06-26 01:45:44.630850,study_reward
PAY300600,P100128,SUB200672,4.64,2024-06-26 03:07:26.265763,study_reward
PAY300601,P100599,SUB200673,2.07,2024-06-26 06:37:01.269191,study_reward
PAY300602,P101493,SUB200674,1.13,2024-06-26 07:18:31.502131,study_reward
PAY300603,P101264,SUB200675,3.85,2024-06-26 12:15:01.056232,study_reward
PAY300604,P100290,SUB200676,3.05,2024-06-26 16:40:38.812735,study_reward
PAY300605,P101725,SUB200677,4.64,2024-06-26 19:38:20.803864,study_reward
PAY300606,P100821,,5.0,2024-06-27 00:03:37.000000,loyalty_bonus
PAY300607,P100168,SUB200678,0.86,2024-06-27 08:42:35.745215,study_reward
PAY300608,P101826,SUB200679,0.86,2024-06-27 10:57:38.938281,study_reward
PAY300609,P102604,SUB200680,3.05,2024-06-27 13:25:02.060249,study_reward
PAY300610,P101716,SUB200681,1.75,2024-06-27 20:00:31.906413,study_reward
PAY300611,P101985,SUB200682,1.9,2024-06-27 20:04:24.990148,study_reward
PAY300612,P102081,SUB200684,3.05,2024-06-28 00:55:39.977120,study_reward
PAY300613,P101929,SUB200685,3.85,2024-06-28 02:13:35.366091,study_reward
PAY300614,P100168,SUB200686,1.61,2024-06-28 03:42:35.745215,study_reward
PAY300615,P101676,SUB200687,3.47,2024-06-28 03:54:01.745861,study_reward
PAY300616,P101725,SUB200688,0.5,2024-06-28 05:38:20.803864,study_reward
PAY300617,P100311,SUB200689,2.07,2024-06-28 06:56:51.135510,study_reward
PAY300618,P101799,SUB200690,1.66,2024-06-28 07:48:08.173693,study_reward
PAY300619,P101940,SUB200691,4.57,2024-06-28 09:49:06.981258,study_reward
PAY300620,P102562,SUB200692,2.85,2024-06-28 11:39:48.836070,study_reward
PAY300621,P100874,SUB200693,3.05,2024-06-28 11:51:53.658605,study_reward
PAY300622,P102203,SUB200695,2.96,2024-06-28 12:28:51.749464,study_reward
PAY300623,P102989,,15.0,2024-06-28 13:37:52.000000,loyalty_bonus
PAY300624,P102046,SUB200696,2.85,2024-06-28 13:39:26.323379,study_reward
PAY300625,P101233,SUB200697,1.75,2024-06-28 15:43:53.171631,study_reward
PAY300626,P102081,SUB200698,2.91,2024-06-28 15:55:39.977120,study_reward
PAY300627,P101746,SUB200699,1.13,2024-06-28 15:57:57.507025,study_reward
PAY300628,P102606,SUB200700,6.67,2024-06-28 22:15:51.825865,study_reward
PAY300629,P102560,,15.0,2024-06-29 04:20:51.000000,referral_bonus
PAY300630,P102796,SUB200701,1.13,2024-06-29 05:10:36.658253,study_reward
PAY300631,P101696,SUB200702,2.37,2024-06-29 07:31:53.164533,study_reward
PAY300632,P101300,SUB200703,1.34,2024-06-29 11:49:30.981325,study_reward
PAY300633,P101416,SUB200704,1.79,2024-06-29 15:37:18.471647,study_reward
PAY300634,P100599,SUB200705,3.08,2024-06-29 16:37:01.269191,study_reward
PAY300635,P101493,SUB200706,6.67,2024-06-29 21:18:31.502131,study_reward
PAY300636,P102939,SUB200707,2.96,2024-06-29 22:10:06.972405,study_reward
PAY300637,P102604,SUB200708,2.11,2024-06-30 00:25:02.060249,study_reward
PAY300638,P101264,SUB200709,3.85,2024-06-30 08:15:01.056232,study_reward
PAY300639,P101416,SUB200710,2.85,2024-06-30 09:37:18.471647,study_reward
PAY300640,P101233,SUB200711,1.66,2024-06-30 09:43:53.171631,study_reward
PAY300641,P101416,SUB200712,1.9,2024-06-30 12:37:18.471647,study_reward
PAY300642,P102046,SUB200713,3.05,2024-06-30 19:39:26.323379,study_reward
PAY300643,P101746,SUB200714,1.34,2024-06-30 22:57:57.507025,study_reward
PAY300644,P102821,,2.5,2024-07-01 03:15:14.000000,referral_bonus
PAY300645,P101725,SUB200716,0.86,2024-07-01 09:38:20.803864,study_reward
PAY300646,P100068,SUB200718,1.79,2024-07-01 14:04:09.404687,study_reward
PAY300647,P101985,SUB200719,2.72,2024-07-01 18:04:24.990148,study_reward
PAY300648,P101265,SUB200720,2.91,2024-07-01 19:35:24.387082,study_reward
PAY300649,P101049,SUB200721,4.57,2024-07-01 23:15:56.294157,study_reward
PAY300650,P101265,SUB200722,1.79,2024-07-01 23:35:24.387082,study_reward
PAY300651,P102601,SUB200723,2.96,2024-07-01 23:52:52.362413,study_reward
PAY300652,P101985,SUB200724,2.07,2024-07-02 01:04:24.990148,study_reward
PAY300653,P100436,SUB200725,2.85,2024-07-02 04:15:17.811715,study_reward
PAY300654,P100290,SUB200726,1.52,2024-07-02 06:40:38.812735,study_reward
PAY300655,P102417,SUB200727,1.52,2024-07-02 06:55:17.050405,study_reward
PAY300656,P102609,SUB200728,1.47,2024-07-02 07:00:59.687023,study_reward
PAY300657,P100701,SUB200731,0.8,2024-07-02 13:42:01.203346,study_reward
PAY300658,P100424,SUB200732,1.9,2024-07-02 16:52:58.182770,study_reward
PAY300659,P100701,SUB200733,2.37,2024-07-02 22:42:01.203346,study_reward
PAY300660,P100145,SUB200734,1.61,2024-07-02 23:12:45.039813,study_reward
PAY300661,P101265,SUB200735,2.96,2024-07-03 00:35:24.387082,study_reward
PAY300662,P101391,SUB200736,4.64,2024-07-03 00:59:45.178010,study_reward
PAY300663,P102246,SUB200737,2.07,2024-07-03 01:45:44.630850,study_reward
PAY300664,P102081,SUB200738,1.79,2024-07-03 01:55:39.977120,study_reward
PAY300665,P102349,SUB200739,1.79,2024-07-03 03:27:33.034357,study_reward
PAY300666,P102609,SUB200740,3.05,2024-07-03 06:00:59.687023,study_reward
PAY300667,P100925,SUB200741,4.64,2024-07-03 07:03:34.015547,study_reward
PAY300668,P100205,SUB200743,2.07,2024-07-03 10:19:39.389944,study_reward
PAY300669,P102081,SUB200745,3.05,2024-07-03 10:55:39.977120,study_reward
PAY300670,P100603,SUB200746,0.5,2024-07-03 13:50:58.409247,study_reward
PAY300671,P102081,SUB200747,2.07,2024-07-03 13:55:39.977120,study_reward
PAY300672,P102932,SUB200748,4.64,2024-07-03 15:40:17.740480,study_reward
PAY300673,P100436,SUB200749,0.8,2024-07-03 16:15:17.811715,study_reward
PAY300674,P102780,SUB200751,0.5,2024-07-03 18:27:22.779877,study_reward
PAY300675,P101049,SUB200753,7.89,2024-07-03 23:15:56.294157,study_reward
PAY300676,P100168,SUB200754,2.07,2024-07-03 23:42:35.745215,study_reward
PAY300677,P101950,SUB200755,6.67,2024-07-04 01:16:27.219006,study_reward
PAY300678,P101725,SUB200756,1.34,2024-07-04 03:38:20.803864,study_reward
PAY300679,P100472,SUB200757,4.57,2024-07-04 09:46:22.700725,study_reward
PAY300680,P101454,SUB200758,6.67,2024-07-04 10:19:16.557817,study_reward
PAY300681,P101049,SUB200759,4.64,2024-07-04 11:15:56.294157,study_reward
PAY300682,P101454,SUB200760,3.05,2024-07-04 11:19:16.557817,study_reward
PAY300683,P102601,SUB200761,1.13,2024-07-04 11:52:52.362413,study_reward
PAY300684,P101233,SUB200762,2.72,2024-07-04 12:43:53.171631,study_reward
PAY300685,P101049,SUB200763,2.91,2024-07-04 14:15:56.294157,study_reward
PAY300686,P100077,SUB200764,2.85,2024-07-04 16:04:18.431132,study_reward
PAY300687,P101696,SUB200765,1.61,2024-07-04 20:31:53.164533,study_reward
PAY300688,P100603,SUB200766,3.47,2024-07-04 20:50:58.409247,study_reward
PAY300689,P101416,SUB200767,1.28,2024-07-05 03:37:18.471647,study_reward
PAY300690,P102609,SUB200768,7.89,2024-07-05 05:00:59.687023,study_reward
PAY300691,P100925,SUB200769,1.79,2024-07-05 05:03:34.015547,study_reward
PAY300692,P100874,SUB200770,2.37,2024-07-05 08:51:53.658605,study_reward
PAY300693,P101049,SUB200771,1.61,2024-07-05 15:15:56.294157,study_reward
PAY300694,P102606,SUB200772,3.08,2024-07-05 17:15:51.825865,study_reward
PAY300695,P101286,SUB200773,1.47,2024-07-05 18:02:47.784290,study_reward
PAY300696,P100586,SUB200774,2.39,2024-07-05 19:06:55.476984,study_reward
PAY300697,P102241,SUB200775,0.86,2024-07-05 20:50:24.702732,study_reward
PAY300698,P101454,SUB200776,0.8,2024-07-05 22:19:16.557817,study_reward
PAY300699,P100300,SUB200778,2.11,2024-07-06 04:08:46.124074,study_reward
PAY300700,P101454,SUB200779,0.8,2024-07-06 04:19:16.557817,study_reward
PAY300701,P100704,SUB200781,6.67,2024-07-06 08:42:49.537938,study_reward
PAY300702,P102171,SUB200782,5.45,2024-07-06 15:27:06.805561,study_reward
PAY300703,P102528,SUB200783,3.08,2024-07-06 15:52:04.679798,study_reward
PAY300704,P100354,SUB200785,0.8,2024-07-06 23:05:11.645483,study_reward
PAY300705,P100701,SUB200786,0.8,2024-07-07 04:42:01.203346,study_reward
PAY300706,P100586,SUB200787,2.85,2024-07-07 07:06:55.476984,study_reward
PAY300707,P101273,SUB200789,4.57,2024-07-07 08:04:44.163551,study_reward
PAY300708,P101435,SUB200791,2.37,2024-07-07 10:51:08.295330,study_reward
PAY300709,P101696,SUB200792,2.91,2024-07-07 11:31:53.164533,study_reward
PAY300710,P100168,SUB200793,2.37,2024-07-07 11:42:35.745215,study_reward
PAY300711,P102342,SUB200794,1.28,2024-07-07 15:36:40.966367,study_reward
PAY300712,P100290,SUB200795,3.08,2024-07-07 16:40:38.812735,study_reward
PAY300713,P100472,SUB200796,2.72,2024-07-07 16:46:22.700725,study_reward
PAY300714,P100925,SUB200797,2.11,2024-07-07 20:03:34.015547,study_reward
PAY300715,P102401,SUB200798,3.05,2024-07-08 03:23:38.337321,study_reward
PAY300716,P101969,SUB200799,0.8,2024-07-08 05:53:54.250275,study_reward
PAY300717,P100300,SUB200800,0.8,2024-07-08 06:08:46.124074,study_reward
PAY300718,P100300,SUB200802,6.67,2024-07-08 16:08:46.124074,study_reward
PAY300719,P100424,SUB200803,1.75,2024-07-08 21:52:58.182770,study_reward
PAY300720,P101716,SUB200804,3.05,2024-07-08 22:00:31.906413,study_reward
PAY300721,P101034,SUB200805,2.85,2024-07-09 00:40:59.951968,study_reward
PAY300722,P102528,SUB200806,5.45,2024-07-09 01:52:04.679798,study_reward
PAY300723,P100290,SUB200808,1.66,2024-07-09 12:40:38.812735,study_reward
PAY300724,P102609,SUB200809,1.28,2024-07-09 13:00:59.687023,study_reward
PAY300725,P102528,SUB200810,1.66,2024-07-09 13:52:04.679798,study_reward
PAY300726,P102780,SUB200812,4.57,2024-07-09 18:27:22.779877,study_reward
PAY300727,P102417,SUB200813,6.67,2024-07-09 18:55:17.050405,study_reward
PAY300728,P101391,SUB200814,0.86,2024-07-09 21:59:45.178010,study_reward
PAY300729,P100515,SUB200815,7.89,2024-07-09 23:31:13.694397,study_reward
PAY300730,P101300,SUB200816,6.67,2024-07-10 01:49:30.981325,study_reward
PAY300731,P100449,SUB200817,2.63,2024-07-10 03:01:51.164662,study_reward
PAY300732,P100190,SUB200818,6.67,2024-07-10 03:52:25.321987,study_reward
PAY300733,P102827,SUB200819,1.68,2024-07-10 06:23:34.630879,study_reward
PAY300734,P101435,SUB200820,1.68,2024-07-10 06:51:08.295330,study_reward
PAY300735,P102939,SUB200821,1.66,2024-07-10 09:10:06.972405,study_reward
PAY300736,P100515,SUB200822,4.57,2024-07-10 14:31:13.694397,study_reward
PAY300737,P102528,SUB200823,2.07,2024-07-10 18:52:04.679798,study_reward
PAY300738,P101273,SUB200824,3.08,2024-07-10 19:04:44.163551,study_reward
PAY300739,P101132,SUB200825,2.07,2024-07-10 20:36:08.348416,study_reward
PAY300740,P101391,SUB200826,3.47,2024-07-10 22:59:45.178010,study_reward
PAY300741,P101985,SUB200829,1.75,2024-07-11 08:04:24.990148,study_reward
PAY300742,P100201,SUB200830,5.65,2024-07-11 09:34:40.327837,study_reward
PAY300743,P100311,SUB200831,5.45,2024-07-11 10:56:51.135510,study_reward
PAY300744,P101454,SUB200832,1.9,2024-07-11 12:19:16.557817,study_reward
PAY300745,P102246,SUB200833,2.37,2024-07-11 13:45:44.630850,study_reward
PAY300746,P102246,SUB200834,2.85,2024-07-11 14:45:44.630850,study_reward
PAY300747,P100515,SUB200835,7.89,2024-07-11 17:31:13.694397,study_reward
PAY300748,P100168,SUB200836,2.39,2024-07-11 17:42:35.745215,study_reward
PAY300749,P101038,SUB200837,6.67,2024-07-11 20:58:05.344178,study_reward
PAY300750,P101795,SUB200838,0.5,2024-07-11 22:16:36.267571,study_reward
PAY300751,P100515,SUB200839,1.28,2024-07-11 22:31:13.694397,study_reward
PAY300752,P100413,,5.0,2024-07-11 22:52:11.000000,referral_bonus
PAY300753,P102604,SUB200840,3.85,2024-07-11 23:25:02.060249,study_reward
PAY300754,P101696,SUB200841,2.11,2024-07-12 01:31:53.164533,study_reward
PAY300755,P102241,SUB200842,3.05,2024-07-12 03:50:24.702732,study_reward
PAY300756,P101454,SUB200843,0.86,2024-07-12 04:19:16.557817,study_reward
PAY300757,P101265,SUB200844,3.85,2024-07-12 06:35:24.387082,study_reward
PAY300758,P102827,SUB200845,0.86,2024-07-12 08:23:34.630879,study_reward
PAY300759,P102046,SUB200846,1.47,2024-07-12 09:39:26.323379,study_reward
PAY300760,P100436,SUB200847,1.47,2024-07-12 12:15:17.811715,study_reward
PAY300761,P101493,SUB200848,0.86,2024-07-12 13:18:31.502131,study_reward
PAY300762,P101441,SUB200849,3.47,2024-07-12 14:38:05.484956,study_reward
PAY300763,P102118,SUB200850,0.8,2024-07-12 15:16:22.225478,study_reward
PAY300764,P101286,SUB200851,2.37,2024-07-12 16:02:47.784290,study_reward
PAY300765,P101575,SUB200852,6.57,2024-07-12 17:33:18.073797,study_reward
PAY300766,P102418,SUB200853,0.5,2024-07-12 18:14:57.441688,study_reward
PAY300767,P101300,SUB200854,1.28,2024-07-12 18:49:30.981325,study_reward
PAY300768,P101493,SUB200855,2.85,2024-07-12 20:18:31.502131,study_reward
PAY300769,P100168,SUB200856,2.96,2024-07-12 20:42:35.745215,study_reward
PAY300770,P102732,SUB200857,6.57,2024-07-13 02:43:09.766957,study_reward
PAY300771,P102604,SUB200858,0.5,2024-07-13 04:25:02.060249,study_reward
PAY300772,P101795,SUB200859,2.39,2024-07-13 08:16:36.267571,study_reward
PAY300773,P102606,SUB200860,1.47,2024-07-13 12:15:51.825865,study_reward
PAY300774,P102049,,5.0,2024-07-13 13:12:11.000000,loyalty_bonus
PAY300775,P102604,SUB200861,1.9,2024-07-13 13:25:02.060249,study_reward
PAY300776,P102604,SUB200862,6.67,2024-07-13 17:25:02.060249,study_reward
PAY300777,P100515,SUB200863,6.67,2024-07-13 19:31:13.694397,study_reward
PAY300778,P100515,SUB200864,3.85,2024-07-13 20:31:13.694397,study_reward
PAY300779,P100586,SUB200865,1.52,2024-07-13 21:06:55.476984,study_reward
PAY300780,P100603,SUB200866,0.5,2024-07-13 21:50:58.409247,study_reward
PAY300781,P100190,SUB200867,3.47,2024-07-13 21:52:25.321987,study_reward
PAY300782,P100436,SUB200868,1.66,2024-07-13 22:15:17.811715,study_reward
PAY300783,P100701,SUB200869,1.9,2024-07-13 22:42:01.203346,study_reward
PAY300784,P102609,SUB200871,2.13,2024-07-14 01:00:59.687023,study_reward
PAY300785,P101391,SUB200873,1.9,2024-07-14 01:59:45.178010,study_reward
PAY300786,P100354,SUB200874,0.5,2024-07-14 02:05:11.645483,study_reward
PAY300787,P100300,SUB200875,1.68,2024-07-14 03:08:46.124074,study_reward
PAY300788,P101723,SUB200876,2.63,2024-07-14 09:58:33.927638,study_reward
PAY300789,P102222,SUB200877,2.75,2024-07-14 10:16:59.236423,study_reward
PAY300790,P100515,SUB200878,2.96,2024-07-14 10:31:13.694397,study_reward
PAY300791,P100476,SUB200879,2.39,2024-07-14 15:44:38.223887,study_reward
PAY300792,P102417,SUB200880,1.13,2024-07-14 18:55:17.050405,study_reward
PAY300793,P101233,SUB200881,3.05,2024-07-14 19:43:53.171631,study_reward
PAY300794,P101746,SUB200882,0.86,2024-07-14 19:57:57.507025,study_reward
PAY300795,P102796,SUB200883,5.45,2024-07-14 21:10:36.658253,study_reward
PAY300796,P102342,SUB200884,1.66,2024-07-14 21:36:40.966367,study_reward
PAY300797,P101826,SUB200885,2.96,2024-07-14 21:57:38.938281,study_reward
PAY300798,P101723,SUB200886,1.13,2024-07-14 21:58:33.927638,study_reward
PAY300799,P101441,SUB200887,2.39,2024-07-14 23:38:05.484956,study_reward
PAY300800,P101187,SUB200888,5.45,2024-07-15 01:58:49.852639,study_reward
PAY300801,P102046,SUB200889,2.37,2024-07-15 04:39:26.323379,study_reward
PAY300802,P102544,SUB200890,5.45,2024-07-15 05:03:05.526619,study_reward
PAY300803,P101644,SUB200891,7.54,2024-07-15 06:53:08.988693,study_reward
PAY300804,P102609,SUB200893,1.79,2024-07-15 15:00:59.687023,study_reward
PAY300805,P102558,SUB200894,2.96,2024-07-15 22:35:05.000081,study_reward
PAY300806,P102601,SUB200895,1.79,2024-07-16 02:52:52.362413,study_reward
PAY300807,P102222,SUB200896,1.75,2024-07-16 03:16:59.236423,study_reward
PAY300808,P100168,SUB200897,4.57,2024-07-16 04:42:35.745215,study_reward
PAY300809,P102601,SUB200898,2.07,2024-07-16 04:52:52.362413,study_reward
PAY300810,P101575,SUB200899,1.47,2024-07-16 16:33:18.073797,study_reward
PAY300811,P101116,SUB200901,1.61,2024-07-16 19:00:37.338665,study_reward
PAY300812,P101441,SUB200902,7.54,2024-07-16 22:38:05.484956,study_reward
PAY300813,P102246,SUB200903,2.72,2024-07-16 22:45:44.630850,study_reward
PAY300814,P101746,SUB200904,6.67,2024-07-16 22:57:57.507025,study_reward
PAY300815,P102118,SUB200905,4.49,2024-07-17 00:16:22.225478,study_reward
PAY300816,P100168,SUB200906,4.64,2024-07-17 04:42:35.745215,study_reward
PAY300817,P100300,SUB200907,2.72,2024-07-17 05:08:46.124074,study_reward
PAY300818,P101566,,15.0,2024-07-17 07:42:00.000000,referral_bonus
PAY300819,P101597,SUB200908,0.5,2024-07-17 18:22:41.676558,study_reward
PAY300820,P100424,SUB200909,2.13,2024-07-17 21:52:58.182770,study_reward
PAY300821,P101493,SUB200910,5.45,2024-07-17 22:18:31.502131,study_reward
PAY300822,P100311,SUB200912,4.64,2024-07-18 03:56:51.135510,study_reward
PAY300823,P102118,SUB200913,2.39,2024-07-18 04:16:22.225478,study_reward
PAY300824,P102780,SUB200915,1.13,2024-07-18 08:27:22.779877,study_reward
PAY300825,P101950,SUB200916,2.96,2024-07-18 09:16:27.219006,study_reward
PAY300826,P101493,SUB200917,2.39,2024-07-18 10:18:31.502131,study_reward
PAY300827,P102171,SUB200918,4.64,2024-07-18 10:27:06.805561,study_reward
PAY300828,P102732,SUB200919,1.59,2024-07-18 11:43:09.766957,study_reward
PAY300829,P102136,SUB200920,0.5,2024-07-18 18:49:15.129736,study_reward
PAY300830,P101318,SUB200921,2.72,2024-07-18 21:46:11.338238,study_reward
PAY300831,P101286,SUB200922,6.57,2024-07-19 03:02:47.784290,study_reward
PAY300832,P102046,SUB200923,1.9,2024-07-19 03:39:26.323379,study_reward
PAY300833,P101265,SUB200925,3.47,2024-07-19 09:35:24.387082,study_reward
PAY300834,P101187,SUB200926,1.08,2024-07-19 09:58:49.852639,study_reward
PAY300835,P101187,SUB200927,4.18,2024-07-19 09:58:49.852639,study_reward
PAY300836,P102118,SUB200928,1.61,2024-07-19 14:16:22.225478,study_reward
PAY300837,P101746,SUB200929,2.85,2024-07-19 16:57:57.507025,study_reward
PAY300838,P101300,SUB200930,0.5,2024-07-19 18:49:30.981325,study_reward
PAY300839,P100068,SUB200931,1.68,2024-07-19 21:04:09.404687,study_reward
PAY300840,P101300,SUB200934,1.08,2024-07-20 13:49:30.981325,study_reward
PAY300841,P100311,SUB200935,1.47,2024-07-20 13:56:51.135510,study_reward
PAY300842,P101929,SUB200936,0.8,2024-07-20 20:13:35.366091,study_reward
PAY300843,P100982,SUB200937,1.9,2024-07-20 21:15:15.016495,study_reward
PAY300844,P101187,SUB200938,2.11,2024-07-20 22:58:49.852639,study_reward
PAY300845,P102203,SUB200939,2.75,2024-07-20 23:28:51.749464,study_reward
PAY300846,P100300,SUB200940,3.85,2024-07-21 00:08:46.124074,study_reward
PAY300847,P102246,SUB200942,4.18,2024-07-21 03:45:44.630850,study_reward
PAY300848,P100372,SUB200943,1.52,2024-07-21 03:54:43.073541,study_reward
PAY300849,P102528,SUB200944,1.9,2024-07-21 04:52:04.679798,study_reward
PAY300850,P101273,SUB200945,2.39,2024-07-21 10:04:44.163551,study_reward
PAY300851,P101318,SUB200946,1.34,2024-07-21 11:46:11.338238,study_reward
PAY300852,P101132,SUB200947,3.85,2024-07-21 13:36:08.348416,study_reward
PAY300853,P102780,SUB200948,5.45,2024-07-21 23:27:22.779877,study_reward
PAY300854,P102528,SUB200949,2.63,2024-07-22 09:52:04.679798,study_reward
PAY300855,P100515,SUB200951,3.46,2024-07-22 11:31:13.694397,study_reward
PAY300856,P101575,SUB200952,2.91,2024-07-22 11:33:18.073797,study_reward
PAY300857,P102780,SUB200953,7.54,2024-07-22 14:27:22.779877,study_reward
PAY300858,P101391,SUB200955,1.52,2024-07-22 17:59:45.178010,study_reward
PAY300859,P100077,SUB200956,5.45,2024-07-22 18:04:18.431132,study_reward
PAY300860,P102827,SUB200957,0.5,2024-07-22 18:23:34.630879,study_reward
PAY300861,P100283,SUB200959,0.5,2024-07-22 22:28:25.369629,study_reward
PAY300862,P102046,SUB200960,1.08,2024-07-22 23:39:26.323379,study_reward
PAY300863,P100977,SUB200962,2.39,2024-07-23 07:20:47.956049,study_reward
PAY300864,P100676,SUB200963,1.08,2024-07-23 10:48:59.333318,study_reward
PAY300865,P100634,SUB200964,1.13,2024-07-23 11:02:47.436605,study_reward
PAY300866,P101286,SUB200965,3.08,2024-07-23 11:02:47.784290,study_reward
PAY300867,P102528,SUB200966,1.66,2024-07-23 12:52:04.679798,study_reward
PAY300868,P102528,SUB200968,2.39,2024-07-23 17:52:04.679798,study_reward
PAY300869,P101391,SUB200969,1.34,2024-07-23 18:59:45.178010,study_reward
PAY300870,P101826,SUB200970,5.65,2024-07-23 19:57:38.938281,study_reward
PAY300871,P100472,SUB200971,1.61,2024-07-24 00:46:22.700725,study_reward
PAY300872,P101493,SUB200972,2.85,2024-07-24 02:18:31.502131,study_reward
PAY300873,P102780,SUB200973,6.57,2024-07-24 03:27:22.779877,study_reward
PAY300874,P100701,SUB200975,2.72,2024-07-24 11:42:01.203346,study_reward
PAY300875,P100925,SUB200976,3.08,2024-07-24 15:03:34.015547,study_reward
PAY300876,P100701,SUB200977,2.91,2024-07-24 19:42:01.203346,study_reward
PAY300877,P100454,SUB200978,2.91,2024-07-24 20:02:31.997318,study_reward
PAY300878,P100676,SUB200979,5.45,2024-07-25 03:48:59.333318,study_reward
PAY300879,P100099,SUB200980,4.91,2024-07-25 05:25:08.653689,study_reward
PAY300880,P100925,SUB200981,1.79,2024-07-25 06:03:34.015547,study_reward
PAY300881,P102046,SUB200982,1.52,2024-07-25 06:39:26.323379,study_reward
PAY300882,P102136,SUB200985,3.05,2024-07-25 13:49:15.129736,study_reward
PAY300883,P101435,SUB200986,1.79,2024-07-25 14:51:08.295330,study_reward
PAY300884,P102046,SUB200987,1.47,2024-07-25 22:39:26.323379,study_reward
PAY300885,P101593,SUB200989,1.68,2024-07-26 07:01:19.660615,study_reward
PAY300886,P101286,SUB200990,1.79,2024-07-26 10:02:47.784290,study_reward
PAY300887,P101462,SUB200992,6.57,2024-07-26 18:40:59.481595,study_reward
PAY300888,P101286,SUB200993,4.57,2024-07-26 19:02:47.784290,study_reward
PAY300889,P102544,SUB200994,1.61,2024-07-26 23:03:05.526619,study_reward
PAY300890,P101264,SUB200997,3.8,2024-07-27 09:15:01.056232,study_reward
PAY300891,P102046,SUB200998,1.9,2024-07-27 10:39:26.323379,study_reward
PAY300892,P101286,SUB200999,2.39,2024-07-27 13:02:47.784290,study_reward
PAY300893,P100068,SUB201000,1.75,2024-07-27 13:04:09.404687,study_reward
PAY300894,P101435,SUB201001,1.28,2024-07-27 13:51:08.295330,study_reward
PAY300895,P102046,SUB201002,1.7,2024-07-27 14:39:26.323379,study_reward
PAY300896,P102118,SUB201004,0.86,2024-07-27 22:16:22.225478,study_reward
PAY300897,P101264,SUB201005,2.75,2024-07-28 01:15:01.056232,study_reward
PAY300898,P100701,SUB201006,1.66,2024-07-28 03:42:01.203346,study_reward
PAY300899,P100515,SUB201007,3.47,2024-07-28 04:31:13.694397,study_reward
PAY300900,P101300,SUB201008,1.47,2024-07-28 07:49:30.981325,study_reward
PAY300901,P101797,SUB201009,1.32,2024-07-28 08:59:49.918770,study_reward
PAY300902,P101286,SUB201010,2.07,2024-07-28 11:02:47.784290,study_reward
PAY300903,P101985,SUB201011,2.12,2024-07-28 13:04:24.990148,study_reward
PAY300904,P100515,SUB201012,6.67,2024-07-28 14:31:13.694397,study_reward
PAY300905,P100283,SUB201015,1.13,2024-07-28 20:28:25.369629,study_reward
PAY300906,P100400,SUB201016,2.63,2024-07-28 20:41:46.146077,study_reward
PAY300907,P100333,SUB201017,2.07,2024-07-28 23:14:13.080183,study_reward
PAY300908,P101273,SUB201018,1.28,2024-07-29 02:04:44.163551,study_reward
PAY300909,P101795,SUB201019,1.47,2024-07-29 02:16:36.267571,study_reward
PAY300910,P102544,SUB201020,2.07,2024-07-29 03:03:05.526619,study_reward
PAY300911,P100190,SUB201022,2.85,2024-07-29 08:52:25.321987,study_reward
PAY300912,P101723,SUB201023,0.5,2024-07-29 08:58:33.927638,study_reward
PAY300913,P101286,SUB201024,2.07,2024-07-29 09:02:47.784290,study_reward
PAY300914,P102562,SUB201025,1.79,2024-07-29 11:39:48.836070,study_reward
PAY300915,P102298,SUB201026,2.11,2024-07-29 11:56:05.564878,study_reward
PAY300916,P101799,SUB201027,2.37,2024-07-29 15:48:08.173693,study_reward
PAY300917,P101318,SUB201028,2.63,2024-07-29 19:46:11.338238,study_reward
PAY300918,P101286,SUB201029,2.96,2024-07-29 21:02:47.784290,study_reward
PAY300919,P102118,SUB201030,1.79,2024-07-29 21:16:22.225478,study_reward
PAY300920,P102306,SUB201033,1.13,2024-07-30 03:19:52.683359,study_reward
PAY300921,P102171,SUB201034,2.07,2024-07-30 03:27:06.805561,study_reward
PAY300922,P102298,SUB201035,0.86,2024-07-30 03:56:05.564878,study_reward
PAY300923,P101300,SUB201036,4.64,2024-07-30 10:49:30.981325,study_reward
PAY300924,P100168,SUB201037,6.67,2024-07-30 12:42:35.745215,study_reward
PAY300925,P100099,SUB201039,1.59,2024-07-30 18:25:08.653689,study_reward
PAY300926,P101762,SUB201040,1.0,2024-07-30 18:39:23.716494,study_reward
PAY300927,P101264,SUB201041,4.18,2024-07-30 20:15:01.056232,study_reward
PAY300928,P100068,SUB201042,1.32,2024-07-30 21:04:09.404687,study_reward
PAY300929,P101593,SUB201043,6.57,2024-07-30 22:01:19.660615,study_reward
PAY300930,P101746,SUB201044,5.65,2024-07-30 23:57:57.507025,study_reward
PAY300931,P101265,SUB201045,6.57,2024-07-31 00:35:24.387082,study_reward
PAY300932,P102832,SUB201048,1.61,2024-07-31 09:39:42.681837,study_reward
PAY300933,P100476,SUB201049,2.61,2024-07-31 13:44:38.223887,study_reward
PAY300934,P102306,SUB201050,6.67,2024-07-31 17:19:52.683359,study_reward
PAY300935,P101762,SUB201051,1.68,2024-07-31 23:39:23.716494,study_reward
PAY300936,P102222,SUB201052,0.5,2024-08-01 00:16:59.236423,study_reward
PAY300937,P101575,SUB201053,1.13,2024-08-01 01:33:18.073797,study_reward
PAY300938,P102562,SUB201054,1.79,2024-08-01 05:39:48.836070,study_reward
PAY300939,P102049,SUB201055,1.66,2024-08-01 05:44:31.465560,study_reward
PAY300940,P101746,SUB201056,3.08,2024-08-01 06:57:57.507025,study_reward
PAY300941,P102222,SUB201057,4.49,2024-08-01 10:16:59.236423,study_reward
PAY300942,P101795,SUB201058,4.57,2024-08-01 11:16:36.267571,study_reward
PAY300943,P102118,SUB201059,0.86,2024-08-01 19:16:22.225478,study_reward
PAY300944,P102827,SUB201060,4.49,2024-08-02 00:23:34.630879,study_reward
PAY300945,P101435,SUB201061,1.75,2024-08-02 00:51:08.295330,study_reward
PAY300946,P102780,SUB201063,3.05,2024-08-02 02:27:22.779877,study_reward
PAY300947,P100925,SUB201064,2.37,2024-08-02 04:03:34.015547,study_reward
PAY300948,P102604,SUB201065,1.28,2024-08-02 04:25:02.060249,study_reward
PAY300949,P102796,SUB201066,0.44,2024-08-02 11:10:36.658253,study_reward
PAY300950,P102222,SUB201067,6.67,2024-08-02 12:16:59.236423,study_reward
PAY300951,P100400,SUB201068,1.66,2024-08-02 12:41:46.146077,study_reward
PAY300952,P102832,SUB201069,6.57,2024-08-02 13:39:42.681837,study_reward
PAY300953,P100460,SUB201070,1.47,2024-08-02 17:09:31.098146,study_reward
PAY300954,P102246,SUB201071,1.47,2024-08-02 18:45:44.630850,study_reward
PAY300955,P102604,SUB201072,4.64,2024-08-02 20:25:02.060249,study_reward
PAY300956,P100400,SUB201073,1.59,2024-08-03 03:41:46.146077,study_reward
PAY300957,P101435,SUB201074,2.91,2024-08-03 03:51:08.295330,study_reward
PAY300958,P100168,SUB201076,1.13,2024-08-03 06:42:35.745215,study_reward
PAY300959,P102171,SUB201077,0.5,2024-08-03 07:27:06.805561,study_reward
PAY300960,P101795,SUB201078,6.57,2024-08-03 09:16:36.267571,study_reward
PAY300961,P100283,SUB201080,3.05,2024-08-03 13:28:25.369629,study_reward
PAY300962,P102306,SUB201082,1.79,2024-08-03 14:19:52.683359,study_reward
PAY300963,P102171,SUB201083,4.91,2024-08-03 14:27:06.805561,study_reward
PAY300964,P102685,SUB201084,3.47,2024-08-03 14:54:06.066527,study_reward
PAY300965,P101493,SUB201085,6.57,2024-08-03 17:18:31.502131,study_reward
PAY300966,P102732,SUB201087,1.68,2024-08-03 19:43:09.766957,study_reward
PAY300967,P101593,SUB201088,3.47,2024-08-04 09:01:19.660615,study_reward
PAY300968,P100145,SUB201089,7.54,2024-08-04 09:12:45.039813,study_reward
PAY300969,P100676,SUB201090,2.63,2024-08-04 11:48:59.333318,study_reward
PAY300970,P100925,SUB201091,1.79,2024-08-04 12:03:34.015547,study_reward
PAY300971,P102562,SUB201092,5.65,2024-08-04 19:39:48.836070,study_reward
PAY300972,P100476,SUB201094,1.28,2024-08-04 21:44:38.223887,study_reward
PAY300973,P101723,SUB201095,2.11,2024-08-04 21:58:33.927638,study_reward
PAY300974,P100099,SUB201096,3.47,2024-08-04 22:25:08.653689,study_reward
PAY300975,P102943,,10.0,2024-08-05 02:24:29.000000,referral_bonus
PAY300976,P101746,SUB201097,1.68,2024-08-05 04:57:57.507025,study_reward
PAY300977,P102298,SUB201098,2.63,2024-08-05 07:56:05.564878,study_reward
PAY300978,P100068,SUB201099,1.75,2024-08-05 09:04:09.404687,study_reward
PAY300979,P101668,SUB201100,3.05,2024-08-05 10:59:16.237574,study_reward
PAY300980,P100459,SUB201101,0.86,2024-08-05 12:06:33.453258,study_reward
PAY300981,P102832,SUB201102,4.49,2024-08-05 18:39:42.681837,study_reward
PAY300982,P100409,SUB201103,1.9,2024-08-05 22:40:04.382716,study_reward
PAY300983,P101493,SUB201104,3.85,2024-08-05 23:18:31.502131,study_reward
PAY300984,P102246,SUB201105,1.68,2024-08-05 23:45:44.630850,study_reward
PAY300985,P102171,SUB201106,3.05,2024-08-06 01:27:06.805561,study_reward
PAY300986,P102478,SUB201107,1.0,2024-08-06 05:03:36.820788,study_reward
PAY300987,P101668,SUB201108,0.44,2024-08-06 10:59:16.237574,study_reward
PAY300988,P101265,SUB201109,7.54,2024-08-06 12:35:24.387082,study_reward
PAY300989,P102796,SUB201110,2.07,2024-08-06 15:10:36.658253,study_reward
PAY300990,P100117,,10.0,2024-08-06 19:08:17.000000,loyalty_bonus
PAY300991,P101535,SUB201111,1.66,2024-08-06 21:02:22.798175,study_reward
PAY300992,P101318,SUB201114,1.08,2024-08-06 23:46:11.338238,study_reward
PAY300993,P100460,SUB201115,3.32,2024-08-07 02:09:31.098146,study_reward
PAY300994,P102544,SUB201117,2.02,2024-08-07 04:03:05.526619,study_reward
PAY300995,P100068,SUB201118,1.52,2024-08-07 06:04:09.404687,study_reward
PAY300996,P100472,SUB201119,1.59,2024-08-07 06:46:22.700725,study_reward
PAY300997,P102246,SUB201120,6.67,2024-08-07 10:45:44.630850,study_reward
PAY300998,P101187,SUB201121,6.67,2024-08-07 10:58:49.852639,study_reward
PAY300999,P100472,SUB201122,1.68,2024-08-07 12:46:22.700725,study_reward
PAY301000,P100925,SUB201123,1.9,2024-08-07 15:03:34.015547,study_reward
PAY301001,P102478,SUB201124,3.85,2024-08-07 16:03:36.820788,study_reward
PAY301002,P101762,SUB201125,4.91,2024-08-07 17:39:23.716494,study_reward
PAY301003,P102355,SUB201126,0.44,2024-08-07 21:04:27.616861,study_reward
PAY301004,P101297,SUB201127,2.13,2024-08-08 01:42:23.467436,study_reward
PAY301005,P100982,SUB201128,1.75,2024-08-08 03:15:15.016495,study_reward
PAY301006,P101929,SUB201129,7.89,2024-08-08 05:13:35.366091,study_reward
PAY301007,P100037,SUB201130,2.07,2024-08-08 05:58:00.670475,study_reward
PAY301008,P102342,SUB201132,4.91,2024-08-08 06:36:40.966367,study_reward
PAY301009,P101723,SUB201134,5.45,2024-08-08 09:58:33.927638,study_reward
PAY301010,P100429,SUB201135,1.13,2024-08-08 20:15:08.987265,study_reward
PAY301011,P102780,SUB201136,1.28,2024-08-08 21:27:22.779877,study_reward
PAY301012,P101391,SUB201138,3.46,2024-08-08 22:59:45.178010,study_reward
PAY301013,P101762,SUB201139,1.68,2024-08-08 23:39:23.716494,study_reward
PAY301014,P100701,SUB201140,1.61,2024-08-09 00:42:01.203346,study_reward
PAY301015,P100079,SUB201141,1.08,2024-08-09 02:07:42.415842,study_reward
PAY301016,P102604,SUB201143,2.96,2024-08-09 02:25:02.060249,study_reward
PAY301017,P102338,SUB201146,1.59,2024-08-09 09:21:41.297043,study_reward
PAY301018,P102049,SUB201147,7.89,2024-08-09 09:44:31.465560,study_reward
PAY301019,P101676,SUB201148,3.95,2024-08-09 09:54:01.745861,study_reward
PAY301020,P101668,SUB201149,1.59,2024-08-09 17:59:16.237574,study_reward
PAY301021,P101994,,15.0,2024-08-09 18:01:00.000000,referral_bonus
PAY301022,P100454,SUB201150,1.34,2024-08-09 20:02:31.997318,study_reward
PAY301023,P101435,SUB201151,3.85,2024-08-09 20:51:08.295330,study_reward
PAY301024,P102796,SUB201152,1.34,2024-08-09 21:10:36.658253,study_reward
PAY301025,P101187,SUB201153,2.75,2024-08-09 21:58:49.852639,study_reward
PAY301026,P101119,SUB201154,3.47,2024-08-10 01:24:40.491676,study_reward
PAY301027,P101416,SUB201155,1.0,2024-08-10 07:37:18.471647,study_reward
PAY301028,P100472,SUB201156,4.49,2024-08-10 07:46:22.700725,study_reward
PAY301029,P100079,SUB201157,2.37,2024-08-10 08:07:42.415842,study_reward
PAY301030,P101668,SUB201158,6.67,2024-08-10 18:59:16.237574,study_reward
PAY301031,P100634,SUB201159,2.07,2024-08-10 20:02:47.436605,study_reward
PAY301032,P101762,SUB201161,1.79,2024-08-11 01:39:23.716494,study_reward
PAY301033,P102858,SUB201162,1.13,2024-08-11 02:28:38.137176,study_reward
PAY301034,P102706,SUB201163,4.91,2024-08-11 03:23:30.968825,study_reward
PAY301035,P100604,SUB201164,1.11,2024-08-11 06:16:12.549842,study_reward
PAY301036,P101826,SUB201165,1.79,2024-08-11 08:57:38.938281,study_reward
PAY301037,P100546,SUB201167,1.7,2024-08-11 12:43:28.477352,study_reward
PAY301038,P102118,SUB201168,1.28,2024-08-11 15:16:22.225478,study_reward
PAY301039,P102136,SUB201170,3.32,2024-08-11 21:49:15.129736,study_reward
PAY301040,P101416,SUB201172,2.75,2024-08-11 23:37:18.471647,study_reward
PAY301041,P101318,SUB201173,2.61,2024-08-12 00:46:11.338238,study_reward
PAY301042,P102858,SUB201174,2.37,2024-08-12 01:28:38.137176,study_reward
PAY301043,P101435,SUB201175,1.28,2024-08-12 03:51:08.295330,study_reward
PAY301044,P101391,SUB201176,5.45,2024-08-12 03:59:45.178010,study_reward
PAY301045,P101493,SUB201177,2.72,2024-08-12 04:18:31.502131,study_reward
PAY301046,P102118,SUB201178,4.18,2024-08-12 05:16:22.225478,study_reward
PAY301047,P101797,SUB201179,6.67,2024-08-12 06:59:49.918770,study_reward
PAY301048,P101697,SUB201180,3.08,2024-08-12 08:21:50.828030,study_reward
PAY301049,P100539,SUB201182,3.8,2024-08-12 09:58:39.812912,study_reward
PAY301050,P101416,SUB201183,3.05,2024-08-12 11:37:18.471647,study_reward
PAY301051,P102562,SUB201184,1.47,2024-08-12 11:39:48.836070,study_reward
PAY301052,P101233,SUB201185,0.44,2024-08-12 12:43:53.171631,study_reward
PAY301053,P101233,SUB201186,3.95,2024-08-12 13:43:53.171631,study_reward
PAY301054,P101799,SUB201187,1.59,2024-08-12 14:48:08.173693,study_reward
PAY301055,P100546,SUB201189,1.28,2024-08-12 16:43:28.477352,study_reward
PAY301056,P101795,SUB201191,1.7,2024-08-12 21:16:36.267571,study_reward
PAY301057,P101286,SUB201192,1.59,2024-08-12 22:02:47.784290,study_reward
PAY301058,P101985,SUB201193,2.72,2024-08-12 22:04:24.990148,study_reward
PAY301059,P101391,SUB201195,0.8,2024-08-13 04:59:45.178010,study_reward
PAY301060,P102046,SUB201197,3.8,2024-08-13 07:39:26.323379,study_reward
PAY301061,P101821,SUB201198,6.67,2024-08-13 10:01:42.644088,study_reward
PAY301062,P100925,SUB201199,2.85,2024-08-13 14:03:34.015547,study_reward
PAY301063,P101697,SUB201200,1.28,2024-08-13 16:21:50.828030,study_reward
PAY301064,P100938,SUB201201,6.57,2024-08-13 17:51:42.659185,study_reward
PAY301065,P101668,SUB201202,3.85,2024-08-13 20:59:16.237574,study_reward
PAY301066,P101723,SUB201203,1.28,2024-08-13 23:58:33.927638,study_reward
PAY301067,P101493,SUB201204,2.85,2024-08-14 01:18:31.502131,study_reward
PAY301068,P100460,SUB201205,1.52,2024-08-14 02:09:31.098146,study_reward
PAY301069,P102685,SUB201206,1.79,2024-08-14 03:54:06.066527,study_reward
PAY301070,P102222,SUB201207,1.92,2024-08-14 04:16:59.236423,study_reward
PAY301071,P100429,SUB201208,2.75,2024-08-14 06:15:08.987265,study_reward
PAY301072,P100460,SUB201209,7.54,2024-08-14 08:09:31.098146,study_reward
PAY301073,P101297,SUB201210,1.66,2024-08-14 12:42:23.467436,study_reward
PAY301074,P102201,SUB201211,1.52,2024-08-14 14:55:07.248462,study_reward
PAY301075,P101795,SUB201212,4.57,2024-08-14 16:16:36.267571,study_reward
PAY301076,P100099,SUB201213,1.75,2024-08-14 16:25:08.653689,study_reward
PAY301077,P101265,SUB201214,2.12,2024-08-14 17:35:24.387082,study_reward
PAY301078,P101187,SUB201216,2.96,2024-08-14 17:58:49.852639,study_reward
PAY301079,P101199,SUB201217,1.68,2024-08-14 18:11:04.190570,study_reward
PAY301080,P102203,SUB201218,3.46,2024-08-14 20:28:51.749464,study_reward
PAY301081,P102796,SUB201219,2.63,2024-08-15 04:10:36.658253,study_reward
PAY301082,P102298,SUB201220,2.37,2024-08-15 05:56:05.564878,study_reward
PAY301083,P101416,SUB201221,1.79,2024-08-15 07:37:18.471647,study_reward
PAY301084,P101416,SUB201222,4.49,2024-08-15 12:37:18.471647,study_reward
PAY301085,P102222,SUB201223,4.49,2024-08-15 16:16:59.236423,study_reward
PAY301086,P102558,SUB201224,2.39,2024-08-15 16:35:05.000081,study_reward
PAY301087,P100925,SUB201225,3.05,2024-08-15 20:03:34.015547,study_reward
PAY301088,P101286,SUB201226,2.63,2024-08-15 23:02:47.784290,study_reward
PAY301089,P102678,SUB201227,1.32,2024-08-16 00:06:51.608948,study_reward
PAY301090,P102241,SUB201228,2.75,2024-08-16 00:50:24.702732,study_reward
PAY301091,P100400,SUB201230,3.05,2024-08-16 02:41:46.146077,study_reward
PAY301092,P102528,SUB201231,2.11,2024-08-16 02:52:04.679798,study_reward
PAY301093,P102678,SUB201232,3.05,2024-08-16 05:06:51.608948,study_reward
PAY301094,P101799,SUB201233,1.0,2024-08-16 06:48:08.173693,study_reward
PAY301095,P101723,SUB201234,2.96,2024-08-16 09:58:33.927638,study_reward
PAY301096,P101646,SUB201235,2.61,2024-08-16 11:50:25.422685,study_reward
PAY301097,P102110,SUB201236,1.34,2024-08-16 13:16:51.294470,study_reward
PAY301098,P101300,SUB201238,3.47,2024-08-16 14:49:30.981325,study_reward
PAY301099,P102118,SUB201239,1.68,2024-08-16 17:16:22.225478,study_reward
PAY301100,P102241,SUB201240,3.08,2024-08-16 17:50:24.702732,study_reward
PAY301101,P102476,SUB201241,0.44,2024-08-16 23:30:51.891223,study_reward
PAY301102,P102046,SUB201242,5.45,2024-08-17 01:39:26.323379,study_reward
PAY301103,P102136,SUB201243,2.91,2024-08-17 18:49:15.129736,study_reward
PAY301104,P101441,SUB201244,2.96,2024-08-17 20:38:05.484956,study_reward
PAY301105,P102528,SUB201245,2.91,2024-08-17 21:52:04.679798,study_reward
PAY301106,P100832,SUB201246,0.44,2024-08-17 23:49:38.564646,study_reward
PAY301107,P101821,SUB201247,1.08,2024-08-18 01:01:42.644088,study_reward
PAY301108,P101187,SUB201249,3.05,2024-08-18 04:58:49.852639,study_reward
PAY301109,P102832,SUB201250,1.34,2024-08-18 06:39:42.681837,study_reward
PAY301110,P102476,SUB201251,2.13,2024-08-18 07:30:51.891223,study_reward
PAY301111,P101696,SUB201253,7.89,2024-08-18 08:31:53.164533,study_reward
PAY301112,P101696,SUB201254,2.37,2024-08-18 11:31:53.164533,study_reward
PAY301113,P100701,SUB201255,1.66,2024-08-18 12:42:01.203346,study_reward
PAY301114,P102049,SUB201256,2.72,2024-08-18 15:44:31.465560,study_reward
PAY301115,P100726,SUB201257,6.57,2024-08-18 17:34:27.086381,study_reward
PAY301116,P102241,SUB201258,1.9,2024-08-18 19:50:24.702732,study_reward
PAY301117,P101265,SUB201259,2.85,2024-08-18 20:35:24.387082,study_reward
PAY301118,P100459,SUB201260,0.44,2024-08-18 22:06:33.453258,study_reward
PAY301119,P101119,SUB201261,3.08,2024-08-18 22:24:40.491676,study_reward
PAY301120,P100588,SUB201262,1.75,2024-08-18 22:45:06.155373,study_reward
PAY301121,P101297,SUB201263,4.57,2024-08-19 02:42:23.467436,study_reward
PAY301122,P101119,SUB201264,1.11,2024-08-19 03:24:40.491676,study_reward
PAY301123,P101797,SUB201265,3.08,2024-08-19 04:59:49.918770,study_reward
PAY301124,P102609,SUB201266,1.13,2024-08-19 08:00:59.687023,study_reward
PAY301125,P101592,SUB201267,3.95,2024-08-19 12:05:10.547461,study_reward
PAY301126,P102832,SUB201268,1.0,2024-08-19 14:39:42.681837,study_reward
PAY301127,P101593,SUB201269,2.96,2024-08-19 18:01:19.660615,study_reward
PAY301128,P102306,SUB201270,1.61,2024-08-19 20:19:52.683359,study_reward
PAY301129,P101676,SUB201271,1.66,2024-08-19 20:54:01.745861,study_reward
PAY301130,P101985,SUB201273,7.89,2024-08-19 22:04:24.990148,study_reward
PAY301131,P101300,SUB201274,1.34,2024-08-20 00:49:30.981325,study_reward
PAY301132,P100701,SUB201275,1.79,2024-08-20 01:42:01.203346,study_reward
PAY301133,P101132,SUB201276,1.61,2024-08-20 02:36:08.348416,study_reward
PAY301134,P102778,,5.0,2024-08-20 05:44:01.000000,loyalty_bonus
PAY301135,P101985,SUB201277,3.8,2024-08-20 07:04:24.990148,study_reward
PAY301136,P101297,SUB201278,3.32,2024-08-20 07:42:23.467436,study_reward
PAY301137,P101644,SUB201279,5.65,2024-08-20 07:53:08.988693,study_reward
PAY301138,P102136,SUB201281,1.9,2024-08-20 08:49:15.129736,study_reward
PAY301139,P101644,SUB201282,1.47,2024-08-20 08:53:08.988693,study_reward
PAY301140,P102118,SUB201283,2.96,2024-08-20 09:16:22.225478,study_reward
PAY301141,P102359,SUB201284,1.91,2024-08-20 10:24:22.094471,study_reward
PAY301142,P102246,SUB201285,3.47,2024-08-20 12:45:44.630850,study_reward
PAY301143,P100090,SUB201286,2.96,2024-08-20 14:13:55.119792,study_reward
PAY301144,P101119,SUB201287,7.89,2024-08-20 16:24:40.491676,study_reward
PAY301145,P101416,SUB201288,5.02,2024-08-20 17:37:18.471647,study_reward
PAY301146,P101535,SUB201289,1.28,2024-08-20 19:02:22.798175,study_reward
PAY301147,P101387,SUB201290,0.8,2024-08-20 19:34:04.479938,study_reward
PAY301148,P102562,SUB201291,1.79,2024-08-20 21:39:48.836070,study_reward
PAY301149,P100672,SUB201292,2.61,2024-08-20 22:04:45.822848,study_reward
PAY301150,P102049,SUB201293,2.96,2024-08-21 01:44:31.465560,study_reward
PAY301151,P101286,SUB201294,3.05,2024-08-21 06:02:47.784290,study_reward
PAY301152,P100283,SUB201296,1.9,2024-08-21 06:28:25.369629,study_reward
PAY301153,P100066,SUB201297,4.91,2024-08-21 10:58:33.438206,study_reward
PAY301154,P100409,SUB201298,1.61,2024-08-21 14:40:04.382716,study_reward
PAY301155,P100925,SUB201299,3.32,2024-08-21 18:03:34.015547,study_reward
PAY301156,P100515,SUB201300,6.67,2024-08-21 20:31:13.694397,study_reward
PAY301157,P100068,SUB201301,1.08,2024-08-21 21:04:09.404687,study_reward
PAY301158,P101119,SUB201302,2.72,2024-08-21 23:24:40.491676,study_reward
PAY301159,P101300,SUB201303,1.92,2024-08-22 01:49:30.981325,study_reward
PAY301160,P102706,SUB201304,4.91,2024-08-22 02:23:30.968825,study_reward
PAY301161,P101391,SUB201305,5.02,2024-08-22 02:59:45.178010,study_reward
PAY301162,P101391,SUB201307,4.91,2024-08-22 04:59:45.178010,study_reward
PAY301163,P100066,SUB201309,1.52,2024-08-22 06:58:33.438206,study_reward
PAY301164,P101435,SUB201310,1.34,2024-08-22 07:51:08.295330,study_reward
PAY301165,P101067,SUB201311,1.61,2024-08-22 07:56:25.568477,study_reward
PAY301166,P100726,SUB201313,1.79,2024-08-22 10:34:27.086381,study_reward
PAY301167,P102049,SUB201314,1.0,2024-08-22 11:44:31.465560,study_reward
PAY301168,P102685,SUB201315,3.8,2024-08-22 13:54:06.066527,study_reward
PAY301169,P100588,SUB201316,2.91,2024-08-22 15:45:06.155373,study_reward
PAY301170,P100090,SUB201317,5.65,2024-08-22 19:13:55.119792,study_reward
PAY301171,P102478,SUB201318,5.02,2024-08-22 21:03:36.820788,study_reward
PAY301172,P100546,SUB201320,2.39,2024-08-22 22:43:28.477352,study_reward
PAY301173,P100460,SUB201321,1.68,2024-08-23 01:09:31.098146,study_reward
PAY301174,P101795,SUB201322,1.32,2024-08-23 01:16:36.267571,study_reward
PAY301175,P102046,SUB201323,3.47,2024-08-23 01:39:26.323379,study_reward
PAY301176,P101187,SUB201324,0.86,2024-08-23 02:58:49.852639,study_reward
PAY301177,P100460,SUB201325,4.49,2024-08-23 07:09:31.098146,study_reward
PAY301178,P101697,SUB201326,1.75,2024-08-23 07:21:50.828030,study_reward
PAY301179,P102118,SUB201327,2.96,2024-08-23 08:16:22.225478,study_reward
PAY301180,P102476,SUB201328,1.28,2024-08-23 09:30:51.891223,study_reward
PAY301181,P102685,SUB201329,2.13,2024-08-23 09:54:06.066527,study_reward
PAY301182,P100460,SUB201330,2.75,2024-08-23 10:09:31.098146,study_reward
PAY301183,P101265,SUB201331,6.57,2024-08-23 11:35:24.387082,study_reward
PAY301184,P102685,SUB201332,2.91,2024-08-23 11:54:06.066527,study_reward
PAY301185,P100604,SUB201333,1.66,2024-08-23 12:16:12.549842,study_reward
PAY301186,P101723,SUB201334,7.54,2024-08-23 12:58:33.927638,study_reward
PAY301187,P102609,SUB201335,1.47,2024-08-23 13:00:59.687023,study_reward
PAY301188,P101929,SUB201336,2.85,2024-08-23 14:13:35.366091,study_reward
PAY301189,P101233,SUB201337,2.96,2024-08-23 17:43:53.171631,study_reward
PAY301190,P101300,SUB201339,1.08,2024-08-23 18:49:30.981325,study_reward
PAY301191,P101391,SUB201340,3.46,2024-08-23 18:59:45.178010,study_reward
PAY301192,P100925,SUB201341,0.44,2024-08-23 19:03:34.015547,study_reward
PAY301193,P101950,SUB201342,1.52,2024-08-23 19:16:27.219006,study_reward
PAY301194,P101644,SUB201343,1.61,2024-08-23 21:53:08.988693,study_reward
PAY301195,P101795,SUB201344,1.47,2024-08-24 06:16:36.267571,study_reward
PAY301196,P100409,SUB201345,3.46,2024-08-24 08:40:04.382716,study_reward
PAY301197,P101644,SUB201346,1.92,2024-08-24 08:53:08.988693,study_reward
PAY301198,P101434,SUB201347,1.66,2024-08-24 09:25:21.429850,study_reward
PAY301199,P100472,SUB201348,3.32,2024-08-24 09:46:22.700725,study_reward
PAY301200,P101109,SUB201349,4.64,2024-08-24 18:02:47.975989,study_reward
PAY301201,P101161,SUB201350,1.79,2024-08-24 18:09:31.815930,study_reward
PAY301202,P100866,SUB201351,2.39,2024-08-24 20:00:17.158213,study_reward
PAY301203,P101286,SUB201352,2.63,2024-08-24 21:02:47.784290,study_reward
PAY301204,P100459,SUB201353,2.07,2024-08-24 21:06:33.453258,study_reward
PAY301205,P102551,SUB201354,0.8,2024-08-24 22:23:37.117919,study_reward
PAY301206,P101297,SUB201355,0.8,2024-08-25 01:42:23.467436,study_reward
PAY301207,P101300,SUB201356,6.57,2024-08-25 13:49:30.981325,study_reward
PAY301208,P102203,SUB201357,1.47,2024-08-25 18:28:51.749464,study_reward
PAY301209,P100168,SUB201359,1.7,2024-08-25 21:42:35.745215,study_reward
PAY301210,P102678,SUB201360,2.11,2024-08-26 04:06:51.608948,study_reward
PAY301211,P102858,SUB201361,4.49,2024-08-26 04:28:38.137176,study_reward
PAY301212,P101462,SUB201362,2.63,2024-08-26 06:40:59.481595,study_reward
PAY301213,P101746,SUB201363,6.57,2024-08-26 07:57:57.507025,study_reward
PAY301214,P100190,SUB201364,2.63,2024-08-26 10:52:25.321987,study_reward
PAY301215,P102455,SUB201366,5.45,2024-08-26 13:00:47.301646,study_reward
PAY301216,P101585,SUB201367,5.02,2024-08-26 15:03:41.909621,study_reward
PAY301217,P101109,SUB201368,1.66,2024-08-26 16:02:47.975989,study_reward
PAY301218,P101391,SUB201369,3.08,2024-08-26 19:59:45.178010,study_reward
PAY301219,P100066,SUB201370,5.02,2024-08-26 20:58:33.438206,study_reward
PAY301220,P100454,SUB201371,3.85,2024-08-26 21:02:31.997318,study_reward
PAY301221,P100312,SUB201372,2.91,2024-08-26 21:19:45.213528,study_reward
PAY301222,P102046,SUB201373,2.75,2024-08-27 00:39:26.323379,study_reward
PAY301223,P101161,SUB201374,1.0,2024-08-27 01:09:31.815930,study_reward
PAY301224,P102306,SUB201376,2.12,2024-08-27 02:19:52.683359,study_reward
PAY301225,P100539,SUB201377,2.63,2024-08-27 03:58:39.812912,study_reward
PAY301226,P102706,SUB201378,2.39,2024-08-27 04:23:30.968825,study_reward
PAY301227,P101593,SUB201379,1.28,2024-08-27 05:01:19.660615,study_reward
PAY301228,P102359,SUB201380,0.5,2024-08-27 06:24:22.094471,study_reward
PAY301229,P102528,SUB201381,4.57,2024-08-27 06:52:04.679798,study_reward
PAY301230,P101109,SUB201382,1.66,2024-08-27 07:02:47.975989,study_reward
PAY301231,P102246,SUB201383,3.95,2024-08-27 07:45:44.630850,study_reward
PAY301232,P100760,SUB201384,4.57,2024-08-27 12:29:02.000458,study_reward
PAY301233,P101697,SUB201386,3.8,2024-08-27 13:21:50.828030,study_reward
PAY301234,P102355,SUB201388,3.85,2024-08-27 14:04:27.616861,study_reward
PAY301235,P101187,SUB201389,1.0,2024-08-27 17:58:49.852639,study_reward
PAY301236,P102528,SUB201390,1.47,2024-08-27 19:52:04.679798,study_reward
PAY301237,P101265,SUB201391,1.61,2024-08-27 23:35:24.387082,study_reward
PAY301238,P101265,SUB201392,3.08,2024-08-28 01:35:24.387082,study_reward
PAY301239,P100701,SUB201393,0.86,2024-08-28 02:42:01.203346,study_reward
PAY301240,P100283,SUB201394,5.45,2024-08-28 03:28:25.369629,study_reward
PAY301241,P100066,SUB201395,0.86,2024-08-28 04:58:33.438206,study_reward
PAY301242,P102551,SUB201396,9.33,2024-08-28 06:23:37.117919,study_reward
PAY301243,P102306,SUB201397,2.85,2024-08-28 07:19:52.683359,study_reward
PAY301244,P100472,SUB201398,0.86,2024-08-28 09:46:22.700725,study_reward
PAY301245,P102118,SUB201399,1.13,2024-08-28 13:16:22.225478,study_reward
PAY301246,P102476,SUB201400,1.32,2024-08-28 13:30:51.891223,study_reward
PAY301247,P102355,SUB201402,6.57,2024-08-28 16:04:27.616861,study_reward
PAY301248,P102359,SUB201403,2.37,2024-08-28 16:24:22.094471,study_reward
PAY301249,P100409,SUB201404,2.72,2024-08-28 19:40:04.382716,study_reward
PAY301250,P100454,SUB201405,0.86,2024-08-28 23:02:31.997318,study_reward
PAY301251,P101493,SUB201406,2.85,2024-08-28 23:18:31.502131,study_reward
PAY301252,P102537,SUB201407,9.33,2024-08-29 00:18:11.943058,study_reward
PAY301253,P101725,SUB201408,2.96,2024-08-29 00:38:20.803864,study_reward
PAY301254,P101950,SUB201409,2.37,2024-08-29 02:16:27.219006,study_reward
PAY301255,P102359,SUB201411,7.89,2024-08-29 10:24:22.094471,study_reward
PAY301256,P100946,SUB201413,6.95,2024-08-29 14:04:05.184147,study_reward
PAY301257,P102732,SUB201414,1.61,2024-08-29 19:43:09.766957,study_reward
PAY301258,P101462,SUB201415,1.0,2024-08-29 20:40:59.481595,study_reward
PAY301259,P101493,SUB201416,1.92,2024-08-30 00:18:31.502131,study_reward
PAY301260,P100938,SUB201417,2.13,2024-08-30 02:51:42.659185,study_reward
PAY301261,P101723,SUB201418,5.65,2024-08-30 02:58:33.927638,study_reward
PAY301262,P101265,SUB201419,4.49,2024-08-30 05:35:24.387082,study_reward
PAY301263,P101985,SUB201420,2.61,2024-08-30 06:04:24.990148,study_reward
PAY301264,P100090,SUB201421,0.5,2024-08-30 06:13:55.119792,study_reward
PAY301265,P101950,SUB201422,4.57,2024-08-30 07:16:27.219006,study_reward
PAY301266,P100283,SUB201423,1.75,2024-08-30 07:28:25.369629,study_reward
PAY301267,P101119,SUB201424,1.59,2024-08-30 19:24:40.491676,study_reward
PAY301268,P100168,SUB201425,2.39,2024-08-30 20:42:35.745215,study_reward
PAY301269,P102241,SUB201426,1.7,2024-08-30 20:50:24.702732,study_reward
PAY301270,P101593,SUB201427,3.8,2024-08-30 21:01:19.660615,study_reward
PAY301271,P102478,SUB201428,0.86,2024-08-30 23:03:36.820788,study_reward
PAY301272,P101462,SUB201429,4.49,2024-08-31 00:40:59.481595,study_reward
PAY301273,P100068,SUB201430,2.63,2024-08-31 01:04:09.404687,study_reward
PAY301274,P100698,SUB201431,1.59,2024-08-31 01:12:09.596034,study_reward
PAY301275,P101233,SUB201432,1.68,2024-08-31 02:43:53.171631,study_reward
PAY301276,P100515,SUB201433,2.85,2024-08-31 05:31:13.694397,study_reward
PAY301277,P101441,SUB201435,1.92,2024-08-31 09:38:05.484956,study_reward
PAY301278,P101697,SUB201436,4.64,2024-08-31 10:21:50.828030,study_reward
PAY301279,P100760,SUB201437,3.95,2024-08-31 10:29:02.000458,study_reward
PAY301280,P100925,SUB201438,2.72,2024-08-31 13:03:34.015547,study_reward
PAY301281,P102604,SUB201439,0.86,2024-08-31 13:25:02.060249,study_reward
PAY301282,P101441,SUB201440,3.46,2024-08-31 13:38:05.484956,study_reward
PAY301283,P100589,SUB201441,0.8,2024-08-31 13:54:41.612919,study_reward
PAY301284,P101929,SUB201442,2.39,2024-08-31 14:13:35.366091,study_reward
PAY301285,P102298,SUB201443,1.9,2024-08-31 15:56:05.564878,study_reward
PAY301286,P102455,SUB201444,1.75,2024-08-31 17:00:47.301646,study_reward
PAY301287,P100066,SUB201445,6.57,2024-08-31 17:58:33.438206,study_reward
PAY301288,P101119,SUB201446,1.79,2024-08-31 19:24:40.491676,study_reward
PAY301289,P101821,SUB201447,5.45,2024-08-31 21:01:42.644088,study_reward
PAY301290,P102359,SUB201448,1.08,2024-08-31 23:24:22.094471,study_reward
PAY301291,P100589,SUB201449,0.86,2024-08-31 23:54:41.612919,study_reward
PAY301292,P100283,SUB201450,1.13,2024-09-01 00:28:25.369629,study_reward
PAY301293,P101723,SUB201452,4.18,2024-09-01 00:58:33.927638,study_reward
PAY301294,P101790,SUB201453,1.61,2024-09-01 02:52:07.028919,study_reward
PAY301295,P101265,SUB201454,2.85,2024-09-01 05:35:24.387082,study_reward
PAY301296,P102544,SUB201455,3.85,2024-09-01 07:03:05.526619,study_reward
PAY301297,P101233,SUB201456,5.45,2024-09-01 08:43:53.171631,study_reward
PAY301298,P101583,,2.5,2024-09-01 08:54:10.000000,referral_bonus
PAY301299,P102747,SUB201457,2.07,2024-09-01 09:31:38.749638,study_reward
PAY301300,P100472,SUB201458,1.59,2024-09-01 09:46:22.700725,study_reward
PAY301301,P102136,SUB201459,7.54,2024-09-01 15:49:15.129736,study_reward
PAY301302,P102544,SUB201460,1.47,2024-09-01 16:03:05.526619,study_reward
PAY301303,P100515,SUB201461,1.0,2024-09-01 21:31:13.694397,study_reward
PAY301304,P101585,SUB201462,7.89,2024-09-01 22:03:41.909621,study_reward
PAY301305,P101161,SUB201463,7.89,2024-09-02 02:09:31.815930,study_reward
PAY301306,P101067,SUB201464,1.61,2024-09-02 03:56:25.568477,study_reward
PAY301307,P100866,SUB201465,5.29,2024-09-02 04:00:17.158213,study_reward
PAY301308,P100589,SUB201466,0.86,2024-09-02 05:54:41.612919,study_reward
PAY301309,P102807,SUB201468,1.92,2024-09-02 08:49:17.957037,study_reward
PAY301310,P102246,SUB201470,1.52,2024-09-02 13:45:44.630850,study_reward
PAY301311,P100946,SUB201471,2.37,2024-09-02 14:04:05.184147,study_reward
PAY301312,P102401,SUB201472,5.02,2024-09-02 14:23:38.337321,study_reward
PAY301313,P100589,SUB201473,1.13,2024-09-02 14:54:41.612919,study_reward
PAY301314,P101644,SUB201474,4.18,2024-09-02 15:53:08.988693,study_reward
PAY301315,P101199,SUB201475,2.96,2024-09-02 16:11:04.190570,study_reward
PAY301316,P101821,SUB201476,1.92,2024-09-02 17:01:42.644088,study_reward
PAY301317,P101462,SUB201479,6.57,2024-09-02 19:40:59.481595,study_reward
PAY301318,P100589,SUB201480,4.18,2024-09-02 19:54:41.612919,study_reward
PAY301319,P100472,SUB201481,2.37,2024-09-02 22:46:22.700725,study_reward
PAY301320,P101109,SUB201482,1.92,2024-09-02 23:02:47.975989,study_reward
PAY301321,P101493,SUB201483,1.7,2024-09-02 23:18:31.502131,study_reward
PAY301322,P102136,SUB201485,3.05,2024-09-03 02:49:15.129736,study_reward
PAY301323,P101199,SUB201486,3.95,2024-09-03 03:11:04.190570,study_reward
PAY301324,P100866,SUB201487,5.02,2024-09-03 05:00:17.158213,study_reward
PAY301325,P102110,SUB201488,3.08,2024-09-03 09:16:51.294470,study_reward
PAY301326,P102609,SUB201489,6.57,2024-09-03 19:00:59.687023,study_reward
PAY301327,P102102,SUB201490,3.85,2024-09-03 19:29:53.581426,study_reward
PAY301328,P101416,SUB201491,6.67,2024-09-03 19:37:18.471647,study_reward
PAY301329,P100589,SUB201492,3.95,2024-09-04 01:54:41.612919,study_reward
PAY301330,P100589,SUB201493,1.34,2024-09-04 01:54:41.612919,study_reward
PAY301331,P101723,SUB201494,9.33,2024-09-04 01:58:33.927638,study_reward
PAY301332,P101867,SUB201495,2.85,2024-09-04 02:11:26.841623,study_reward
PAY301333,P102604,SUB201497,4.57,2024-09-04 05:25:02.060249,study_reward
PAY301334,P102306,SUB201498,6.67,2024-09-04 09:19:52.683359,study_reward
PAY301335,P101821,SUB201499,4.91,2024-09-04 12:01:42.644088,study_reward
PAY301336,P102604,SUB201500,0.86,2024-09-04 12:25:02.060249,study_reward
PAY301337,P102996,SUB201501,2.63,2024-09-04 13:28:24.975382,study_reward
PAY301338,P102401,SUB201502,2.61,2024-09-04 14:23:38.337321,study_reward
PAY301339,P101725,SUB201503,2.39,2024-09-04 15:38:20.803864,study_reward
PAY301340,P102298,SUB201504,3.47,2024-09-04 15:56:05.564878,study_reward
PAY301341,P101493,SUB201505,2.12,2024-09-04 17:18:31.502131,study_reward
PAY301342,P100576,SUB201506,3.85,2024-09-04 18:29:19.654622,study_reward
PAY301343,P102241,SUB201509,5.65,2024-09-05 03:50:24.702732,study_reward
PAY301344,P102136,SUB201510,3.05,2024-09-05 04:49:15.129736,study_reward
PAY301345,P100168,SUB201511,0.5,2024-09-05 05:42:35.745215,study_reward
PAY301346,P102298,SUB201512,7.54,2024-09-05 06:56:05.564878,study_reward
PAY301347,P100311,SUB201513,2.75,2024-09-05 06:56:51.135510,study_reward
PAY301348,P102678,SUB201514,0.8,2024-09-05 08:06:51.608948,study_reward
PAY301349,P100409,SUB201515,1.68,2024-09-05 09:40:04.382716,study_reward
PAY301350,P101441,SUB201517,1.32,2024-09-05 13:38:05.484956,study_reward
PAY301351,P100128,SUB201518,5.46,2024-09-05 14:07:26.265763,study_reward
PAY301352,P101762,SUB201519,1.79,2024-09-05 19:39:23.716494,study_reward
PAY301353,P101593,SUB201520,5.02,2024-09-05 20:01:19.660615,study_reward
PAY301354,P102609,SUB201521,6.16,2024-09-05 21:00:59.687023,study_reward
PAY301355,P101585,SUB201522,2.13,2024-09-05 21:03:41.909621,study_reward
PAY301356,P102858,SUB201524,6.16,2024-09-05 21:28:38.137176,study_reward
PAY301357,P101697,SUB201526,0.8,2024-09-06 01:21:50.828030,study_reward
PAY301358,P102241,SUB201527,1.75,2024-09-06 02:50:24.702732,study_reward
PAY301359,P101233,SUB201528,1.32,2024-09-06 03:43:53.171631,study_reward
PAY301360,P101585,SUB201529,1.47,2024-09-06 05:03:41.909621,study_reward
PAY301361,P102832,SUB201530,2.96,2024-09-06 06:39:42.681837,study_reward
PAY301362,P101392,SUB201531,2.85,2024-09-06 07:20:53.183781,study_reward
PAY301363,P101265,SUB201532,5.29,2024-09-06 09:35:24.387082,study_reward
PAY301364,P100459,SUB201534,1.7,2024-09-06 12:06:33.453258,study_reward
PAY301365,P102391,SUB201535,1.28,2024-09-06 13:30:21.363214,study_reward
PAY301366,P102537,SUB201536,4.91,2024-09-06 15:18:11.943058,study_reward
PAY301367,P101233,SUB201537,2.37,2024-09-06 15:43:53.171631,study_reward
PAY301368,P101799,SUB201538,2.75,2024-09-06 15:48:08.173693,study_reward
PAY301369,P100454,SUB201539,3.08,2024-09-06 16:02:31.997318,study_reward
PAY301370,P101884,SUB201540,1.91,2024-09-06 16:57:23.269972,study_reward
PAY301371,P101087,SUB201541,10.53,2024-09-06 20:34:38.617092,study_reward
PAY301372,P101985,SUB201543,5.02,2024-09-06 23:04:24.990148,study_reward
PAY301373,P100946,SUB201544,1.79,2024-09-07 00:04:05.184147,study_reward
PAY301374,P101696,SUB201545,5.02,2024-09-07 00:31:53.164533,study_reward
PAY301375,P100409,SUB201546,4.18,2024-09-07 00:40:04.382716,study_reward
PAY301376,P101233,SUB201547,1.08,2024-09-07 06:43:53.171631,study_reward
PAY301377,P101156,SUB201549,0.86,2024-09-07 11:47:51.147785,study_reward
PAY301378,P101392,SUB201550,1.68,2024-09-07 18:20:53.183781,study_reward
PAY301379,P100600,SUB201551,0.91,2024-09-07 20:19:41.290341,study_reward
PAY301380,P100515,SUB201553,4.57,2024-09-08 04:31:13.694397,study_reward
PAY301381,P100283,SUB201554,1.52,2024-09-08 05:28:25.369629,study_reward
PAY301382,P100997,SUB201555,3.95,2024-09-08 07:24:22.562930,study_reward
PAY301383,P100454,SUB201558,4.64,2024-09-08 13:02:31.997318,study_reward
PAY301384,P101762,SUB201560,5.29,2024-09-08 18:39:23.716494,study_reward
PAY301385,P101265,SUB201562,1.7,2024-09-08 22:35:24.387082,study_reward
PAY301386,P102685,SUB201563,1.9,2024-09-08 22:54:06.066527,study_reward
PAY301387,P102246,SUB201564,1.91,2024-09-08 23:45:44.630850,study_reward
PAY301388,P102391,SUB201565,7.54,2024-09-09 00:30:21.363214,study_reward
PAY301389,P100311,SUB201566,0.91,2024-09-09 01:56:51.135510,study_reward
PAY301390,P102439,SUB201567,0.44,2024-09-09 01:59:57.389886,study_reward
PAY301391,P101867,SUB201568,0.5,2024-09-09 02:11:26.841623,study_reward
PAY301392,P100866,SUB201569,3.46,2024-09-09 03:00:17.158213,study_reward
PAY301393,P102551,SUB201570,2.61,2024-09-09 04:23:37.117919,study_reward
PAY301394,P101725,SUB201571,2.61,2024-09-09 04:38:20.803864,study_reward
PAY301395,P101593,SUB201572,3.95,2024-09-09 05:01:19.660615,study_reward
PAY301396,P100068,SUB201573,5.29,2024-09-09 05:04:09.404687,study_reward
PAY301397,P100832,SUB201574,2.96,2024-09-09 07:49:38.564646,study_reward
PAY301398,P101678,SUB201575,9.33,2024-09-09 09:03:53.722025,study_reward
PAY301399,P102551,SUB201576,2.75,2024-09-09 10:23:37.117919,study_reward
PAY301400,P102604,SUB201577,2.91,2024-09-09 10:25:02.060249,study_reward
PAY301401,P101762,SUB201578,9.33,2024-09-09 12:39:23.716494,study_reward
PAY301402,P102046,SUB201579,1.61,2024-09-09 15:39:26.323379,study_reward
PAY301403,P101585,SUB201580,0.8,2024-09-09 16:03:41.909621,study_reward
PAY301404,P102558,SUB201581,10.53,2024-09-09 16:35:05.000081,study_reward
PAY301405,P100068,SUB201582,3.32,2024-09-09 17:04:09.404687,study_reward
PAY301406,P102110,SUB201583,1.61,2024-09-09 17:16:51.294470,study_reward
PAY301407,P100505,SUB201584,5.78,2024-09-09 18:24:36.791357,study_reward
PAY301408,P100128,SUB201586,6.57,2024-09-10 00:07:26.265763,study_reward
PAY301409,P100515,SUB201587,2.11,2024-09-10 00:31:13.694397,study_reward
PAY301410,P101416,SUB201588,2.96,2024-09-10 01:37:18.471647,study_reward
PAY301411,P102306,SUB201589,1.0,2024-09-10 02:19:52.683359,study_reward
PAY301412,P101392,SUB201590,0.44,2024-09-10 02:20:53.183781,study_reward
PAY301413,P102391,SUB201591,6.95,2024-09-10 03:30:21.363214,study_reward
PAY301414,P102609,SUB201592,2.61,2024-09-10 07:00:59.687023,study_reward
PAY301415,P100168,SUB201593,2.72,2024-09-10 07:42:35.745215,study_reward
PAY301416,P100066,SUB201594,1.61,2024-09-10 07:58:33.438206,study_reward
PAY301417,P100168,SUB201596,1.08,2024-09-10 10:42:35.745215,study_reward
PAY301418,P101119,SUB201597,3.95,2024-09-10 11:24:40.491676,study_reward
PAY301419,P101095,SUB201598,2.91,2024-09-10 15:04:59.871460,study_reward
PAY301420,P100128,SUB201599,1.28,2024-09-10 16:07:26.265763,study_reward
PAY301421,P100409,SUB201600,2.85,2024-09-10 16:40:04.382716,study_reward
PAY301422,P100589,SUB201601,0.67,2024-09-10 18:54:41.612919,study_reward
PAY301423,P101690,SUB201602,2.26,2024-09-10 21:53:19.391737,study_reward
PAY301424,P100801,SUB201603,6.67,2024-09-10 22:21:41.704462,study_reward
PAY301425,P101392,SUB201604,6.57,2024-09-11 01:20:53.183781,study_reward
PAY301426,P101790,SUB201605,2.75,2024-09-11 03:52:07.028919,study_reward
PAY301427,P101161,SUB201607,1.47,2024-09-11 04:09:31.815930,study_reward
PAY301428,P100312,SUB201609,2.61,2024-09-11 10:19:45.213528,study_reward
PAY301429,P100576,SUB201610,1.61,2024-09-11 11:29:19.654622,study_reward
PAY301430,P101585,SUB201611,7.54,2024-09-11 13:03:41.909621,study_reward
PAY301431,P102935,SUB201612,3.8,2024-09-11 13:19:26.567221,study_reward
PAY301432,P101762,SUB201614,1.47,2024-09-11 21:39:23.716494,study_reward
PAY301433,P101109,SUB201615,7.54,2024-09-12 00:02:47.975989,study_reward
PAY301434,P100801,SUB201616,4.18,2024-09-12 01:21:41.704462,study_reward
PAY301435,P101119,SUB201617,5.46,2024-09-12 06:24:40.491676,study_reward
PAY301436,P101095,SUB201618,6.57,2024-09-12 07:04:59.871460,study_reward
PAY301437,P101434,SUB201619,2.02,2024-09-12 08:25:21.429850,study_reward
PAY301438,P101592,SUB201620,6.16,2024-09-12 10:05:10.547461,study_reward
PAY301439,P102298,SUB201621,1.47,2024-09-12 12:56:05.564878,study_reward
PAY301440,P101109,SUB201622,1.28,2024-09-12 14:02:47.975989,study_reward
PAY301441,P101884,SUB201624,5.78,2024-09-12 15:57:23.269972,study_reward
PAY301442,P101723,SUB201625,1.08,2024-09-12 15:58:33.927638,study_reward
PAY301443,P102747,SUB201626,1.61,2024-09-12 16:31:38.749638,study_reward
PAY301444,P102359,SUB201627,3.8,2024-09-12 17:24:22.094471,study_reward
PAY301445,P101318,SUB201628,6.16,2024-09-12 17:46:11.338238,study_reward
PAY301446,P102455,SUB201629,4.18,2024-09-12 18:00:47.301646,study_reward
PAY301447,P101799,SUB201630,1.66,2024-09-12 19:48:08.173693,study_reward
PAY301448,P101592,SUB201631,2.61,2024-09-13 00:05:10.547461,study_reward
PAY301449,P101799,SUB201632,3.32,2024-09-13 01:48:08.173693,study_reward
PAY301450,P100079,SUB201633,3.85,2024-09-13 07:07:42.415842,study_reward
PAY301451,P100701,SUB201634,1.47,2024-09-13 11:42:01.203346,study_reward
PAY301452,P101392,SUB201635,0.67,2024-09-13 14:20:53.183781,study_reward
PAY301453,P102439,SUB201636,2.96,2024-09-13 16:59:57.389886,study_reward
PAY301454,P101592,SUB201637,1.79,2024-09-13 20:05:10.547461,study_reward
PAY301455,P100556,SUB201638,6.67,2024-09-13 20:59:20.265969,study_reward
PAY301456,P101799,SUB201639,6.57,2024-09-13 21:48:08.173693,study_reward
PAY301457,P101884,SUB201640,0.91,2024-09-13 21:57:23.269972,study_reward
PAY301458,P100997,SUB201641,2.85,2024-09-13 22:24:22.562930,study_reward
PAY301459,P102858,SUB201642,3.95,2024-09-13 22:28:38.137176,study_reward
PAY301460,P101624,SUB201643,5.45,2024-09-13 22:55:51.460989,study_reward
PAY301461,P101199,SUB201644,2.02,2024-09-14 02:11:04.190570,study_reward
PAY301462,P100239,SUB201645,2.61,2024-09-14 03:46:21.508654,study_reward
PAY301463,P102551,SUB201646,0.91,2024-09-14 05:23:37.117919,study_reward
PAY301464,P101392,SUB201647,7.54,2024-09-14 06:20:53.183781,study_reward
PAY301465,P100505,SUB201648,5.02,2024-09-14 08:24:36.791357,study_reward
PAY301466,P100952,SUB201649,1.34,2024-09-14 09:22:05.617507,study_reward
PAY301467,P101265,SUB201650,2.37,2024-09-14 09:35:24.387082,study_reward
PAY301468,P100925,SUB201651,3.8,2024-09-14 11:03:34.015547,study_reward
PAY301469,P101199,SUB201652,3.08,2024-09-14 11:11:04.190570,study_reward
PAY301470,P101690,SUB201653,0.8,2024-09-14 11:53:19.391737,study_reward
PAY301471,P100946,SUB201654,4.49,2024-09-14 15:04:05.184147,study_reward
PAY301472,P101592,SUB201655,5.58,2024-09-14 16:05:10.547461,study_reward
PAY301473,P100090,SUB201656,6.95,2024-09-14 16:13:55.119792,study_reward
PAY301474,P100312,SUB201657,1.9,2024-09-14 16:19:45.213528,study_reward
PAY301475,P100760,SUB201658,10.53,2024-09-14 16:29:02.000458,study_reward
PAY301476,P101725,SUB201659,4.49,2024-09-14 16:38:20.803864,study_reward
PAY301477,P102832,SUB201661,3.47,2024-09-14 19:39:42.681837,study_reward
PAY301478,P100623,,15.0,2024-09-14 20:08:19.000000,loyalty_bonus
PAY301479,P102439,SUB201663,1.52,2024-09-15 03:59:57.389886,study_reward
PAY301480,P101199,SUB201664,0.44,2024-09-15 05:11:04.190570,study_reward
PAY301481,P100454,SUB201665,2.11,2024-09-15 08:02:31.997318,study_reward
PAY301482,P102201,SUB201666,2.96,2024-09-15 11:55:07.248462,study_reward
PAY301483,P100576,SUB201667,5.29,2024-09-15 14:29:19.654622,study_reward
PAY301484,P100409,SUB201668,1.98,2024-09-15 14:40:04.382716,study_reward
PAY301485,P101265,SUB201669,0.5,2024-09-15 15:35:24.387082,study_reward
PAY301486,P100202,SUB201671,5.65,2024-09-15 17:22:20.134729,study_reward
PAY301487,P101725,SUB201672,5.45,2024-09-15 18:38:20.803864,study_reward
PAY301488,P101087,SUB201673,2.91,2024-09-16 00:34:38.617092,study_reward
PAY301489,P101725,SUB201674,1.13,2024-09-16 00:38:20.803864,study_reward
PAY301490,P101095,SUB201675,1.13,2024-09-16 01:04:59.871460,study_reward
PAY301491,P100472,SUB201676,3.47,2024-09-16 02:46:22.700725,study_reward
PAY301492,P102678,SUB201677,1.66,2024-09-16 03:06:51.608948,study_reward
PAY301493,P101493,SUB201678,6.57,2024-09-16 06:18:31.502131,study_reward
PAY301494,P101297,SUB201679,1.47,2024-09-16 06:42:23.467436,study_reward
PAY301495,P102879,SUB201680,7.54,2024-09-16 09:46:13.775568,study_reward
PAY301496,P100175,SUB201681,1.75,2024-09-16 10:21:41.742141,study_reward
PAY301497,P100505,SUB201682,2.63,2024-09-16 11:24:36.791357,study_reward
PAY301498,P101387,SUB201683,1.08,2024-09-16 13:34:04.479938,study_reward
PAY301499,P101723,SUB201685,7.8,2024-09-16 16:58:33.927638,study_reward
PAY301500,P101265,SUB201686,1.98,2024-09-16 17:35:24.387082,study_reward
PAY301501,P101392,SUB201687,2.75,2024-09-16 18:20:53.183781,study_reward
PAY301502,P100576,SUB201688,3.8,2024-09-16 21:29:19.654622,study_reward
PAY301503,P101723,SUB201689,4.49,2024-09-17 01:58:33.927638,study_reward
PAY301504,P100515,SUB201690,2.91,2024-09-17 04:31:13.694397,study_reward
PAY301505,P100730,SUB201691,5.58,2024-09-17 05:41:41.484152,study_reward
PAY301506,P100068,SUB201692,2.63,2024-09-17 06:04:09.404687,study_reward
PAY301507,P101993,SUB201693,5.45,2024-09-17 06:33:00.883519,study_reward
PAY301508,P100013,,5.0,2024-09-17 07:46:26.000000,referral_bonus
PAY301509,P102609,SUB201695,1.47,2024-09-17 11:00:59.687023,study_reward
PAY301510,P100515,SUB201696,3.85,2024-09-17 13:31:13.694397,study_reward
PAY301511,P102201,SUB201697,1.75,2024-09-17 15:55:07.248462,study_reward
PAY301512,P102118,SUB201698,7.63,2024-09-17 17:16:22.225478,study_reward
PAY301513,P102832,SUB201699,0.86,2024-09-17 18:39:42.681837,study_reward
PAY301514,P100589,SUB201700,4.57,2024-09-17 20:54:41.612919,study_reward
PAY301515,P101462,SUB201701,1.7,2024-09-17 21:40:59.481595,study_reward
PAY301516,P102935,SUB201702,1.32,2024-09-18 00:19:26.567221,study_reward
PAY301517,P101725,SUB201703,2.11,2024-09-18 00:38:20.803864,study_reward
PAY301518,P100760,SUB201704,1.13,2024-09-18 02:29:02.000458,study_reward
PAY301519,P101723,SUB201705,3.08,2024-09-18 02:58:33.927638,study_reward
PAY301520,P101821,SUB201706,2.13,2024-09-18 03:01:42.644088,study_reward
PAY301521,P100472,SUB201707,1.28,2024-09-18 03:46:22.700725,study_reward
PAY301522,P100721,SUB201708,1.67,2024-09-18 04:06:21.040220,study_reward
PAY301523,P102879,SUB201709,4.57,2024-09-18 04:46:13.775568,study_reward
PAY301524,P102455,SUB201710,4.64,2024-09-18 05:00:47.301646,study_reward
PAY301525,P102393,SUB201711,4.18,2024-09-18 05:23:26.891493,study_reward
PAY301526,P101105,SUB201712,4.64,2024-09-18 05:43:43.886534,study_reward
PAY301527,P101318,SUB201713,1.23,2024-09-18 05:46:11.338238,study_reward
PAY301528,P100885,SUB201714,2.75,2024-09-18 06:48:02.142018,study_reward
PAY301529,P100701,SUB201715,1.59,2024-09-18 08:42:01.203346,study_reward
PAY301530,P101265,SUB201716,0.86,2024-09-18 10:35:24.387082,study_reward
PAY301531,P101821,SUB201717,0.5,2024-09-18 11:01:42.644088,study_reward
PAY301532,P100128,SUB201720,1.52,2024-09-18 12:07:26.265763,study_reward
PAY301533,P102391,SUB201721,2.91,2024-09-18 12:30:21.363214,study_reward
PAY301534,P101095,SUB201723,7.8,2024-09-18 21:04:59.871460,study_reward
PAY301535,P102203,SUB201724,6.16,2024-09-18 21:28:51.749464,study_reward
PAY301536,P101723,SUB201725,1.59,2024-09-18 22:58:33.927638,study_reward
PAY301537,P101095,SUB201726,2.96,2024-09-19 00:04:59.871460,study_reward
PAY301538,P100505,SUB201727,3.85,2024-09-19 02:24:36.791357,study_reward
PAY301539,P102102,SUB201728,1.28,2024-09-19 02:29:53.581426,study_reward
PAY301540,P101690,SUB201729,1.66,2024-09-19 02:53:19.391737,study_reward
PAY301541,P101109,SUB201731,1.7,2024-09-19 09:02:47.975989,study_reward
PAY301542,P101268,,5.0,2024-09-19 09:08:54.000000,loyalty_bonus
PAY301543,P100432,,15.0,2024-09-19 10:32:08.000000,loyalty_bonus
PAY301544,P102858,SUB201732,5.65,2024-09-19 14:28:38.137176,study_reward
PAY301545,P100515,SUB201733,1.68,2024-09-19 14:31:13.694397,study_reward
PAY301546,P101723,SUB201734,6.67,2024-09-19 16:58:33.927638,study_reward
PAY301547,P100493,SUB201736,2.85,2024-09-19 19:55:09.076824,study_reward
PAY301548,P101387,SUB201737,1.66,2024-09-19 20:34:04.479938,study_reward
PAY301549,P101993,SUB201739,1.83,2024-09-20 05:33:00.883519,study_reward
PAY301550,P102685,SUB201741,2.72,2024-09-20 16:54:06.066527,study_reward
PAY301551,P100111,SUB201742,5.29,2024-09-20 19:46:45.845240,study_reward
PAY301552,P101592,SUB201743,6.67,2024-09-20 23:05:10.547461,study_reward
PAY301553,P101536,SUB201744,5.45,2024-09-20 23:09:24.252261,study_reward
PAY301554,P102241,SUB201746,3.95,2024-09-21 00:50:24.702732,study_reward
PAY301555,P100175,SUB201747,4.91,2024-09-21 01:21:41.742141,study_reward
PAY301556,P100459,SUB201748,0.5,2024-09-21 03:06:33.453258,study_reward
PAY301557,P101585,SUB201749,0.67,2024-09-21 04:03:41.909621,study_reward
PAY301558,P101821,SUB201750,1.92,2024-09-21 07:01:42.644088,study_reward
PAY301559,P100730,SUB201751,4.18,2024-09-21 08:41:41.484152,study_reward
PAY301560,P101233,SUB201752,2.13,2024-09-21 10:43:53.171631,study_reward
PAY301561,P100588,SUB201753,3.8,2024-09-21 10:45:06.155373,study_reward
PAY301562,P101493,SUB201754,6.06,2024-09-21 11:18:31.502131,study_reward
PAY301563,P102455,SUB201755,6.67,2024-09-21 12:00:47.301646,study_reward
PAY301564,P102391,SUB201756,0.67,2024-09-21 12:30:21.363214,study_reward
PAY301565,P102241,SUB201757,4.57,2024-09-21 13:50:24.702732,study_reward
PAY301566,P100556,SUB201759,5.45,2024-09-21 14:59:20.265969,study_reward
PAY301567,P102858,SUB201760,2.63,2024-09-21 18:28:38.137176,study_reward
PAY301568,P100556,SUB201761,1.52,2024-09-21 19:59:20.265969,study_reward
PAY301569,P101493,SUB201762,0.64,2024-09-21 20:18:31.502131,study_reward
PAY301570,P102102,SUB201763,1.0,2024-09-21 22:29:53.581426,study_reward
PAY301571,P100175,SUB201765,1.08,2024-09-22 03:21:41.742141,study_reward
PAY301572,P102685,SUB201766,3.47,2024-09-22 03:54:06.066527,study_reward
PAY301573,P102478,SUB201767,1.23,2024-09-22 09:03:36.820788,study_reward
PAY301574,P102401,SUB201769,2.96,2024-09-22 10:23:38.337321,study_reward
PAY301575,P102391,SUB201770,5.58,2024-09-22 12:30:21.363214,study_reward
PAY301576,P102455,SUB201771,4.64,2024-09-22 13:00:47.301646,study_reward
PAY301577,P102551,SUB201772,5.46,2024-09-22 13:23:37.117919,study_reward
PAY301578,P100947,,10.0,2024-09-22 14:44:49.000000,referral_bonus
PAY301579,P102832,SUB201773,5.78,2024-09-22 15:39:42.681837,study_reward
PAY301580,P101416,SUB201774,1.47,2024-09-22 16:37:18.471647,study_reward
PAY301581,P100721,SUB201775,2.12,2024-09-22 17:06:21.040220,study_reward
PAY301582,P100333,SUB201776,2.91,2024-09-22 18:14:13.080183,study_reward
PAY301583,P102859,SUB201777,1.32,2024-09-22 18:18:36.864306,study_reward
PAY301584,P100202,SUB201778,1.11,2024-09-22 19:22:20.134729,study_reward
PAY301585,P100505,SUB201779,3.85,2024-09-22 20:24:36.791357,study_reward
PAY301586,P101536,SUB201780,6.16,2024-09-22 21:09:24.252261,study_reward
PAY301587,P102879,SUB201781,1.52,2024-09-22 23:46:13.775568,study_reward
PAY301588,P100600,SUB201782,2.02,2024-09-23 02:19:41.290341,study_reward
PAY301589,P100128,SUB201783,1.11,2024-09-23 05:07:26.265763,study_reward
PAY301590,P102222,SUB201784,1.92,2024-09-23 07:16:59.236423,study_reward
PAY301591,P100934,SUB201785,1.23,2024-09-23 13:17:52.310304,study_reward
PAY301592,P102102,SUB201786,1.79,2024-09-23 13:29:53.581426,study_reward
PAY301593,P102558,SUB201787,2.12,2024-09-23 15:35:05.000081,study_reward
PAY301594,P100946,SUB201788,2.11,2024-09-23 18:04:05.184147,study_reward
PAY301595,P101535,SUB201789,7.54,2024-09-23 20:02:22.798175,study_reward
PAY301596,P100946,SUB201790,7.54,2024-09-23 21:04:05.184147,study_reward
PAY301597,P102222,SUB201791,1.92,2024-09-23 21:16:59.236423,study_reward
PAY301598,P101585,SUB201792,7.89,2024-09-23 22:03:41.909621,study_reward
PAY301599,P102551,SUB201793,1.61,2024-09-23 22:23:37.117919,study_reward
PAY301600,P101416,SUB201794,5.02,2024-09-24 03:37:18.471647,study_reward
PAY301601,P100784,SUB201795,4.91,2024-09-24 04:17:00.791259,study_reward
PAY301602,P101416,SUB201796,1.98,2024-09-24 04:37:18.471647,study_reward
PAY301603,P101109,SUB201797,1.28,2024-09-24 06:02:47.975989,study_reward
PAY301604,P101697,SUB201798,1.52,2024-09-24 07:21:50.828030,study_reward
PAY301605,P100556,SUB201799,7.54,2024-09-24 07:59:20.265969,study_reward
PAY301606,P100866,SUB201800,1.11,2024-09-24 09:00:17.158213,study_reward
PAY301607,P102558,SUB201801,5.65,2024-09-24 09:35:05.000081,study_reward
PAY301608,P102478,SUB201802,2.72,2024-09-24 11:03:36.820788,study_reward
PAY301609,P101862,SUB201803,1.79,2024-09-24 11:07:05.904687,study_reward
PAY301610,P101161,SUB201804,1.92,2024-09-24 12:09:31.815930,study_reward
PAY301611,P100721,SUB201805,0.44,2024-09-24 13:06:21.040220,study_reward
PAY301612,P101862,SUB201806,7.8,2024-09-24 13:07:05.904687,study_reward
PAY301613,P101678,SUB201807,3.8,2024-09-24 14:03:53.722025,study_reward
PAY301614,P100409,SUB201808,2.75,2024-09-24 14:40:04.382716,study_reward
PAY301615,P102996,SUB201809,1.61,2024-09-24 18:28:24.975382,study_reward
PAY301616,P101156,SUB201810,0.86,2024-09-24 19:47:51.147785,study_reward
PAY301617,P101212,SUB201811,0.8,2024-09-24 20:35:08.764101,study_reward
PAY301618,P100066,SUB201812,2.61,2024-09-24 21:58:33.438206,study_reward
PAY301619,P101199,SUB201813,3.34,2024-09-24 22:11:04.190570,study_reward
PAY301620,P101646,SUB201815,6.95,2024-09-24 22:50:25.422685,study_reward
PAY301621,P102118,SUB201816,1.68,2024-09-25 00:16:22.225478,study_reward
PAY301622,P102558,SUB201817,2.1,2024-09-25 01:35:05.000081,study_reward
PAY301623,P101762,SUB201818,7.54,2024-09-25 01:39:23.716494,study_reward
PAY301624,P102066,SUB201819,4.57,2024-09-25 02:05:55.579005,study_reward
PAY301625,P102066,SUB201820,1.52,2024-09-25 02:05:55.579005,study_reward
PAY301626,P100202,SUB201822,2.85,2024-09-25 05:22:20.134729,study_reward
PAY301627,P100505,SUB201823,6.67,2024-09-25 06:24:36.791357,study_reward
PAY301628,P101690,SUB201824,3.47,2024-09-25 06:53:19.391737,study_reward
PAY301629,P102551,SUB201825,2.85,2024-09-25 10:23:37.117919,study_reward
PAY301630,P100599,,15.0,2024-09-25 11:40:27.000000,referral_bonus
PAY301631,P102384,,2.5,2024-09-25 13:03:48.000000,loyalty_bonus
PAY301632,P100701,SUB201826,2.75,2024-09-25 15:42:01.203346,study_reward
PAY301633,P102747,SUB201827,2.39,2024-09-25 17:31:38.749638,study_reward
PAY301634,P100576,SUB201828,9.33,2024-09-25 19:29:19.654622,study_reward
PAY301635,P101979,,5.0,2024-09-25 21:52:04.000000,loyalty_bonus
PAY301636,P100090,SUB201829,1.67,2024-09-25 22:13:55.119792,study_reward
PAY301637,P100057,SUB201830,5.58,2024-09-25 23:11:48.472250,study_reward
PAY301638,P101592,SUB201831,0.5,2024-09-26 02:05:10.547461,study_reward
PAY301639,P100111,SUB201832,3.08,2024-09-26 02:46:45.845240,study_reward
PAY301640,P101980,SUB201833,2.02,2024-09-26 03:03:50.229535,study_reward
PAY301641,P100111,SUB201834,1.9,2024-09-26 03:46:45.845240,study_reward
PAY301642,P100600,SUB201835,2.02,2024-09-26 04:19:41.290341,study_reward
PAY301643,P101535,SUB201836,1.91,2024-09-26 06:02:22.798175,study_reward
PAY301644,P102391,SUB201837,2.07,2024-09-26 06:30:21.363214,study_reward
PAY301645,P101690,SUB201839,5.45,2024-09-26 08:53:19.391737,study_reward
PAY301646,P101095,SUB201840,2.02,2024-09-26 12:04:59.871460,study_reward
PAY301647,P101416,SUB201841,2.07,2024-09-26 12:37:18.471647,study_reward
PAY301648,P101299,,10.0,2024-09-26 14:01:27.000000,loyalty_bonus
PAY301649,P102478,SUB201842,3.08,2024-09-26 15:03:36.820788,study_reward
PAY301650,P101592,SUB201843,5.78,2024-09-26 18:05:10.547461,study_reward
PAY301651,P102685,SUB201844,6.67,2024-09-26 18:54:06.066527,study_reward
PAY301652,P101514,SUB201845,2.06,2024-09-26 19:33:33.385242,study_reward
PAY301653,P100017,,10.0,2024-09-26 21:42:10.000000,loyalty_bonus
PAY301654,P102859,SUB201847,1.66,2024-09-26 22:18:36.864306,study_reward
PAY301655,P102455,SUB201849,1.83,2024-09-26 23:00:47.301646,study_reward
PAY301656,P100128,SUB201850,0.86,2024-09-27 00:07:26.265763,study_reward
PAY301657,P101678,SUB201851,1.92,2024-09-27 01:03:53.722025,study_reward
PAY301658,P102832,SUB201852,5.58,2024-09-27 01:39:42.681837,study_reward
PAY301659,P101690,SUB201853,4.49,2024-09-27 02:53:19.391737,study_reward
PAY301660,P102102,SUB201854,9.33,2024-09-27 03:29:53.581426,study_reward
PAY301661,P101212,SUB201855,2.39,2024-09-27 03:35:08.764101,study_reward
PAY301662,P100588,SUB201856,2.12,2024-09-27 06:45:06.155373,study_reward
PAY301663,P101646,SUB201858,1.11,2024-09-27 07:50:25.422685,study_reward
PAY301664,P101199,SUB201859,0.91,2024-09-27 08:11:04.190570,study_reward
PAY301665,P102678,SUB201861,5.58,2024-09-27 09:06:51.608948,study_reward
PAY301666,P101535,SUB201863,2.13,2024-09-27 11:02:22.798175,study_reward
PAY301667,P100885,SUB201864,7.54,2024-09-27 12:48:02.142018,study_reward
PAY301668,P102551,SUB201865,2.1,2024-09-27 14:23:37.117919,study_reward
PAY301669,P102960,SUB201867,5.78,2024-09-27 20:00:12.611403,study_reward
PAY301670,P101678,SUB201868,1.23,2024-09-27 20:03:53.722025,study_reward
PAY301671,P100556,SUB201870,10.53,2024-09-27 22:59:20.265969,study_reward
PAY301672,P102066,SUB201871,7.89,2024-09-28 00:05:55.579005,study_reward
PAY301673,P101161,SUB201873,1.83,2024-09-28 03:09:31.815930,study_reward
PAY301674,P100128,SUB201874,5.46,2024-09-28 05:07:26.265763,study_reward
PAY301675,P100576,SUB201875,2.11,2024-09-28 06:29:19.654622,study_reward
PAY301676,P102747,SUB201876,2.96,2024-09-28 07:31:38.749638,study_reward
PAY301677,P100701,SUB201877,5.78,2024-09-28 17:42:01.203346,study_reward
PAY301678,P101016,SUB201878,2.1,2024-09-28 18:17:40.486200,study_reward
PAY301679,P100493,SUB201879,2.91,2024-09-28 19:55:09.076824,study_reward
PAY301680,P101862,SUB201880,1.08,2024-09-28 22:07:05.904687,study_reward
PAY301681,P101821,SUB201881,5.29,2024-09-28 23:01:42.644088,study_reward
PAY301682,P102030,SUB201882,10.53,2024-09-29 07:21:44.467844,study_reward
PAY301683,P102859,SUB201883,6.67,2024-09-29 10:18:36.864306,study_reward
PAY301684,P101336,SUB201884,3.05,2024-09-29 11:04:44.473317,study_reward
PAY301685,P101690,SUB201885,1.79,2024-09-29 14:53:19.391737,study_reward
PAY301686,P100057,SUB201886,0.64,2024-09-29 16:11:48.472250,study_reward
PAY301687,P101737,SUB201887,2.96,2024-09-29 16:49:01.687178,study_reward
PAY301688,P102229,,2.5,2024-09-29 17:07:36.000000,referral_bonus
PAY301689,P101862,SUB201888,0.86,2024-09-29 20:07:05.904687,study_reward
PAY301690,P100588,SUB201890,3.08,2024-09-29 20:45:06.155373,study_reward
PAY301691,P100854,SUB201893,1.98,2024-09-29 23:45:19.299129,study_reward
PAY301692,P100515,SUB201895,3.08,2024-09-30 01:31:13.694397,study_reward
PAY301693,P100576,SUB201897,0.86,2024-09-30 02:29:19.654622,study_reward
PAY301694,P102832,SUB201898,0.5,2024-09-30 04:39:42.681837,study_reward
PAY301695,P101392,SUB201899,4.57,2024-09-30 07:20:53.183781,study_reward
PAY301696,P102879,SUB201900,1.98,2024-09-30 08:46:13.775568,study_reward
PAY301697,P102996,SUB201901,1.13,2024-09-30 10:28:24.975382,study_reward
PAY301698,P100493,SUB201902,0.91,2024-09-30 10:55:09.076824,study_reward
PAY301699,P101592,SUB201903,1.59,2024-09-30 14:05:10.547461,study_reward
PAY301700,P101862,SUB201904,4.49,2024-09-30 14:07:05.904687,study_reward
PAY301701,P101161,SUB201905,2.11,2024-09-30 14:09:31.815930,study_reward
PAY301702,P102127,SUB201906,4.91,2024-09-30 15:08:12.069731,study_reward
PAY301703,P101212,SUB201907,2.96,2024-09-30 15:35:08.764101,study_reward
PAY301704,P101392,SUB201909,5.29,2024-09-30 17:20:53.183781,study_reward
PAY301705,P100934,SUB201910,3.05,2024-09-30 18:17:52.310304,study_reward
PAY301706,P100760,SUB201912,0.67,2024-09-30 21:29:02.000458,study_reward
PAY301707,P102102,SUB201913,5.46,2024-09-30 21:29:53.581426,study_reward
PAY301708,P102391,SUB201915,4.49,2024-09-30 23:30:21.363214,study_reward
PAY301709,P100925,SUB201916,1.28,2024-10-01 00:03:34.015547,study_reward
PAY301710,P102306,SUB201917,6.95,2024-10-01 00:19:52.683359,study_reward
PAY301711,P100333,SUB201918,6.16,2024-10-01 01:14:13.080183,study_reward
PAY301712,P102102,SUB201919,2.06,2024-10-01 02:29:53.581426,study_reward
PAY301713,P100515,SUB201920,1.66,2024-10-01 02:31:13.694397,study_reward
PAY301714,P102030,SUB201921,1.9,2024-10-01 05:21:44.467844,study_reward
PAY301715,P100676,SUB201922,2.56,2024-10-01 06:48:59.333318,study_reward
PAY301716,P101690,SUB201923,1.08,2024-10-01 06:53:19.391737,study_reward
PAY301717,P102127,SUB201924,1.0,2024-10-01 07:08:12.069731,study_reward
PAY301718,P100600,SUB201925,2.96,2024-10-01 07:19:41.290341,study_reward
PAY301719,P101585,SUB201926,1.66,2024-10-01 08:03:41.909621,study_reward
PAY301720,P101109,SUB201927,1.75,2024-10-01 11:02:47.975989,study_reward
PAY301721,P102779,SUB201929,2.96,2024-10-01 17:34:02.963682,study_reward
PAY301722,P102066,SUB201930,2.85,2024-10-01 18:05:55.579005,study_reward
PAY301723,P101821,SUB201931,5.65,2024-10-01 20:01:42.644088,study_reward
PAY301724,P101434,SUB201932,2.61,2024-10-01 20:25:21.429850,study_reward
PAY301725,P100902,SUB201933,2.63,2024-10-01 21:16:03.591287,study_reward
PAY301726,P102747,SUB201934,2.63,2024-10-01 23:31:38.749638,study_reward
PAY301727,P101536,SUB201935,5.78,2024-10-02 04:09:24.252261,study_reward
PAY301728,P102102,SUB201936,5.29,2024-10-02 05:29:53.581426,study_reward
PAY301729,P100175,SUB201937,2.1,2024-10-02 06:21:41.742141,study_reward
PAY301730,P102858,SUB201938,0.67,2024-10-02 08:28:38.137176,study_reward
PAY301731,P100409,SUB201939,2.07,2024-10-02 08:40:04.382716,study_reward
PAY301732,P102338,SUB201940,1.23,2024-10-02 10:21:41.297043,study_reward
PAY301733,P102807,SUB201941,1.79,2024-10-02 11:49:17.957037,study_reward
PAY301734,P102478,SUB201942,2.72,2024-10-02 14:03:36.820788,study_reward
PAY301735,P101862,SUB201944,1.13,2024-10-02 18:07:05.904687,study_reward
PAY301736,P100854,SUB201945,1.35,2024-10-02 21:45:19.299129,study_reward
PAY301737,P100854,SUB201946,3.34,2024-10-02 22:45:19.299129,study_reward
PAY301738,P100117,SUB201947,2.1,2024-10-03 01:11:03.816411,study_reward
PAY301739,P101646,SUB201948,1.28,2024-10-03 01:50:25.422685,study_reward
PAY301740,P101592,SUB201949,1.92,2024-10-03 04:05:10.547461,study_reward
PAY301741,P101109,SUB201950,1.34,2024-10-03 05:02:47.975989,study_reward
PAY301742,P102747,SUB201951,9.33,2024-10-03 06:31:38.749638,study_reward
PAY301743,P101585,SUB201952,1.52,2024-10-03 07:03:41.909621,study_reward
PAY301744,P102241,SUB201953,2.06,2024-10-03 07:50:24.702732,study_reward
PAY301745,P101119,SUB201955,3.95,2024-10-03 08:24:40.491676,study_reward
PAY301746,P100066,SUB201956,4.57,2024-10-03 08:58:33.438206,study_reward
PAY301747,P101441,SUB201957,2.85,2024-10-03 09:38:05.484956,study_reward
PAY301748,P101095,SUB201958,1.98,2024-10-03 11:04:59.871460,study_reward
PAY301749,P102747,SUB201959,2.13,2024-10-03 11:31:38.749638,study_reward
PAY301750,P100854,SUB201960,2.56,2024-10-03 11:45:19.299129,study_reward
PAY301751,P100698,SUB201962,3.46,2024-10-03 15:12:09.596034,study_reward
PAY301752,P100066,SUB201964,0.8,2024-10-03 16:58:33.438206,study_reward
PAY301753,P102879,SUB201965,5.65,2024-10-03 18:46:13.775568,study_reward
PAY301754,P101156,SUB201966,0.5,2024-10-03 18:47:51.147785,study_reward
PAY301755,P101725,SUB201967,2.02,2024-10-03 19:38:20.803864,study_reward
PAY301756,P102338,SUB201969,1.59,2024-10-03 20:21:41.297043,study_reward
PAY301757,P100128,SUB201970,10.53,2024-10-03 21:07:26.265763,study_reward
PAY301758,P101109,SUB201972,7.89,2024-10-03 22:02:47.975989,study_reward
PAY301759,P101514,SUB201973,1.92,2024-10-03 22:33:33.385242,study_reward
PAY301760,P102858,SUB201974,2.12,2024-10-03 23:28:38.137176,study_reward
PAY301761,P100057,SUB201975,6.57,2024-10-04 03:11:48.472250,study_reward
PAY301762,P100175,SUB201976,3.47,2024-10-04 03:21:41.742141,study_reward
PAY301763,P102807,SUB201977,1.35,2024-10-04 04:49:17.957037,study_reward
PAY301764,P101156,SUB201978,4.64,2024-10-04 05:47:51.147785,study_reward
PAY301765,P100676,SUB201979,1.32,2024-10-04 05:48:59.333318,study_reward
PAY301766,P100801,SUB201981,2.1,2024-10-04 09:21:41.704462,study_reward
PAY301767,P100721,SUB201982,0.86,2024-10-04 10:06:21.040220,study_reward
PAY301768,P101862,SUB201983,5.45,2024-10-04 10:07:05.904687,study_reward
PAY301769,P101624,SUB201984,1.52,2024-10-04 11:55:51.460989,study_reward
PAY301770,P102879,SUB201985,1.0,2024-10-04 14:46:13.775568,study_reward
PAY301771,P102960,SUB201986,3.46,2024-10-04 15:00:12.611403,study_reward
PAY301772,P101199,SUB201988,2.11,2024-10-04 16:11:04.190570,study_reward
PAY301773,P100066,SUB201989,2.39,2024-10-04 16:58:33.438206,study_reward
PAY301774,P100175,SUB201990,0.8,2024-10-04 21:21:41.742141,study_reward
PAY301775,P100885,SUB201992,3.46,2024-10-04 21:48:02.142018,study_reward
PAY301776,P102241,SUB201993,4.64,2024-10-04 23:50:24.702732,study_reward
PAY301777,P100721,SUB201995,0.91,2024-10-05 05:06:21.040220,study_reward
PAY301778,P101762,SUB201996,1.79,2024-10-05 05:39:23.716494,study_reward
PAY301779,P101585,SUB201997,3.34,2024-10-05 06:03:41.909621,study_reward
PAY301780,P100175,SUB201998,3.47,2024-10-05 09:21:41.742141,study_reward
PAY301781,P102879,SUB201999,1.9,2024-10-05 10:46:13.775568,study_reward
PAY301782,P102859,SUB202000,2.02,2024-10-05 14:18:36.864306,study_reward
PAY301783,P101265,SUB202001,3.47,2024-10-05 15:35:24.387082,study_reward
PAY301784,P102201,SUB202002,1.0,2024-10-05 18:55:07.248462,study_reward
PAY301785,P100801,SUB202003,2.96,2024-10-05 20:21:41.704462,study_reward
PAY301786,P101697,SUB202004,2.72,2024-10-05 21:21:50.828030,study_reward
PAY301787,P101239,SUB202005,2.72,2024-10-06 03:57:24.890824,study_reward
PAY301788,P102779,SUB202007,2.96,2024-10-06 04:34:02.963682,study_reward
PAY301789,P101690,SUB202008,7.89,2024-10-06 04:53:19.391737,study_reward
PAY301790,P100333,SUB202009,9.33,2024-10-06 06:14:13.080183,study_reward
PAY301791,P101585,SUB202010,1.98,2024-10-06 07:03:41.909621,study_reward
PAY301792,P102455,SUB202011,1.68,2024-10-06 12:00:47.301646,study_reward
PAY301793,P101725,SUB202012,0.64,2024-10-06 13:38:20.803864,study_reward
PAY301794,P102990,SUB202014,6.67,2024-10-06 16:30:49.561164,study_reward
PAY301795,P102551,SUB202015,1.47,2024-10-07 00:23:37.117919,study_reward
PAY301796,P101690,SUB202016,2.75,2024-10-07 00:53:19.391737,study_reward
PAY301797,P100066,SUB202017,2.37,2024-10-07 00:58:33.438206,study_reward
PAY301798,P102550,,15.0,2024-10-07 02:30:58.000000,loyalty_bonus
PAY301799,P100701,SUB202018,5.02,2024-10-07 05:42:01.203346,study_reward
PAY301800,P102747,SUB202019,2.26,2024-10-07 07:31:38.749638,study_reward
PAY301801,P102455,SUB202020,7.89,2024-10-07 09:00:47.301646,study_reward
PAY301802,P101265,SUB202021,1.11,2024-10-07 10:35:24.387082,study_reward
PAY301803,P100588,SUB202022,1.23,2024-10-07 13:45:06.155373,study_reward
PAY301804,P102558,SUB202023,0.86,2024-10-07 17:35:05.000081,study_reward
PAY301805,P102779,SUB202024,1.0,2024-10-07 18:34:02.963682,study_reward
PAY301806,P100387,SUB202025,4.49,2024-10-07 21:37:10.612955,study_reward
PAY301807,P101067,SUB202026,2.02,2024-10-07 23:56:25.568477,study_reward
PAY301808,P101087,SUB202028,1.9,2024-10-08 04:34:38.617092,study_reward
PAY301809,P102092,SUB202029,1.0,2024-10-08 07:12:39.793324,study_reward
PAY301810,P101980,SUB202030,1.28,2024-10-08 08:03:50.229535,study_reward
PAY301811,P102292,SUB202031,1.79,2024-10-08 09:38:12.391490,study_reward
PAY301812,P100784,SUB202032,4.18,2024-10-08 13:17:00.791259,study_reward
PAY301813,P101105,SUB202033,1.67,2024-10-08 13:43:43.886534,study_reward
PAY301814,P101985,SUB202034,2.11,2024-10-08 14:04:24.990148,study_reward
PAY301815,P102858,SUB202035,1.67,2024-10-08 15:28:38.137176,study_reward
PAY301816,P100866,SUB202036,1.83,2024-10-08 17:00:17.158213,study_reward
PAY301817,P101980,SUB202037,5.02,2024-10-08 20:03:50.229535,study_reward
PAY301818,P100026,SUB202038,2.37,2024-10-08 20:06:21.732929,study_reward
PAY301819,P101109,SUB202039,2.85,2024-10-09 02:02:47.975989,study_reward
PAY301820,P100760,SUB202040,7.54,2024-10-09 03:29:02.000458,study_reward
PAY301821,P102741,SUB202041,2.61,2024-10-09 03:41:28.807531,study_reward
PAY301822,P102662,SUB202042,2.96,2024-10-09 04:14:24.765637,study_reward
PAY301823,P101336,SUB202043,6.06,2024-10-09 06:04:44.473317,study_reward
PAY301824,P100895,SUB202044,2.26,2024-10-09 07:02:59.956389,study_reward
PAY301825,P100879,SUB202045,2.11,2024-10-09 11:15:26.506499,study_reward
PAY301826,P102111,SUB202046,3.32,2024-10-09 13:36:18.289752,study_reward
PAY301827,P100866,SUB202047,1.67,2024-10-09 14:00:17.158213,study_reward
PAY301828,P102960,SUB202048,6.06,2024-10-09 19:00:12.611403,study_reward
PAY301829,P102241,SUB202049,3.46,2024-10-09 19:50:24.702732,study_reward
PAY301830,P101950,SUB202050,5.02,2024-10-09 20:16:27.219006,study_reward
PAY301831,P102491,SUB202051,2.39,2024-10-09 21:34:04.845145,study_reward
PAY301832,P101723,SUB202052,5.02,2024-10-09 21:58:33.927638,study_reward
PAY301833,P100515,SUB202053,2.72,2024-10-09 22:31:13.694397,study_reward
PAY301834,P102222,SUB202054,1.08,2024-10-10 03:16:59.236423,study_reward
PAY301835,P101862,SUB202056,4.57,2024-10-10 09:07:05.904687,study_reward
PAY301836,P100128,SUB202057,3.85,2024-10-10 09:07:26.265763,study_reward
PAY301837,P100493,SUB202058,1.98,2024-10-10 10:55:09.076824,study_reward
PAY301838,P101109,SUB202059,1.0,2024-10-10 12:02:47.975989,study_reward
PAY301839,P102338,SUB202061,0.91,2024-10-10 14:21:41.297043,study_reward
PAY301840,P102662,SUB202062,1.47,2024-10-10 15:14:24.765637,study_reward
PAY301841,P101493,SUB202063,2.75,2024-10-10 18:18:31.502131,study_reward
PAY301842,P100297,SUB202064,2.11,2024-10-10 18:59:32.896357,study_reward
PAY301843,P101232,SUB202065,0.5,2024-10-10 19:11:30.147814,study_reward
PAY301844,P102455,SUB202066,3.85,2024-10-10 21:00:47.301646,study_reward
PAY301845,P101078,SUB202067,1.58,2024-10-10 21:34:33.670145,study_reward
PAY301846,P101016,SUB202068,7.63,2024-10-10 22:17:40.486200,study_reward
PAY301847,P101434,SUB202070,1.24,2024-10-11 01:25:21.429850,study_reward
PAY301848,P102241,SUB202071,6.16,2024-10-11 01:50:24.702732,study_reward
PAY301849,P101980,SUB202072,3.46,2024-10-11 03:03:50.229535,study_reward
PAY301850,P101762,SUB202073,4.64,2024-10-11 03:39:23.716494,study_reward
PAY301851,P100515,SUB202075,7.54,2024-10-11 05:31:13.694397,study_reward
PAY301852,P100515,SUB202074,10.53,2024-10-11 05:31:13.694397,study_reward
PAY301853,P101762,SUB202076,2.39,2024-10-11 05:39:23.716494,study_reward
PAY301854,P102401,SUB202077,2.26,2024-10-11 06:23:38.337321,study_reward
PAY301855,P102741,SUB202078,1.23,2024-10-11 06:41:28.807531,study_reward
PAY301856,P102907,SUB202079,1.11,2024-10-11 08:51:52.427299,study_reward
PAY301857,P100066,SUB202080,3.05,2024-10-11 08:58:33.438206,study_reward
PAY301858,P100760,SUB202081,1.61,2024-10-11 10:29:02.000458,study_reward
PAY301859,P102558,SUB202082,9.33,2024-10-11 11:35:05.000081,study_reward
PAY301860,P101690,SUB202083,1.11,2024-10-11 12:53:19.391737,study_reward
PAY301861,P102030,SUB202084,2.12,2024-10-11 15:21:44.467844,study_reward
PAY301862,P102241,SUB202085,4.13,2024-10-11 15:50:24.702732,study_reward
PAY301863,P100429,SUB202086,2.85,2024-10-11 17:15:08.987265,study_reward
PAY301864,P102391,SUB202087,2.11,2024-10-11 17:30:21.363214,study_reward
PAY301865,P100515,SUB202089,1.68,2024-10-11 19:31:13.694397,study_reward
PAY301866,P102102,SUB202090,6.67,2024-10-11 22:29:53.581426,study_reward
PAY301867,P100726,SUB202091,1.66,2024-10-11 22:34:27.086381,study_reward
PAY301868,P100472,SUB202092,1.91,2024-10-11 23:46:22.700725,study_reward
PAY301869,P101985,SUB202093,6.67,2024-10-12 00:04:24.990148,study_reward
PAY301870,P100784,SUB202095,5.45,2024-10-12 03:17:00.791259,study_reward
PAY301871,P102241,SUB202096,1.52,2024-10-12 04:50:24.702732,study_reward
PAY301872,P101016,SUB202097,1.47,2024-10-12 07:17:40.486200,study_reward
PAY301873,P101862,SUB202098,6.16,2024-10-12 09:07:05.904687,study_reward
PAY301874,P102030,SUB202100,1.7,2024-10-12 10:21:44.467844,study_reward
PAY301875,P100117,SUB202101,2.02,2024-10-12 14:11:03.816411,study_reward
PAY301876,P101265,SUB202102,2.85,2024-10-12 16:35:24.387082,study_reward
PAY301877,P100854,SUB202105,0.67,2024-10-13 00:45:19.299129,study_reward
PAY301878,P101295,SUB202106,4.64,2024-10-13 00:47:41.272075,study_reward
PAY301879,P101095,SUB202107,1.83,2024-10-13 02:04:59.871460,study_reward
PAY301880,P101109,SUB202108,4.49,2024-10-13 03:02:47.975989,study_reward
PAY301881,P101010,SUB202110,2.96,2024-10-13 04:24:20.738984,study_reward
PAY301882,P102338,SUB202111,1.0,2024-10-13 05:21:41.297043,study_reward
PAY301883,P101985,SUB202112,7.63,2024-10-13 07:04:24.990148,study_reward
PAY301884,P101212,SUB202113,5.29,2024-10-13 08:35:08.764101,study_reward
PAY301885,P102292,SUB202114,1.75,2024-10-13 08:38:12.391490,study_reward
PAY301886,P102504,SUB202115,0.8,2024-10-13 12:43:25.877486,study_reward
PAY301887,P100946,SUB202116,3.32,2024-10-13 15:04:05.184147,study_reward
PAY301888,P101493,SUB202117,6.06,2024-10-13 16:18:31.502131,study_reward
PAY301889,P102066,SUB202118,7.89,2024-10-13 19:05:55.579005,study_reward
PAY301890,P102907,SUB202119,1.35,2024-10-13 20:51:52.427299,study_reward
PAY301891,P101119,SUB202120,5.58,2024-10-13 23:24:40.491676,study_reward
PAY301892,P100854,SUB202121,0.5,2024-10-13 23:45:19.299129,study_reward
PAY301893,P102832,SUB202122,1.67,2024-10-14 03:39:42.681837,study_reward
PAY301894,P102779,SUB202123,1.28,2024-10-14 04:34:02.963682,study_reward
PAY301895,P102241,SUB202125,2.64,2024-10-14 08:50:24.702732,study_reward
PAY301896,P100854,SUB202127,6.16,2024-10-14 10:45:19.299129,study_reward
PAY301897,P102780,SUB202128,1.13,2024-10-14 11:27:22.779877,study_reward
PAY301898,P102747,SUB202129,1.13,2024-10-14 11:31:38.749638,study_reward
PAY301899,P102491,SUB202130,2.37,2024-10-14 11:34:04.845145,study_reward
PAY301900,P100885,SUB202132,1.23,2024-10-14 14:48:02.142018,study_reward
PAY301901,P101095,SUB202133,6.85,2024-10-14 23:04:59.871460,study_reward
PAY301902,P102662,SUB202134,2.39,2024-10-14 23:14:24.765637,study_reward
PAY301903,P101847,SUB202135,1.47,2024-10-15 01:28:12.847321,study_reward
PAY301904,P101232,SUB202136,1.24,2024-10-15 02:11:30.147814,study_reward
PAY301905,P100128,SUB202137,6.06,2024-10-15 04:07:26.265763,study_reward
PAY301906,P101095,SUB202138,2.91,2024-10-15 05:04:59.871460,study_reward
PAY301907,P100895,SUB202139,2.06,2024-10-15 06:02:59.956389,study_reward
PAY301908,P101133,SUB202140,2.06,2024-10-15 07:54:54.494792,study_reward
PAY301909,P101156,SUB202141,6.57,2024-10-15 08:47:51.147785,study_reward
PAY301910,P100895,SUB202142,2.1,2024-10-15 09:02:59.956389,study_reward
PAY301911,P100175,SUB202144,5.58,2024-10-15 10:21:41.742141,study_reward
PAY301912,P101295,SUB202145,1.83,2024-10-15 10:47:41.272075,study_reward
PAY301913,P101336,SUB202146,4.49,2024-10-15 12:04:44.473317,study_reward
PAY301914,P100589,SUB202147,2.64,2024-10-15 16:54:41.612919,study_reward
PAY301915,P102201,SUB202148,2.1,2024-10-15 16:55:07.248462,study_reward
PAY301916,P102066,SUB202149,9.33,2024-10-15 17:05:55.579005,study_reward
PAY301917,P100885,SUB202150,2.63,2024-10-15 18:48:02.142018,study_reward
PAY301918,P101690,SUB202151,2.82,2024-10-15 19:53:19.391737,study_reward
PAY301919,P101737,SUB202152,0.64,2024-10-15 20:49:01.687178,study_reward
PAY301920,P101078,SUB202153,4.49,2024-10-16 01:34:33.670145,study_reward
PAY301921,P100429,SUB202154,4.13,2024-10-16 05:15:08.987265,study_reward
PAY301922,P101862,SUB202155,4.18,2024-10-16 07:07:05.904687,study_reward
PAY301923,P100026,SUB202156,5.45,2024-10-16 08:06:21.732929,study_reward
PAY301924,P101862,SUB202157,6.06,2024-10-16 08:07:05.904687,study_reward
PAY301925,P102066,SUB202158,2.11,2024-10-16 12:05:55.579005,study_reward
PAY301926,P100934,SUB202160,5.29,2024-10-16 15:17:52.310304,study_reward
PAY301927,P101725,SUB202161,3.34,2024-10-16 18:38:20.803864,study_reward
PAY301928,P100175,SUB202162,6.16,2024-10-16 20:21:41.742141,study_reward
PAY301929,P101295,SUB202163,4.91,2024-10-16 22:47:41.272075,study_reward
PAY301930,P101095,SUB202164,2.39,2024-10-16 23:04:59.871460,study_reward
PAY301931,P101985,SUB202166,0.8,2024-10-17 02:04:24.990148,study_reward
PAY301932,P100128,SUB202167,2.61,2024-10-17 06:07:26.265763,study_reward
PAY301933,P101010,SUB202168,2.56,2024-10-17 07:24:20.738984,study_reward
PAY301934,P101950,SUB202169,6.85,2024-10-17 08:16:27.219006,study_reward
PAY301935,P101441,SUB202170,5.46,2024-10-17 08:38:05.484956,study_reward
PAY301936,P102239,SUB202171,2.11,2024-10-17 09:15:34.099992,study_reward
PAY301937,P101862,SUB202172,4.13,2024-10-17 10:07:05.904687,study_reward
PAY301938,P100895,SUB202173,1.28,2024-10-17 13:02:59.956389,study_reward
PAY301939,P102914,SUB202174,1.13,2024-10-17 14:34:05.746353,study_reward
PAY301940,P102780,SUB202175,1.35,2024-10-17 15:27:22.779877,study_reward
PAY301941,P102391,SUB202176,6.85,2024-10-17 16:30:21.363214,study_reward
PAY301942,P100158,SUB202177,7.89,2024-10-17 17:11:33.880967,study_reward
PAY301943,P102879,SUB202178,0.64,2024-10-17 19:46:13.775568,study_reward
PAY301944,P100852,SUB202179,4.91,2024-10-17 19:50:38.024849,study_reward
PAY301945,P102779,SUB202180,4.18,2024-10-17 20:34:02.963682,study_reward
PAY301946,P101295,SUB202182,0.44,2024-10-17 20:47:41.272075,study_reward
PAY301947,P101199,SUB202183,1.67,2024-10-17 21:11:04.190570,study_reward
PAY301948,P101095,SUB202184,1.91,2024-10-17 23:04:59.871460,study_reward
PAY301949,P102678,SUB202185,1.23,2024-10-17 23:06:51.608948,study_reward
PAY301950,P100576,SUB202186,1.83,2024-10-18 00:29:19.654622,study_reward
PAY301951,P102102,SUB202187,2.63,2024-10-18 00:29:53.581426,study_reward
PAY301952,P102201,SUB202188,1.59,2024-10-18 00:55:07.248462,study_reward
PAY301953,P100515,SUB202189,1.66,2024-10-18 01:31:13.694397,study_reward
PAY301954,P101592,SUB202190,1.75,2024-10-18 03:05:10.547461,study_reward
PAY301955,P101690,SUB202191,2.26,2024-10-18 07:53:19.391737,study_reward
PAY301956,P102222,SUB202192,1.77,2024-10-18 08:16:59.236423,study_reward
PAY301957,P101239,SUB202193,3.95,2024-10-18 08:57:24.890824,study_reward
PAY301958,P102292,SUB202194,2.56,2024-10-18 09:38:12.391490,study_reward
PAY301959,P101462,SUB202195,2.96,2024-10-18 09:40:59.481595,study_reward
PAY301960,P100387,SUB202196,1.34,2024-10-18 10:37:10.612955,study_reward
PAY301961,P102807,SUB202198,7.89,2024-10-18 10:49:17.957037,study_reward
PAY301962,P102785,SUB202199,0.44,2024-10-18 15:15:50.029321,study_reward
PAY301963,P102990,SUB202200,9.78,2024-10-18 17:30:49.561164,study_reward
PAY301964,P101199,SUB202201,5.29,2024-10-18 23:11:04.190570,study_reward
PAY301965,P101441,SUB202202,1.08,2024-10-18 23:38:05.484956,study_reward
PAY301966,P101071,SUB202204,5.58,2024-10-19 02:42:31.244162,study_reward
PAY301967,P101847,SUB202206,1.68,2024-10-19 04:28:12.847321,study_reward
PAY301968,P100117,SUB202207,3.21,2024-10-19 05:11:03.816411,study_reward
PAY301969,P100784,SUB202208,2.12,2024-10-19 07:17:00.791259,study_reward
PAY301970,P101950,SUB202211,1.91,2024-10-19 11:16:27.219006,study_reward
PAY301971,P102858,SUB202212,2.75,2024-10-19 15:28:38.137176,study_reward
PAY301972,P100505,SUB202214,1.92,2024-10-19 19:24:36.791357,study_reward
PAY301973,P102785,SUB202215,2.63,2024-10-19 22:15:50.029321,study_reward
PAY301974,P100606,SUB202216,1.23,2024-10-19 22:21:32.016215,study_reward
PAY301975,P100202,SUB202218,1.98,2024-10-19 23:22:20.134729,study_reward
PAY301976,P101369,SUB202219,2.07,2024-10-19 23:35:19.515166,study_reward
PAY301977,P102306,SUB202220,9.33,2024-10-20 02:19:52.683359,study_reward
PAY301978,P101078,SUB202221,1.35,2024-10-20 02:34:33.670145,study_reward
PAY301979,P100175,SUB202222,7.89,2024-10-20 07:21:41.742141,study_reward
PAY301980,P101087,SUB202223,5.29,2024-10-20 08:34:38.617092,study_reward
PAY301981,P102223,SUB202225,7.54,2024-10-20 10:39:58.804614,study_reward
PAY301982,P100057,SUB202226,0.91,2024-10-20 11:11:48.472250,study_reward
PAY301983,P102741,SUB202227,10.53,2024-10-20 14:41:28.807531,study_reward
PAY301984,P102241,SUB202228,3.08,2024-10-20 15:50:24.702732,study_reward
PAY301985,P102767,SUB202230,1.11,2024-10-20 17:15:07.721749,study_reward
PAY301986,P102455,SUB202231,4.57,2024-10-20 18:00:47.301646,study_reward
PAY301987,P102574,SUB202232,9.78,2024-10-20 19:17:33.603340,study_reward
PAY301988,P100026,SUB202233,1.83,2024-10-20 20:06:21.732929,study_reward
PAY301989,P102203,SUB202234,5.29,2024-10-20 20:28:51.749464,study_reward
PAY301990,P102102,SUB202235,1.7,2024-10-20 20:29:53.581426,study_reward
PAY301991,P101109,SUB202236,2.11,2024-10-21 01:02:47.975989,study_reward
PAY301992,P100698,SUB202237,2.85,2024-10-21 02:12:09.596034,study_reward
PAY301993,P102821,SUB202238,6.16,2024-10-21 05:15:13.547037,study_reward
PAY301994,P101753,SUB202241,2.1,2024-10-21 06:25:09.153126,study_reward
PAY301995,P102747,SUB202242,5.29,2024-10-21 06:31:38.749638,study_reward
PAY301996,P102767,SUB202243,7.89,2024-10-21 07:15:07.721749,study_reward
PAY301997,P102076,SUB202244,7.63,2024-10-21 08:27:32.623214,study_reward
PAY301998,P100173,SUB202245,1.68,2024-10-21 08:34:04.575848,study_reward
PAY301999,P100852,SUB202246,6.11,2024-10-21 08:50:38.024849,study_reward
PAY302000,P101678,SUB202247,2.13,2024-10-21 10:03:53.722025,study_reward
PAY302001,P100784,SUB202248,1.24,2024-10-21 12:17:00.791259,study_reward
PAY302002,P101493,SUB202249,4.57,2024-10-21 13:18:31.502131,study_reward
PAY302003,P100189,SUB202250,7.8,2024-10-21 13:42:46.224420,study_reward
PAY302004,P101276,SUB202251,3.08,2024-10-21 15:11:07.674197,study_reward
PAY302005,P100013,SUB202252,2.13,2024-10-21 16:48:59.260023,study_reward
PAY302006,P101071,SUB202254,6.57,2024-10-22 02:42:31.244162,study_reward
PAY302007,P100013,SUB202255,1.47,2024-10-22 02:48:59.260023,study_reward
PAY302008,P100202,SUB202256,2.61,2024-10-22 08:22:20.134729,study_reward
PAY302009,P100895,SUB202259,1.13,2024-10-22 12:02:59.956389,study_reward
PAY302010,P100108,SUB202260,1.28,2024-10-22 13:12:17.443271,study_reward
PAY302011,P101369,SUB202261,5.78,2024-10-22 14:35:19.515166,study_reward
PAY302012,P102258,,5.0,2024-10-22 15:27:21.000000,loyalty_bonus
PAY302013,P101690,SUB202263,2.91,2024-10-22 15:53:19.391737,study_reward
PAY302014,P101753,SUB202264,2.26,2024-10-22 18:25:09.153126,study_reward
PAY302015,P100431,,2.5,2024-10-22 20:56:10.000000,referral_bonus
PAY302016,P101493,SUB202266,3.21,2024-10-22 22:18:31.502131,study_reward
PAY302017,P100387,SUB202268,2.72,2024-10-23 02:37:10.612955,study_reward
PAY302018,P100934,SUB202269,1.11,2024-10-23 03:17:52.310304,study_reward
PAY302019,P100726,SUB202270,2.02,2024-10-23 03:34:27.086381,study_reward
PAY302020,P100880,SUB202271,7.54,2024-10-23 05:18:29.430743,study_reward
PAY302021,P101133,SUB202272,1.83,2024-10-23 06:54:54.494792,study_reward
PAY302022,P101199,SUB202273,1.28,2024-10-23 07:11:04.190570,study_reward
PAY302023,P100784,SUB202274,1.0,2024-10-23 07:17:00.791259,study_reward
PAY302024,P101592,SUB202275,9.33,2024-10-23 08:05:10.547461,study_reward
PAY302025,P100879,SUB202277,5.58,2024-10-23 09:15:26.506499,study_reward
PAY302026,P102990,SUB202278,2.72,2024-10-23 10:30:49.561164,study_reward
PAY302027,P102858,SUB202279,1.23,2024-10-23 11:28:38.137176,study_reward
PAY302028,P101723,SUB202280,0.77,2024-10-23 11:58:33.927638,study_reward
PAY302029,P101862,SUB202281,0.86,2024-10-23 12:07:05.904687,study_reward
PAY302030,P100158,SUB202282,6.06,2024-10-23 12:11:33.880967,study_reward
PAY302031,P102981,SUB202283,6.16,2024-10-23 13:38:10.855766,study_reward
PAY302032,P101119,SUB202284,3.85,2024-10-23 14:24:40.491676,study_reward
PAY302033,P100854,SUB202285,2.56,2024-10-23 15:45:19.299129,study_reward
PAY302034,P101095,SUB202286,1.66,2024-10-23 16:04:59.871460,study_reward
PAY302035,P102338,SUB202287,3.95,2024-10-23 16:21:41.297043,study_reward
PAY302036,P100880,SUB202288,7.63,2024-10-23 17:18:29.430743,study_reward
PAY302037,P100854,SUB202289,2.13,2024-10-23 18:45:19.299129,study_reward
PAY302038,P102821,SUB202290,2.11,2024-10-23 19:15:13.547037,study_reward
PAY302039,P101071,SUB202291,0.91,2024-10-23 19:42:31.244162,study_reward
PAY302040,P100854,SUB202292,1.61,2024-10-23 19:45:19.299129,study_reward
PAY302041,P102338,SUB202293,5.45,2024-10-23 22:21:41.297043,study_reward
PAY302042,P100013,SUB202294,1.28,2024-10-24 03:48:59.260023,study_reward
PAY302043,P101862,SUB202295,2.96,2024-10-24 05:07:05.904687,study_reward
PAY302044,P102491,SUB202296,1.24,2024-10-24 05:34:04.845145,study_reward
PAY302045,P100681,SUB202297,2.82,2024-10-24 05:56:31.269634,study_reward
PAY302046,P101078,SUB202298,6.85,2024-10-24 06:34:33.670145,study_reward
PAY302047,P101239,SUB202299,7.54,2024-10-24 06:57:24.890824,study_reward
PAY302048,P102779,SUB202300,4.18,2024-10-24 08:34:02.963682,study_reward
PAY302049,P101276,SUB202301,5.29,2024-10-24 10:11:07.674197,study_reward
PAY302050,P100784,SUB202302,7.8,2024-10-24 10:17:00.791259,study_reward
PAY302051,P102879,SUB202303,0.91,2024-10-24 12:46:13.775568,study_reward
PAY302052,P101441,SUB202304,1.58,2024-10-24 13:38:05.484956,study_reward
PAY302053,P102821,SUB202305,1.68,2024-10-24 17:15:13.547037,study_reward
PAY302054,P101690,SUB202306,0.91,2024-10-24 17:53:19.391737,study_reward
PAY302055,P100108,SUB202309,3.46,2024-10-24 20:12:17.443271,study_reward
PAY302056,P102092,SUB202310,2.37,2024-10-24 20:12:39.793324,study_reward
PAY302057,P101276,SUB202311,1.83,2024-10-24 22:11:07.674197,study_reward
PAY302058,P101392,SUB202312,0.91,2024-10-24 22:20:53.183781,study_reward
PAY302059,P100131,SUB202313,2.07,2024-10-24 22:27:51.352651,study_reward
PAY302060,P102338,SUB202314,1.32,2024-10-24 23:21:41.297043,study_reward
PAY302061,P101374,SUB202315,3.34,2024-10-25 02:21:46.204053,study_reward
PAY302062,P100934,SUB202316,1.47,2024-10-25 05:17:52.310304,study_reward
PAY302063,P102741,SUB202317,5.58,2024-10-25 05:41:28.807531,study_reward
PAY302064,P100173,SUB202318,1.47,2024-10-25 12:34:04.575848,study_reward
PAY302065,P101862,SUB202319,0.67,2024-10-25 13:07:05.904687,study_reward
PAY302066,P102815,,10.0,2024-10-25 15:30:20.000000,referral_bonus
PAY302067,P100429,SUB202320,7.54,2024-10-25 16:15:08.987265,study_reward
PAY302068,P101608,SUB202321,0.8,2024-10-25 16:31:43.436852,study_reward
PAY302069,P102261,,10.0,2024-10-25 16:37:16.000000,referral_bonus
PAY302070,P101845,SUB202323,4.64,2024-10-25 20:10:13.885508,study_reward
PAY302071,P100090,SUB202324,2.39,2024-10-25 20:13:55.119792,study_reward
PAY302072,P101095,SUB202325,4.64,2024-10-25 22:04:59.871460,study_reward
PAY302073,P102990,SUB202326,10.53,2024-10-26 00:30:49.561164,study_reward
PAY302074,P102914,SUB202327,3.05,2024-10-26 00:34:05.746353,study_reward
PAY302075,P102030,SUB202328,6.06,2024-10-26 01:21:44.467844,study_reward
PAY302076,P101608,SUB202329,1.59,2024-10-26 01:31:43.436852,study_reward
PAY302077,P101199,SUB202330,3.47,2024-10-26 06:11:04.190570,study_reward
PAY302078,P100329,SUB202331,1.75,2024-10-26 06:22:47.454170,study_reward
PAY302079,P102662,SUB202332,5.02,2024-10-26 07:14:24.765637,study_reward
PAY302080,P102858,SUB202334,4.64,2024-10-26 09:28:38.137176,study_reward
PAY302081,P102292,SUB202335,1.7,2024-10-26 12:38:12.391490,study_reward
PAY302082,P100600,SUB202336,4.18,2024-10-26 14:19:41.290341,study_reward
PAY302083,P102747,SUB202337,6.16,2024-10-26 14:31:38.749638,study_reward
PAY302084,P100776,SUB202338,1.58,2024-10-26 15:48:27.405316,study_reward
PAY302085,P100297,SUB202339,5.45,2024-10-26 15:59:32.896357,study_reward
PAY302086,P100880,SUB202341,2.96,2024-10-26 18:18:29.430743,study_reward
PAY302087,P101392,SUB202343,1.24,2024-10-26 20:20:53.183781,study_reward
PAY302088,P100629,SUB202344,1.66,2024-10-26 22:13:38.888479,study_reward
PAY302089,P100588,SUB202345,1.7,2024-10-26 23:45:06.155373,study_reward
PAY302090,P101340,SUB202346,1.35,2024-10-27 00:01:24.612005,study_reward
PAY302091,P100880,SUB202347,1.59,2024-10-27 00:18:29.430743,study_reward
PAY302092,P100387,SUB202348,1.28,2024-10-27 02:37:10.612955,study_reward
PAY302093,P102241,SUB202350,2.64,2024-10-27 06:50:24.702732,study_reward
PAY302094,P101847,SUB202351,10.53,2024-10-27 07:28:12.847321,study_reward
PAY302095,P100606,SUB202353,1.7,2024-10-27 12:21:32.016215,study_reward
PAY302096,P101690,SUB202354,2.39,2024-10-27 13:53:19.391737,study_reward
PAY302097,P102338,SUB202355,2.13,2024-10-27 14:21:41.297043,study_reward
PAY302098,P100852,SUB202356,2.96,2024-10-27 15:50:38.024849,study_reward
PAY302099,P102981,SUB202357,1.79,2024-10-27 17:38:10.855766,study_reward
PAY302100,P101087,SUB202359,3.08,2024-10-27 20:34:38.617092,study_reward
PAY302101,P102523,,10.0,2024-10-27 21:50:09.000000,referral_bonus
PAY302102,P101723,SUB202360,4.57,2024-10-27 23:58:33.927638,study_reward
PAY302103,P102810,SUB202361,1.11,2024-10-28 03:53:18.647092,study_reward
PAY302104,P101493,SUB202362,1.91,2024-10-28 04:18:31.502131,study_reward
PAY302105,P102239,SUB202363,4.57,2024-10-28 06:15:34.099992,study_reward
PAY302106,P102102,SUB202364,3.89,2024-10-28 07:29:53.581426,study_reward
PAY302107,P101008,SUB202365,1.68,2024-10-28 08:55:06.591931,study_reward
PAY302108,P100601,,2.5,2024-10-28 10:30:20.000000,referral_bonus
PAY302109,P102728,SUB202366,2.63,2024-10-28 12:15:52.181374,study_reward
PAY302110,P101392,SUB202367,5.45,2024-10-28 12:20:53.183781,study_reward
PAY302111,P101340,SUB202368,5.29,2024-10-28 13:01:24.612005,study_reward
PAY302112,P102793,SUB202370,7.8,2024-10-28 16:30:45.859493,study_reward
PAY302113,P101119,SUB202373,1.79,2024-10-28 17:24:40.491676,study_reward
PAY302114,P101119,SUB202372,2.96,2024-10-28 17:24:40.491676,study_reward
PAY302115,P102268,SUB202374,2.06,2024-10-28 21:32:56.464215,study_reward
PAY302116,P101536,SUB202375,2.11,2024-10-28 22:09:24.252261,study_reward
PAY302117,P100934,SUB202377,1.68,2024-10-29 04:17:52.310304,study_reward
PAY302118,P100202,SUB202378,5.46,2024-10-29 04:22:20.134729,study_reward
PAY302119,P102223,SUB202379,3.05,2024-10-29 04:39:58.804614,study_reward
PAY302120,P101690,SUB202380,1.58,2024-10-29 05:53:19.391737,study_reward
PAY302121,P101985,SUB202381,5.78,2024-10-29 08:04:24.990148,study_reward
PAY302122,P100880,SUB202382,0.86,2024-10-29 08:18:29.430743,study_reward
PAY302123,P101392,SUB202383,0.8,2024-10-29 09:20:53.183781,study_reward
PAY302124,P101374,SUB202384,1.92,2024-10-29 11:21:46.204053,study_reward
PAY302125,P101847,SUB202385,2.72,2024-10-29 11:28:12.847321,study_reward
PAY302126,P101199,SUB202388,2.02,2024-10-29 16:11:04.190570,study_reward
PAY302127,P100895,SUB202389,7.89,2024-10-29 18:02:59.956389,study_reward
PAY302128,P102851,SUB202390,6.85,2024-10-29 18:34:44.622313,study_reward
PAY302129,P100885,SUB202391,3.8,2024-10-29 20:48:02.142018,study_reward
PAY302130,P100515,SUB202392,2.72,2024-10-29 21:31:13.694397,study_reward
PAY302131,P101723,SUB202393,1.61,2024-10-29 22:58:33.927638,study_reward
PAY302132,P101847,SUB202395,3.95,2024-10-30 00:28:12.847321,study_reward
PAY302133,P100908,SUB202396,3.47,2024-10-30 03:14:17.469458,study_reward
PAY302134,P101723,SUB202397,3.21,2024-10-30 05:58:33.927638,study_reward
PAY302135,P102673,SUB202398,2.85,2024-10-30 06:20:32.282809,study_reward
PAY302136,P101393,,15.0,2024-10-30 07:35:10.000000,loyalty_bonus
PAY302137,P102574,SUB202399,1.34,2024-10-30 08:17:33.603340,study_reward
PAY302138,P100128,SUB202400,2.37,2024-10-30 10:07:26.265763,study_reward
PAY302139,P101071,SUB202401,1.9,2024-10-30 10:42:31.244162,study_reward
PAY302140,P101109,SUB202403,1.0,2024-10-30 12:02:47.975989,study_reward
PAY302141,P102767,SUB202404,7.54,2024-10-30 14:15:07.721749,study_reward
PAY302142,P100429,SUB202405,5.78,2024-10-30 14:15:08.987265,study_reward
PAY302143,P100576,SUB202406,3.8,2024-10-30 15:29:19.654622,study_reward
PAY302144,P100429,SUB202407,2.91,2024-10-30 18:15:08.987265,study_reward
PAY302145,P102455,SUB202408,2.12,2024-10-30 19:00:47.301646,study_reward
PAY302146,P100854,SUB202409,0.8,2024-10-30 19:45:19.299129,study_reward
PAY302147,P102306,SUB202411,6.06,2024-10-30 23:19:52.683359,study_reward
PAY302148,P101678,SUB202412,1.68,2024-10-31 05:03:53.722025,study_reward
PAY302149,P102699,,5.0,2024-10-31 05:28:26.000000,referral_bonus
PAY302150,P102747,SUB202414,1.9,2024-10-31 05:31:38.749638,study_reward
PAY302151,P101119,SUB202415,1.08,2024-10-31 06:24:40.491676,study_reward
PAY302152,P100515,SUB202416,1.7,2024-10-31 07:31:13.694397,study_reward
PAY302153,P101652,SUB202417,7.89,2024-10-31 08:17:39.250030,study_reward
PAY302154,P102851,SUB202418,1.34,2024-10-31 08:34:44.622313,study_reward
PAY302155,P102728,SUB202419,1.52,2024-10-31 09:15:52.181374,study_reward
PAY302156,P101514,SUB202420,2.56,2024-10-31 10:33:33.385242,study_reward
PAY302157,P102455,SUB202422,2.08,2024-10-31 15:00:47.301646,study_reward
PAY302158,P100784,SUB202423,5.46,2024-10-31 15:17:00.791259,study_reward
PAY302159,P100057,SUB202424,1.98,2024-10-31 16:11:48.472250,study_reward
PAY302160,P100429,SUB202425,6.67,2024-10-31 16:15:08.987265,study_reward
PAY302161,P101072,SUB202426,6.16,2024-10-31 18:41:57.327102,study_reward
PAY302162,P100202,SUB202428,6.06,2024-10-31 22:22:20.134729,study_reward
PAY302163,P101199,SUB202429,1.47,2024-10-31 23:11:04.190570,study_reward
PAY302164,P101652,SUB202430,1.79,2024-10-31 23:17:39.250030,study_reward
PAY302165,P101199,SUB202431,4.13,2024-11-01 01:11:04.190570,study_reward
PAY302166,P101753,SUB202432,1.24,2024-11-01 01:25:09.153126,study_reward
PAY302167,P101109,SUB202433,0.67,2024-11-01 02:02:47.975989,study_reward
PAY302168,P101295,SUB202434,0.91,2024-11-01 02:47:41.272075,study_reward
PAY302169,P101678,SUB202435,2.07,2024-11-01 06:03:53.722025,study_reward
PAY302170,P100776,SUB202436,5.45,2024-11-01 06:48:27.405316,study_reward
PAY302171,P101205,,15.0,2024-11-01 09:05:50.000000,loyalty_bonus
PAY302172,P101111,SUB202437,1.23,2024-11-01 10:32:54.061118,study_reward
PAY302173,P100866,SUB202438,3.85,2024-11-01 12:00:17.158213,study_reward
PAY302174,P100600,SUB202440,6.67,2024-11-01 15:19:41.290341,study_reward
PAY302175,P102102,SUB202441,2.12,2024-11-01 15:29:53.581426,study_reward
PAY302176,P101608,SUB202442,2.31,2024-11-01 16:31:43.436852,study_reward
PAY302177,P100908,SUB202443,0.67,2024-11-01 19:14:17.469458,study_reward
PAY302178,P101374,SUB202445,2.63,2024-11-01 20:21:46.204053,study_reward
PAY302179,P100726,SUB202446,1.68,2024-11-01 22:34:27.086381,study_reward
PAY302180,P102306,SUB202447,2.1,2024-11-01 23:19:52.683359,study_reward
PAY302181,P102190,SUB202448,1.83,2024-11-01 23:57:56.767916,study_reward
PAY302182,P100409,SUB202449,3.08,2024-11-02 00:40:04.382716,study_reward
PAY302183,P102102,SUB202450,3.47,2024-11-02 01:29:53.581426,study_reward
PAY302184,P102025,SUB202451,9.33,2024-11-02 02:25:45.692070,study_reward
PAY302185,P101111,SUB202452,3.32,2024-11-02 07:32:54.061118,study_reward
PAY302186,P102728,SUB202453,0.86,2024-11-02 08:15:52.181374,study_reward
PAY302187,P101950,SUB202454,2.64,2024-11-02 09:16:27.219006,study_reward
PAY302188,P102455,SUB202455,2.82,2024-11-02 11:00:47.301646,study_reward
PAY302189,P100158,SUB202458,0.77,2024-11-02 14:11:33.880967,study_reward
PAY302190,P102239,SUB202459,7.63,2024-11-02 17:15:34.099992,study_reward
PAY302191,P102767,SUB202460,1.7,2024-11-02 18:15:07.721749,study_reward
PAY302192,P101109,SUB202461,3.08,2024-11-02 21:02:47.975989,study_reward
PAY302193,P101441,SUB202462,2.1,2024-11-02 22:38:05.484956,study_reward
PAY302194,P101762,SUB202463,7.63,2024-11-03 01:39:23.716494,study_reward
PAY302195,P101652,SUB202464,4.49,2024-11-03 03:17:39.250030,study_reward
PAY302196,P100908,SUB202465,2.61,2024-11-03 04:14:17.469458,study_reward
PAY302197,P100676,SUB202467,0.64,2024-11-03 09:48:59.333318,study_reward
PAY302198,P101596,SUB202468,3.08,2024-11-03 11:46:25.737073,study_reward
PAY302199,P100981,,5.0,2024-11-03 13:59:10.000000,referral_bonus
PAY302200,P100387,SUB202469,0.5,2024-11-03 16:37:10.612955,study_reward
PAY302201,P102741,SUB202470,2.56,2024-11-03 17:41:28.807531,study_reward
PAY302202,P102203,SUB202471,0.44,2024-11-03 19:28:51.749464,study_reward
PAY302203,P100409,SUB202472,1.59,2024-11-03 20:40:04.382716,study_reward
PAY302204,P101008,SUB202473,1.83,2024-11-04 01:55:06.591931,study_reward
PAY302205,P101095,SUB202474,2.72,2024-11-04 02:04:59.871460,study_reward
PAY302206,P101441,SUB202475,1.91,2024-11-04 02:38:05.484956,study_reward
PAY302207,P100879,SUB202477,2.91,2024-11-04 04:15:26.506499,study_reward
PAY302208,P102066,SUB202479,3.34,2024-11-04 06:05:55.579005,study_reward
PAY302209,P101862,SUB202480,3.95,2024-11-04 06:07:05.904687,study_reward
PAY302210,P102306,SUB202481,0.67,2024-11-04 06:19:52.683359,study_reward
PAY302211,P100776,SUB202482,1.92,2024-11-04 06:48:27.405316,study_reward
PAY302212,P101383,SUB202483,1.67,2024-11-04 10:21:27.404953,study_reward
PAY302213,P100676,SUB202485,7.89,2024-11-04 13:48:59.333318,study_reward
PAY302214,P101536,SUB202486,1.52,2024-11-04 15:09:24.252261,study_reward
PAY302215,P100617,SUB202487,3.08,2024-11-04 15:10:58.538283,study_reward
PAY302216,P101265,SUB202489,2.91,2024-11-04 15:35:24.387082,study_reward
PAY302217,P100726,SUB202490,7.63,2024-11-04 16:34:27.086381,study_reward
PAY302218,P101790,SUB202491,2.96,2024-11-04 16:52:07.028919,study_reward
PAY302219,P101690,SUB202492,2.07,2024-11-04 16:53:19.391737,study_reward
PAY302220,P102239,SUB202493,1.92,2024-11-04 17:15:34.099992,study_reward
PAY302221,P100297,SUB202494,1.98,2024-11-04 18:59:32.896357,study_reward
PAY302222,P100013,SUB202495,3.32,2024-11-04 19:48:59.260023,study_reward
PAY302223,P101434,SUB202496,3.47,2024-11-04 23:25:21.429850,study_reward
PAY302224,P102767,SUB202497,4.13,2024-11-05 02:15:07.721749,study_reward
PAY302225,P100131,SUB202498,2.06,2024-11-05 02:27:51.352651,study_reward
PAY302226,P102728,SUB202500,4.57,2024-11-05 10:15:52.181374,study_reward
PAY302227,P102222,SUB202501,2.37,2024-11-05 10:16:59.236423,study_reward
PAY302228,P102673,SUB202502,3.32,2024-11-05 10:20:32.282809,study_reward
PAY302229,P101441,SUB202503,1.79,2024-11-05 11:38:05.484956,study_reward
PAY302230,P100057,SUB202504,2.06,2024-11-05 13:11:48.472250,study_reward
PAY302231,P100184,SUB202505,5.46,2024-11-05 15:39:17.603748,study_reward
PAY302232,P101219,SUB202506,1.28,2024-11-05 17:15:08.852858,study_reward
PAY302233,P101156,SUB202507,1.7,2024-11-05 20:47:51.147785,study_reward
PAY302234,P102004,SUB202508,2.13,2024-11-05 21:44:54.195967,study_reward
PAY302235,P100776,SUB202509,1.32,2024-11-06 01:48:27.405316,study_reward
PAY302236,P101340,SUB202510,5.29,2024-11-06 02:01:24.612005,study_reward
PAY302237,P102102,SUB202511,2.64,2024-11-06 03:29:53.581426,study_reward
PAY302238,P102879,SUB202512,1.52,2024-11-06 10:46:13.775568,study_reward
PAY302239,P102222,SUB202513,7.63,2024-11-06 11:16:59.236423,study_reward
PAY302240,P100576,SUB202514,7.89,2024-11-06 11:29:19.654622,study_reward
PAY302241,P102292,SUB202515,6.11,2024-11-06 14:38:12.391490,study_reward
PAY302242,P101156,SUB202516,1.24,2024-11-06 16:47:51.147785,study_reward
PAY302243,P100687,SUB202517,1.35,2024-11-06 17:28:40.044502,study_reward
PAY302244,P102004,SUB202518,0.64,2024-11-06 22:44:54.195967,study_reward
PAY302245,P100131,SUB202520,2.31,2024-11-07 05:27:51.352651,study_reward
PAY302246,P100184,SUB202521,2.11,2024-11-07 05:39:17.603748,study_reward
PAY302247,P100885,SUB202522,5.45,2024-11-07 07:48:02.142018,study_reward
PAY302248,P101514,SUB202523,0.8,2024-11-07 08:33:33.385242,study_reward
PAY302249,P101561,SUB202524,0.86,2024-11-07 09:21:25.764288,study_reward
PAY302250,P102807,SUB202525,1.91,2024-11-07 09:49:17.957037,study_reward
PAY302251,P102833,SUB202526,10.53,2024-11-07 11:08:10.233362,study_reward
PAY302252,P101295,SUB202527,2.26,2024-11-07 11:47:41.272075,study_reward
PAY302253,P100926,SUB202528,5.29,2024-11-07 13:17:37.029989,study_reward
PAY302254,P102268,SUB202529,2.02,2024-11-07 13:32:56.464215,study_reward
PAY302255,P101219,SUB202530,0.64,2024-11-07 14:15:08.852858,study_reward
PAY302256,P102998,,5.0,2024-11-07 15:35:51.000000,referral_bonus
PAY302257,P101514,SUB202533,3.95,2024-11-07 18:33:33.385242,study_reward
PAY302258,P102455,SUB202534,2.72,2024-11-07 19:00:47.301646,study_reward
PAY302259,P100131,SUB202535,2.75,2024-11-07 20:27:51.352651,study_reward
PAY302260,P102066,SUB202536,0.64,2024-11-07 23:05:55.579005,study_reward
PAY302261,P102102,SUB202537,5.65,2024-11-08 03:29:53.581426,study_reward
PAY302262,P102201,SUB202539,4.18,2024-11-08 05:55:07.248462,study_reward
PAY302263,P101156,SUB202540,4.91,2024-11-08 06:47:51.147785,study_reward
PAY302264,P101514,SUB202541,3.08,2024-11-08 07:33:33.385242,study_reward
PAY302265,P102537,SUB202542,5.58,2024-11-08 08:18:11.943058,study_reward
PAY302266,P101374,SUB202543,2.96,2024-11-08 08:21:46.204053,study_reward
PAY302267,P102102,SUB202544,3.34,2024-11-08 11:29:53.581426,study_reward
PAY302268,P100726,SUB202545,0.77,2024-11-08 11:34:27.086381,study_reward
PAY302269,P102102,SUB202546,0.8,2024-11-08 14:29:53.581426,study_reward
PAY302270,P102779,SUB202547,3.47,2024-11-08 14:34:02.963682,study_reward
PAY302271,P102306,SUB202548,2.39,2024-11-08 15:19:52.683359,study_reward
PAY302272,P101778,SUB202549,2.75,2024-11-08 21:20:30.783901,study_reward
PAY302273,P101010,SUB202550,2.96,2024-11-08 21:24:20.738984,study_reward
PAY302274,P101536,SUB202551,9.33,2024-11-08 23:09:24.252261,study_reward
PAY302275,P101778,SUB202552,3.32,2024-11-09 00:20:30.783901,study_reward
PAY302276,P100776,SUB202553,2.37,2024-11-09 03:48:27.405316,study_reward
PAY302277,P102833,SUB202554,2.54,2024-11-09 04:08:10.233362,study_reward
PAY302278,P101493,SUB202555,1.05,2024-11-09 04:18:31.502131,study_reward
PAY302279,P102190,SUB202556,7.8,2024-11-09 05:57:56.767916,study_reward
PAY302280,P101493,SUB202557,2.37,2024-11-09 06:18:31.502131,study_reward
PAY302281,P100117,SUB202558,0.88,2024-11-09 07:11:03.816411,study_reward
PAY302282,P102859,SUB202559,1.68,2024-11-09 08:18:36.864306,study_reward
PAY302283,P102981,SUB202560,1.58,2024-11-09 08:38:10.855766,study_reward
PAY302284,P102174,SUB202562,2.07,2024-11-09 09:51:35.388935,study_reward
PAY302285,P100387,SUB202563,0.77,2024-11-09 10:37:10.612955,study_reward
PAY302286,P100784,SUB202564,7.89,2024-11-09 11:17:00.791259,study_reward
PAY302287,P102868,SUB202565,0.86,2024-11-09 12:18:52.357108,study_reward
PAY302288,P100726,SUB202567,1.08,2024-11-09 16:34:27.086381,study_reward
PAY302289,P102807,SUB202568,3.89,2024-11-09 16:49:17.957037,study_reward
PAY302290,P102741,SUB202569,5.29,2024-11-09 19:41:28.807531,study_reward
PAY302291,P100601,SUB202570,0.86,2024-11-09 22:15:39.431886,study_reward
PAY302292,P102574,SUB202572,9.78,2024-11-10 02:17:33.603340,study_reward
PAY302293,P101133,SUB202573,2.91,2024-11-10 02:54:54.494792,study_reward
PAY302294,P101596,SUB202574,2.12,2024-11-10 03:46:25.737073,study_reward
PAY302295,P101265,SUB202575,2.1,2024-11-10 04:35:24.387082,study_reward
PAY302296,P101129,SUB202576,1.32,2024-11-10 04:57:31.590452,study_reward
PAY302297,P100871,SUB202577,1.0,2024-11-10 07:18:48.846147,study_reward
PAY302298,P100515,SUB202578,1.0,2024-11-10 09:31:13.694397,study_reward
PAY302299,P102914,SUB202579,1.28,2024-11-10 13:34:05.746353,study_reward
PAY302300,P100975,SUB202581,3.95,2024-11-10 17:35:17.896481,study_reward
PAY302301,P101596,SUB202582,2.72,2024-11-10 17:46:25.737073,study_reward
PAY302302,P101234,,15.0,2024-11-10 17:55:14.000000,loyalty_bonus
PAY302303,P101608,SUB202583,1.34,2024-11-10 18:31:43.436852,study_reward
PAY302304,P101678,SUB202585,9.33,2024-11-10 19:03:53.722025,study_reward
PAY302305,P102926,,15.0,2024-11-10 20:50:37.000000,referral_bonus
PAY302306,P102596,SUB202587,10.53,2024-11-11 00:03:33.885342,study_reward
PAY302307,P102940,SUB202588,4.64,2024-11-11 00:58:39.537366,study_reward
PAY302308,P102832,SUB202589,1.0,2024-11-11 01:39:42.681837,study_reward
PAY302309,P101847,SUB202590,0.8,2024-11-11 02:28:12.847321,study_reward
PAY302310,P100297,SUB202591,2.1,2024-11-11 02:59:32.896357,study_reward
PAY302311,P101219,SUB202592,1.46,2024-11-11 04:15:08.852858,study_reward
PAY302312,P102537,SUB202593,3.34,2024-11-11 05:18:11.943058,study_reward
PAY302313,P101678,SUB202594,0.86,2024-11-11 06:03:53.722025,study_reward
PAY302314,P100866,SUB202595,2.11,2024-11-11 08:00:17.158213,study_reward
PAY302315,P100926,SUB202596,1.34,2024-11-11 10:17:37.029989,study_reward
PAY302316,P100975,SUB202597,1.83,2024-11-11 10:35:17.896481,study_reward
PAY302317,P102298,SUB202598,9.33,2024-11-11 11:56:05.564878,study_reward
PAY302318,P101265,SUB202599,1.08,2024-11-11 13:35:24.387082,study_reward
PAY302319,P102833,SUB202600,6.11,2024-11-11 14:08:10.233362,study_reward
PAY302320,P101525,SUB202601,1.92,2024-11-11 14:08:13.367203,study_reward
PAY302321,P100589,SUB202602,1.59,2024-11-11 14:54:41.612919,study_reward
PAY302322,P100387,SUB202604,2.39,2024-11-11 15:37:10.612955,study_reward
PAY302323,P102833,SUB202605,1.92,2024-11-11 16:08:10.233362,study_reward
PAY302324,P100601,SUB202606,4.88,2024-11-11 17:15:39.431886,study_reward
PAY302325,P102833,SUB202607,0.85,2024-11-11 18:08:10.233362,study_reward
PAY302326,P102537,SUB202608,1.23,2024-11-11 19:18:11.943058,study_reward
PAY302327,P101493,SUB202609,1.58,2024-11-11 19:18:31.502131,study_reward
PAY302328,P100110,SUB202610,1.23,2024-11-11 19:20:00.863141,study_reward
PAY302329,P100409,SUB202611,3.62,2024-11-11 20:40:04.382716,study_reward
PAY302330,P102025,SUB202612,3.1,2024-11-11 23:25:45.692070,study_reward
PAY302331,P100852,SUB202613,2.39,2024-11-11 23:50:38.024849,study_reward
PAY302332,P100128,SUB202614,3.62,2024-11-12 00:07:26.265763,study_reward
PAY302333,P101790,SUB202615,3.05,2024-11-12 00:52:07.028919,study_reward
PAY302334,P101652,SUB202616,6.11,2024-11-12 01:17:39.250030,study_reward
PAY302335,P100158,SUB202617,10.53,2024-11-12 02:11:33.880967,study_reward
PAY302336,P102747,SUB202618,2.09,2024-11-12 02:31:38.749638,study_reward
PAY302337,P100908,SUB202619,9.33,2024-11-12 05:14:17.469458,study_reward
PAY302338,P101608,SUB202620,1.92,2024-11-12 05:31:43.436852,study_reward
PAY302339,P102004,SUB202621,1.17,2024-11-12 06:44:54.195967,study_reward
PAY302340,P100297,SUB202622,4.64,2024-11-12 07:59:32.896357,study_reward
PAY302341,P101778,SUB202624,2.61,2024-11-12 09:20:30.783901,study_reward
PAY302342,P100057,SUB202626,3.32,2024-11-12 16:11:48.472250,study_reward
PAY302343,P102537,SUB202627,5.78,2024-11-12 18:18:11.943058,study_reward
PAY302344,P100579,SUB202628,1.05,2024-11-12 18:50:07.753510,study_reward
PAY302345,P100184,SUB202629,3.8,2024-11-12 20:39:17.603748,study_reward
PAY302346,P100589,SUB202630,0.67,2024-11-12 20:54:41.612919,study_reward
PAY302347,P100926,SUB202631,4.13,2024-11-12 21:17:37.029989,study_reward
PAY302348,P101778,SUB202632,6.67,2024-11-12 22:20:30.783901,study_reward
PAY302349,P101340,SUB202633,1.28,2024-11-12 23:01:24.612005,study_reward
PAY302350,P101232,SUB202634,2.07,2024-11-13 00:11:30.147814,study_reward
PAY302351,P101525,SUB202636,4.49,2024-11-13 04:08:13.367203,study_reward
PAY302352,P102316,SUB202637,2.11,2024-11-13 07:06:03.873399,study_reward
PAY302353,P100175,SUB202638,2.11,2024-11-13 07:21:41.742141,study_reward
PAY302354,P101690,SUB202639,1.05,2024-11-13 09:53:19.391737,study_reward
PAY302355,P102821,SUB202640,1.83,2024-11-13 16:15:13.547037,study_reward
PAY302356,P102680,SUB202641,0.86,2024-11-13 17:40:42.411507,study_reward
PAY302357,P101434,SUB202642,1.75,2024-11-13 18:25:21.429850,study_reward
PAY302358,P101269,SUB202643,2.11,2024-11-13 18:48:29.079483,study_reward
PAY302359,P102298,SUB202644,1.28,2024-11-13 18:56:05.564878,study_reward
PAY302360,P100173,SUB202645,0.86,2024-11-13 20:34:04.575848,study_reward
PAY302361,P100992,SUB202646,6.85,2024-11-13 20:49:51.105326,study_reward
PAY302362,P100175,SUB202647,2.43,2024-11-13 21:21:41.742141,study_reward
PAY302363,P102537,SUB202648,1.08,2024-11-13 22:18:11.943058,study_reward
PAY302364,P100110,SUB202649,2.63,2024-11-14 01:20:00.863141,study_reward
PAY302365,P102338,SUB202650,2.06,2024-11-14 02:21:41.297043,study_reward
PAY302366,P102190,SUB202651,6.67,2024-11-14 02:57:56.767916,study_reward
PAY302367,P100386,SUB202652,2.82,2024-11-14 05:52:24.198265,study_reward
PAY302368,P101997,SUB202654,5.46,2024-11-14 09:55:45.280561,study_reward
PAY302369,P100110,SUB202655,3.47,2024-11-14 10:20:00.863141,study_reward
PAY302370,P100175,SUB202656,0.67,2024-11-14 13:21:41.742141,study_reward
PAY302371,P100505,SUB202657,2.11,2024-11-14 13:24:36.791357,study_reward
PAY302372,P100975,SUB202658,3.21,2024-11-14 14:35:17.896481,study_reward
PAY302373,P102662,SUB202659,3.34,2024-11-14 15:14:24.765637,study_reward
PAY302374,P102747,SUB202660,1.58,2024-11-14 15:31:38.749638,study_reward
PAY302375,P100108,SUB202661,6.85,2024-11-14 16:12:17.443271,study_reward
PAY302376,P101493,SUB202662,0.64,2024-11-14 16:18:31.502131,study_reward
PAY302377,P100387,SUB202663,5.58,2024-11-14 17:37:10.612955,study_reward
PAY302378,P101269,SUB202664,3.8,2024-11-14 17:48:29.079483,study_reward
PAY302379,P100190,SUB202665,5.46,2024-11-14 18:52:25.321987,study_reward
PAY302380,P101129,SUB202666,3.46,2024-11-14 20:57:31.590452,study_reward
PAY302381,P102391,SUB202667,1.46,2024-11-14 22:30:21.363214,study_reward
PAY302382,P100916,SUB202668,2.63,2024-11-15 03:22:47.687344,study_reward
PAY302383,P102004,SUB202669,4.13,2024-11-15 04:44:54.195967,study_reward
PAY302384,P101383,SUB202672,9.78,2024-11-15 11:21:27.404953,study_reward
PAY302385,P101070,SUB202673,2.06,2024-11-15 11:21:31.500126,study_reward
PAY302386,P100676,SUB202675,1.83,2024-11-15 12:48:59.333318,study_reward
PAY302387,P102725,SUB202677,1.99,2024-11-15 13:12:03.378661,study_reward
PAY302388,P101950,SUB202680,0.88,2024-11-15 15:16:27.219006,study_reward
PAY302389,P102752,SUB202682,3.95,2024-11-15 17:35:25.985211,study_reward
PAY302390,P100964,SUB202683,5.02,2024-11-15 17:52:57.606661,study_reward
PAY302391,P101778,SUB202684,1.59,2024-11-15 18:20:30.783901,study_reward
PAY302392,P102832,SUB202685,0.44,2024-11-15 19:39:42.681837,study_reward
PAY302393,P100224,SUB202686,1.9,2024-11-15 20:17:37.325626,study_reward
PAY302394,P100681,SUB202687,4.57,2024-11-15 20:56:31.269634,study_reward
PAY302395,P101690,SUB202689,1.75,2024-11-15 22:53:19.391737,study_reward
PAY302396,P102291,SUB202690,6.67,2024-11-15 22:53:19.688739,study_reward
PAY302397,P100726,,10.0,2024-11-16 01:43:25.000000,referral_bonus
PAY302398,P102268,SUB202692,4.57,2024-11-16 02:32:56.464215,study_reward
PAY302399,P102076,SUB202693,2.46,2024-11-16 03:27:32.623214,study_reward
PAY302400,P102942,SUB202694,2.96,2024-11-16 04:12:50.970007,study_reward
PAY302401,P102752,SUB202696,1.35,2024-11-16 05:35:25.985211,study_reward
PAY302402,P102298,SUB202698,9.33,2024-11-16 06:56:05.564878,study_reward
PAY302403,P102673,SUB202699,1.28,2024-11-16 07:20:32.282809,study_reward
PAY302404,P102890,,10.0,2024-11-16 07:58:56.000000,loyalty_bonus
PAY302405,P102662,SUB202700,2.07,2024-11-16 08:14:24.765637,study_reward
PAY302406,P101676,SUB202701,1.52,2024-11-16 10:54:01.745861,study_reward
PAY302407,P101850,SUB202702,1.0,2024-11-16 11:48:19.394174,study_reward
PAY302408,P102617,SUB202703,3.46,2024-11-16 13:39:45.604805,study_reward
PAY302409,P100589,SUB202704,0.8,2024-11-16 14:54:41.612919,study_reward
PAY302410,P101536,SUB202705,6.95,2024-11-16 16:09:24.252261,study_reward
PAY302411,P102450,SUB202706,2.1,2024-11-16 17:51:14.980486,study_reward
PAY302412,P101286,SUB202708,0.33,2024-11-16 20:02:47.784290,study_reward
PAY302413,P100879,SUB202710,3.46,2024-11-16 22:15:26.506499,study_reward
PAY302414,P102851,SUB202713,7.63,2024-11-17 02:34:44.622313,study_reward
PAY302415,P101219,SUB202714,2.63,2024-11-17 05:15:08.852858,study_reward
PAY302416,P100601,SUB202715,0.64,2024-11-17 05:15:39.431886,study_reward
PAY302417,P102752,SUB202716,1.66,2024-11-17 05:35:25.985211,study_reward
PAY302418,P102914,SUB202717,2.75,2024-11-17 06:34:05.746353,study_reward
PAY302419,P100297,SUB202718,10.53,2024-11-17 06:59:32.896357,study_reward
PAY302420,P101208,SUB202719,2.46,2024-11-17 11:14:31.023995,study_reward
PAY302421,P100992,SUB202720,6.16,2024-11-17 11:49:51.105326,study_reward
PAY302422,P100866,SUB202721,0.64,2024-11-17 15:00:17.158213,study_reward
PAY302423,P102596,SUB202722,2.77,2024-11-17 15:03:33.885342,study_reward
PAY302424,P102298,SUB202723,3.46,2024-11-17 15:56:05.564878,study_reward
PAY302425,P100908,SUB202724,3.46,2024-11-17 16:14:17.469458,study_reward
PAY302426,P102066,SUB202725,1.08,2024-11-17 19:05:55.579005,study_reward
PAY302427,P100760,SUB202726,3.21,2024-11-17 19:29:02.000458,study_reward
PAY302428,P100854,SUB202727,3.89,2024-11-17 20:45:19.299129,study_reward
PAY302429,P102174,SUB202728,1.75,2024-11-17 21:51:35.388935,study_reward
PAY302430,P101095,SUB202729,3.84,2024-11-17 22:04:59.871460,study_reward
PAY302431,P100527,SUB202730,2.63,2024-11-18 00:00:02.939918,study_reward
PAY302432,P100158,SUB202731,0.85,2024-11-18 00:11:33.880967,study_reward
PAY302433,P101219,SUB202732,2.26,2024-11-18 00:15:08.852858,study_reward
PAY302434,P101269,SUB202733,2.08,2024-11-18 00:48:29.079483,study_reward
PAY302435,P100108,SUB202734,6.16,2024-11-18 01:12:17.443271,study_reward
PAY302436,P101536,SUB202735,2.77,2024-11-18 03:09:24.252261,study_reward
PAY302437,P102111,SUB202736,4.13,2024-11-18 03:36:18.289752,study_reward
PAY302438,P100019,SUB202737,1.91,2024-11-18 05:15:00.452941,study_reward
PAY302439,P100141,SUB202739,2.09,2024-11-18 07:14:18.586296,study_reward
PAY302440,P100387,SUB202740,3.8,2024-11-18 07:37:10.612955,study_reward
PAY302441,P102914,SUB202741,1.05,2024-11-18 10:34:05.746353,study_reward
PAY302442,P101078,SUB202743,1.17,2024-11-18 15:34:33.670145,study_reward
PAY302443,P100527,SUB202744,1.91,2024-11-18 17:00:02.939918,study_reward
PAY302444,P101070,SUB202745,3.62,2024-11-18 17:21:31.500126,study_reward
PAY302445,P100269,SUB202746,2.64,2024-11-18 21:02:21.109742,study_reward
PAY302446,P102662,SUB202747,2.85,2024-11-18 21:14:24.765637,study_reward
PAY302447,P101878,SUB202748,1.47,2024-11-18 22:10:49.997613,study_reward
PAY302448,P102067,SUB202749,2.72,2024-11-18 23:18:42.798694,study_reward
PAY302449,P102549,SUB202751,3.84,2024-11-19 01:13:02.904717,study_reward
PAY302450,P102256,,5.0,2024-11-19 02:28:24.000000,loyalty_bonus
PAY302451,P102391,SUB202752,1.77,2024-11-19 02:30:21.363214,study_reward
PAY302452,P100964,SUB202753,4.49,2024-11-19 02:52:57.606661,study_reward
PAY302453,P102532,SUB202754,1.7,2024-11-19 03:16:58.842903,study_reward
PAY302454,P100784,SUB202755,1.66,2024-11-19 05:17:00.791259,study_reward
PAY302455,P101071,SUB202756,1.33,2024-11-19 06:42:31.244162,study_reward
PAY302456,P102362,SUB202758,1.32,2024-11-19 07:41:44.967570,study_reward
PAY302457,P100880,SUB202759,3.95,2024-11-19 08:18:29.430743,study_reward
PAY302458,P101276,SUB202760,1.83,2024-11-19 11:11:07.674197,study_reward
PAY302459,P102914,SUB202761,1.23,2024-11-19 12:34:05.746353,study_reward
PAY302460,P100527,SUB202762,1.17,2024-11-19 13:00:02.939918,study_reward
PAY302461,P100601,SUB202763,1.61,2024-11-19 13:15:39.431886,study_reward
PAY302462,P101678,SUB202764,6.67,2024-11-19 15:03:53.722025,study_reward
PAY302463,P101070,SUB202765,3.85,2024-11-19 15:21:31.500126,study_reward
PAY302464,P100852,SUB202766,2.11,2024-11-19 15:50:38.024849,study_reward
PAY302465,P102532,SUB202768,3.08,2024-11-19 18:16:58.842903,study_reward
PAY302466,P101265,SUB202769,1.98,2024-11-19 20:35:24.387082,study_reward
PAY302467,P102102,SUB202771,1.75,2024-11-20 00:29:53.581426,study_reward
PAY302468,P102741,SUB202772,1.75,2024-11-20 00:41:28.807531,study_reward
PAY302469,P102821,SUB202773,2.77,2024-11-20 04:15:13.547037,study_reward
PAY302470,P102292,SUB202775,6.85,2024-11-20 05:38:12.391490,study_reward
PAY302471,P102596,SUB202776,4.88,2024-11-20 06:03:33.885342,study_reward
PAY302472,P101514,SUB202777,7.63,2024-11-20 06:33:33.385242,study_reward
PAY302473,P101383,SUB202779,3.1,2024-11-20 07:21:27.404953,study_reward
PAY302474,P102767,SUB202780,10.53,2024-11-20 09:15:07.721749,study_reward
PAY302475,P101702,SUB202782,5.29,2024-11-20 11:35:35.145666,study_reward
PAY302476,P100854,SUB202783,2.54,2024-11-20 12:45:19.299129,study_reward
PAY302477,P102291,SUB202784,1.68,2024-11-20 12:53:19.688739,study_reward
PAY302478,P100852,SUB202785,3.05,2024-11-20 14:50:38.024849,study_reward
PAY302479,P102665,SUB202786,4.64,2024-11-20 15:51:01.898315,study_reward
PAY302480,P102942,SUB202787,1.52,2024-11-20 16:12:50.970007,study_reward
PAY302481,P100184,SUB202788,2.31,2024-11-20 17:39:17.603748,study_reward
PAY302482,P100934,SUB202789,2.12,2024-11-20 18:17:52.310304,study_reward
PAY302483,P102785,SUB202790,1.83,2024-11-20 19:15:50.029321,study_reward
PAY302484,P102102,SUB202791,2.39,2024-11-20 20:29:53.581426,study_reward
PAY302485,P101070,SUB202792,1.46,2024-11-20 21:21:31.500126,study_reward
PAY302486,P102229,SUB202793,4.91,2024-11-20 22:12:39.250004,study_reward
PAY302487,P101232,SUB202794,1.17,2024-11-21 01:11:30.147814,study_reward
PAY302488,P102574,SUB202795,3.87,2024-11-21 01:17:33.603340,study_reward
PAY302489,P100269,SUB202797,1.08,2024-11-21 03:02:21.109742,study_reward
PAY302490,P100896,SUB202798,3.95,2024-11-21 04:13:17.817717,study_reward
PAY302491,P100601,SUB202801,1.0,2024-11-21 05:15:39.431886,study_reward
PAY302492,P101832,,5.0,2024-11-21 06:33:15.000000,referral_bonus
PAY302493,P100854,SUB202802,2.13,2024-11-21 07:45:19.299129,study_reward
PAY302494,P100189,SUB202804,1.83,2024-11-21 08:42:46.224420,study_reward
PAY302495,P101156,SUB202805,2.37,2024-11-21 08:47:51.147785,study_reward
PAY302496,P102833,SUB202806,2.85,2024-11-21 09:08:10.233362,study_reward
PAY302497,P102108,SUB202807,5.58,2024-11-21 09:12:37.693173,study_reward
PAY302498,P100250,SUB202809,1.34,2024-11-21 12:50:49.677380,study_reward
PAY302499,P102183,SUB202811,2.72,2024-11-21 13:28:41.003522,study_reward
PAY302500,P101651,SUB202812,1.19,2024-11-21 13:45:31.708634,study_reward
PAY302501,P100202,SUB202813,1.32,2024-11-21 14:22:20.134729,study_reward
PAY302502,P102291,SUB202814,0.44,2024-11-21 14:53:19.688739,study_reward
PAY302503,P102025,SUB202815,2.46,2024-11-21 16:25:45.692070,study_reward
PAY302504,P100926,SUB202817,2.85,2024-11-21 18:17:37.029989,study_reward
PAY302505,P100175,SUB202819,3.08,2024-11-21 19:21:41.742141,study_reward
PAY302506,P101530,SUB202820,2.72,2024-11-21 20:12:51.787348,study_reward
PAY302507,P100693,SUB202822,4.49,2024-11-21 21:04:53.195421,study_reward
PAY302508,P100173,SUB202824,1.35,2024-11-21 23:34:04.575848,study_reward
PAY302509,P101276,SUB202825,9.78,2024-11-22 03:11:07.674197,study_reward
PAY302510,P102598,SUB202827,1.59,2024-11-22 05:33:07.992162,study_reward
PAY302511,P100589,SUB202828,2.63,2024-11-22 06:54:41.612919,study_reward
PAY302512,P102662,SUB202830,5.58,2024-11-22 09:14:24.765637,study_reward
PAY302513,P100128,SUB202832,3.62,2024-11-22 11:07:26.265763,study_reward
PAY302514,P100784,SUB202833,1.7,2024-11-22 15:17:00.791259,study_reward
PAY302515,P101133,SUB202834,2.24,2024-11-22 17:54:54.494792,study_reward
PAY302516,P100617,SUB202835,1.34,2024-11-22 18:10:58.538283,study_reward
PAY302517,P101878,SUB202836,2.54,2024-11-22 21:10:49.997613,study_reward
PAY302518,P100288,SUB202839,1.91,2024-11-22 22:55:21.031799,study_reward
PAY302519,P100409,SUB202842,1.83,2024-11-23 00:40:04.382716,study_reward
PAY302520,P102785,SUB202843,6.95,2024-11-23 01:15:50.029321,study_reward
PAY302521,P100202,SUB202844,7.89,2024-11-23 02:22:20.134729,study_reward
PAY302522,P101232,SUB202845,2.82,2024-11-23 03:11:30.147814,study_reward
PAY302523,P102549,SUB202846,0.33,2024-11-23 03:13:02.904717,study_reward
PAY302524,P100687,SUB202847,5.65,2024-11-23 03:28:40.044502,study_reward
PAY302525,P102102,SUB202848,3.32,2024-11-23 03:29:53.581426,study_reward
PAY302526,P100128,SUB202850,1.59,2024-11-23 07:07:26.265763,study_reward
PAY302527,P100852,SUB202852,3.47,2024-11-23 07:50:38.024849,study_reward
PAY302528,P102076,SUB202853,3.89,2024-11-23 12:27:32.623214,study_reward
PAY302529,P102004,SUB202854,1.05,2024-11-23 13:44:54.195967,study_reward
PAY302530,P101458,SUB202855,2.63,2024-11-23 13:58:19.747721,study_reward
PAY302531,P102174,SUB202856,7.54,2024-11-23 14:51:35.388935,study_reward
PAY302532,P100617,SUB202857,4.49,2024-11-23 17:10:58.538283,study_reward
PAY302533,P100975,SUB202859,2.96,2024-11-23 23:35:17.896481,study_reward
PAY302534,P101208,SUB202860,7.63,2024-11-24 00:14:31.023995,study_reward
PAY302535,P102940,SUB202861,4.13,2024-11-24 01:58:39.537366,study_reward
PAY302536,P100784,SUB202862,7.54,2024-11-24 03:17:00.791259,study_reward
PAY302537,P102725,SUB202863,1.13,2024-11-24 04:12:03.378661,study_reward
PAY302538,P102662,SUB202864,1.46,2024-11-24 04:14:24.765637,study_reward
PAY302539,P101878,SUB202865,2.91,2024-11-24 06:10:49.997613,study_reward
PAY302540,P101862,SUB202866,1.68,2024-11-24 08:07:05.904687,study_reward
PAY302541,P100895,SUB202868,1.17,2024-11-24 13:02:59.956389,study_reward
PAY302542,P102658,SUB202869,2.54,2024-11-24 13:27:19.422832,study_reward
PAY302543,P102640,SUB202870,2.39,2024-11-24 15:13:09.422831,study_reward
PAY302544,P102598,SUB202871,6.06,2024-11-24 15:33:07.992162,study_reward
PAY302545,P101592,SUB202874,1.47,2024-11-24 20:05:10.547461,study_reward
PAY302546,P102741,SUB202875,1.68,2024-11-24 20:41:28.807531,study_reward
PAY302547,P102229,SUB202876,3.84,2024-11-24 23:12:39.250004,study_reward
PAY302548,P101530,SUB202877,0.88,2024-11-24 23:12:51.787348,study_reward
PAY302549,P102450,SUB202878,7.54,2024-11-24 23:51:14.980486,study_reward
PAY302550,P102298,SUB202879,4.91,2024-11-24 23:56:05.564878,study_reward
PAY302551,P100019,SUB202880,3.08,2024-11-25 00:15:00.452941,study_reward
PAY302552,P101071,SUB202881,2.09,2024-11-25 01:42:31.244162,study_reward
PAY302553,P101690,SUB202882,0.77,2024-11-25 03:53:19.391737,study_reward
PAY302554,P102767,SUB202883,2.85,2024-11-25 05:15:07.721749,study_reward
PAY302555,P101129,SUB202885,1.61,2024-11-25 05:57:31.590452,study_reward
PAY302556,P102076,SUB202886,1.77,2024-11-25 10:27:32.623214,study_reward
PAY302557,P100250,SUB202887,0.67,2024-11-25 11:50:49.677380,study_reward
PAY302558,P102940,SUB202888,2.11,2024-11-25 13:58:39.537366,study_reward
PAY302559,P101276,SUB202889,2.64,2024-11-25 14:11:07.674197,study_reward
PAY302560,P101070,SUB202890,1.9,2024-11-25 14:21:31.500126,study_reward
PAY302561,P102338,SUB202891,6.67,2024-11-25 14:21:41.297043,study_reward
PAY302562,P102832,SUB202893,1.98,2024-11-25 16:39:42.681837,study_reward
PAY302563,P102183,SUB202894,4.18,2024-11-25 17:28:41.003522,study_reward
PAY302564,P101008,SUB202895,3.21,2024-11-25 17:55:06.591931,study_reward
PAY302565,P101862,SUB202896,4.88,2024-11-25 18:07:05.904687,study_reward
PAY302566,P101690,SUB202897,1.91,2024-11-25 19:53:19.391737,study_reward
PAY302567,P102680,SUB202898,1.98,2024-11-25 22:40:42.411507,study_reward
PAY302568,P100175,SUB202899,1.24,2024-11-25 23:21:41.742141,study_reward
PAY302569,P101536,SUB202900,1.05,2024-11-26 01:09:24.252261,study_reward
PAY302570,P100329,SUB202901,5.29,2024-11-26 02:22:47.454170,study_reward
PAY302571,P102391,SUB202902,6.57,2024-11-26 04:30:21.363214,study_reward
PAY302572,P101133,SUB202903,6.11,2024-11-26 04:54:54.494792,study_reward
PAY302573,P100617,SUB202904,5.58,2024-11-26 05:10:58.538283,study_reward
PAY302574,P100057,SUB202905,2.26,2024-11-26 07:11:48.472250,study_reward
PAY302575,P102298,SUB202908,1.19,2024-11-26 11:56:05.564878,study_reward
PAY302576,P102868,SUB202909,1.91,2024-11-26 13:18:52.357108,study_reward
PAY302577,P102998,SUB202910,1.7,2024-11-26 13:47:49.163777,study_reward
PAY302578,P102879,SUB202911,6.57,2024-11-26 15:46:13.775568,study_reward
PAY302579,P100760,SUB202912,2.46,2024-11-26 16:29:02.000458,study_reward
PAY302580,P101078,SUB202914,2.54,2024-11-26 21:34:33.670145,study_reward
PAY302581,P100579,SUB202915,3.85,2024-11-26 21:50:07.753510,study_reward
PAY302582,P101845,SUB202916,6.67,2024-11-26 23:10:13.885508,study_reward
PAY302583,P101527,SUB202917,1.99,2024-11-26 23:35:36.453836,study_reward
PAY302584,P100019,SUB202918,4.64,2024-11-27 01:15:00.452941,study_reward
PAY302585,P100916,SUB202919,1.68,2024-11-27 01:22:47.687344,study_reward
PAY302586,P100964,SUB202920,2.43,2024-11-27 01:52:57.606661,study_reward
PAY302587,P100871,SUB202921,2.13,2024-11-27 02:18:48.846147,study_reward
PAY302588,P100288,SUB202922,5.02,2024-11-27 02:55:21.031799,study_reward
PAY302589,P100895,SUB202923,6.67,2024-11-27 03:02:59.956389,study_reward
PAY302590,P101008,SUB202924,7.89,2024-11-27 03:55:06.591931,study_reward
PAY302591,P100527,SUB202925,3.89,2024-11-27 04:00:02.939918,study_reward
PAY302592,P102117,,15.0,2024-11-27 06:52:08.000000,referral_bonus
PAY302593,P102785,SUB202927,1.79,2024-11-27 09:15:50.029321,study_reward
PAY302594,P101262,SUB202928,2.08,2024-11-27 10:35:16.844124,study_reward
PAY302595,P102669,SUB202929,0.44,2024-11-27 15:34:46.795358,study_reward
PAY302596,P102662,SUB202930,7.8,2024-11-27 16:14:24.765637,study_reward
PAY302597,P100916,SUB202931,6.16,2024-11-27 16:22:47.687344,study_reward
PAY302598,P102105,SUB202932,3.34,2024-11-27 16:23:28.625488,study_reward
PAY302599,P102190,SUB202933,2.46,2024-11-27 17:57:56.767916,study_reward
PAY302600,P101070,SUB202934,1.79,2024-11-27 19:21:31.500126,study_reward
PAY302601,P101592,SUB202935,1.34,2024-11-27 21:05:10.547461,study_reward
PAY302602,P100964,SUB202936,9.33,2024-11-27 21:52:57.606661,study_reward
PAY302603,P100926,SUB202937,1.79,2024-11-27 22:17:37.029989,study_reward
PAY302604,P101109,SUB202938,4.91,2024-11-27 23:02:47.975989,study_reward
PAY302605,P101592,SUB202939,2.82,2024-11-27 23:05:10.547461,study_reward
PAY302606,P100760,SUB202941,6.95,2024-11-28 00:29:02.000458,study_reward
PAY302607,P102105,SUB202943,4.46,2024-11-28 02:23:28.625488,study_reward
PAY302608,P100879,SUB202945,0.64,2024-11-28 03:15:26.506499,study_reward
PAY302609,P101592,SUB202946,1.35,2024-11-28 04:05:10.547461,study_reward
PAY302610,P100417,SUB202947,3.32,2024-11-28 05:20:19.783555,study_reward
PAY302611,P100022,SUB202948,5.78,2024-11-28 08:40:24.273709,study_reward
PAY302612,P101652,SUB202950,2.26,2024-11-28 10:17:39.250030,study_reward
PAY302613,P101219,SUB202951,1.61,2024-11-28 11:15:08.852858,study_reward
PAY302614,P102807,SUB202952,0.85,2024-11-28 11:49:17.957037,study_reward
PAY302615,P102174,SUB202953,10.53,2024-11-28 12:51:35.388935,study_reward
PAY302616,P102532,SUB202954,6.06,2024-11-28 13:16:58.842903,study_reward
PAY302617,P100681,SUB202955,5.46,2024-11-28 15:56:31.269634,study_reward
PAY302618,P102143,SUB202956,1.92,2024-11-28 16:58:47.006359,study_reward
PAY302619,P101188,SUB202957,1.77,2024-11-28 17:23:12.402576,study_reward
PAY302620,P101527,SUB202958,1.05,2024-11-28 19:35:36.453836,study_reward
PAY302621,P102223,SUB202959,1.35,2024-11-28 20:39:58.804614,study_reward
PAY302622,P102105,SUB202960,0.91,2024-11-28 21:23:28.625488,study_reward
PAY302623,P101010,SUB202961,3.85,2024-11-28 22:24:20.738984,study_reward
PAY302624,P100189,SUB202963,2.85,2024-11-29 01:42:46.224420,study_reward
PAY302625,P100061,SUB202964,1.24,2024-11-29 01:52:53.643612,study_reward
PAY302626,P102076,SUB202966,1.99,2024-11-29 03:27:32.623214,study_reward
PAY302627,P100019,SUB202967,3.47,2024-11-29 07:15:00.452941,study_reward
PAY302628,P102998,SUB202968,1.92,2024-11-29 07:47:49.163777,study_reward
PAY302629,P102066,SUB202969,0.74,2024-11-29 08:05:55.579005,study_reward
PAY302630,P102728,SUB202970,2.56,2024-11-29 12:15:52.181374,study_reward
PAY302631,P102537,SUB202971,2.96,2024-11-29 14:18:11.943058,study_reward
PAY302632,P100801,SUB202972,6.19,2024-11-29 14:21:41.704462,study_reward
PAY302633,P102942,SUB202973,0.85,2024-11-29 15:12:50.970007,study_reward
PAY302634,P101010,SUB202974,2.91,2024-11-29 15:24:20.738984,study_reward
PAY302635,P100643,SUB202976,4.46,2024-11-29 19:06:12.877962,study_reward
PAY302636,P102183,SUB202978,1.79,2024-11-29 20:28:41.003522,study_reward
PAY302637,P101369,SUB202979,1.66,2024-11-29 20:35:19.515166,study_reward
PAY302638,P102143,SUB202980,0.88,2024-11-29 20:58:47.006359,study_reward
PAY302639,P100057,SUB202981,2.46,2024-11-29 22:11:48.472250,study_reward
PAY302640,P100885,SUB202982,1.46,2024-11-29 22:48:02.142018,study_reward
PAY302641,P100158,SUB202984,6.85,2024-11-30 03:11:33.880967,study_reward
PAY302642,P101847,SUB202986,1.17,2024-11-30 05:28:12.847321,study_reward
PAY302643,P102942,SUB202990,9.78,2024-11-30 11:12:50.970007,study_reward
PAY302644,P102572,SUB202991,6.95,2024-11-30 11:51:14.230357,study_reward
PAY302645,P100934,SUB202992,2.1,2024-11-30 12:17:52.310304,study_reward
PAY302646,P102105,SUB202993,7.62,2024-11-30 14:23:28.625488,study_reward
PAY302647,P100253,SUB202995,1.28,2024-11-30 17:05:16.459681,study_reward
PAY302648,P101340,SUB202997,1.34,2024-11-30 19:01:24.612005,study_reward
PAY302649,P101219,SUB202998,1.67,2024-11-30 19:15:08.852858,study_reward
PAY302650,P100527,SUB202999,4.13,2024-11-30 21:00:02.939918,study_reward
PAY302651,P102549,SUB203000,1.79,2024-11-30 21:13:02.904717,study_reward
PAY302652,P101118,SUB203001,1.11,2024-11-30 21:51:10.684797,study_reward
PAY302653,P102596,SUB203002,1.9,2024-11-30 22:03:33.885342,study_reward
PAY302654,P102108,SUB203003,4.91,2024-11-30 22:12:37.693173,study_reward
PAY302655,P101608,SUB203004,2.46,2024-11-30 22:31:43.436852,study_reward
PAY302656,P101284,SUB203005,9.78,2024-12-01 01:07:21.003957,study_reward
PAY302657,P101845,SUB203006,1.7,2024-12-01 01:10:13.885508,study_reward
PAY302658,P100019,SUB203007,7.54,2024-12-01 02:15:00.452941,study_reward
PAY302659,P100190,SUB203009,2.43,2024-12-01 02:52:25.321987,study_reward
PAY302660,P100409,SUB203010,5.78,2024-12-01 03:40:04.382716,study_reward
PAY302661,P102190,SUB203011,1.37,2024-12-01 03:57:56.767916,study_reward
PAY302662,P100329,SUB203012,2.77,2024-12-01 04:22:47.454170,study_reward
PAY302663,P101690,SUB203013,2.11,2024-12-01 06:53:19.391737,study_reward
PAY302664,P100022,SUB203015,2.11,2024-12-01 09:40:24.273709,study_reward
PAY302665,P101803,SUB203016,1.98,2024-12-01 10:50:56.214442,study_reward
PAY302666,P100250,SUB203018,4.12,2024-12-01 13:50:49.677380,study_reward
PAY302667,P100404,SUB203019,1.74,2024-12-01 14:19:30.302507,study_reward
PAY302668,P100895,SUB203020,0.88,2024-12-01 15:02:59.956389,study_reward
PAY302669,P100224,SUB203021,5.58,2024-12-01 16:17:37.325626,study_reward
PAY302670,P102391,SUB203023,2.09,2024-12-01 19:30:21.363214,study_reward
PAY302671,P101503,SUB203024,5.78,2024-12-01 19:34:43.796299,study_reward
PAY302672,P101232,SUB203025,1.34,2024-12-01 20:11:30.147814,study_reward
PAY302673,P100329,SUB203027,7.89,2024-12-01 21:22:47.454170,study_reward
PAY302674,P100760,SUB203028,0.86,2024-12-01 22:29:02.000458,study_reward
PAY302675,P101109,SUB203029,2.11,2024-12-02 00:02:47.975989,study_reward
PAY302676,P101803,SUB203030,1.74,2024-12-02 01:50:56.214442,study_reward
PAY302677,P102821,SUB203031,1.08,2024-12-02 02:15:13.547037,study_reward
PAY302678,P102669,SUB203032,1.89,2024-12-02 02:34:46.795358,study_reward
PAY302679,P100046,SUB203033,1.83,2024-12-02 02:49:05.723747,study_reward
PAY302680,P100141,SUB203035,1.92,2024-12-02 04:14:18.586296,study_reward
PAY302681,P100801,SUB203037,1.67,2024-12-02 07:21:41.704462,study_reward
PAY302682,P102868,SUB203039,1.66,2024-12-02 09:18:52.357108,study_reward
PAY302683,P101071,SUB203041,1.98,2024-12-02 11:42:31.244162,study_reward
PAY302684,P100019,SUB203042,2.82,2024-12-02 13:15:00.452941,study_reward
PAY302685,P101284,SUB203043,9.78,2024-12-02 14:07:21.003957,study_reward
PAY302686,P100926,SUB203044,1.32,2024-12-02 14:17:37.029989,study_reward
PAY302687,P101652,SUB203045,2.13,2024-12-02 14:17:39.250030,study_reward
PAY302688,P101536,SUB203046,0.86,2024-12-02 17:09:24.252261,study_reward
PAY302689,P101095,SUB203047,1.79,2024-12-02 19:04:59.871460,study_reward
PAY302690,P102640,SUB203048,5.78,2024-12-02 19:13:09.422831,study_reward
PAY302691,P100175,SUB203049,6.57,2024-12-02 20:21:41.742141,study_reward
PAY302692,P101340,SUB203050,1.74,2024-12-03 00:01:24.612005,study_reward
PAY302693,P100019,SUB203051,5.29,2024-12-03 00:15:00.452941,study_reward
PAY302694,P102108,SUB203052,5.65,2024-12-03 02:12:37.693173,study_reward
PAY302695,P101133,SUB203053,2.63,2024-12-03 03:54:54.494792,study_reward
PAY302696,P100239,,2.5,2024-12-03 04:37:37.000000,referral_bonus
PAY302697,P101109,SUB203055,2.85,2024-12-03 06:02:47.975989,study_reward
PAY302698,P100387,SUB203057,3.34,2024-12-03 06:37:10.612955,study_reward
PAY302699,P102596,SUB203058,7.8,2024-12-03 09:03:33.885342,study_reward
PAY302700,P100057,SUB203060,6.19,2024-12-03 10:11:48.472250,study_reward
PAY302701,P100173,SUB203061,5.02,2024-12-03 10:34:04.575848,study_reward
PAY302702,P102291,SUB203062,1.08,2024-12-03 11:53:19.688739,study_reward
PAY302703,P101608,SUB203063,9.78,2024-12-03 12:31:43.436852,study_reward
PAY302704,P100141,SUB203064,1.32,2024-12-03 15:14:18.586296,study_reward
PAY302705,P102362,SUB203065,3.95,2024-12-03 15:41:44.967570,study_reward
PAY302706,P100141,SUB203066,2.11,2024-12-03 16:14:18.586296,study_reward
PAY302707,P102076,SUB203067,1.75,2024-12-03 16:27:32.623214,study_reward
PAY302708,P102574,SUB203069,1.75,2024-12-03 17:17:33.603340,study_reward
PAY302709,P100329,SUB203072,2.72,2024-12-03 19:22:47.454170,study_reward
PAY302710,P102669,SUB203073,0.86,2024-12-03 19:34:46.795358,study_reward
PAY302711,P101232,SUB203075,5.45,2024-12-03 20:11:30.147814,study_reward
PAY302712,P102785,SUB203076,1.08,2024-12-03 21:15:50.029321,study_reward
PAY302713,P102229,SUB203077,10.53,2024-12-03 22:12:39.250004,study_reward
PAY302714,P101441,SUB203078,4.57,2024-12-03 22:38:05.484956,study_reward
PAY302715,P101474,SUB203079,3.95,2024-12-03 22:46:37.512746,study_reward
PAY302716,P102728,SUB203080,1.77,2024-12-03 23:15:52.181374,study_reward
PAY302717,P102537,SUB203081,2.46,2024-12-03 23:18:11.943058,study_reward
PAY302718,P102669,SUB203083,1.35,2024-12-04 01:34:46.795358,study_reward
PAY302719,P102833,SUB203084,6.11,2024-12-04 04:08:10.233362,study_reward
PAY302720,P102102,SUB203085,1.08,2024-12-04 05:29:53.581426,study_reward
PAY302721,P101071,SUB203086,2.07,2024-12-04 07:42:31.244162,study_reward
PAY302722,P102669,SUB203087,2.75,2024-12-04 08:34:46.795358,study_reward
PAY302723,P100141,SUB203088,6.19,2024-12-04 09:14:18.586296,study_reward
PAY302724,P100603,,15.0,2024-12-04 09:51:02.000000,referral_bonus
PAY302725,P101675,SUB203089,2.26,2024-12-04 10:01:01.408973,study_reward
PAY302726,P102879,SUB203090,2.12,2024-12-04 10:46:13.775568,study_reward
PAY302727,P100852,SUB203092,0.86,2024-12-04 11:50:38.024849,study_reward
PAY302728,P102291,SUB203093,5.58,2024-12-04 11:53:19.688739,study_reward
PAY302729,P102183,SUB203094,0.86,2024-12-04 15:28:41.003522,study_reward
PAY302730,P102574,SUB203095,2.43,2024-12-04 17:17:33.603340,study_reward
PAY302731,P102728,SUB203096,2.63,2024-12-04 18:15:52.181374,study_reward
PAY302732,P102067,SUB203098,3.21,2024-12-04 19:18:42.798694,study_reward
PAY302733,P101790,SUB203099,6.95,2024-12-04 19:52:07.028919,study_reward
PAY302734,P100895,SUB203100,0.86,2024-12-04 20:02:59.956389,study_reward
PAY302735,P102810,SUB203102,1.67,2024-12-04 20:53:18.647092,study_reward
PAY302736,P100102,SUB203103,1.05,2024-12-04 21:08:10.436620,study_reward
PAY302737,P100202,SUB203104,2.11,2024-12-04 23:22:20.134729,study_reward
PAY302738,P101232,SUB203105,3.87,2024-12-05 00:11:30.147814,study_reward
PAY302739,P100387,SUB203106,4.13,2024-12-05 00:37:10.612955,study_reward
PAY302740,P102298,SUB203108,1.68,2024-12-05 02:56:05.564878,study_reward
PAY302741,P101129,SUB203109,2.72,2024-12-05 03:57:31.590452,study_reward
PAY302742,P102728,SUB203110,3.87,2024-12-05 05:15:52.181374,study_reward
PAY302743,P100926,SUB203111,3.89,2024-12-05 05:17:37.029989,study_reward
PAY302744,P101608,SUB203113,1.37,2024-12-05 07:31:43.436852,study_reward
PAY302745,P101369,SUB203114,1.46,2024-12-05 09:35:19.515166,study_reward
PAY302746,P101474,SUB203115,3.47,2024-12-05 09:46:37.512746,study_reward
PAY302747,P102291,SUB203116,2.46,2024-12-05 09:53:19.688739,study_reward
PAY302748,P102298,SUB203117,1.77,2024-12-05 10:56:05.564878,study_reward
PAY302749,P102807,SUB203118,1.08,2024-12-05 11:49:17.957037,study_reward
PAY302750,P101790,SUB203119,4.57,2024-12-05 11:52:07.028919,study_reward
PAY302751,P102879,SUB203120,3.34,2024-12-05 13:46:13.775568,study_reward
PAY302752,P100269,SUB203121,3.8,2024-12-05 16:02:21.109742,study_reward
PAY302753,P100202,SUB203122,3.89,2024-12-05 16:22:20.134729,study_reward
PAY302754,P100288,SUB203123,2.13,2024-12-05 16:55:21.031799,study_reward
PAY302755,P100269,SUB203124,10.53,2024-12-05 17:02:21.109742,study_reward
PAY302756,P101651,SUB203125,0.77,2024-12-05 17:45:31.708634,study_reward
PAY302757,P102537,SUB203126,1.68,2024-12-05 18:18:11.943058,study_reward
PAY302758,P101078,SUB203127,2.54,2024-12-05 18:34:33.670145,study_reward
PAY302759,P102450,SUB203128,5.02,2024-12-05 18:51:14.980486,study_reward
PAY302760,P101601,SUB203129,9.33,2024-12-05 22:10:25.063948,study_reward
PAY302761,P100643,SUB203130,1.83,2024-12-06 02:06:12.877962,study_reward
PAY302762,P101652,SUB203132,1.28,2024-12-06 04:17:39.250030,study_reward
PAY302763,P101415,,2.5,2024-12-06 04:53:31.000000,referral_bonus
PAY302764,P100687,SUB203133,1.92,2024-12-06 06:28:40.044502,study_reward
PAY302765,P100269,SUB203134,2.31,2024-12-06 08:02:21.109742,study_reward
PAY302766,P102362,SUB203135,4.91,2024-12-06 08:41:44.967570,study_reward
PAY302767,P101675,SUB203137,5.27,2024-12-06 10:01:01.408973,study_reward
PAY302768,P100184,SUB203138,2.11,2024-12-06 10:39:17.603748,study_reward
PAY302769,P102998,SUB203139,1.11,2024-12-06 11:47:49.163777,study_reward
PAY302770,P102450,SUB203140,9.33,2024-12-06 11:51:14.980486,study_reward
PAY302771,P102496,,15.0,2024-12-06 13:28:59.000000,referral_bonus
PAY302772,P100190,SUB203141,2.08,2024-12-06 14:52:25.321987,study_reward
PAY302773,P102810,SUB203142,3.47,2024-12-06 14:53:18.647092,study_reward
PAY302774,P100908,SUB203143,5.29,2024-12-06 15:14:17.469458,study_reward
PAY302775,P100760,SUB203144,3.95,2024-12-06 15:29:02.000458,study_reward
PAY302776,P102596,SUB203145,0.5,2024-12-06 16:03:33.885342,study_reward
PAY302777,P101072,SUB203146,2.1,2024-12-06 18:41:57.327102,study_reward
PAY302778,P101596,SUB203148,5.78,2024-12-06 19:46:25.737073,study_reward
PAY302779,P101069,SUB203149,2.72,2024-12-06 20:23:47.023641,study_reward
PAY302780,P101269,SUB203150,1.23,2024-12-06 21:48:29.079483,study_reward
PAY302781,P102174,SUB203151,1.91,2024-12-06 22:51:35.388935,study_reward
PAY302782,P102596,SUB203152,2.08,2024-12-06 23:03:33.885342,study_reward
PAY302783,P102223,SUB203153,2.91,2024-12-06 23:39:58.804614,study_reward
PAY302784,P100871,SUB203154,0.85,2024-12-07 00:18:48.846147,study_reward
PAY302785,P100046,SUB203155,2.63,2024-12-07 01:49:05.723747,study_reward
PAY302786,P102832,SUB203156,4.91,2024-12-07 02:39:42.681837,study_reward
PAY302787,P101072,SUB203157,0.8,2024-12-07 02:41:57.327102,study_reward
PAY302788,P101803,SUB203158,6.05,2024-12-07 02:50:56.214442,study_reward
PAY302789,P100190,SUB203160,2.96,2024-12-07 03:52:25.321987,study_reward
PAY302790,P101835,,15.0,2024-12-07 05:40:29.000000,referral_bonus
PAY302791,P102785,SUB203161,1.46,2024-12-07 06:15:50.029321,study_reward
PAY302792,P100880,SUB203162,2.91,2024-12-07 07:18:29.430743,study_reward
PAY302793,P101850,SUB203163,1.34,2024-12-07 09:48:19.394174,study_reward
PAY302794,P100046,SUB203165,1.34,2024-12-07 12:49:05.723747,study_reward
PAY302795,P102174,SUB203166,2.1,2024-12-07 15:51:35.388935,study_reward
PAY302796,P102942,SUB203167,1.08,2024-12-07 17:12:50.970007,study_reward
PAY302797,P101071,SUB203168,2.39,2024-12-07 17:42:31.244162,study_reward
PAY302798,P102323,SUB203169,2.82,2024-12-07 19:18:29.084577,study_reward
PAY302799,P100975,SUB203170,6.57,2024-12-07 19:35:17.896481,study_reward
PAY302800,P100110,SUB203171,1.0,2024-12-07 20:20:00.863141,study_reward
PAY302801,P101503,SUB203172,1.13,2024-12-07 21:34:43.796299,study_reward
PAY302802,P101651,SUB203173,6.57,2024-12-07 21:45:31.708634,study_reward
PAY302803,P102258,SUB203174,4.13,2024-12-07 22:54:32.963582,study_reward
PAY302804,P101286,SUB203175,1.33,2024-12-07 23:02:47.784290,study_reward
PAY302805,P100253,SUB203176,1.66,2024-12-07 23:05:16.459681,study_reward
PAY302806,P101503,SUB203177,5.02,2024-12-08 00:34:43.796299,study_reward
PAY302807,P102391,SUB203178,2.46,2024-12-08 01:30:21.363214,study_reward
PAY302808,P101262,SUB203179,1.68,2024-12-08 01:35:16.844124,study_reward
PAY302809,P101850,SUB203180,2.09,2024-12-08 01:48:19.394174,study_reward
PAY302810,P101803,SUB203182,1.13,2024-12-08 05:50:56.214442,study_reward
PAY302811,P101188,SUB203183,2.96,2024-12-08 06:23:12.402576,study_reward
PAY302812,P100253,SUB203184,1.46,2024-12-08 09:05:16.459681,study_reward
PAY302813,P101847,SUB203185,2.31,2024-12-08 09:28:12.847321,study_reward
PAY302814,P100128,SUB203186,2.63,2024-12-08 10:07:26.265763,study_reward
PAY302815,P102914,SUB203187,0.64,2024-12-08 10:34:05.746353,study_reward
PAY302816,P101474,SUB203188,6.16,2024-12-08 10:46:37.512746,study_reward
PAY302817,P102793,SUB203190,0.85,2024-12-08 11:30:45.859493,study_reward
PAY302818,P101790,SUB203191,0.86,2024-12-08 11:52:07.028919,study_reward
PAY302819,P102810,SUB203192,5.29,2024-12-08 13:53:18.647092,study_reward
PAY302820,P100879,SUB203193,4.91,2024-12-08 15:15:26.506499,study_reward
PAY302821,P102715,SUB203194,10.53,2024-12-08 17:06:15.427140,study_reward
PAY302822,P101525,SUB203195,2.09,2024-12-08 19:08:13.367203,study_reward
PAY302823,P102942,SUB203196,0.91,2024-12-08 20:12:50.970007,study_reward
PAY302824,P100879,SUB203197,2.03,2024-12-08 20:15:26.506499,study_reward
PAY302825,P100593,SUB203199,2.13,2024-12-08 20:37:12.207885,study_reward
PAY302826,P102572,SUB203200,1.67,2024-12-08 20:51:14.230357,study_reward
PAY302827,P100102,SUB203201,6.67,2024-12-08 21:08:10.436620,study_reward
PAY302828,P100879,SUB203202,4.91,2024-12-08 21:15:26.506499,study_reward
PAY302829,P100180,SUB203203,3.47,2024-12-08 21:28:15.560223,study_reward
PAY302830,P101133,SUB203204,1.59,2024-12-08 21:54:54.494792,study_reward
PAY302831,P101862,SUB203206,2.56,2024-12-08 23:07:05.904687,study_reward
PAY302832,P100975,SUB203208,3.85,2024-12-09 02:35:17.896481,study_reward
PAY302833,P102105,SUB203209,2.61,2024-12-09 04:23:28.625488,study_reward
PAY302834,P102449,SUB203210,1.91,2024-12-09 05:37:20.068947,study_reward
PAY302835,P102557,SUB203211,5.45,2024-12-09 05:48:17.818998,study_reward
PAY302836,P102574,SUB203212,4.57,2024-12-09 07:17:33.603340,study_reward
PAY302837,P102879,SUB203213,3.1,2024-12-09 10:46:13.775568,study_reward
PAY302838,P101071,SUB203214,4.91,2024-12-09 11:42:31.244162,study_reward
PAY302839,P101678,SUB203216,1.23,2024-12-09 12:03:53.722025,study_reward
PAY302840,P100404,SUB203217,1.0,2024-12-09 12:19:30.302507,study_reward
PAY302841,P102169,SUB203218,2.56,2024-12-09 14:34:00.766391,study_reward
PAY302842,P100250,SUB203219,3.21,2024-12-09 14:50:49.677380,study_reward
PAY302843,P101129,SUB203220,2.75,2024-12-09 14:57:31.590452,study_reward
PAY302844,P102450,SUB203221,0.33,2024-12-09 16:51:14.980486,study_reward
PAY302845,P101286,SUB203222,1.77,2024-12-09 17:02:47.784290,study_reward
PAY302846,P102076,SUB203223,9.78,2024-12-09 17:27:32.623214,study_reward
PAY302847,P102793,SUB203224,1.28,2024-12-09 17:30:45.859493,study_reward
PAY302848,P100784,SUB203225,2.54,2024-12-09 18:17:00.791259,study_reward
PAY302849,P101072,SUB203226,3.8,2024-12-09 18:41:57.327102,study_reward
PAY302850,P101850,SUB203227,1.52,2024-12-09 21:48:19.394174,study_reward
PAY302851,P102785,SUB203228,0.33,2024-12-09 22:15:50.029321,study_reward
PAY302852,P100417,SUB203230,2.09,2024-12-09 22:20:19.783555,study_reward
PAY302853,P101010,SUB203232,3.21,2024-12-10 00:24:20.738984,study_reward
PAY302854,P101845,SUB203233,1.47,2024-12-10 02:10:13.885508,study_reward
PAY302855,P102362,SUB203234,2.11,2024-12-10 02:41:44.967570,study_reward
PAY302856,P102807,SUB203236,0.64,2024-12-10 03:49:17.957037,study_reward
PAY302857,P100760,SUB203237,1.74,2024-12-10 04:29:02.000458,study_reward
PAY302858,P102067,SUB203238,2.61,2024-12-10 06:18:42.798694,study_reward
PAY302859,P100687,SUB203239,2.61,2024-12-10 06:28:40.044502,study_reward
PAY302860,P101608,SUB203241,1.08,2024-12-10 08:31:43.436852,study_reward
PAY302861,P102292,SUB203242,2.91,2024-12-10 08:38:12.391490,study_reward
PAY302862,P102174,SUB203243,3.46,2024-12-10 09:51:35.388935,study_reward
PAY302863,P102537,SUB203244,7.8,2024-12-10 11:18:11.943058,study_reward
PAY302864,P100175,SUB203245,2.77,2024-12-10 11:21:41.742141,study_reward
PAY302865,P100916,SUB203246,4.13,2024-12-10 14:22:47.687344,study_reward
PAY302866,P102449,SUB203247,2.09,2024-12-10 17:37:20.068947,study_reward
PAY302867,P102258,SUB203248,2.56,2024-12-10 19:54:32.963582,study_reward
PAY302868,P102810,SUB203249,1.61,2024-12-10 20:53:18.647092,study_reward
PAY302869,P102728,SUB203250,1.28,2024-12-10 21:15:52.181374,study_reward
PAY302870,P102258,SUB203251,2.96,2024-12-10 21:54:32.963582,study_reward
PAY302871,P102108,SUB203252,3.96,2024-12-11 00:12:37.693173,study_reward
PAY302872,P102174,SUB203254,1.28,2024-12-11 02:51:35.388935,study_reward
PAY302873,P102767,SUB203255,2.72,2024-12-11 03:15:07.721749,study_reward
PAY302874,P102095,,2.5,2024-12-11 03:43:42.000000,referral_bonus
PAY302875,P102880,SUB203256,1.76,2024-12-11 03:49:08.291233,study_reward
PAY302876,P100184,SUB203257,3.84,2024-12-11 05:39:17.603748,study_reward
PAY302877,P101631,SUB203260,3.05,2024-12-11 09:24:18.650926,study_reward
PAY302878,P102537,SUB203261,0.85,2024-12-11 10:18:11.943058,study_reward
PAY302879,P102391,SUB203262,0.86,2024-12-11 11:30:21.363214,study_reward
PAY302880,P102102,SUB203263,5.78,2024-12-11 13:29:53.581426,study_reward
PAY302881,P101530,SUB203264,1.32,2024-12-11 14:12:51.787348,study_reward
PAY302882,P102229,SUB203266,1.47,2024-12-11 16:12:39.250004,study_reward
PAY302883,P101862,SUB203268,2.82,2024-12-11 20:07:05.904687,study_reward
PAY302884,P102291,SUB203269,4.22,2024-12-11 20:53:19.688739,study_reward
PAY302885,P100180,SUB203270,1.68,2024-12-11 21:28:15.560223,study_reward
PAY302886,P101118,SUB203271,2.77,2024-12-11 21:51:10.684797,study_reward
PAY302887,P100975,SUB203272,5.29,2024-12-11 23:35:17.896481,study_reward
PAY302888,P101340,SUB203273,1.83,2024-12-12 01:01:24.612005,study_reward
PAY302889,P101850,SUB203274,4.57,2024-12-12 01:48:19.394174,study_reward
PAY302890,P102323,SUB203275,2.77,2024-12-12 03:18:29.084577,study_reward
PAY302891,P101276,SUB203276,2.56,2024-12-12 04:11:07.674197,study_reward
PAY302892,P100022,SUB203277,1.37,2024-12-12 05:40:24.273709,study_reward
PAY302893,P101678,SUB203278,2.11,2024-12-12 08:03:53.722025,study_reward
PAY302894,P102450,SUB203279,1.92,2024-12-12 11:51:14.980486,study_reward
PAY302895,P100801,SUB203280,2.96,2024-12-12 12:21:41.704462,study_reward
PAY302896,P102449,SUB203281,2.75,2024-12-12 14:37:20.068947,study_reward
PAY302897,P100539,SUB203282,3.62,2024-12-12 15:58:39.812912,study_reward
PAY302898,P101394,SUB203283,1.89,2024-12-12 17:39:44.216382,study_reward
PAY302899,P102557,SUB203284,1.05,2024-12-12 19:48:17.818998,study_reward
PAY302900,P101601,SUB203285,1.98,2024-12-12 20:10:25.063948,study_reward
PAY302901,P100880,SUB203286,1.67,2024-12-12 20:18:29.430743,study_reward
PAY302902,P102291,SUB203287,2.02,2024-12-12 23:53:19.688739,study_reward
PAY302903,P100690,SUB203288,10.53,2024-12-13 01:17:32.619972,study_reward
PAY302904,P101690,SUB203289,1.75,2024-12-13 01:53:19.391737,study_reward
PAY302905,P102728,SUB203290,6.05,2024-12-13 02:15:52.181374,study_reward
PAY302906,P100975,SUB203291,0.8,2024-12-13 03:35:17.896481,study_reward
PAY302907,P102939,,10.0,2024-12-13 03:43:48.000000,referral_bonus
PAY302908,P102391,SUB203292,2.25,2024-12-13 05:30:21.363214,study_reward
PAY302909,P100269,SUB203293,0.77,2024-12-13 07:02:21.109742,study_reward
PAY302910,P100202,SUB203294,7.62,2024-12-13 07:22:20.134729,study_reward
PAY302911,P101678,SUB203295,5.65,2024-12-13 09:03:53.722025,study_reward
PAY302912,P100916,SUB203296,3.29,2024-12-13 09:22:47.687344,study_reward
PAY302913,P101847,SUB203297,1.83,2024-12-13 11:28:12.847321,study_reward
PAY302914,P100895,SUB203298,3.84,2024-12-13 12:02:59.956389,study_reward
PAY302915,P100022,SUB203299,6.95,2024-12-13 15:40:24.273709,study_reward
PAY302916,P102753,SUB203300,2.3,2024-12-13 16:30:34.371813,study_reward
PAY302917,P102669,SUB203301,6.95,2024-12-13 17:34:46.795358,study_reward
PAY302918,P102229,SUB203302,1.23,2024-12-13 18:12:39.250004,study_reward
PAY302919,P100329,SUB203303,1.9,2024-12-13 20:22:47.454170,study_reward
PAY302920,P101845,SUB203304,4.12,2024-12-13 22:10:13.885508,study_reward
PAY302921,P102879,SUB203305,1.46,2024-12-13 22:46:13.775568,study_reward
PAY302922,P101008,SUB203306,2.06,2024-12-13 22:55:06.591931,study_reward
PAY302923,P100916,SUB203307,1.56,2024-12-13 23:22:47.687344,study_reward
PAY302924,P102291,SUB203308,2.1,2024-12-13 23:53:19.688739,study_reward
PAY302925,P101596,SUB203309,2.25,2024-12-14 00:46:25.737073,study_reward
PAY302926,P102574,SUB203310,1.83,2024-12-14 01:17:33.603340,study_reward
PAY302927,P101608,SUB203311,7.63,2024-12-14 01:31:43.436852,study_reward
PAY302928,P101474,SUB203312,0.85,2024-12-14 01:46:37.512746,study_reward
PAY302929,P100158,SUB203313,2.91,2024-12-14 02:11:33.880967,study_reward
PAY302930,P102879,SUB203314,3.29,2024-12-14 03:46:13.775568,study_reward
PAY302931,P102223,SUB203315,0.44,2024-12-14 05:39:58.804614,study_reward
PAY302932,P102316,SUB203316,2.39,2024-12-14 06:06:03.873399,study_reward
PAY302933,P101525,SUB203317,1.9,2024-12-14 07:08:13.367203,study_reward
PAY302934,P100690,SUB203318,6.05,2024-12-14 08:17:32.619972,study_reward
PAY302935,P101276,SUB203319,1.35,2024-12-14 14:11:07.674197,study_reward
PAY302936,P102376,SUB203321,1.17,2024-12-14 17:01:34.409845,study_reward
PAY302937,P101181,SUB203323,1.13,2024-12-14 17:20:38.307143,study_reward
PAY302938,P102323,SUB203325,1.46,2024-12-14 18:18:29.084577,study_reward
PAY302939,P102832,SUB203327,3.96,2024-12-14 19:39:42.681837,study_reward
PAY302940,P100128,SUB203328,2.54,2024-12-14 20:07:26.265763,study_reward
PAY302941,P101845,SUB203329,2.91,2024-12-14 20:10:13.885508,study_reward
PAY302942,P101340,SUB203330,1.34,2024-12-14 21:01:24.612005,study_reward
PAY302943,P101262,SUB203331,2.72,2024-12-14 21:35:16.844124,study_reward
PAY302944,P102596,SUB203332,1.7,2024-12-14 22:03:33.885342,study_reward
PAY302945,P100417,SUB203333,2.1,2024-12-14 23:20:19.783555,study_reward
PAY302946,P100180,SUB203334,2.82,2024-12-14 23:28:15.560223,study_reward
PAY302947,P101690,SUB203335,5.45,2024-12-15 00:53:19.391737,study_reward
PAY302948,P102767,SUB203336,3.47,2024-12-15 07:15:07.721749,study_reward
PAY302949,P102076,SUB203337,2.26,2024-12-15 07:27:32.623214,study_reward
PAY302950,P102914,SUB203339,1.89,2024-12-15 07:34:05.746353,study_reward
PAY302951,P100854,SUB203341,0.77,2024-12-15 08:45:19.299129,study_reward
PAY302952,P102066,SUB203342,2.46,2024-12-15 09:05:55.579005,study_reward
PAY302953,P100687,SUB203343,1.75,2024-12-15 09:28:40.044502,study_reward
PAY302954,P101845,SUB203344,6.16,2024-12-15 12:10:13.885508,study_reward
PAY302955,P101561,SUB203345,1.19,2024-12-15 12:21:25.764288,study_reward
PAY302956,P101394,SUB203346,1.9,2024-12-15 12:39:44.216382,study_reward
PAY302957,P100979,,10.0,2024-12-15 15:04:07.000000,referral_bonus
PAY302958,P101608,SUB203347,2.96,2024-12-15 16:31:43.436852,study_reward
PAY302959,P100801,SUB203348,6.05,2024-12-15 17:21:41.704462,study_reward
PAY302960,P101614,SUB203349,1.99,2024-12-15 17:51:42.877811,study_reward
PAY302961,P102362,SUB203350,1.0,2024-12-15 18:41:44.967570,study_reward
PAY302962,P102807,SUB203351,0.44,2024-12-15 21:49:17.957037,study_reward
PAY302963,P100180,SUB203352,0.64,2024-12-15 22:28:15.560223,study_reward
PAY302964,P102740,SUB203353,7.89,2024-12-16 00:11:34.998927,study_reward
PAY302965,P101378,SUB203354,2.31,2024-12-16 00:26:27.825286,study_reward
PAY302966,P100819,SUB203356,2.14,2024-12-16 01:11:22.451224,study_reward
PAY302967,P100784,SUB203357,2.82,2024-12-16 01:17:00.791259,study_reward
PAY302968,P100066,SUB203358,4.72,2024-12-16 04:58:33.438206,study_reward
PAY302969,P101181,SUB203359,4.57,2024-12-16 05:20:38.307143,study_reward
PAY302970,P100643,SUB203360,2.13,2024-12-16 06:06:12.877962,study_reward
PAY302971,P102572,SUB203362,3.21,2024-12-16 10:51:14.230357,study_reward
PAY302972,P100964,SUB203363,1.91,2024-12-16 10:52:57.606661,study_reward
PAY302973,P100141,SUB203364,4.16,2024-12-16 11:14:18.586296,study_reward
PAY302974,P100281,SUB203365,2.82,2024-12-16 12:07:19.576028,study_reward
PAY302975,P102537,SUB203366,1.47,2024-12-16 12:18:11.943058,study_reward
PAY302976,P100250,SUB203367,0.33,2024-12-16 12:50:49.677380,study_reward
PAY302977,P102016,SUB203368,1.75,2024-12-16 13:09:33.608229,study_reward
PAY302978,P102652,SUB203369,9.33,2024-12-16 13:35:09.147372,study_reward
PAY302979,P101133,SUB203370,3.08,2024-12-16 13:54:54.494792,study_reward
PAY302980,P102169,SUB203371,3.5,2024-12-16 14:34:00.766391,study_reward
PAY302981,P100175,SUB203372,6.95,2024-12-16 15:21:41.742141,study_reward
PAY302982,P102391,SUB203373,3.32,2024-12-16 15:30:21.363214,study_reward
PAY302983,P100224,SUB203374,1.17,2024-12-16 16:17:37.325626,study_reward
PAY302984,P102532,SUB203376,7.54,2024-12-16 17:16:58.842903,study_reward
PAY302985,P100386,SUB203377,3.1,2024-12-16 17:52:24.198265,study_reward
PAY302986,P101525,SUB203378,1.35,2024-12-16 18:08:13.367203,study_reward
PAY302987,P102323,SUB203379,3.47,2024-12-16 18:18:29.084577,study_reward
PAY302988,P102572,SUB203380,1.08,2024-12-16 19:51:14.230357,study_reward
PAY302989,P101847,SUB203382,1.08,2024-12-16 23:28:12.847321,study_reward
PAY302990,P101068,SUB203383,3.05,2024-12-16 23:56:11.559144,study_reward
PAY302991,P100879,SUB203384,1.35,2024-12-17 04:15:26.506499,study_reward
PAY302992,P100023,SUB203385,7.62,2024-12-17 05:55:33.503424,study_reward
PAY302993,P101219,SUB203386,6.67,2024-12-17 08:15:08.852858,study_reward
PAY302994,P100687,SUB203388,1.56,2024-12-17 09:28:40.044502,study_reward
PAY302995,P102549,SUB203390,2.08,2024-12-17 14:13:02.904717,study_reward
PAY302996,P101652,SUB203391,1.08,2024-12-17 14:17:39.250030,study_reward
PAY302997,P100253,SUB203392,1.83,2024-12-17 15:05:16.459681,study_reward
PAY302998,P101525,SUB203393,0.91,2024-12-17 16:08:13.367203,study_reward
PAY302999,P100019,SUB203394,2.39,2024-12-17 16:15:00.452941,study_reward
PAY303000,P101651,SUB203395,4.18,2024-12-17 17:45:31.708634,study_reward
PAY303001,P100443,SUB203396,4.91,2024-12-17 20:00:28.658566,study_reward
PAY303002,P100852,SUB203398,2.24,2024-12-17 21:50:38.024849,study_reward
PAY303003,P100934,SUB203399,1.99,2024-12-17 22:17:52.310304,study_reward
PAY303004,P101068,SUB203400,5.02,2024-12-17 23:56:11.559144,study_reward
PAY303005,P100975,SUB203401,5.45,2024-12-18 00:35:17.896481,study_reward
PAY303006,P100657,SUB203402,5.27,2024-12-18 00:43:38.540436,study_reward
PAY303007,P102076,SUB203403,7.89,2024-12-18 01:27:32.623214,study_reward
PAY303008,P100569,SUB203404,3.8,2024-12-18 01:45:57.343327,study_reward
PAY303009,P100784,SUB203405,3.44,2024-12-18 02:17:00.791259,study_reward
PAY303010,P101070,SUB203406,1.56,2024-12-18 02:21:31.500126,study_reward
PAY303011,P101188,SUB203407,1.19,2024-12-18 03:23:12.402576,study_reward
PAY303012,P100687,SUB203408,3.47,2024-12-18 03:28:40.044502,study_reward
PAY303013,P102105,SUB203409,3.1,2024-12-18 04:23:28.625488,study_reward
PAY303014,P100329,SUB203411,5.78,2024-12-18 06:22:47.454170,study_reward
PAY303015,P102102,SUB203412,1.91,2024-12-18 07:29:53.581426,study_reward
PAY303016,P102652,SUB203414,4.16,2024-12-18 10:35:09.147372,study_reward
PAY303017,P101153,,10.0,2024-12-18 11:15:28.000000,referral_bonus
PAY303018,P101923,SUB203415,1.21,2024-12-18 11:58:41.347614,study_reward
PAY303019,P100417,SUB203416,3.85,2024-12-18 12:20:19.783555,study_reward
PAY303020,P102291,SUB203417,1.11,2024-12-18 16:53:19.688739,study_reward
PAY303021,P100019,SUB203418,1.83,2024-12-18 17:15:00.452941,study_reward
PAY303022,P100926,SUB203419,2.82,2024-12-18 17:17:37.029989,study_reward
PAY303023,P102229,SUB203421,2.63,2024-12-18 19:12:39.250004,study_reward
PAY303024,P102558,SUB203422,3.8,2024-12-18 19:35:05.000081,study_reward
PAY303025,P100819,SUB203423,4.18,2024-12-18 20:11:22.451224,study_reward
PAY303026,P102105,SUB203424,2.11,2024-12-18 20:23:28.625488,study_reward
PAY303027,P101078,SUB203426,2.13,2024-12-18 21:34:33.670145,study_reward
PAY303028,P100046,SUB203427,4.88,2024-12-18 22:49:05.723747,study_reward
PAY303029,P101878,SUB203428,2.64,2024-12-18 23:10:49.997613,study_reward
PAY303030,P101702,SUB203430,1.52,2024-12-19 00:35:35.145666,study_reward
PAY303031,P102354,,5.0,2024-12-19 01:32:18.000000,loyalty_bonus
PAY303032,P101269,SUB203431,4.72,2024-12-19 01:48:29.079483,study_reward
PAY303033,P101690,SUB203432,1.88,2024-12-19 03:53:19.391737,study_reward
PAY303034,P102298,SUB203433,2.1,2024-12-19 03:56:05.564878,study_reward
PAY303035,P100879,SUB203434,7.8,2024-12-19 04:15:26.506499,study_reward
PAY303036,P100046,SUB203435,1.05,2024-12-19 04:49:05.723747,study_reward
PAY303037,P101923,SUB203436,1.34,2024-12-19 04:58:41.347614,study_reward
PAY303038,P100253,SUB203437,2.24,2024-12-19 06:05:16.459681,study_reward
PAY303039,P100895,,15.0,2024-12-19 06:55:31.000000,referral_bonus
PAY303040,P100216,SUB203438,4.64,2024-12-19 06:55:53.862026,study_reward
PAY303041,P100253,SUB203439,1.11,2024-12-19 07:05:16.459681,study_reward
PAY303042,P102532,SUB203440,0.64,2024-12-19 07:16:58.842903,study_reward
PAY303043,P101070,SUB203441,3.87,2024-12-19 07:21:31.500126,study_reward
PAY303044,P102807,SUB203442,2.96,2024-12-19 08:49:17.957037,study_reward
PAY303045,P101008,SUB203443,1.47,2024-12-19 09:55:06.591931,study_reward
PAY303046,P101109,SUB203444,6.19,2024-12-19 11:02:47.975989,study_reward
PAY303047,P100687,SUB203445,2.91,2024-12-19 11:28:40.044502,study_reward
PAY303048,P100108,SUB203446,1.35,2024-12-19 12:12:17.443271,study_reward
PAY303049,P100690,SUB203447,1.21,2024-12-19 12:17:32.619972,study_reward
PAY303050,P101474,SUB203448,1.67,2024-12-19 12:46:37.512746,study_reward
PAY303051,P102755,SUB203449,0.8,2024-12-19 14:02:33.644691,study_reward
PAY303052,P102520,,15.0,2024-12-19 14:27:14.000000,referral_bonus
PAY303053,P101525,SUB203451,7.62,2024-12-19 17:08:13.367203,study_reward
PAY303054,P100019,SUB203452,1.7,2024-12-19 18:15:00.452941,study_reward
PAY303055,P102147,SUB203453,3.44,2024-12-19 18:59:52.997067,study_reward
PAY303056,P102669,SUB203454,3.47,2024-12-19 19:34:46.795358,study_reward
PAY303057,P100687,SUB203455,1.75,2024-12-19 20:28:40.044502,study_reward
PAY303058,P100403,,15.0,2024-12-19 21:05:20.000000,referral_bonus
PAY303059,P102338,SUB203456,2.39,2024-12-19 21:21:41.297043,study_reward
PAY303060,P102868,SUB203457,5.02,2024-12-19 23:18:52.357108,study_reward
PAY303061,P101527,SUB203458,5.46,2024-12-19 23:35:36.453836,study_reward
PAY303062,P102532,SUB203460,1.83,2024-12-20 01:16:58.842903,study_reward
PAY303063,P101161,,10.0,2024-12-20 01:19:06.000000,referral_bonus
PAY303064,P101596,SUB203461,1.05,2024-12-20 01:46:25.737073,study_reward
PAY303065,P100768,SUB203462,2.96,2024-12-20 03:07:03.356789,study_reward
PAY303066,P100141,SUB203463,1.77,2024-12-20 04:14:18.586296,study_reward
PAY303067,P100202,SUB203464,1.92,2024-12-20 05:22:20.134729,study_reward
PAY303068,P100281,SUB203465,1.89,2024-12-20 06:07:19.576028,study_reward
PAY303069,P101010,SUB203466,4.49,2024-12-20 06:24:20.738984,study_reward
PAY303070,P102066,SUB203468,4.18,2024-12-20 10:05:55.579005,study_reward
PAY303071,P102338,SUB203469,3.84,2024-12-20 10:21:41.297043,study_reward
PAY303072,P102550,SUB203470,2.46,2024-12-20 10:45:54.426749,study_reward
PAY303073,P101601,SUB203471,1.19,2024-12-20 11:10:25.063948,study_reward
PAY303074,P100066,SUB203472,1.58,2024-12-20 11:58:33.438206,study_reward
PAY303075,P101070,SUB203474,1.08,2024-12-20 12:21:31.500126,study_reward
PAY303076,P100879,SUB203475,7.63,2024-12-20 13:15:26.506499,study_reward
PAY303077,P100690,SUB203476,1.75,2024-12-20 15:17:32.619972,study_reward
PAY303078,P102832,SUB203477,2.08,2024-12-20 16:39:42.681837,study_reward
PAY303079,P102291,SUB203478,1.78,2024-12-20 16:53:19.688739,study_reward
PAY303080,P101394,SUB203479,1.78,2024-12-20 17:39:44.216382,study_reward
PAY303081,P100964,SUB203480,1.32,2024-12-20 17:52:57.606661,study_reward
PAY303082,P100593,SUB203481,1.21,2024-12-20 20:37:12.207885,study_reward
PAY303083,P102229,SUB203482,1.46,2024-12-20 21:12:39.250004,study_reward
PAY303084,P101295,SUB203483,0.77,2024-12-20 21:47:41.272075,study_reward
PAY303085,P101907,SUB203484,1.21,2024-12-20 21:50:00.715462,study_reward
PAY303086,P100128,SUB203485,2.72,2024-12-20 22:07:26.265763,study_reward
PAY303087,P102376,SUB203486,4.13,2024-12-20 23:01:34.409845,study_reward
PAY303088,P100224,SUB203487,6.05,2024-12-21 01:17:37.325626,study_reward
PAY303089,P101702,SUB203489,4.57,2024-12-21 03:35:35.145666,study_reward
PAY303090,P101790,SUB203490,2.54,2024-12-21 03:52:07.028919,study_reward
PAY303091,P100896,SUB203491,5.65,2024-12-21 10:13:17.817717,study_reward
PAY303092,P100386,SUB203492,2.96,2024-12-21 10:52:24.198265,study_reward
PAY303093,P102299,SUB203493,2.64,2024-12-21 11:15:12.064096,study_reward
PAY303094,P101068,SUB203494,7.8,2024-12-21 11:56:11.559144,study_reward
PAY303095,P102651,SUB203497,7.62,2024-12-21 19:06:04.025262,study_reward
PAY303096,P101392,SUB203498,1.91,2024-12-21 19:20:53.183781,study_reward
PAY303097,P101188,SUB203499,2.63,2024-12-21 20:23:12.402576,study_reward
PAY303098,P102890,SUB203500,3.08,2024-12-21 20:34:28.460975,study_reward
PAY303099,P101369,SUB203501,1.58,2024-12-21 20:35:19.515166,study_reward
PAY303100,P100175,SUB203502,7.8,2024-12-21 21:21:41.742141,study_reward
PAY303101,P100569,SUB203503,2.13,2024-12-21 21:45:57.343327,study_reward
PAY303102,P102143,SUB203504,6.06,2024-12-21 21:58:47.006359,study_reward
PAY303103,P100158,SUB203505,6.67,2024-12-21 22:11:33.880967,study_reward
PAY303104,P101378,SUB203506,6.67,2024-12-21 22:26:27.825286,study_reward
PAY303105,P100102,SUB203507,1.24,2024-12-22 00:08:10.436620,study_reward
PAY303106,P100180,SUB203508,3.34,2024-12-22 00:28:15.560223,study_reward
PAY303107,P100643,SUB203509,2.37,2024-12-22 01:06:12.877962,study_reward
PAY303108,P100908,SUB203510,2.11,2024-12-22 01:14:17.469458,study_reward
PAY303109,P101262,SUB203511,2.13,2024-12-22 01:35:16.844124,study_reward
PAY303110,P100837,SUB203512,1.78,2024-12-22 03:51:31.869344,study_reward
PAY303111,P102390,SUB203513,10.53,2024-12-22 04:10:38.502820,study_reward
PAY303112,P102343,SUB203514,0.33,2024-12-22 05:01:04.942488,study_reward
PAY303113,P102753,SUB203515,2.11,2024-12-22 06:30:34.371813,study_reward
PAY303114,P102807,SUB203516,1.58,2024-12-22 06:49:17.957037,study_reward
PAY303115,P100871,SUB203517,1.89,2024-12-22 08:18:48.846147,study_reward
PAY303116,P102640,SUB203518,7.62,2024-12-22 10:13:09.422831,study_reward
PAY303117,P100874,,5.0,2024-12-22 11:10:17.000000,referral_bonus
PAY303118,P101878,SUB203520,2.1,2024-12-22 12:10:49.997613,study_reward
PAY303119,P102890,SUB203521,1.37,2024-12-22 12:34:28.460975,study_reward
PAY303120,P101850,SUB203522,2.3,2024-12-22 12:48:19.394174,study_reward
PAY303121,P101181,SUB203523,3.96,2024-12-22 13:20:38.307143,study_reward
PAY303122,P102558,SUB203527,5.29,2024-12-22 15:35:05.000081,study_reward
PAY303123,P102298,SUB203528,1.98,2024-12-22 15:56:05.564878,study_reward
PAY303124,P102183,SUB203529,7.62,2024-12-22 17:28:41.003522,study_reward
PAY303125,P102740,SUB203530,1.56,2024-12-22 18:11:34.998927,study_reward
PAY303126,P102914,SUB203531,3.46,2024-12-22 18:34:05.746353,study_reward
PAY303127,P102572,SUB203532,0.91,2024-12-22 18:51:14.230357,study_reward
PAY303128,P101219,SUB203533,1.23,2024-12-22 20:15:08.852858,study_reward
PAY303129,P101923,SUB203534,4.72,2024-12-22 20:58:41.347614,study_reward
PAY303130,P101678,SUB203536,1.08,2024-12-22 22:03:53.722025,study_reward
PAY303131,P102793,SUB203537,3.89,2024-12-22 22:30:45.859493,study_reward
PAY303132,P102268,SUB203538,6.67,2024-12-22 22:32:56.464215,study_reward
PAY303133,P101232,SUB203540,1.75,2024-12-23 02:11:30.147814,study_reward
PAY303134,P101985,SUB203542,2.13,2024-12-23 04:04:24.990148,study_reward
PAY303135,P102640,SUB203546,1.13,2024-12-23 09:13:09.422831,study_reward
PAY303136,P101803,SUB203547,2.61,2024-12-23 10:50:56.214442,study_reward
PAY303137,P102143,SUB203548,6.67,2024-12-23 11:58:47.006359,study_reward
PAY303138,P101601,SUB203549,1.47,2024-12-23 14:10:25.063948,study_reward
PAY303139,P100601,SUB203550,2.46,2024-12-23 14:15:39.431886,study_reward
PAY303140,P101503,SUB203551,0.88,2024-12-23 15:34:43.796299,study_reward
PAY303141,P100896,SUB203552,3.29,2024-12-23 16:13:17.817717,study_reward
PAY303142,P101842,,5.0,2024-12-23 19:20:49.000000,loyalty_bonus
PAY303143,P102767,SUB203554,1.23,2024-12-23 22:15:07.721749,study_reward
PAY303144,P101561,SUB203555,4.13,2024-12-23 22:21:25.764288,study_reward
PAY303145,P101188,SUB203556,9.33,2024-12-23 22:23:12.402576,study_reward
PAY303146,P100539,SUB203557,1.47,2024-12-23 23:58:39.812912,study_reward
PAY303147,P100066,SUB203558,9.78,2024-12-24 02:58:33.438206,study_reward
PAY303148,P100224,SUB203559,0.74,2024-12-24 03:17:37.325626,study_reward
PAY303149,P102362,SUB203560,6.05,2024-12-24 05:41:44.967570,study_reward
PAY303150,P102386,SUB203561,1.83,2024-12-24 07:14:27.356204,study_reward
PAY303151,P101219,SUB203562,6.16,2024-12-24 07:15:08.852858,study_reward
PAY303152,P102016,SUB203563,5.58,2024-12-24 08:09:33.608229,study_reward
PAY303153,P100783,SUB203565,3.89,2024-12-24 09:12:55.361612,study_reward
PAY303154,P100138,SUB203566,2.06,2024-12-24 10:17:17.743752,study_reward
PAY303155,P102753,SUB203567,4.72,2024-12-24 10:30:34.371813,study_reward
PAY303156,P102651,SUB203568,1.89,2024-12-24 12:06:04.025262,study_reward
PAY303157,P100141,SUB203569,3.47,2024-12-24 13:14:18.586296,study_reward
PAY303158,P102550,SUB203570,1.05,2024-12-24 15:45:54.426749,study_reward
PAY303159,P101690,SUB203571,2.1,2024-12-24 15:53:19.391737,study_reward
PAY303160,P100175,SUB203572,9.33,2024-12-24 16:21:41.742141,study_reward
PAY303161,P101295,SUB203574,2.72,2024-12-24 18:47:41.272075,study_reward
PAY303162,P102449,SUB203575,1.59,2024-12-24 19:37:20.068947,study_reward
PAY303163,P100268,SUB203576,0.33,2024-12-24 19:59:15.040584,study_reward
PAY303164,P100783,SUB203577,2.1,2024-12-24 20:12:55.361612,study_reward
PAY303165,P102669,SUB203578,5.02,2024-12-24 21:34:46.795358,study_reward
PAY303166,P100975,SUB203579,1.77,2024-12-24 21:35:17.896481,study_reward
PAY303167,P102753,SUB203581,2.11,2024-12-25 00:30:34.371813,study_reward
PAY303168,P102767,SUB203582,1.75,2024-12-25 02:15:07.721749,study_reward
PAY303169,P102845,SUB203583,2.99,2024-12-25 02:18:53.201991,study_reward
PAY303170,P102229,SUB203584,2.11,2024-12-25 03:12:39.250004,study_reward
PAY303171,P100926,SUB203585,2.11,2024-12-25 03:17:37.029989,study_reward
PAY303172,P100690,SUB203586,2.25,2024-12-25 04:17:32.619972,study_reward
PAY303173,P100417,SUB203587,1.9,2024-12-25 04:20:19.783555,study_reward
PAY303174,P101095,SUB203588,9.78,2024-12-25 05:04:59.871460,study_reward
PAY303175,P100250,SUB203589,2.11,2024-12-25 05:50:49.677380,study_reward
PAY303176,P101525,SUB203590,1.66,2024-12-25 06:08:13.367203,study_reward
PAY303177,P100784,SUB203591,1.61,2024-12-25 06:17:00.791259,study_reward
PAY303178,P102223,SUB203593,5.02,2024-12-25 06:39:58.804614,study_reward
PAY303179,P101530,SUB203595,2.73,2024-12-25 07:12:51.787348,study_reward
PAY303180,P102914,SUB203596,2.08,2024-12-25 07:34:05.746353,study_reward
PAY303181,P101441,SUB203597,1.67,2024-12-25 08:38:05.484956,study_reward
PAY303182,P101095,SUB203598,1.66,2024-12-25 09:04:59.871460,study_reward
PAY303183,P101878,SUB203600,7.63,2024-12-25 10:10:49.997613,study_reward
PAY303184,P100593,SUB203602,2.61,2024-12-25 12:37:12.207885,study_reward
PAY303185,P100268,SUB203603,3.47,2024-12-25 12:59:15.040584,study_reward
PAY303186,P100023,SUB203604,1.59,2024-12-25 14:55:33.503424,study_reward
PAY303187,P101287,SUB203605,1.21,2024-12-25 15:20:13.382039,study_reward
PAY303188,P100569,SUB203606,6.67,2024-12-25 16:45:57.343327,study_reward
PAY303189,P100253,SUB203607,2.85,2024-12-25 17:05:16.459681,study_reward
PAY303190,P102753,SUB203608,2.24,2024-12-25 17:30:34.371813,study_reward
PAY303191,P102523,SUB203609,1.23,2024-12-25 20:52:22.531184,study_reward
PAY303192,P101340,SUB203610,0.33,2024-12-25 21:01:24.612005,study_reward
PAY303193,P102316,SUB203611,4.72,2024-12-25 21:06:03.873399,study_reward
PAY303194,P100992,SUB203612,7.54,2024-12-25 21:49:51.105326,study_reward
PAY303195,P102785,SUB203613,2.43,2024-12-25 23:15:50.029321,study_reward
PAY303196,P102879,SUB203614,4.18,2024-12-25 23:46:13.775568,study_reward
PAY303197,P102558,SUB203615,4.18,2024-12-26 01:35:05.000081,study_reward
PAY303198,P101675,SUB203616,1.46,2024-12-26 03:01:01.408973,study_reward
PAY303199,P100934,SUB203617,1.66,2024-12-26 03:17:52.310304,study_reward
PAY303200,P101907,SUB203618,5.27,2024-12-26 04:50:00.715462,study_reward
PAY303201,P102450,SUB203620,4.64,2024-12-26 06:51:14.980486,study_reward
PAY303202,P101287,SUB203621,0.5,2024-12-26 07:20:13.382039,study_reward
PAY303203,P101485,SUB203622,1.56,2024-12-26 09:52:57.389523,study_reward
PAY303204,P101133,SUB203623,0.74,2024-12-26 09:54:54.494792,study_reward
PAY303205,P102914,SUB203624,1.59,2024-12-26 10:34:05.746353,study_reward
PAY303206,P100879,SUB203626,10.53,2024-12-26 13:15:26.506499,study_reward
PAY303207,P100926,SUB203627,1.76,2024-12-26 13:17:37.029989,study_reward
PAY303208,P101287,SUB203629,2.11,2024-12-26 14:20:13.382039,study_reward
PAY303209,P100657,SUB203630,1.75,2024-12-26 15:43:38.540436,study_reward
PAY303210,P102449,SUB203631,2.56,2024-12-26 17:37:20.068947,study_reward
PAY303211,P101128,SUB203632,2.1,2024-12-26 17:50:27.548536,study_reward
PAY303212,P100046,SUB203635,2.99,2024-12-26 20:49:05.723747,study_reward
PAY303213,P101262,SUB203637,2.64,2024-12-26 22:35:16.844124,study_reward
PAY303214,P102651,SUB203638,1.05,2024-12-27 00:06:04.025262,study_reward
PAY303215,P100250,SUB203640,4.49,2024-12-27 02:50:49.677380,study_reward
PAY303216,P101907,SUB203641,2.11,2024-12-27 04:50:00.715462,study_reward
PAY303217,P101690,SUB203642,3.32,2024-12-27 04:53:19.391737,study_reward
PAY303218,P101010,SUB203643,4.91,2024-12-27 08:24:20.738984,study_reward
PAY303219,P100409,SUB203644,1.68,2024-12-27 08:40:04.382716,study_reward
PAY303220,P101076,SUB203646,5.46,2024-12-27 09:50:07.163773,study_reward
PAY303221,P101078,SUB203647,5.46,2024-12-27 13:34:33.670145,study_reward
PAY303222,P102640,SUB203648,2.1,2024-12-27 15:13:09.422831,study_reward
PAY303223,P101527,SUB203649,1.75,2024-12-27 15:35:36.453836,study_reward
PAY303224,P102640,SUB203650,1.23,2024-12-27 16:13:09.422831,study_reward
PAY303225,P101394,SUB203651,1.02,2024-12-27 16:39:44.216382,study_reward
PAY303226,P101690,SUB203652,2.77,2024-12-27 17:53:19.391737,study_reward
PAY303227,P100964,SUB203653,2.26,2024-12-27 19:52:57.606661,study_reward
PAY303228,P100269,SUB203654,6.05,2024-12-27 20:02:21.109742,study_reward
PAY303229,P100852,SUB203655,3.96,2024-12-27 20:50:38.024849,study_reward
PAY303230,P100569,SUB203657,5.27,2024-12-27 21:45:57.343327,study_reward
PAY303231,P102914,SUB203658,0.74,2024-12-27 22:34:05.746353,study_reward
PAY303232,P102305,SUB203659,1.61,2024-12-28 00:09:43.497985,study_reward
PAY303233,P101503,SUB203660,1.83,2024-12-28 02:34:43.796299,study_reward
PAY303234,P102557,SUB203661,1.21,2024-12-28 03:48:17.818998,study_reward
PAY303235,P100250,SUB203662,3.47,2024-12-28 03:50:49.677380,study_reward
PAY303236,P102868,SUB203663,3.85,2024-12-28 04:18:52.357108,study_reward
PAY303237,P100282,SUB203665,2.3,2024-12-28 08:08:09.843237,study_reward
PAY303238,P101651,SUB203666,1.67,2024-12-28 08:45:31.708634,study_reward
PAY303239,P101803,SUB203667,4.64,2024-12-28 08:50:56.214442,study_reward
PAY303240,P102390,SUB203668,4.91,2024-12-28 09:10:38.502820,study_reward
PAY303241,P101188,SUB203670,2.54,2024-12-28 11:23:12.402576,study_reward
PAY303242,P102291,SUB203671,2.43,2024-12-28 11:53:19.688739,study_reward
PAY303243,P102550,SUB203672,1.14,2024-12-28 13:45:54.426749,study_reward
PAY303244,P100417,SUB203673,2.07,2024-12-28 14:20:19.783555,study_reward
PAY303245,P102362,SUB203674,5.27,2024-12-28 18:41:44.967570,study_reward
PAY303246,P100023,SUB203675,0.64,2024-12-28 18:55:33.503424,study_reward
PAY303247,P100854,SUB203676,2.3,2024-12-28 19:45:19.299129,study_reward
PAY303248,P101070,SUB203677,2.75,2024-12-28 21:21:31.500126,study_reward
PAY303249,P101923,SUB203678,5.29,2024-12-28 21:58:41.347614,study_reward
PAY303250,P102271,SUB203680,6.81,2024-12-29 02:34:12.201943,study_reward
PAY303251,P100409,SUB203681,2.09,2024-12-29 02:40:04.382716,study_reward
PAY303252,P101530,SUB203682,3.1,2024-12-29 03:12:51.787348,study_reward
PAY303253,P101068,SUB203684,1.28,2024-12-29 05:56:11.559144,study_reward
PAY303254,P102645,SUB203685,2.11,2024-12-29 06:06:50.794589,study_reward
PAY303255,P100896,SUB203686,2.82,2024-12-29 07:13:17.817717,study_reward
PAY303256,P102143,SUB203687,3.32,2024-12-29 08:58:47.006359,study_reward
PAY303257,P102105,SUB203689,4.18,2024-12-29 10:23:28.625488,study_reward
PAY303258,P102347,SUB203690,1.08,2024-12-29 11:37:46.746085,study_reward
PAY303259,P100184,SUB203691,2.26,2024-12-29 11:39:17.603748,study_reward
PAY303260,P102640,SUB203692,2.91,2024-12-29 13:13:09.422831,study_reward
PAY303261,P100852,SUB203694,1.28,2024-12-29 13:50:38.024849,study_reward
PAY303262,P100250,SUB203695,1.47,2024-12-29 13:50:49.677380,study_reward
PAY303263,P100963,SUB203696,2.13,2024-12-29 16:34:38.614171,study_reward
PAY303264,P100158,SUB203697,0.67,2024-12-29 18:11:33.880967,study_reward
PAY303265,P101010,SUB203698,1.91,2024-12-29 18:24:20.738984,study_reward
PAY303266,P100250,SUB203699,3.44,2024-12-29 18:50:49.677380,study_reward
PAY303267,P101392,SUB203700,1.56,2024-12-29 19:20:53.183781,study_reward
PAY303268,P102669,SUB203701,2.06,2024-12-29 19:34:46.795358,study_reward
PAY303269,P100409,SUB203702,5.27,2024-12-29 20:40:04.382716,study_reward
PAY303270,P100784,SUB203704,2.25,2024-12-29 21:17:00.791259,study_reward
PAY303271,P100409,SUB203705,2.96,2024-12-29 21:40:04.382716,study_reward
PAY303272,P101614,SUB203707,2.02,2024-12-30 00:51:42.877811,study_reward
PAY303273,P102767,SUB203708,2.72,2024-12-30 01:15:07.721749,study_reward
PAY303274,P102596,SUB203709,1.74,2024-12-30 06:03:33.885342,study_reward
PAY303275,P100417,SUB203710,1.74,2024-12-30 06:20:19.783555,study_reward
PAY303276,P101441,SUB203711,1.83,2024-12-30 07:38:05.484956,study_reward
PAY303277,P102390,SUB203712,1.7,2024-12-30 08:10:38.502820,study_reward
PAY303278,P100023,SUB203713,1.78,2024-12-30 08:55:33.503424,study_reward
PAY303279,P100871,SUB203714,3.87,2024-12-30 09:18:48.846147,study_reward
PAY303280,P100000,SUB203715,3.5,2024-12-30 09:39:08.881613,study_reward
PAY303281,P101295,SUB203716,1.83,2024-12-30 10:47:41.272075,study_reward
PAY303282,P101076,SUB203717,3.32,2024-12-30 10:50:07.163773,study_reward
PAY303283,P102450,SUB203720,1.91,2024-12-30 11:51:14.980486,study_reward
PAY303284,P102557,SUB203722,2.03,2024-12-30 12:48:17.818998,study_reward
PAY303285,P101378,SUB203723,0.64,2024-12-30 14:26:27.825286,study_reward
PAY303286,P100269,SUB203724,2.3,2024-12-30 15:02:21.109742,study_reward
PAY303287,P102323,SUB203725,1.37,2024-12-30 15:18:29.084577,study_reward
PAY303288,P100879,SUB203726,2.46,2024-12-30 16:15:26.506499,study_reward
PAY303289,P100926,SUB203727,4.57,2024-12-30 16:17:37.029989,study_reward
PAY303290,P101269,SUB203728,4.46,2024-12-30 16:48:29.079483,study_reward
PAY303291,P102640,SUB203729,2.85,2024-12-30 20:13:09.422831,study_reward
PAY303292,P100022,SUB203730,2.72,2024-12-30 20:40:24.273709,study_reward
PAY303293,P102550,SUB203732,4.13,2024-12-30 22:45:54.426749,study_reward
PAY303294,P101677,SUB203733,0.74,2024-12-30 23:14:09.822923,study_reward
PAY303295,P102291,SUB203735,1.56,2024-12-30 23:53:19.688739,study_reward
PAY303296,P100768,SUB203736,2.54,2024-12-31 00:07:03.356789,study_reward
PAY303297,P100288,SUB203738,10.53,2024-12-31 00:55:21.031799,study_reward
PAY303298,P101441,SUB203739,2.82,2024-12-31 02:38:05.484956,study_reward
PAY303299,P102880,SUB203740,2.75,2024-12-31 02:49:08.291233,study_reward
PAY303300,P102785,SUB203741,3.84,2024-12-31 03:15:50.029321,study_reward
PAY303301,P102753,SUB203742,7.63,2024-12-31 03:30:34.371813,study_reward
PAY303302,P101675,SUB203743,1.83,2024-12-31 05:01:01.408973,study_reward
PAY303303,P100784,SUB203744,1.77,2024-12-31 05:17:00.791259,study_reward
PAY303304,P100046,SUB203745,1.7,2024-12-31 05:49:05.723747,study_reward
PAY303305,P102807,SUB203746,1.52,2024-12-31 07:49:17.957037,study_reward
PAY303306,P100268,SUB203747,7.89,2024-12-31 08:59:15.040584,study_reward
PAY303307,P102868,SUB203748,2.14,2024-12-31 10:18:52.357108,study_reward
PAY303308,P101850,SUB203749,1.7,2024-12-31 10:48:19.394174,study_reward
PAY303309,P101803,SUB203750,2.63,2024-12-31 10:50:56.214442,study_reward
PAY303310,P102651,SUB203751,4.88,2024-12-31 11:06:04.025262,study_reward
PAY303311,P100158,SUB203752,1.98,2024-12-31 11:11:33.880967,study_reward
PAY303312,P102557,SUB203753,3.34,2024-12-31 12:48:17.818998,study_reward
PAY303313,P100138,SUB203754,2.75,2024-12-31 15:17:17.743752,study_reward
PAY303314,P101114,,5.0,2024-12-31 16:39:17.000000,loyalty_bonus
PAY303315,P100330,SUB203756,6.85,2024-12-31 18:53:56.258313,study_reward
PAY303316,P100288,SUB203757,3.29,2024-12-31 18:55:21.031799,study_reward
PAY303317,P102299,SUB203758,1.47,2024-12-31 21:15:12.064096,study_reward
PAY303318,P102223,SUB203759,4.72,2024-12-31 22:39:58.804614,study_reward
PAY303319,P102384,SUB203760,1.66,2024-12-31 23:05:30.691981,study_reward
PAY303320,P100023,SUB203762,1.08,2025-01-01 00:55:33.503424,study_reward
PAY303321,P102851,,2.5,2025-01-01 01:42:57.000000,referral_bonus
PAY303322,P102076,SUB203764,1.08,2025-01-01 02:27:32.623214,study_reward
PAY303323,P101269,SUB203766,1.35,2025-01-01 05:48:29.079483,study_reward
PAY303324,P100801,SUB203767,2.25,2025-01-01 07:21:41.704462,study_reward
PAY303325,P101378,SUB203768,2.39,2025-01-01 07:26:27.825286,study_reward
PAY303326,P100282,SUB203769,1.02,2025-01-01 08:08:09.843237,study_reward
PAY303327,P100046,SUB203771,1.75,2025-01-01 08:49:05.723747,study_reward
PAY303328,P102450,SUB203772,0.91,2025-01-01 09:51:14.980486,study_reward
PAY303329,P101485,SUB203774,3.89,2025-01-01 11:52:57.389523,study_reward
PAY303330,P102347,SUB203775,1.58,2025-01-01 12:37:46.746085,study_reward
PAY303331,P102669,SUB203776,2.63,2025-01-01 14:34:46.795358,study_reward
PAY303332,P100019,SUB203777,4.91,2025-01-01 15:15:00.452941,study_reward
PAY303333,P101530,SUB203778,6.95,2025-01-01 16:12:51.787348,study_reward
PAY303334,P102362,SUB203779,5.29,2025-01-01 17:41:44.967570,study_reward
PAY303335,P102550,SUB203780,7.63,2025-01-01 18:45:54.426749,study_reward
PAY303336,P100837,SUB203781,3.21,2025-01-01 19:51:31.869344,study_reward
PAY303337,P102572,SUB203782,2.75,2025-01-01 20:51:14.230357,study_reward
PAY303338,P102728,SUB203783,1.77,2025-01-01 21:15:52.181374,study_reward
PAY303339,P100784,SUB203785,1.21,2025-01-02 00:17:00.791259,study_reward
PAY303340,P100180,SUB203786,2.82,2025-01-02 00:28:15.560223,study_reward
PAY303341,P102807,SUB203787,1.17,2025-01-02 00:49:17.957037,study_reward
PAY303342,P101287,SUB203788,2.25,2025-01-02 01:20:13.382039,study_reward
PAY303343,P102741,SUB203789,6.95,2025-01-02 01:41:28.807531,study_reward
PAY303344,P101581,SUB203790,3.34,2025-01-02 01:43:27.173423,study_reward
PAY303345,P100896,SUB203791,2.77,2025-01-02 02:13:17.817717,study_reward
PAY303346,P101923,SUB203792,4.13,2025-01-02 03:58:41.347614,study_reward
PAY303347,P102384,SUB203793,1.34,2025-01-02 04:05:30.691981,study_reward
PAY303348,P101678,SUB203794,3.96,2025-01-02 08:03:53.722025,study_reward
PAY303349,P100739,SUB203795,4.18,2025-01-02 09:11:54.642752,study_reward
PAY303350,P100158,SUB203796,1.21,2025-01-02 10:11:33.880967,study_reward
PAY303351,P101525,SUB203797,4.46,2025-01-02 12:08:13.367203,study_reward
PAY303352,P100330,SUB203798,2.11,2025-01-02 12:53:56.258313,study_reward
PAY303353,P100019,SUB203799,1.83,2025-01-02 13:15:00.452941,study_reward
PAY303354,P100677,SUB203800,7.54,2025-01-02 15:22:55.741697,study_reward
PAY303355,P100593,SUB203801,0.33,2025-01-02 15:37:12.207885,study_reward
PAY303356,P100746,SUB203802,1.21,2025-01-02 17:03:09.694094,study_reward
PAY303357,P100539,SUB203803,7.89,2025-01-02 17:58:39.812912,study_reward
PAY303358,P102879,SUB203806,3.1,2025-01-02 19:46:13.775568,study_reward
PAY303359,P100963,SUB203807,1.83,2025-01-02 22:34:38.614171,study_reward
PAY303360,P101923,SUB203809,7.54,2025-01-02 23:58:41.347614,study_reward
PAY303361,P102105,SUB203810,1.92,2025-01-03 00:23:28.625488,study_reward
PAY303362,P102557,SUB203811,3.95,2025-01-03 01:48:17.818998,study_reward
PAY303363,P101420,SUB203812,2.09,2025-01-03 01:58:14.456381,study_reward
PAY303364,P102305,SUB203813,1.21,2025-01-03 03:09:43.497985,study_reward
PAY303365,P101850,SUB203814,0.64,2025-01-03 04:48:19.394174,study_reward
PAY303366,P100837,SUB203815,1.74,2025-01-03 08:51:31.869344,study_reward
PAY303367,P101503,SUB203816,1.9,2025-01-03 09:34:43.796299,study_reward
PAY303368,P101690,SUB203817,1.47,2025-01-03 09:53:19.391737,study_reward
PAY303369,P102376,SUB203818,2.02,2025-01-03 10:01:34.409845,study_reward
PAY303370,P102810,SUB203819,6.06,2025-01-03 10:53:18.647092,study_reward
PAY303371,P100916,SUB203820,5.46,2025-01-03 12:22:47.687344,study_reward
PAY303372,P101318,SUB203821,4.64,2025-01-03 12:46:11.338238,study_reward
PAY303373,P100386,SUB203822,2.96,2025-01-03 14:52:24.198265,study_reward
PAY303374,P102449,SUB203823,3.34,2025-01-03 16:37:20.068947,study_reward
PAY303375,P100854,SUB203824,2.24,2025-01-03 16:45:19.299129,study_reward
PAY303376,P100657,SUB203825,1.79,2025-01-03 17:43:38.540436,study_reward
PAY303377,P101907,SUB203828,7.62,2025-01-03 18:50:00.715462,study_reward
PAY303378,P102108,SUB203830,1.74,2025-01-03 19:12:37.693173,study_reward
PAY303379,P102338,SUB203831,5.65,2025-01-03 19:21:41.297043,study_reward
PAY303380,P102557,SUB203832,2.07,2025-01-03 19:48:17.818998,study_reward
PAY303381,P102337,SUB203834,1.19,2025-01-03 20:29:08.295276,study_reward
PAY303382,P102557,SUB203835,1.75,2025-01-03 20:48:17.818998,study_reward
PAY303383,P102807,SUB203836,7.62,2025-01-03 20:49:17.957037,study_reward
PAY303384,P102651,SUB203837,1.35,2025-01-04 00:06:04.025262,study_reward
PAY303385,P101530,SUB203838,2.37,2025-01-04 00:12:51.787348,study_reward
PAY303386,P101369,SUB203839,0.77,2025-01-04 00:35:19.515166,study_reward
PAY303387,P100926,SUB203841,2.55,2025-01-04 02:17:37.029989,study_reward
PAY303388,P101918,SUB203842,1.17,2025-01-04 02:52:58.194316,study_reward
PAY303389,P102669,SUB203843,4.57,2025-01-04 05:34:46.795358,study_reward
PAY303390,P102810,SUB203844,1.83,2025-01-04 05:53:18.647092,study_reward
PAY303391,P100566,SUB203845,2.14,2025-01-04 06:46:40.026009,study_reward
PAY303392,P101287,SUB203848,2.06,2025-01-04 07:20:13.382039,study_reward
PAY303393,P102629,SUB203849,1.0,2025-01-04 09:54:40.895013,study_reward
PAY303394,P101232,SUB203850,7.62,2025-01-04 11:11:30.147814,study_reward
PAY303395,P100022,SUB203851,2.46,2025-01-04 12:40:24.273709,study_reward
PAY303396,P100992,SUB203853,1.58,2025-01-04 13:49:51.105326,study_reward
PAY303397,P100269,SUB203854,6.95,2025-01-04 15:02:21.109742,study_reward
PAY303398,P100224,SUB203855,4.72,2025-01-04 15:17:37.325626,study_reward
PAY303399,P100316,SUB203857,3.5,2025-01-04 17:28:01.896092,study_reward
PAY303400,P101340,SUB203858,2.07,2025-01-04 18:01:24.612005,study_reward
PAY303401,P100102,SUB203859,1.37,2025-01-04 18:08:10.436620,study_reward
PAY303402,P101790,SUB203860,2.25,2025-01-04 18:52:07.028919,study_reward
PAY303403,P101525,SUB203861,2.37,2025-01-04 21:08:13.367203,study_reward
PAY303404,P101318,SUB203863,3.84,2025-01-04 21:46:11.338238,study_reward
PAY303405,P102453,SUB203864,0.33,2025-01-04 22:29:24.806071,study_reward
PAY303406,P101290,SUB203865,1.76,2025-01-04 22:37:46.861222,study_reward
PAY303407,P102147,SUB203866,4.16,2025-01-04 22:59:52.997067,study_reward
PAY303408,P101653,SUB203867,4.13,2025-01-04 23:41:23.874831,study_reward
PAY303409,P101485,SUB203869,1.77,2025-01-05 01:52:57.389523,study_reward
PAY303410,P102391,SUB203870,0.86,2025-01-05 03:30:21.363214,study_reward
PAY303411,P102669,SUB203871,1.19,2025-01-05 03:34:46.795358,study_reward
PAY303412,P101527,SUB203872,0.8,2025-01-05 04:35:36.453836,study_reward
PAY303413,P101677,SUB203873,2.43,2025-01-05 05:14:09.822923,study_reward
PAY303414,P101485,SUB203874,2.63,2025-01-05 05:52:57.389523,study_reward
PAY303415,P101652,SUB203875,2.72,2025-01-05 06:17:39.250030,study_reward
PAY303416,P100776,SUB203876,1.47,2025-01-05 06:48:27.405316,study_reward
PAY303417,P102223,SUB203877,1.79,2025-01-05 08:39:58.804614,study_reward
PAY303418,P100386,SUB203879,1.47,2025-01-05 09:52:24.198265,study_reward
PAY303419,P100281,SUB203880,0.5,2025-01-05 10:07:19.576028,study_reward
PAY303420,P102793,SUB203881,2.08,2025-01-05 10:30:45.859493,study_reward
PAY303421,P102629,SUB203883,1.02,2025-01-05 10:54:40.895013,study_reward
PAY303422,P102629,SUB203882,4.64,2025-01-05 10:54:40.895013,study_reward
PAY303423,P101055,SUB203884,4.64,2025-01-05 11:51:16.591667,study_reward
PAY303424,P102845,SUB203885,1.47,2025-01-05 14:18:53.201991,study_reward
PAY303425,P102558,SUB203886,2.64,2025-01-05 14:35:05.000081,study_reward
PAY303426,P101907,SUB203887,6.11,2025-01-05 14:50:00.715462,study_reward
PAY303427,P101071,SUB203888,2.72,2025-01-05 15:42:31.244162,study_reward
PAY303428,P101458,SUB203889,4.04,2025-01-05 15:58:19.747721,study_reward
PAY303429,P100913,SUB203890,2.02,2025-01-05 16:00:32.676986,study_reward
PAY303430,P101369,SUB203891,2.11,2025-01-05 16:35:19.515166,study_reward
PAY303431,P102361,SUB203892,2.54,2025-01-05 17:17:02.983704,study_reward
PAY303432,P101907,SUB203894,7.8,2025-01-05 17:50:00.715462,study_reward
PAY303433,P102767,SUB203895,2.63,2025-01-05 18:15:07.721749,study_reward
PAY303434,P100288,SUB203896,1.59,2025-01-05 18:55:21.031799,study_reward
PAY303435,P101631,SUB203897,2.07,2025-01-05 19:24:18.650926,study_reward
PAY303436,P100216,SUB203898,3.32,2025-01-05 19:55:53.862026,study_reward
PAY303437,P102338,SUB203899,5.65,2025-01-05 20:21:41.297043,study_reward
PAY303438,P100964,SUB203902,1.0,2025-01-06 01:52:57.606661,study_reward
PAY303439,P100138,SUB203903,4.46,2025-01-06 03:17:17.743752,study_reward
PAY303440,P102449,SUB203904,2.63,2025-01-06 03:37:20.068947,study_reward
PAY303441,P101071,SUB203905,1.35,2025-01-06 03:42:31.244162,study_reward
PAY303442,P100690,SUB203906,4.04,2025-01-06 05:17:32.619972,study_reward
PAY303443,P102338,SUB203908,3.89,2025-01-06 07:21:41.297043,study_reward
PAY303444,P102335,SUB203909,2.11,2025-01-06 10:21:30.231620,study_reward
PAY303445,P100180,SUB203911,0.33,2025-01-06 11:28:15.560223,study_reward
PAY303446,P101907,SUB203913,2.82,2025-01-06 12:50:00.715462,study_reward
PAY303447,P102299,SUB203914,3.89,2025-01-06 13:15:12.064096,study_reward
PAY303448,P102335,SUB203915,2.72,2025-01-06 13:21:30.231620,study_reward
PAY303449,P100253,SUB203916,6.06,2025-01-06 14:05:16.459681,study_reward
PAY303450,P101381,SUB203917,7.54,2025-01-06 14:53:16.448738,study_reward
PAY303451,P100184,SUB203918,4.72,2025-01-06 15:39:17.603748,study_reward
PAY303452,P101287,SUB203921,0.98,2025-01-06 17:20:13.382039,study_reward
PAY303453,P101287,SUB203922,3.46,2025-01-06 17:20:13.382039,study_reward
PAY303454,P101803,SUB203924,5.02,2025-01-06 19:50:56.214442,study_reward
PAY303455,P100158,SUB203925,1.7,2025-01-06 20:11:33.880967,study_reward
PAY303456,P101318,SUB203926,4.12,2025-01-06 21:46:11.338238,study_reward
PAY303457,P100250,SUB203927,2.64,2025-01-06 21:50:49.677380,study_reward
PAY303458,P102347,SUB203928,2.85,2025-01-06 23:37:46.746085,study_reward
PAY303459,P101961,SUB203929,6.06,2025-01-07 01:20:33.317306,study_reward
PAY303460,P101614,SUB203931,1.92,2025-01-07 01:51:42.877811,study_reward
PAY303461,P100896,SUB203932,1.28,2025-01-07 03:13:17.817717,study_reward
PAY303462,P102335,SUB203933,2.77,2025-01-07 04:21:30.231620,study_reward
PAY303463,P102596,SUB203934,3.5,2025-01-07 09:03:33.885342,study_reward
PAY303464,P101229,SUB203935,0.98,2025-01-07 09:51:56.522562,study_reward
PAY303465,P100787,SUB203936,2.99,2025-01-07 11:11:32.251966,study_reward
PAY303466,P101181,SUB203937,2.08,2025-01-07 11:20:38.307143,study_reward
PAY303467,P101530,SUB203939,6.95,2025-01-07 17:12:51.787348,study_reward
PAY303468,P102199,SUB203941,2.37,2025-01-07 22:20:11.191399,study_reward
PAY303469,P100677,SUB203942,3.44,2025-01-07 22:22:55.741697,study_reward
PAY303470,P102683,SUB203943,3.32,2025-01-07 22:51:08.672262,study_reward
PAY303471,P102645,SUB203944,1.21,2025-01-08 04:06:50.794589,study_reward
PAY303472,P100864,SUB203945,2.55,2025-01-08 05:14:57.785662,study_reward
PAY303473,P100282,SUB203946,2.11,2025-01-08 06:08:09.843237,study_reward
PAY303474,P100175,SUB203947,7.54,2025-01-08 06:21:41.742141,study_reward
PAY303475,P100102,SUB203948,2.14,2025-01-08 08:08:10.436620,study_reward
PAY303476,P102832,SUB203949,2.6,2025-01-08 08:39:42.681837,study_reward
PAY303477,P102879,SUB203950,4.18,2025-01-08 08:46:13.775568,study_reward
PAY303478,P102105,SUB203951,3.06,2025-01-08 09:23:28.625488,study_reward
PAY303479,P100406,SUB203952,5.45,2025-01-08 10:11:26.180792,study_reward
PAY303480,P102386,SUB203953,3.06,2025-01-08 10:14:27.356204,study_reward
PAY303481,P101340,SUB203954,3.5,2025-01-08 11:01:24.612005,study_reward
PAY303482,P101290,SUB203955,0.51,2025-01-08 11:37:46.861222,study_reward
PAY303483,P100158,SUB203956,1.28,2025-01-08 13:11:33.880967,study_reward
PAY303484,P102361,SUB203957,2.64,2025-01-08 13:17:02.983704,study_reward
PAY303485,P102390,SUB203958,2.75,2025-01-08 14:10:38.502820,study_reward
PAY303486,P100837,SUB203960,1.9,2025-01-08 15:51:31.869344,study_reward
PAY303487,P100681,SUB203961,1.23,2025-01-08 15:56:31.269634,study_reward
PAY303488,P102728,SUB203962,1.13,2025-01-08 17:15:52.181374,study_reward
PAY303489,P101420,SUB203963,2.75,2025-01-08 17:58:14.456381,study_reward
PAY303490,P101071,SUB203964,2.12,2025-01-08 19:42:31.244162,study_reward
PAY303491,P101525,SUB203965,1.05,2025-01-08 20:08:13.367203,study_reward
PAY303492,P102753,SUB203966,5.78,2025-01-08 21:30:34.371813,study_reward
PAY303493,P101420,SUB203967,1.21,2025-01-08 22:58:14.456381,study_reward
PAY303494,P102793,SUB203968,2.72,2025-01-09 00:30:45.859493,study_reward
PAY303495,P102942,SUB203970,3.05,2025-01-09 02:12:50.970007,study_reward
PAY303496,P102199,SUB203971,3.06,2025-01-09 02:20:11.191399,study_reward
PAY303497,P102057,SUB203972,1.77,2025-01-09 03:03:26.280697,study_reward
PAY303498,P100801,SUB203973,6.06,2025-01-09 03:21:41.704462,study_reward
PAY303499,P101357,SUB203975,1.67,2025-01-09 07:02:07.756860,study_reward
PAY303500,P100681,SUB203976,1.78,2025-01-09 07:56:31.269634,study_reward
PAY303501,P100854,SUB203978,1.68,2025-01-09 09:45:19.299129,study_reward
PAY303502,P101118,SUB203979,2.63,2025-01-09 09:51:10.684797,study_reward
PAY303503,P100066,SUB203980,6.11,2025-01-09 09:58:33.438206,study_reward
PAY303504,P102728,SUB203981,2.03,2025-01-09 11:15:52.181374,study_reward
PAY303505,P101188,SUB203983,2.14,2025-01-09 11:23:12.402576,study_reward
PAY303506,P100776,SUB203984,3.96,2025-01-09 11:48:27.405316,study_reward
PAY303507,P100250,SUB203985,1.98,2025-01-09 11:50:49.677380,study_reward
PAY303508,P102640,SUB203987,7.8,2025-01-09 12:13:09.422831,study_reward
PAY303509,P102271,SUB203988,3.84,2025-01-09 12:34:12.201943,study_reward
PAY303510,P101055,SUB203989,1.61,2025-01-09 12:51:16.591667,study_reward
PAY303511,P100216,SUB203990,2.39,2025-01-09 12:55:53.862026,study_reward
PAY303512,P102449,SUB203991,1.75,2025-01-09 13:37:20.068947,study_reward
PAY303513,P100823,SUB203993,2.77,2025-01-09 14:35:16.992789,study_reward
PAY303514,P100022,SUB203994,2.75,2025-01-09 14:40:24.273709,study_reward
PAY303515,P102143,SUB203995,1.58,2025-01-09 14:58:47.006359,study_reward
PAY303516,P102384,SUB203996,1.35,2025-01-09 15:05:30.691981,study_reward
PAY303517,P102305,SUB203997,5.29,2025-01-09 16:09:43.497985,study_reward
PAY303518,P102390,SUB203998,6.06,2025-01-09 17:10:38.502820,study_reward
PAY303519,P101587,SUB203999,4.8,2025-01-09 19:03:19.589213,study_reward
PAY303520,P102616,SUB204000,4.18,2025-01-09 19:11:44.283599,study_reward
PAY303521,P100066,SUB204001,3.21,2025-01-09 19:58:33.438206,study_reward
PAY303522,P102335,SUB204002,2.13,2025-01-09 20:21:30.231620,study_reward
PAY303523,P101907,SUB204003,1.74,2025-01-09 20:50:00.715462,study_reward
PAY303524,P100787,SUB204004,2.02,2025-01-09 21:11:32.251966,study_reward
PAY303525,P102880,SUB204006,3.47,2025-01-09 22:49:08.291233,study_reward
PAY303526,P102564,SUB204007,4.13,2025-01-09 23:51:16.753826,study_reward
PAY303527,P101181,SUB204008,7.89,2025-01-10 01:20:38.307143,study_reward
PAY303528,P101961,SUB204010,3.47,2025-01-10 04:20:33.317306,study_reward
PAY303529,P100926,SUB204012,5.58,2025-01-10 06:17:37.029989,study_reward
PAY303530,P102845,SUB204013,2.11,2025-01-10 07:18:53.201991,study_reward
PAY303531,P101287,SUB204014,2.96,2025-01-10 07:20:13.382039,study_reward
PAY303532,P101262,SUB204015,0.8,2025-01-10 07:35:16.844124,study_reward
PAY303533,P101458,SUB204016,1.02,2025-01-10 07:58:19.747721,study_reward
PAY303534,P102316,SUB204018,3.5,2025-01-10 11:06:03.873399,study_reward
PAY303535,P100739,SUB204019,2.64,2025-01-10 12:11:54.642752,study_reward
PAY303536,P100896,SUB204020,1.88,2025-01-10 12:13:17.817717,study_reward
PAY303537,P102572,SUB204021,3.1,2025-01-10 14:51:14.230357,study_reward
PAY303538,P101985,SUB204022,2.3,2025-01-10 16:04:24.990148,study_reward
PAY303539,P100138,SUB204023,2.39,2025-01-10 16:17:17.743752,study_reward
PAY303540,P100992,SUB204024,1.88,2025-01-10 16:49:51.105326,study_reward
PAY303541,P100216,SUB204026,2.46,2025-01-10 19:55:53.862026,study_reward
PAY303542,P100406,SUB204027,2.03,2025-01-10 20:11:26.180792,study_reward
PAY303543,P101232,SUB204028,2.77,2025-01-10 20:11:30.147814,study_reward
PAY303544,P102740,SUB204029,3.84,2025-01-10 21:11:34.998927,study_reward
PAY303545,P101803,SUB204030,1.21,2025-01-10 21:50:56.214442,study_reward
PAY303546,P102753,SUB204032,2.07,2025-01-10 22:30:34.371813,study_reward
PAY303547,P102652,SUB204033,2.08,2025-01-10 22:35:09.147372,study_reward
PAY303548,P101485,SUB204035,6.67,2025-01-10 23:52:57.389523,study_reward
PAY303549,P100175,SUB204036,1.98,2025-01-11 00:21:41.742141,study_reward
PAY303550,P102199,SUB204037,4.18,2025-01-11 01:20:11.191399,study_reward
PAY303551,P101702,SUB204038,3.8,2025-01-11 01:35:35.145666,study_reward
PAY303552,P100776,SUB204040,10.53,2025-01-11 01:48:27.405316,study_reward
PAY303553,P102323,SUB204041,2.39,2025-01-11 03:18:29.084577,study_reward
PAY303554,P100871,SUB204042,0.85,2025-01-11 06:18:48.846147,study_reward
PAY303555,P100180,SUB204043,2.7,2025-01-11 06:28:15.560223,study_reward
PAY303556,P101907,SUB204044,4.18,2025-01-11 06:50:00.715462,study_reward
PAY303557,P102740,SUB204046,3.32,2025-01-11 11:11:34.998927,study_reward
PAY303558,P101913,SUB204047,1.7,2025-01-11 12:34:21.484972,study_reward
PAY303559,P101369,SUB204048,2.56,2025-01-11 13:35:19.515166,study_reward
PAY303560,P102651,SUB204049,1.0,2025-01-11 16:06:04.025262,study_reward
PAY303561,P101530,SUB204050,1.67,2025-01-11 16:12:51.787348,study_reward
PAY303562,P100141,SUB204051,2.1,2025-01-11 18:14:18.586296,study_reward
PAY303563,P102199,SUB204052,2.96,2025-01-11 21:20:11.191399,study_reward
PAY303564,P102880,SUB204053,4.46,2025-01-11 21:49:08.291233,study_reward
PAY303565,P100643,SUB204054,5.02,2025-01-11 23:06:12.877962,study_reward
PAY303566,P102343,SUB204055,4.72,2025-01-12 02:01:04.942488,study_reward
PAY303567,P101878,SUB204056,1.91,2025-01-12 02:10:49.997613,study_reward
PAY303568,P100784,SUB204057,1.76,2025-01-12 02:17:00.791259,study_reward
PAY303569,P102066,SUB204058,2.91,2025-01-12 04:05:55.579005,study_reward
PAY303570,P100677,SUB204059,1.98,2025-01-12 04:22:55.741697,study_reward
PAY303571,P102391,SUB204060,4.88,2025-01-12 04:30:21.363214,study_reward
PAY303572,P100000,SUB204061,3.62,2025-01-12 08:39:08.881613,study_reward
PAY303573,P101653,SUB204062,5.85,2025-01-12 09:41:23.874831,study_reward
PAY303574,P100138,SUB204064,1.75,2025-01-12 10:17:17.743752,study_reward
PAY303575,P100864,SUB204065,1.91,2025-01-12 11:14:57.785662,study_reward
PAY303576,P100250,SUB204066,1.66,2025-01-12 11:50:49.677380,study_reward
PAY303577,P101458,SUB204067,0.86,2025-01-12 13:58:19.747721,study_reward
PAY303578,P101769,SUB204068,2.26,2025-01-12 14:19:46.780244,study_reward
PAY303579,P102532,SUB204069,1.14,2025-01-12 15:16:58.842903,study_reward
PAY303580,P102550,SUB204071,2.31,2025-01-12 15:45:54.426749,study_reward
PAY303581,P100023,SUB204072,1.88,2025-01-12 15:55:33.503424,study_reward
PAY303582,P101068,SUB204073,1.33,2025-01-12 15:56:11.559144,study_reward
PAY303583,P102305,SUB204074,1.14,2025-01-12 18:09:43.497985,study_reward
PAY303584,P102199,SUB204075,2.09,2025-01-12 18:20:11.191399,study_reward
PAY303585,P102384,SUB204076,0.91,2025-01-12 19:05:30.691981,study_reward
PAY303586,P102390,SUB204077,6.05,2025-01-12 19:10:38.502820,study_reward
PAY303587,P100690,SUB204079,2.08,2025-01-12 20:17:32.619972,study_reward
PAY303588,P100268,SUB204080,2.82,2025-01-12 20:59:15.040584,study_reward
PAY303589,P101287,SUB204082,2.31,2025-01-12 21:20:13.382039,study_reward
PAY303590,P100964,SUB204083,7.54,2025-01-12 21:52:57.606661,study_reward
PAY303591,P100443,SUB204085,3.21,2025-01-12 22:00:28.658566,study_reward
PAY303592,P100823,SUB204086,4.13,2025-01-12 23:35:16.992789,study_reward
PAY303593,P102202,SUB204087,0.91,2025-01-13 01:27:38.306088,study_reward
PAY303594,P102143,SUB204088,2.25,2025-01-13 03:58:47.006359,study_reward
PAY303595,P101677,SUB204089,1.76,2025-01-13 05:14:09.822923,study_reward
PAY303596,P100601,SUB204090,1.89,2025-01-13 05:15:39.431886,study_reward
PAY303597,P100690,SUB204091,2.6,2025-01-13 05:17:32.619972,study_reward
PAY303598,P102617,SUB204092,3.87,2025-01-13 05:39:45.604805,study_reward
PAY303599,P100269,SUB204093,5.85,2025-01-13 06:02:21.109742,study_reward
PAY303600,P101803,SUB204094,6.81,2025-01-13 06:50:56.214442,study_reward
PAY303601,P102347,SUB204095,2.54,2025-01-13 07:37:46.746085,study_reward
PAY303602,P102337,SUB204098,5.65,2025-01-13 08:29:08.295276,study_reward
PAY303603,P100746,SUB204100,4.49,2025-01-13 09:03:09.694094,study_reward
PAY303604,P100282,SUB204101,1.33,2025-01-13 09:08:09.843237,study_reward
PAY303605,P100102,SUB204102,4.12,2025-01-13 09:08:10.436620,study_reward
PAY303606,P101057,SUB204103,2.24,2025-01-13 09:23:37.503464,study_reward
PAY303607,P100904,SUB204105,3.44,2025-01-13 11:28:20.491329,study_reward
PAY303608,P101485,SUB204107,2.37,2025-01-13 12:52:57.389523,study_reward
PAY303609,P100904,SUB204109,1.28,2025-01-13 17:28:20.491329,study_reward
PAY303610,P100963,SUB204110,5.85,2025-01-13 17:34:38.614171,study_reward
PAY303611,P100227,SUB204111,2.06,2025-01-13 18:19:21.027830,study_reward
PAY303612,P100250,SUB204112,3.5,2025-01-13 18:50:49.677380,study_reward
PAY303613,P101819,SUB204113,1.14,2025-01-13 19:29:10.312279,study_reward
PAY303614,P101229,SUB204114,2.61,2025-01-13 22:51:56.522562,study_reward
PAY303615,P101907,SUB204115,0.67,2025-01-13 23:50:00.715462,study_reward
PAY303616,P100102,SUB204116,6.16,2025-01-14 01:08:10.436620,study_reward
PAY303617,P102202,SUB204117,1.14,2025-01-14 01:27:38.306088,study_reward
PAY303618,P102271,SUB204118,2.02,2025-01-14 02:34:12.201943,study_reward
PAY303619,P100908,SUB204119,1.13,2025-01-14 03:14:17.469458,study_reward
PAY303620,P100227,SUB204120,4.16,2025-01-14 03:19:21.027830,study_reward
PAY303621,P100365,SUB204121,1.75,2025-01-14 03:23:27.567061,study_reward
PAY303622,P102775,SUB204122,0.44,2025-01-14 03:47:28.331679,study_reward
PAY303623,P101530,SUB204123,2.02,2025-01-14 04:12:51.787348,study_reward
PAY303624,P102299,SUB204124,0.85,2025-01-14 06:15:12.064096,study_reward
PAY303625,P100386,SUB204125,1.32,2025-01-14 06:52:24.198265,study_reward
PAY303626,P100269,SUB204126,5.46,2025-01-14 07:02:21.109742,study_reward
PAY303627,P100643,SUB204127,6.85,2025-01-14 07:06:12.877962,study_reward
PAY303628,P100964,SUB204128,4.8,2025-01-14 07:52:57.606661,study_reward
PAY303629,P102564,SUB204129,1.58,2025-01-14 08:51:16.753826,study_reward
PAY303630,P101340,SUB204130,5.02,2025-01-14 09:01:24.612005,study_reward
PAY303631,P101587,SUB204131,2.08,2025-01-14 09:03:19.589213,study_reward
PAY303632,P102564,SUB204132,3.47,2025-01-14 09:51:16.753826,study_reward
PAY303633,P102316,SUB204135,3.43,2025-01-14 12:06:03.873399,study_reward
PAY303634,P102570,SUB204136,2.73,2025-01-14 12:14:19.632287,study_reward
PAY303635,P100677,SUB204137,2.3,2025-01-14 12:22:55.741697,study_reward
PAY303636,P100343,SUB204138,4.57,2025-01-14 12:45:16.519318,study_reward
PAY303637,P100835,SUB204139,1.17,2025-01-14 12:48:37.440428,study_reward
PAY303638,P101070,SUB204140,0.8,2025-01-14 13:21:31.500126,study_reward
PAY303639,P101394,SUB204141,1.17,2025-01-14 13:39:44.216382,study_reward
PAY303640,P100864,SUB204143,3.47,2025-01-14 14:14:57.785662,study_reward
PAY303641,P101133,SUB204144,0.98,2025-01-14 14:54:54.494792,study_reward
PAY303642,P102807,SUB204145,6.95,2025-01-14 15:49:17.957037,study_reward
PAY303643,P100282,SUB204146,0.64,2025-01-14 16:08:09.843237,study_reward
PAY303644,P101651,SUB204147,1.79,2025-01-14 16:45:31.708634,study_reward
PAY303645,P100417,SUB204148,6.85,2025-01-14 17:20:19.783555,study_reward
PAY303646,P100871,SUB204149,2.91,2025-01-14 18:18:48.846147,study_reward
PAY303647,P100227,SUB204150,2.63,2025-01-14 18:19:21.027830,study_reward
PAY303648,P101381,SUB204151,1.61,2025-01-14 18:53:16.448738,study_reward
PAY303649,P100569,SUB204152,5.02,2025-01-14 19:45:57.343327,study_reward
PAY303650,P100180,SUB204153,2.38,2025-01-14 20:28:15.560223,study_reward
PAY303651,P100516,SUB204154,1.32,2025-01-14 20:55:02.545423,study_reward
PAY303652,P102879,SUB204156,6.85,2025-01-14 21:46:13.775568,study_reward
PAY303653,P101394,SUB204157,3.47,2025-01-14 22:39:44.216382,study_reward
PAY303654,P100250,SUB204159,1.47,2025-01-15 00:50:49.677380,study_reward
PAY303655,P101530,SUB204161,7.54,2025-01-15 02:12:51.787348,study_reward
PAY303656,P101232,SUB204163,9.78,2025-01-15 03:11:30.147814,study_reward
PAY303657,P100926,SUB204164,2.14,2025-01-15 04:17:37.029989,study_reward
PAY303658,P100250,SUB204166,7.8,2025-01-15 06:50:49.677380,study_reward
PAY303659,P100539,SUB204168,2.82,2025-01-15 06:58:39.812912,study_reward
PAY303660,P101614,SUB204169,4.49,2025-01-15 08:51:42.877811,study_reward
PAY303661,P101485,SUB204170,1.0,2025-01-15 09:52:57.389523,study_reward
PAY303662,P100018,SUB204171,5.29,2025-01-15 13:39:21.113261,study_reward
PAY303663,P100019,SUB204172,2.38,2025-01-15 14:15:00.452941,study_reward
PAY303664,P102532,SUB204173,1.0,2025-01-15 14:16:58.842903,study_reward
PAY303665,P102323,SUB204174,1.46,2025-01-15 17:18:29.084577,study_reward
PAY303666,P101133,SUB204175,2.24,2025-01-15 17:54:54.494792,study_reward
PAY303667,P100184,SUB204176,4.12,2025-01-15 18:39:17.603748,study_reward
PAY303668,P101653,SUB204177,1.52,2025-01-15 19:41:23.874831,study_reward
PAY303669,P100216,SUB204178,6.85,2025-01-15 19:55:53.862026,study_reward
PAY303670,P100681,SUB204179,1.19,2025-01-15 19:56:31.269634,study_reward
PAY303671,P102199,SUB204180,6.57,2025-01-15 20:20:11.191399,study_reward
PAY303672,P102066,SUB204181,2.31,2025-01-15 21:05:55.579005,study_reward
PAY303673,P101181,SUB204182,1.0,2025-01-15 21:20:38.307143,study_reward
PAY303674,P100022,SUB204183,7.62,2025-01-15 22:40:24.273709,study_reward
PAY303675,P102316,SUB204184,1.46,2025-01-15 23:06:03.873399,study_reward
PAY303676,P102651,SUB204186,3.44,2025-01-16 00:06:04.025262,study_reward
PAY303677,P101392,SUB204187,2.61,2025-01-16 02:20:53.183781,study_reward
PAY303678,P102076,SUB204188,1.02,2025-01-16 02:27:32.623214,study_reward
PAY303679,P102143,SUB204189,1.34,2025-01-16 04:58:47.006359,study_reward
PAY303680,P100954,SUB204190,1.35,2025-01-16 06:11:44.858908,study_reward
PAY303681,P102616,SUB204191,1.46,2025-01-16 07:11:44.283599,study_reward
PAY303682,P102914,SUB204193,0.74,2025-01-16 10:34:05.746353,study_reward
PAY303683,P102557,SUB204194,6.57,2025-01-16 11:48:17.818998,study_reward
PAY303684,P102347,SUB204195,6.81,2025-01-16 12:37:46.746085,study_reward
PAY303685,P100046,SUB204197,1.08,2025-01-16 13:49:05.723747,study_reward
PAY303686,P101514,SUB204199,2.73,2025-01-16 15:33:33.385242,study_reward
PAY303687,P102640,SUB204200,3.32,2025-01-16 16:13:09.422831,study_reward
PAY303688,P101961,SUB204201,1.9,2025-01-16 16:20:33.317306,study_reward
PAY303689,P102361,SUB204203,1.91,2025-01-16 23:17:02.983704,study_reward
PAY303690,P101381,SUB204204,2.61,2025-01-17 00:53:16.448738,study_reward
PAY303691,P101923,SUB204205,1.14,2025-01-17 02:58:41.347614,study_reward
PAY303692,P101443,SUB204206,1.2,2025-01-17 03:33:50.146842,study_reward
PAY303693,P101601,SUB204207,4.57,2025-01-17 05:10:25.063948,study_reward
PAY303694,P100963,SUB204208,2.85,2025-01-17 06:34:38.614171,study_reward
PAY303695,P100915,SUB204209,1.98,2025-01-17 08:03:29.491873,study_reward
PAY303696,P102864,SUB204210,3.5,2025-01-17 08:13:35.389789,study_reward
PAY303697,P101340,SUB204212,4.18,2025-01-17 11:01:24.612005,study_reward
PAY303698,P102323,SUB204213,3.29,2025-01-17 11:18:29.084577,study_reward
PAY303699,P100443,SUB204215,9.78,2025-01-17 16:00:28.658566,study_reward
PAY303700,P102298,SUB204216,0.88,2025-01-17 16:56:05.564878,study_reward
PAY303701,P102016,SUB204217,2.85,2025-01-17 17:09:33.608229,study_reward
PAY303702,P100784,SUB204218,1.66,2025-01-17 17:17:00.791259,study_reward
PAY303703,P101675,SUB204220,3.95,2025-01-17 19:01:01.408973,study_reward
PAY303704,P102199,SUB204222,1.59,2025-01-17 21:20:11.191399,study_reward
PAY303705,P100677,SUB204223,6.85,2025-01-17 22:22:55.741697,study_reward
PAY303706,P102572,SUB204224,2.99,2025-01-17 22:51:14.230357,study_reward
PAY303707,P101852,,10.0,2025-01-17 23:26:30.000000,loyalty_bonus
PAY303708,P102564,SUB204226,1.24,2025-01-17 23:51:16.753826,study_reward
PAY303709,P101690,SUB204230,1.98,2025-01-18 04:53:19.391737,study_reward
PAY303710,P101394,SUB204231,2.56,2025-01-18 05:39:44.216382,study_reward
PAY303711,P102362,SUB204232,3.47,2025-01-18 06:41:44.967570,study_reward
PAY303712,P100926,SUB204233,1.98,2025-01-18 07:17:37.029989,study_reward
PAY303713,P102616,SUB204234,3.89,2025-01-18 08:11:44.283599,study_reward
PAY303714,P101985,SUB204236,2.3,2025-01-18 12:04:24.990148,study_reward
PAY303715,P101369,SUB204237,2.02,2025-01-18 13:35:19.515166,study_reward
PAY303716,P100896,SUB204238,3.5,2025-01-18 14:13:17.817717,study_reward
PAY303717,P102523,SUB204239,1.52,2025-01-18 15:52:22.531184,study_reward
PAY303718,P100677,SUB204240,0.91,2025-01-18 16:22:55.741697,study_reward
PAY303719,P100330,SUB204241,3.8,2025-01-18 17:53:56.258313,study_reward
PAY303720,P100216,SUB204242,1.13,2025-01-18 17:55:53.862026,study_reward
PAY303721,P101581,SUB204243,2.09,2025-01-18 18:43:27.173423,study_reward
PAY303722,P102753,SUB204244,4.04,2025-01-18 19:30:34.371813,study_reward
PAY303723,P102880,SUB204245,3.05,2025-01-18 19:49:08.291233,study_reward
PAY303724,P100108,SUB204246,0.77,2025-01-18 20:12:17.443271,study_reward
PAY303725,P100316,SUB204248,6.11,2025-01-18 20:28:01.896092,study_reward
PAY303726,P101485,SUB204249,2.77,2025-01-18 20:52:57.389523,study_reward
PAY303727,P102755,SUB204250,4.18,2025-01-18 23:02:33.644691,study_reward
PAY303728,P100643,SUB204251,6.16,2025-01-18 23:06:12.877962,study_reward
PAY303729,P101850,SUB204252,1.58,2025-01-18 23:48:19.394174,study_reward
PAY303730,P102651,SUB204254,1.98,2025-01-19 02:06:04.025262,study_reward
PAY303731,P101769,SUB204255,1.75,2025-01-19 02:19:46.780244,study_reward
PAY303732,P101212,SUB204256,6.57,2025-01-19 05:35:08.764101,study_reward
PAY303733,P102807,SUB204257,6.11,2025-01-19 06:49:17.957037,study_reward
PAY303734,P100060,SUB204258,2.39,2025-01-19 07:11:21.821649,study_reward
PAY303735,P102362,SUB204259,2.03,2025-01-19 07:41:44.967570,study_reward
PAY303736,P102651,SUB204260,2.1,2025-01-19 08:06:04.025262,study_reward
PAY303737,P102523,SUB204261,1.77,2025-01-19 08:52:22.531184,study_reward
PAY303738,P100023,SUB204262,1.05,2025-01-19 08:55:33.503424,study_reward
PAY303739,P100926,SUB204263,3.89,2025-01-19 11:17:37.029989,study_reward
PAY303740,P100452,SUB204264,2.3,2025-01-19 11:28:43.362355,study_reward
PAY303741,P101923,SUB204265,1.98,2025-01-19 11:58:41.347614,study_reward
PAY303742,P101479,SUB204266,3.08,2025-01-19 12:34:11.315533,study_reward
PAY303743,P102652,SUB204267,2.11,2025-01-19 13:35:09.147372,study_reward
PAY303744,P101907,SUB204268,3.43,2025-01-19 13:50:00.715462,study_reward
PAY303745,P101210,SUB204269,1.46,2025-01-19 14:06:23.808663,study_reward
PAY303746,P100180,SUB204270,4.72,2025-01-19 14:28:15.560223,study_reward
PAY303747,P102263,SUB204271,1.23,2025-01-19 14:30:02.583980,study_reward
PAY303748,P100443,SUB204274,1.23,2025-01-19 18:00:28.658566,study_reward
PAY303749,P102785,SUB204275,3.11,2025-01-19 18:15:50.029321,study_reward
PAY303750,P101961,SUB204276,2.55,2025-01-19 18:20:33.317306,study_reward
PAY303751,P101803,SUB204278,1.14,2025-01-19 19:50:56.214442,study_reward
PAY303752,P100184,SUB204279,2.11,2025-01-19 20:39:17.603748,study_reward
PAY303753,P101133,SUB204280,4.22,2025-01-19 20:54:54.494792,study_reward
PAY303754,P102444,SUB204281,9.92,2025-01-19 21:09:14.900304,study_reward
PAY303755,P100227,SUB204282,0.51,2025-01-19 22:19:21.027830,study_reward
PAY303756,P101369,SUB204283,3.95,2025-01-19 23:35:19.515166,study_reward
PAY303757,P100852,SUB204286,5.85,2025-01-20 02:50:38.024849,study_reward
PAY303758,P101068,SUB204288,2.85,2025-01-20 03:56:11.559144,study_reward
PAY303759,P101914,SUB204289,1.78,2025-01-20 04:45:57.985485,study_reward
PAY303760,P100690,SUB204291,2.38,2025-01-20 05:17:32.619972,study_reward
PAY303761,P102880,SUB204292,4.72,2025-01-20 05:49:08.291233,study_reward
PAY303762,P101525,SUB204293,7.62,2025-01-20 07:08:13.367203,study_reward
PAY303763,P102229,SUB204294,1.91,2025-01-20 08:12:39.250004,study_reward
PAY303764,P101803,SUB204295,4.88,2025-01-20 08:50:56.214442,study_reward
PAY303765,P100216,SUB204296,3.06,2025-01-20 09:55:53.862026,study_reward
PAY303766,P100643,SUB204297,6.06,2025-01-20 11:06:12.877962,study_reward
PAY303767,P102728,SUB204298,1.56,2025-01-20 11:15:52.181374,study_reward
PAY303768,P100000,SUB204299,1.46,2025-01-20 11:39:08.881613,study_reward
PAY303769,P102807,SUB204300,4.13,2025-01-20 12:49:17.957037,study_reward
PAY303770,P101479,SUB204301,3.44,2025-01-20 14:34:11.315533,study_reward
PAY303771,P101394,SUB204302,0.64,2025-01-20 15:39:44.216382,study_reward
PAY303772,P100690,SUB204303,5.29,2025-01-20 17:17:32.619972,study_reward
PAY303773,P100018,SUB204304,4.8,2025-01-20 18:39:21.113261,study_reward
PAY303774,P100141,SUB204305,2.1,2025-01-20 19:14:18.586296,study_reward
PAY303775,P101623,,15.0,2025-01-20 20:11:49.000000,loyalty_bonus
PAY303776,P102271,SUB204306,1.67,2025-01-20 20:34:12.201943,study_reward
PAY303777,P100268,SUB204307,3.96,2025-01-20 21:59:15.040584,study_reward
PAY303778,P100060,SUB204308,2.82,2025-01-20 22:11:21.821649,study_reward
PAY303779,P102793,SUB204309,2.7,2025-01-20 22:30:45.859493,study_reward
PAY303780,P101985,SUB204310,1.21,2025-01-21 00:04:24.990148,study_reward
PAY303781,P101210,SUB204311,1.61,2025-01-21 01:06:23.808663,study_reward
PAY303782,P100835,SUB204312,1.75,2025-01-21 02:48:37.440428,study_reward
PAY303783,P102362,SUB204314,2.12,2025-01-21 03:41:44.967570,study_reward
PAY303784,P102755,SUB204316,2.26,2025-01-21 04:02:33.644691,study_reward
PAY303785,P100022,SUB204317,3.1,2025-01-21 04:40:24.273709,study_reward
PAY303786,P102832,SUB204318,3.47,2025-01-21 05:39:42.681837,study_reward
PAY303787,P100852,SUB204319,1.11,2025-01-21 05:50:38.024849,study_reward
PAY303788,P101232,SUB204320,3.5,2025-01-21 08:11:30.147814,study_reward
PAY303789,P102832,SUB204321,2.75,2025-01-21 09:39:42.681837,study_reward
PAY303790,P102879,SUB204322,1.52,2025-01-21 09:46:13.775568,study_reward
PAY303791,P101070,SUB204323,1.7,2025-01-21 10:21:31.500126,study_reward
PAY303792,P101133,SUB204324,0.64,2025-01-21 10:54:54.494792,study_reward
PAY303793,P102323,SUB204325,3.32,2025-01-21 12:18:29.084577,study_reward
PAY303794,P100125,SUB204326,1.33,2025-01-21 14:02:36.748826,study_reward
PAY303795,P101842,SUB204327,3.05,2025-01-21 15:06:32.568547,study_reward
PAY303796,P100253,SUB204329,2.1,2025-01-21 17:05:16.459681,study_reward
PAY303797,P101474,SUB204330,3.06,2025-01-21 17:46:37.512746,study_reward
PAY303798,P100023,SUB204331,5.5,2025-01-21 17:55:33.503424,study_reward
PAY303799,P101907,SUB204332,2.85,2025-01-21 19:50:00.715462,study_reward
PAY303800,P102147,SUB204333,4.13,2025-01-21 19:59:52.997067,study_reward
PAY303801,P100097,SUB204334,2.37,2025-01-21 20:37:53.168597,study_reward
PAY303802,P101782,SUB204335,5.5,2025-01-21 21:06:49.138317,study_reward
PAY303803,P100108,SUB204336,4.04,2025-01-21 22:12:17.443271,study_reward
PAY303804,P100328,SUB204337,2.38,2025-01-21 22:25:11.815513,study_reward
PAY303805,P100569,SUB204338,3.44,2025-01-21 22:45:57.343327,study_reward
PAY303806,P101803,SUB204339,6.85,2025-01-21 22:50:56.214442,study_reward
PAY303807,P102887,SUB204340,6.19,2025-01-21 23:34:20.748864,study_reward
PAY303808,P101229,SUB204341,4.16,2025-01-21 23:51:56.522562,study_reward
PAY303809,P100066,SUB204342,4.49,2025-01-21 23:58:33.438206,study_reward
PAY303810,P101212,SUB204344,1.23,2025-01-22 07:35:08.764101,study_reward
PAY303811,P102570,SUB204345,4.8,2025-01-22 09:14:19.632287,study_reward
PAY303812,P101232,SUB204346,1.46,2025-01-22 10:11:30.147814,study_reward
PAY303813,P102793,SUB204347,0.91,2025-01-22 10:30:45.859493,study_reward
PAY303814,P100852,SUB204348,1.76,2025-01-22 10:50:38.024849,study_reward
PAY303815,P102728,SUB204349,7.8,2025-01-22 11:15:52.181374,study_reward
PAY303816,P100417,SUB204350,3.47,2025-01-22 12:20:19.783555,study_reward
PAY303817,P101923,SUB204353,2.85,2025-01-22 14:58:41.347614,study_reward
PAY303818,P102199,SUB204354,10.53,2025-01-22 15:20:11.191399,study_reward
PAY303819,P100904,SUB204355,6.67,2025-01-22 16:28:20.491329,study_reward
PAY303820,P102123,SUB204356,2.24,2025-01-22 17:24:29.632982,study_reward
PAY303821,P101378,SUB204357,4.64,2025-01-22 17:26:27.825286,study_reward
PAY303822,P100365,SUB204359,1.88,2025-01-22 18:23:27.567061,study_reward
PAY303823,P100992,SUB204360,2.61,2025-01-22 19:49:51.105326,study_reward
PAY303824,P101842,SUB204364,4.72,2025-01-22 21:06:32.568547,study_reward
PAY303825,P100138,SUB204366,1.76,2025-01-22 21:17:17.743752,study_reward
PAY303826,P101985,SUB204368,2.91,2025-01-22 23:04:24.990148,study_reward
PAY303827,P102549,SUB204369,1.35,2025-01-22 23:13:02.904717,study_reward
PAY303828,P101479,SUB204370,2.64,2025-01-23 00:34:11.315533,study_reward
PAY303829,P101675,SUB204371,1.77,2025-01-23 01:01:01.408973,study_reward
PAY303830,P101782,SUB204372,1.52,2025-01-23 02:06:49.138317,study_reward
PAY303831,P102775,SUB204373,3.06,2025-01-23 03:47:28.331679,study_reward
PAY303832,P102683,SUB204374,5.27,2025-01-23 04:51:08.672262,study_reward
PAY303833,P100060,SUB204375,2.37,2025-01-23 05:11:21.821649,study_reward
PAY303834,P101352,SUB204376,1.76,2025-01-23 06:08:30.556971,study_reward
PAY303835,P100310,SUB204377,1.28,2025-01-23 06:42:07.655373,study_reward
PAY303836,P100773,SUB204378,3.05,2025-01-23 07:15:08.381326,study_reward
PAY303837,P102391,SUB204379,0.86,2025-01-23 07:30:21.363214,study_reward
PAY303838,P101569,SUB204380,3.62,2025-01-23 09:01:16.230333,study_reward
PAY303839,P100783,SUB204381,1.7,2025-01-23 10:12:55.361612,study_reward
PAY303840,P100343,SUB204383,1.89,2025-01-23 12:45:16.519318,study_reward
PAY303841,P102229,SUB204384,2.91,2025-01-23 13:12:39.250004,study_reward
PAY303842,P101620,SUB204385,1.77,2025-01-23 13:24:29.354156,study_reward
PAY303843,P101918,SUB204387,2.96,2025-01-23 16:52:58.194316,study_reward
PAY303844,P101352,SUB204388,3.08,2025-01-23 17:08:30.556971,study_reward
PAY303845,P100643,SUB204390,3.96,2025-01-23 19:06:12.877962,study_reward
PAY303846,P101913,SUB204391,4.88,2025-01-23 19:34:21.484972,study_reward
PAY303847,P101514,SUB204392,2.48,2025-01-23 21:33:33.385242,study_reward
PAY303848,P100643,SUB204393,0.98,2025-01-23 22:06:12.877962,study_reward
PAY303849,P100681,SUB204395,2.77,2025-01-23 22:56:31.269634,study_reward
PAY303850,P100452,SUB204396,0.44,2025-01-23 23:28:43.362355,study_reward
PAY303851,P102728,SUB204397,2.12,2025-01-24 00:15:52.181374,study_reward
PAY303852,P101357,SUB204398,1.14,2025-01-24 01:02:07.756860,study_reward
PAY303853,P102879,SUB204400,2.07,2025-01-24 01:46:13.775568,study_reward
PAY303854,P101420,SUB204401,2.55,2025-01-24 01:58:14.456381,study_reward
PAY303855,P100539,SUB204402,1.11,2025-01-24 01:58:39.812912,study_reward
PAY303856,P101913,SUB204403,1.56,2025-01-24 03:34:21.484972,study_reward
PAY303857,P101769,SUB204404,1.56,2025-01-24 04:19:46.780244,study_reward
PAY303858,P100108,SUB204405,3.24,2025-01-24 05:12:17.443271,study_reward
PAY303859,P101212,SUB204406,2.1,2025-01-24 05:35:08.764101,study_reward
PAY303860,P102229,SUB204407,0.33,2025-01-24 06:12:39.250004,study_reward
PAY303861,P102629,SUB204408,1.92,2025-01-24 06:54:40.895013,study_reward
PAY303862,P101946,SUB204409,5.65,2025-01-24 08:36:30.733310,study_reward
PAY303863,P100328,SUB204410,2.96,2025-01-24 09:25:11.815513,study_reward
PAY303864,P100896,SUB204411,2.54,2025-01-24 10:13:17.817717,study_reward
PAY303865,P100861,SUB204412,3.96,2025-01-24 11:08:11.480571,study_reward
PAY303866,P101561,SUB204413,2.03,2025-01-24 11:21:25.764288,study_reward
PAY303867,P100452,SUB204414,1.29,2025-01-24 11:28:43.362355,study_reward
PAY303868,P101690,SUB204417,9.78,2025-01-24 12:53:19.391737,study_reward
PAY303869,P102147,SUB204418,1.14,2025-01-24 13:59:52.997067,study_reward
PAY303870,P101702,SUB204419,3.47,2025-01-24 14:35:35.145666,study_reward
PAY303871,P101857,SUB204420,2.82,2025-01-24 15:51:29.386968,study_reward
PAY303872,P101702,SUB204421,2.02,2025-01-24 16:35:35.145666,study_reward
PAY303873,P101295,SUB204422,3.87,2025-01-24 19:47:41.272075,study_reward
PAY303874,P101769,SUB204423,2.72,2025-01-24 20:19:46.780244,study_reward
PAY303875,P100125,SUB204424,1.21,2025-01-24 21:02:36.748826,study_reward
PAY303876,P101210,SUB204425,1.91,2025-01-24 23:06:23.808663,study_reward
PAY303877,P101850,SUB204426,1.37,2025-01-25 00:48:19.394174,study_reward
PAY303878,P100852,,10.0,2025-01-25 01:06:45.000000,loyalty_bonus
PAY303879,P102183,SUB204427,4.88,2025-01-25 01:28:41.003522,study_reward
PAY303880,P101857,SUB204428,1.35,2025-01-25 03:51:29.386968,study_reward
PAY303881,P101341,SUB204429,4.13,2025-01-25 04:44:19.571518,study_reward
PAY303882,P102361,SUB204430,2.03,2025-01-25 06:17:02.983704,study_reward
PAY303883,P100913,SUB204431,6.05,2025-01-25 07:00:32.676986,study_reward
PAY303884,P100776,SUB204432,10.53,2025-01-25 07:48:27.405316,study_reward
PAY303885,P100926,SUB204433,3.11,2025-01-25 08:17:37.029989,study_reward
PAY303886,P102753,SUB204434,1.79,2025-01-25 09:30:34.371813,study_reward
PAY303887,P102361,SUB204436,1.61,2025-01-25 12:17:02.983704,study_reward
PAY303888,P100216,SUB204438,7.62,2025-01-25 13:55:53.862026,study_reward
PAY303889,P101631,SUB204439,1.24,2025-01-25 15:24:18.650926,study_reward
PAY303890,P102123,SUB204440,6.85,2025-01-25 15:24:29.632982,study_reward
PAY303891,P102773,SUB204442,4.91,2025-01-25 17:35:47.888443,study_reward
PAY303892,P101128,SUB204443,2.96,2025-01-25 17:50:27.548536,study_reward
PAY303893,P102622,SUB204444,2.12,2025-01-25 17:54:06.818942,study_reward
PAY303894,P102449,SUB204445,1.77,2025-01-25 18:37:20.068947,study_reward
PAY303895,P102158,SUB204446,4.18,2025-01-25 19:30:47.279906,study_reward
PAY303896,P101212,SUB204447,1.17,2025-01-25 21:35:08.764101,study_reward
PAY303897,P100022,SUB204448,4.18,2025-01-25 21:40:24.273709,study_reward
PAY303898,P101651,SUB204449,1.66,2025-01-25 21:45:31.708634,study_reward
PAY303899,P100783,SUB204450,2.36,2025-01-25 22:12:55.361612,study_reward
PAY303900,P101287,SUB204452,2.61,2025-01-26 01:20:13.382039,study_reward
PAY303901,P100975,SUB204453,5.29,2025-01-26 01:35:17.896481,study_reward
PAY303902,P102338,SUB204455,1.68,2025-01-26 02:21:41.297043,study_reward
PAY303903,P102202,SUB204456,1.24,2025-01-26 02:27:38.306088,study_reward
PAY303904,P101702,SUB204457,1.52,2025-01-26 03:35:35.145666,study_reward
PAY303905,P101443,SUB204458,3.08,2025-01-26 04:33:50.146842,study_reward
PAY303906,P101569,SUB204459,2.91,2025-01-26 05:01:16.230333,study_reward
PAY303907,P101479,SUB204461,5.51,2025-01-26 07:34:11.315533,study_reward
PAY303908,P100823,SUB204462,1.0,2025-01-26 07:35:16.992789,study_reward
PAY303909,P101587,SUB204463,1.98,2025-01-26 08:03:19.589213,study_reward
PAY303910,P102202,SUB204465,1.19,2025-01-26 10:27:38.306088,study_reward
PAY303911,P102669,SUB204466,2.06,2025-01-26 10:34:46.795358,study_reward
PAY303912,P100569,SUB204467,5.65,2025-01-26 11:45:57.343327,study_reward
PAY303913,P101946,SUB204468,1.52,2025-01-26 12:36:30.733310,study_reward
PAY303914,P100250,SUB204469,3.1,2025-01-26 12:50:49.677380,study_reward
PAY303915,P100282,SUB204470,1.46,2025-01-26 13:08:09.843237,study_reward
PAY303916,P100784,SUB204471,1.32,2025-01-26 14:17:00.791259,study_reward
PAY303917,P102271,SUB204472,1.46,2025-01-26 14:34:12.201943,study_reward
PAY303918,P101474,SUB204473,3.5,2025-01-26 14:46:37.512746,study_reward
PAY303919,P101295,SUB204474,0.8,2025-01-26 14:47:41.272075,study_reward
PAY303920,P100605,SUB204475,3.11,2025-01-26 17:45:51.735127,study_reward
PAY303921,P101914,SUB204476,1.58,2025-01-26 18:45:57.985485,study_reward
PAY303922,P102195,SUB204477,1.99,2025-01-26 18:50:54.099759,study_reward
PAY303923,P102338,SUB204478,1.89,2025-01-26 19:21:41.297043,study_reward
PAY303924,P102523,SUB204479,0.86,2025-01-26 19:52:22.531184,study_reward
PAY303925,P101546,,5.0,2025-01-26 19:58:48.000000,referral_bonus
PAY303926,P102337,SUB204480,1.78,2025-01-26 20:29:08.295276,study_reward
PAY303927,P102378,SUB204481,1.47,2025-01-26 21:25:13.221065,study_reward
PAY303928,P102778,SUB204482,2.72,2025-01-26 21:27:23.976345,study_reward
PAY303929,P100677,SUB204484,2.39,2025-01-26 22:22:55.741697,study_reward
PAY303930,P100783,SUB204485,2.11,2025-01-27 00:12:55.361612,study_reward
PAY303931,P100019,SUB204486,4.13,2025-01-27 01:15:00.452941,study_reward
PAY303932,P102199,SUB204487,6.81,2025-01-27 01:20:11.191399,study_reward
PAY303933,P100175,SUB204488,2.96,2025-01-27 01:21:41.742141,study_reward
PAY303934,P101587,SUB204489,1.68,2025-01-27 02:03:19.589213,study_reward
PAY303935,P102123,SUB204490,0.88,2025-01-27 03:24:29.632982,study_reward
PAY303936,P100739,SUB204491,1.89,2025-01-27 04:11:54.642752,study_reward
PAY303937,P100713,SUB204492,1.46,2025-01-27 04:14:50.727687,study_reward
PAY303938,P101099,SUB204493,0.64,2025-01-27 04:30:06.312995,study_reward
PAY303939,P102845,SUB204494,0.91,2025-01-27 05:18:53.201991,study_reward
PAY303940,P100677,SUB204496,1.21,2025-01-27 06:22:55.741697,study_reward
PAY303941,P102263,SUB204497,2.39,2025-01-27 06:30:02.583980,study_reward
PAY303942,P102652,SUB204498,2.38,2025-01-27 06:35:09.147372,study_reward
PAY303943,P102123,SUB204499,2.96,2025-01-27 07:24:29.632982,study_reward
PAY303944,P101290,SUB204500,1.52,2025-01-27 07:37:46.861222,study_reward
PAY303945,P102123,SUB204501,4.13,2025-01-27 09:24:29.632982,study_reward
PAY303946,P101381,SUB204502,0.98,2025-01-27 10:53:16.448738,study_reward
PAY303947,P101690,SUB204503,1.52,2025-01-27 11:53:19.391737,study_reward
PAY303948,P102773,SUB204504,2.54,2025-01-27 12:35:47.888443,study_reward
PAY303949,P101394,SUB204505,1.9,2025-01-27 12:39:44.216382,study_reward
PAY303950,P101381,SUB204506,3.21,2025-01-27 13:53:16.448738,study_reward
PAY303951,P100871,SUB204507,1.91,2025-01-27 14:18:48.846147,study_reward
PAY303952,P101651,SUB204508,1.24,2025-01-27 16:45:31.708634,study_reward
PAY303953,P101210,SUB204510,2.46,2025-01-27 21:06:23.808663,study_reward
PAY303954,P102361,SUB204511,1.56,2025-01-27 21:17:02.983704,study_reward
PAY303955,P102953,SUB204513,2.82,2025-01-27 22:13:40.975090,study_reward
PAY303956,P100125,SUB204515,0.33,2025-01-28 00:02:36.748826,study_reward
PAY303957,P100457,SUB204517,2.77,2025-01-28 00:28:36.542503,study_reward
PAY303958,P102651,SUB204518,5.27,2025-01-28 01:06:04.025262,study_reward
PAY303959,P102785,SUB204519,5.51,2025-01-28 01:15:50.029321,study_reward
PAY303960,P100854,SUB204520,4.13,2025-01-28 01:45:19.299129,study_reward
PAY303961,P101690,SUB204521,5.29,2025-01-28 01:53:19.391737,study_reward
PAY303962,P100915,SUB204522,0.98,2025-01-28 03:03:29.491873,study_reward
PAY303963,P100180,SUB204523,1.0,2025-01-28 05:28:15.560223,study_reward
PAY303964,P102914,SUB204524,3.29,2025-01-28 05:34:05.746353,study_reward
PAY303965,P100854,SUB204525,2.56,2025-01-28 05:45:19.299129,study_reward
PAY303966,P100138,SUB204526,2.37,2025-01-28 06:17:17.743752,study_reward
PAY303967,P102223,SUB204527,2.7,2025-01-28 07:39:58.804614,study_reward
PAY303968,P101581,SUB204528,5.85,2025-01-28 07:43:27.173423,study_reward
PAY303969,P102828,SUB204529,0.67,2025-01-28 08:24:10.183502,study_reward
PAY303970,P102202,SUB204531,2.55,2025-01-28 09:27:38.306088,study_reward
PAY303971,P101381,SUB204532,0.91,2025-01-28 09:53:16.448738,study_reward
PAY303972,P100954,SUB204533,1.75,2025-01-28 10:11:44.858908,study_reward
PAY303973,P100739,SUB204534,1.23,2025-01-28 10:11:54.642752,study_reward
PAY303974,P102728,SUB204535,2.61,2025-01-28 10:15:52.181374,study_reward
PAY303975,P101341,SUB204536,6.57,2025-01-28 10:44:19.571518,study_reward
PAY303976,P102879,SUB204537,5.85,2025-01-28 13:46:13.775568,study_reward
PAY303977,P100046,SUB204538,1.67,2025-01-28 13:49:05.723747,study_reward
PAY303978,P100690,SUB204539,3.21,2025-01-28 15:17:32.619972,study_reward
PAY303979,P102183,SUB204540,6.19,2025-01-28 15:28:41.003522,study_reward
PAY303980,P101262,SUB204541,5.78,2025-01-28 17:35:16.844124,study_reward
PAY303981,P102343,SUB204542,2.13,2025-01-28 18:01:04.942488,study_reward
PAY303982,P100039,SUB204543,1.56,2025-01-28 18:50:12.852561,study_reward
PAY303983,P101620,SUB204544,3.85,2025-01-28 19:24:29.354156,study_reward
PAY303984,P100915,SUB204546,6.95,2025-01-28 22:03:29.491873,study_reward
PAY303985,P102444,SUB204547,4.64,2025-01-28 22:09:14.900304,study_reward
PAY303986,P102271,SUB204548,0.98,2025-01-29 00:34:12.201943,study_reward
PAY303987,P101133,SUB204549,2.11,2025-01-29 01:54:54.494792,study_reward
PAY303988,P102753,SUB204550,0.44,2025-01-29 02:30:34.371813,study_reward
PAY303989,P100871,SUB204551,1.75,2025-01-29 03:18:48.846147,study_reward
PAY303990,P101181,SUB204552,9.92,2025-01-29 03:20:38.307143,study_reward
PAY303991,P100282,SUB204553,2.99,2025-01-29 04:08:09.843237,study_reward
PAY303992,P102725,,15.0,2025-01-29 07:29:04.000000,referral_bonus
PAY303993,P102753,SUB204554,0.91,2025-01-29 07:30:34.371813,study_reward
PAY303994,P101946,SUB204555,3.29,2025-01-29 07:36:30.733310,study_reward
PAY303995,P101392,SUB204556,3.89,2025-01-29 08:20:53.183781,study_reward
PAY303996,P101287,SUB204557,3.46,2025-01-29 12:20:13.382039,study_reward
PAY303997,P101443,SUB204558,2.38,2025-01-29 17:33:50.146842,study_reward
PAY303998,P102953,SUB204559,1.58,2025-01-29 18:13:40.975090,study_reward
PAY303999,P100125,SUB204560,3.5,2025-01-29 19:02:36.748826,study_reward
PAY304000,P101961,SUB204561,1.83,2025-01-29 19:20:33.317306,study_reward
PAY304001,P102195,SUB204564,1.76,2025-01-29 20:50:54.099759,study_reward
PAY304002,P101782,SUB204565,4.91,2025-01-29 21:06:49.138317,study_reward
PAY304003,P100362,SUB204566,2.38,2025-01-29 21:53:54.856113,study_reward
PAY304004,P102773,SUB204567,6.67,2025-01-29 22:35:47.888443,study_reward
PAY304005,P102057,SUB204568,3.47,2025-01-29 23:03:26.280697,study_reward
PAY304006,P101212,SUB204569,2.61,2025-01-30 00:35:08.764101,study_reward
PAY304007,P101070,SUB204570,0.8,2025-01-30 01:21:31.500126,study_reward
PAY304008,P101070,SUB204571,1.08,2025-01-30 01:21:31.500126,study_reward
PAY304009,P100060,SUB204572,5.85,2025-01-30 02:11:21.821649,study_reward
PAY304010,P101946,SUB204574,2.46,2025-01-30 04:36:30.733310,study_reward
PAY304011,P101473,SUB204576,1.52,2025-01-30 07:52:18.021159,study_reward
PAY304012,P100268,SUB204577,1.83,2025-01-30 09:59:15.040584,study_reward
PAY304013,P102544,SUB204578,2.96,2025-01-30 10:03:05.526619,study_reward
PAY304014,P101985,SUB204579,4.13,2025-01-30 10:04:24.990148,study_reward
PAY304015,P100175,SUB204580,1.14,2025-01-30 10:21:41.742141,study_reward
PAY304016,P101803,SUB204581,1.47,2025-01-30 11:50:56.214442,study_reward
PAY304017,P101287,SUB204582,2.09,2025-01-30 13:20:13.382039,study_reward
PAY304018,P101443,SUB204583,1.47,2025-01-30 13:33:50.146842,study_reward
PAY304019,P100039,SUB204584,5.45,2025-01-30 15:50:12.852561,study_reward
PAY304020,P100066,SUB204586,9.78,2025-01-30 16:58:33.438206,study_reward
PAY304021,P102523,SUB204587,3.84,2025-01-30 17:52:22.531184,study_reward
PAY304022,P101188,SUB204588,7.54,2025-01-30 19:23:12.402576,study_reward
PAY304023,P101842,SUB204589,0.86,2025-01-30 20:06:32.568547,study_reward
PAY304024,P101819,SUB204590,2.61,2025-01-30 20:29:10.312279,study_reward
PAY304025,P101923,SUB204591,1.29,2025-01-30 20:58:41.347614,study_reward
PAY304026,P101675,SUB204592,1.79,2025-01-30 21:01:01.408973,study_reward
PAY304027,P101068,SUB204593,2.39,2025-01-30 21:56:11.559144,study_reward
PAY304028,P100268,SUB204594,2.3,2025-01-30 21:59:15.040584,study_reward
PAY304029,P100915,SUB204595,3.34,2025-01-30 22:03:29.491873,study_reward
PAY304030,P101394,SUB204596,2.56,2025-01-30 22:39:44.216382,study_reward
PAY304031,P101381,SUB204597,1.17,2025-01-30 23:53:16.448738,study_reward
PAY304032,P102147,SUB204598,1.58,2025-01-30 23:59:52.997067,study_reward
PAY304033,P100282,SUB204599,4.46,2025-01-31 02:08:09.843237,study_reward
PAY304034,P102549,SUB204600,4.88,2025-01-31 02:13:02.904717,study_reward
PAY304035,P100975,SUB204601,2.03,2025-01-31 03:35:17.896481,study_reward
PAY304036,P101381,SUB204603,3.1,2025-01-31 05:53:16.448738,study_reward
PAY304037,P100605,SUB204604,2.39,2025-01-31 07:45:51.735127,study_reward
PAY304038,P101614,SUB204605,2.26,2025-01-31 07:51:42.877811,study_reward
PAY304039,P102755,SUB204606,1.58,2025-01-31 08:02:33.644691,study_reward
PAY304040,P101389,SUB204607,9.33,2025-01-31 08:21:15.964388,study_reward
PAY304041,P101389,SUB204608,6.11,2025-01-31 09:21:15.964388,study_reward
PAY304042,P102298,SUB204609,1.56,2025-01-31 09:56:05.564878,study_reward
PAY304043,P100125,SUB204610,1.98,2025-01-31 10:02:36.748826,study_reward
PAY304044,P102338,SUB204612,6.19,2025-01-31 14:21:41.297043,study_reward
PAY304045,P101777,SUB204614,9.92,2025-01-31 15:20:11.658236,study_reward
PAY304046,P100097,SUB204615,6.11,2025-01-31 15:37:53.168597,study_reward
PAY304047,P102652,SUB204616,3.1,2025-01-31 16:35:09.147372,study_reward
PAY304048,P102645,SUB204617,5.78,2025-01-31 17:06:50.794589,study_reward
PAY304049,P101946,SUB204618,1.21,2025-01-31 17:36:30.733310,study_reward
PAY304050,P102622,SUB204619,7.89,2025-01-31 17:54:06.818942,study_reward
PAY304051,P102378,SUB204620,2.6,2025-01-31 18:25:13.221065,study_reward
PAY304052,P102144,SUB204621,0.74,2025-01-31 18:51:06.540507,study_reward
PAY304053,P100784,SUB204622,2.75,2025-01-31 22:17:00.791259,study_reward
PAY304054,P102077,SUB204623,2.02,2025-02-01 01:08:12.559943,study_reward
PAY304055,P102229,SUB204624,1.23,2025-02-01 01:12:39.250004,study_reward
PAY304056,P102263,SUB204625,5.78,2025-02-01 02:30:02.583980,study_reward
PAY304057,P100904,SUB204626,3.34,2025-02-01 03:28:20.491329,study_reward
PAY304058,P101575,SUB204627,2.37,2025-02-01 03:33:18.073797,study_reward
PAY304059,P100784,SUB204629,5.67,2025-02-01 05:17:00.791259,study_reward
PAY304060,P102361,SUB204630,2.08,2025-02-01 06:17:02.983704,study_reward
PAY304061,P102753,SUB204631,3.21,2025-02-01 06:30:34.371813,study_reward
PAY304062,P100417,SUB204632,1.14,2025-02-01 07:20:19.783555,study_reward
PAY304063,P101420,SUB204633,1.46,2025-02-01 09:58:14.456381,study_reward
PAY304064,P100963,SUB204634,1.7,2025-02-01 10:34:38.614171,study_reward
PAY304065,P100362,SUB204635,6.85,2025-02-01 10:53:54.856113,study_reward
PAY304066,P102263,SUB204636,1.77,2025-02-01 11:30:02.583980,study_reward
PAY304067,P100801,SUB204637,1.23,2025-02-01 13:21:41.704462,study_reward
PAY304068,P100426,SUB204638,2.73,2025-02-01 17:13:32.745508,study_reward
PAY304069,P102050,SUB204639,6.11,2025-02-01 17:43:53.020731,study_reward
PAY304070,P100975,SUB204640,4.13,2025-02-01 18:35:17.896481,study_reward
PAY304071,P100417,SUB204645,1.89,2025-02-01 21:20:19.783555,study_reward
PAY304072,P102564,SUB204646,1.58,2025-02-02 00:51:16.753826,study_reward
PAY304073,P100282,SUB204647,1.02,2025-02-02 01:08:09.843237,study_reward
PAY304074,P101527,SUB204648,1.77,2025-02-02 02:35:36.453836,study_reward
PAY304075,P101803,SUB204649,6.19,2025-02-02 02:50:56.214442,study_reward
PAY304076,P101782,SUB204650,1.21,2025-02-02 03:06:49.138317,study_reward
PAY304077,P101677,SUB204651,1.58,2025-02-02 04:14:09.822923,study_reward
PAY304078,P102199,SUB204652,4.88,2025-02-02 05:20:11.191399,study_reward
PAY304079,P101287,SUB204653,4.91,2025-02-02 05:20:13.382039,study_reward
PAY304080,P100022,SUB204654,3.11,2025-02-02 05:40:24.273709,study_reward
PAY304081,P100282,SUB204655,5.27,2025-02-02 06:08:09.843237,study_reward
PAY304082,P100343,SUB204656,6.95,2025-02-02 06:45:16.519318,study_reward
PAY304083,P100443,SUB204657,3.43,2025-02-02 07:00:28.658566,study_reward
PAY304084,P102456,SUB204658,1.05,2025-02-02 07:19:20.246111,study_reward
PAY304085,P102202,SUB204659,1.0,2025-02-02 07:27:38.306088,study_reward
PAY304086,P102362,SUB204660,5.45,2025-02-02 07:41:44.967570,study_reward
PAY304087,P102057,SUB204662,1.7,2025-02-02 08:03:26.280697,study_reward
PAY304088,P100046,SUB204664,2.82,2025-02-02 10:49:05.723747,study_reward
PAY304089,P100310,SUB204665,1.21,2025-02-02 11:42:07.655373,study_reward
PAY304090,P101341,,10.0,2025-02-02 13:11:59.000000,referral_bonus
PAY304091,P101675,SUB204666,1.17,2025-02-02 15:01:01.408973,study_reward
PAY304092,P100227,SUB204667,1.79,2025-02-02 15:19:21.027830,study_reward
PAY304093,P100784,SUB204668,3.85,2025-02-02 16:17:00.791259,study_reward
PAY304094,P100227,SUB204669,1.77,2025-02-02 17:19:21.027830,study_reward
PAY304095,P101070,SUB204670,2.91,2025-02-02 18:21:31.500126,study_reward
PAY304096,P102651,SUB204671,4.49,2025-02-02 19:06:04.025262,study_reward
PAY304097,P100019,SUB204672,0.44,2025-02-02 19:15:00.452941,study_reward
PAY304098,P102077,SUB204674,1.08,2025-02-02 23:08:12.559943,study_reward
PAY304099,P101394,SUB204675,2.61,2025-02-02 23:39:44.216382,study_reward
PAY304100,P102879,SUB204676,1.52,2025-02-02 23:46:13.775568,study_reward
PAY304101,P101210,SUB204677,1.23,2025-02-03 01:06:23.808663,study_reward
PAY304102,P100713,SUB204678,1.76,2025-02-03 01:14:50.727687,study_reward
PAY304103,P101620,SUB204679,1.76,2025-02-03 01:24:29.354156,study_reward
PAY304104,P101070,SUB204680,7.63,2025-02-03 03:21:31.500126,study_reward
PAY304105,P101352,SUB204681,1.91,2025-02-03 04:08:30.556971,study_reward
PAY304106,P102879,SUB204682,1.83,2025-02-03 04:46:13.775568,study_reward
PAY304107,P102158,SUB204684,5.29,2025-02-03 05:30:47.279906,study_reward
PAY304108,P101232,SUB204686,2.14,2025-02-03 10:11:30.147814,study_reward
PAY304109,P102645,SUB204688,5.85,2025-02-03 12:06:50.794589,study_reward
PAY304110,P100175,SUB204689,3.87,2025-02-03 13:21:41.742141,study_reward
PAY304111,P101405,SUB204691,3.84,2025-02-03 14:52:27.324575,study_reward
PAY304112,P102755,SUB204692,6.57,2025-02-03 17:02:33.644691,study_reward
PAY304113,P100588,,2.5,2025-02-03 18:44:50.000000,loyalty_bonus
PAY304114,P100443,SUB204693,1.19,2025-02-03 19:00:28.658566,study_reward
PAY304115,P102651,SUB204694,4.16,2025-02-03 19:06:04.025262,study_reward
PAY304116,P102753,SUB204695,2.08,2025-02-03 19:30:34.371813,study_reward
PAY304117,P100310,SUB204696,4.57,2025-02-03 19:42:07.655373,study_reward
PAY304118,P101267,SUB204697,5.85,2025-02-03 21:15:58.112595,study_reward
PAY304119,P100896,SUB204698,5.02,2025-02-04 00:13:17.817717,study_reward
PAY304120,P102880,SUB204699,1.37,2025-02-04 01:49:08.291233,study_reward
PAY304121,P101514,SUB204700,1.21,2025-02-04 02:33:33.385242,study_reward
PAY304122,P101392,SUB204701,3.05,2025-02-04 04:20:53.183781,study_reward
PAY304123,P101210,SUB204702,6.85,2025-02-04 05:06:23.808663,study_reward
PAY304124,P101381,SUB204704,2.61,2025-02-04 05:53:16.448738,study_reward
PAY304125,P101545,SUB204705,4.91,2025-02-04 06:18:00.076162,study_reward
PAY304126,P100677,SUB204706,3.95,2025-02-04 06:22:55.741697,study_reward
PAY304127,P102271,SUB204707,2.61,2025-02-04 06:34:12.201943,study_reward
PAY304128,P100108,SUB204708,3.95,2025-02-04 07:12:17.443271,study_reward
PAY304129,P101274,SUB204709,3.84,2025-02-04 07:45:43.688225,study_reward
PAY304130,P100097,SUB204710,2.96,2025-02-04 08:37:53.168597,study_reward
PAY304131,P101652,SUB204713,1.14,2025-02-04 11:17:39.250030,study_reward
PAY304132,P101392,SUB204714,1.32,2025-02-04 11:20:53.183781,study_reward
PAY304133,P102378,SUB204715,4.57,2025-02-04 12:25:13.221065,study_reward
PAY304134,P101545,SUB204717,3.32,2025-02-04 14:18:00.076162,study_reward
PAY304135,P101394,SUB204718,4.12,2025-02-04 15:39:44.216382,study_reward
PAY304136,P102050,SUB204719,1.32,2025-02-04 15:43:53.020731,study_reward
PAY304137,P101777,SUB204720,5.02,2025-02-04 16:20:11.658236,study_reward
PAY304138,P102773,SUB204721,1.0,2025-02-04 17:35:47.888443,study_reward
PAY304139,P102549,SUB204722,2.09,2025-02-04 19:13:02.904717,study_reward
PAY304140,P102544,SUB204724,3.44,2025-02-04 21:03:05.526619,study_reward
PAY304141,P102629,SUB204726,2.91,2025-02-04 21:54:40.895013,study_reward
PAY304142,P102362,SUB204727,4.88,2025-02-04 22:41:44.967570,study_reward
PAY304143,P100108,SUB204728,1.7,2025-02-04 23:12:17.443271,study_reward
PAY304144,P100681,SUB204729,2.63,2025-02-04 23:56:31.269634,study_reward
PAY304145,P102076,SUB204731,1.13,2025-02-05 00:27:32.623214,study_reward
PAY304146,P102449,SUB204732,6.05,2025-02-05 00:37:20.068947,study_reward
PAY304147,P102063,SUB204733,6.06,2025-02-05 01:59:49.030399,study_reward
PAY304148,P101782,SUB204734,2.13,2025-02-05 02:06:49.138317,study_reward
PAY304149,P100060,SUB204735,2.72,2025-02-05 03:11:21.821649,study_reward
PAY304150,P101565,SUB204736,2.97,2025-02-05 03:52:27.823870,study_reward
PAY304151,P101109,SUB204737,1.56,2025-02-05 04:02:47.975989,study_reward
PAY304152,P101267,SUB204738,2.54,2025-02-05 04:15:58.112595,study_reward
PAY304153,P102523,SUB204740,1.59,2025-02-05 05:52:22.531184,study_reward
PAY304154,P100046,SUB204741,6.19,2025-02-05 07:49:05.723747,study_reward
PAY304155,P100854,SUB204742,0.91,2025-02-05 08:45:19.299129,study_reward
PAY304156,P102755,SUB204743,1.75,2025-02-05 10:02:33.644691,study_reward
PAY304157,P101575,SUB204744,1.77,2025-02-05 11:33:18.073797,study_reward
PAY304158,P102077,SUB204745,1.79,2025-02-05 12:08:12.559943,study_reward
PAY304159,P101352,SUB204746,7.62,2025-02-05 12:08:30.556971,study_reward
PAY304160,P102183,SUB204747,1.52,2025-02-05 12:28:41.003522,study_reward
PAY304161,P100108,SUB204748,3.43,2025-02-05 13:12:17.443271,study_reward
PAY304162,P101378,SUB204749,1.79,2025-02-05 13:26:27.825286,study_reward
PAY304163,P101262,SUB204750,3.34,2025-02-05 13:35:16.844124,study_reward
PAY304164,P102361,SUB204753,6.95,2025-02-05 16:17:02.983704,study_reward
PAY304165,P102651,SUB204754,1.68,2025-02-05 19:06:04.025262,study_reward
PAY304166,P102336,SUB204756,1.23,2025-02-05 20:48:21.770026,study_reward
PAY304167,P101473,SUB204757,0.5,2025-02-05 21:52:18.021159,study_reward
PAY304168,P100060,SUB204758,3.32,2025-02-05 22:11:21.821649,study_reward
PAY304169,P101479,SUB204759,1.35,2025-02-06 01:34:11.315533,study_reward
PAY304170,P102336,SUB204760,1.28,2025-02-06 01:48:21.770026,study_reward
PAY304171,P101068,SUB204761,4.22,2025-02-06 01:56:11.559144,study_reward
PAY304172,P100443,SUB204762,2.85,2025-02-06 03:00:28.658566,study_reward
PAY304173,P101923,SUB204763,0.5,2025-02-06 03:58:41.347614,study_reward
PAY304174,P101767,SUB204764,2.26,2025-02-06 05:10:35.474564,study_reward
PAY304175,P101767,SUB204765,2.3,2025-02-06 05:10:35.474564,study_reward
PAY304176,P101819,SUB204767,1.99,2025-02-06 06:29:10.312279,study_reward
PAY304177,P102050,SUB204768,0.77,2025-02-06 06:43:53.020731,study_reward
PAY304178,P101341,SUB204769,1.14,2025-02-06 07:44:19.571518,study_reward
PAY304179,P102067,SUB204771,2.63,2025-02-06 10:18:42.798694,study_reward
PAY304180,P102050,SUB204772,1.37,2025-02-06 10:43:53.020731,study_reward
PAY304181,P102392,SUB204774,0.86,2025-02-06 13:11:05.806393,study_reward
PAY304182,P101702,SUB204775,1.33,2025-02-06 13:35:35.145666,study_reward
PAY304183,P101545,SUB204776,4.13,2025-02-06 14:18:00.076162,study_reward
PAY304184,P100343,SUB204778,0.98,2025-02-06 15:45:16.519318,study_reward
PAY304185,P100060,SUB204782,2.96,2025-02-06 16:11:21.821649,study_reward
PAY304186,P101561,SUB204783,0.91,2025-02-06 16:21:25.764288,study_reward
PAY304187,P102338,SUB204784,2.09,2025-02-06 18:21:41.297043,study_reward
PAY304188,P100784,SUB204786,4.16,2025-02-06 19:17:00.791259,study_reward
PAY304189,P100328,SUB204787,2.91,2025-02-06 22:25:11.815513,study_reward
PAY304190,P102879,SUB204788,2.25,2025-02-06 22:46:13.775568,study_reward
PAY304191,P100539,SUB204790,2.26,2025-02-07 02:58:39.812912,study_reward
PAY304192,P100138,SUB204791,7.54,2025-02-07 03:17:17.743752,study_reward
PAY304193,P101287,SUB204792,3.89,2025-02-07 03:20:13.382039,study_reward
PAY304194,P100316,SUB204793,1.48,2025-02-07 03:28:01.896092,study_reward
PAY304195,P100854,SUB204794,1.92,2025-02-07 03:45:19.299129,study_reward
PAY304196,P100787,SUB204795,5.58,2025-02-07 04:11:32.251966,study_reward
PAY304197,P102288,SUB204797,4.8,2025-02-07 06:39:30.237777,study_reward
PAY304198,P101381,SUB204798,3.46,2025-02-07 06:53:16.448738,study_reward
PAY304199,P100282,SUB204799,3.32,2025-02-07 08:08:09.843237,study_reward
PAY304200,P100854,SUB204801,3.47,2025-02-07 09:45:19.299129,study_reward
PAY304201,P101803,SUB204802,2.73,2025-02-07 09:50:56.214442,study_reward
PAY304202,P102523,SUB204803,2.12,2025-02-07 10:52:22.531184,study_reward
PAY304203,P100216,SUB204804,5.46,2025-02-07 14:55:53.862026,study_reward
PAY304204,P102845,SUB204805,0.74,2025-02-07 15:18:53.201991,study_reward
PAY304205,P100227,SUB204806,1.78,2025-02-07 16:19:21.027830,study_reward
PAY304206,P100776,SUB204807,1.47,2025-02-07 16:48:27.405316,study_reward
PAY304207,P101527,SUB204809,1.35,2025-02-07 18:35:36.453836,study_reward
PAY304208,P101128,SUB204810,2.77,2025-02-07 18:50:27.548536,study_reward
PAY304209,P100975,SUB204811,3.95,2025-02-07 19:35:17.896481,study_reward
PAY304210,P102312,SUB204812,2.48,2025-02-07 20:00:50.761992,study_reward
PAY304211,P100406,SUB204813,2.56,2025-02-07 20:11:26.180792,study_reward
PAY304212,P102183,SUB204815,0.8,2025-02-07 21:28:41.003522,study_reward
PAY304213,P101914,SUB204816,3.44,2025-02-07 23:45:57.985485,study_reward
PAY304214,P102523,SUB204818,2.37,2025-02-08 01:52:22.531184,study_reward
PAY304215,P102622,SUB204819,4.04,2025-02-08 01:54:06.818942,study_reward
PAY304216,P100787,SUB204820,3.29,2025-02-08 02:11:32.251966,study_reward
PAY304217,P100018,SUB204821,0.88,2025-02-08 02:39:21.113261,study_reward
PAY304218,P100426,SUB204822,2.14,2025-02-08 03:13:32.745508,study_reward
PAY304219,P102336,SUB204824,1.34,2025-02-08 06:48:21.770026,study_reward
PAY304220,P102009,SUB204825,1.14,2025-02-08 07:43:53.776970,study_reward
PAY304221,P100895,SUB204826,1.92,2025-02-08 09:02:59.956389,study_reward
PAY304222,P102450,SUB204827,2.51,2025-02-08 09:51:14.980486,study_reward
PAY304223,P100739,SUB204828,9.33,2025-02-08 10:11:54.642752,study_reward
PAY304224,P101287,SUB204829,2.96,2025-02-08 11:20:13.382039,study_reward
PAY304225,P100964,SUB204830,1.83,2025-02-08 11:52:57.606661,study_reward
PAY304226,P101652,SUB204831,3.62,2025-02-08 12:17:39.250030,study_reward
PAY304227,P101690,SUB204832,2.64,2025-02-08 12:53:19.391737,study_reward
PAY304228,P101070,SUB204833,2.82,2025-02-08 13:21:31.500126,study_reward
PAY304229,P100896,SUB204834,3.05,2025-02-08 15:13:17.817717,study_reward
PAY304230,P100386,SUB204835,2.97,2025-02-08 15:52:24.198265,study_reward
PAY304231,P101777,SUB204836,5.45,2025-02-08 16:20:11.658236,study_reward
PAY304232,P101819,SUB204837,2.7,2025-02-08 18:29:10.312279,study_reward
PAY304233,P102148,SUB204838,1.98,2025-02-08 18:46:38.679953,study_reward
PAY304234,P102336,SUB204839,0.98,2025-02-08 18:48:21.770026,study_reward
PAY304235,P102144,SUB204840,2.31,2025-02-08 19:51:06.540507,study_reward
PAY304236,P100605,SUB204841,6.57,2025-02-08 20:45:51.735127,study_reward
PAY304237,P100060,SUB204842,6.05,2025-02-08 21:11:21.821649,study_reward
PAY304238,P102362,SUB204843,4.91,2025-02-08 22:41:44.967570,study_reward
PAY304239,P102009,SUB204844,2.82,2025-02-08 23:43:53.776970,study_reward
PAY304240,P101652,SUB204845,2.7,2025-02-09 00:17:39.250030,study_reward
PAY304241,P101987,SUB204846,5.63,2025-02-09 05:32:41.147465,study_reward
PAY304242,P102383,SUB204847,4.22,2025-02-09 05:39:08.885742,study_reward
PAY304243,P100281,SUB204849,2.55,2025-02-09 07:07:19.576028,study_reward
PAY304244,P100746,SUB204850,5.65,2025-02-09 08:03:09.694094,study_reward
PAY304245,P101587,SUB204851,4.18,2025-02-09 08:03:19.589213,study_reward
PAY304246,P100328,SUB204852,10.53,2025-02-09 09:25:11.815513,study_reward
PAY304247,P101702,SUB204854,5.78,2025-02-09 10:35:35.145666,study_reward
PAY304248,P100525,SUB204855,1.9,2025-02-09 10:55:41.045594,study_reward
PAY304249,P101420,SUB204856,2.08,2025-02-09 10:58:14.456381,study_reward
PAY304250,P102263,SUB204858,6.05,2025-02-09 11:30:02.583980,study_reward
PAY304251,P102723,SUB204859,1.66,2025-02-09 11:34:30.306036,study_reward
PAY304252,P100623,SUB204860,1.14,2025-02-09 13:18:31.151940,study_reward
PAY304253,P101736,SUB204861,1.47,2025-02-09 14:37:03.751009,study_reward
PAY304254,P102412,SUB204862,0.8,2025-02-09 17:07:34.069164,study_reward
PAY304255,P101653,SUB204864,2.06,2025-02-09 17:41:23.874831,study_reward
PAY304256,P101118,SUB204865,3.32,2025-02-09 18:51:10.684797,study_reward
PAY304257,P101450,SUB204866,0.33,2025-02-09 20:55:00.918041,study_reward
PAY304258,P100746,SUB204867,1.66,2025-02-09 23:03:09.694094,study_reward
PAY304259,P100776,SUB204869,1.88,2025-02-09 23:48:27.405316,study_reward
PAY304260,P101803,SUB204870,1.67,2025-02-09 23:50:56.214442,study_reward
PAY304261,P100848,SUB204871,5.51,2025-02-10 00:09:24.712006,study_reward
PAY304262,P102450,SUB204872,1.77,2025-02-10 00:51:14.980486,study_reward
PAY304263,P100386,SUB204873,0.88,2025-02-10 00:52:24.198265,study_reward
PAY304264,P101405,SUB204874,3.11,2025-02-10 00:52:27.324575,study_reward
PAY304265,P102201,,15.0,2025-02-10 01:40:57.000000,referral_bonus
PAY304266,P101290,SUB204875,0.51,2025-02-10 02:37:46.861222,study_reward
PAY304267,P101287,SUB204876,2.75,2025-02-10 04:20:13.382039,study_reward
PAY304268,P100969,SUB204878,4.04,2025-02-10 07:30:26.102223,study_reward
PAY304269,P102669,SUB204879,5.27,2025-02-10 07:34:46.795358,study_reward
PAY304270,P100746,SUB204880,1.66,2025-02-10 08:03:09.694094,study_reward
PAY304271,P101188,SUB204882,1.23,2025-02-10 09:23:12.402576,study_reward
PAY304272,P102378,SUB204883,0.64,2025-02-10 10:25:13.221065,study_reward
PAY304273,P100852,SUB204884,2.11,2025-02-10 11:50:38.024849,study_reward
PAY304274,P102338,SUB204885,2.08,2025-02-10 12:21:41.297043,study_reward
PAY304275,P101631,SUB204886,3.95,2025-02-10 13:24:18.650926,study_reward
PAY304276,P100975,SUB204887,4.13,2025-02-10 13:35:17.896481,study_reward
PAY304277,P102785,SUB204888,1.23,2025-02-10 15:15:50.029321,study_reward
PAY304278,P102336,SUB204889,1.47,2025-02-10 15:48:21.770026,study_reward
PAY304279,P101352,SUB204891,6.16,2025-02-10 16:08:30.556971,study_reward
PAY304280,P100921,SUB204892,1.32,2025-02-10 16:10:10.499396,study_reward
PAY304281,P102202,SUB204893,1.46,2025-02-10 16:27:38.306088,study_reward
PAY304282,P101118,SUB204894,2.81,2025-02-10 16:51:10.684797,study_reward
PAY304283,P101757,SUB204895,1.46,2025-02-10 17:22:26.948498,study_reward
PAY304284,P100039,SUB204896,4.04,2025-02-10 19:50:12.852561,study_reward
PAY304285,P101295,SUB204897,0.77,2025-02-10 20:47:41.272075,study_reward
PAY304286,P102195,SUB204898,3.05,2025-02-10 20:50:54.099759,study_reward
PAY304287,P102523,SUB204899,1.24,2025-02-10 20:52:22.531184,study_reward
PAY304288,P102669,SUB204900,2.85,2025-02-10 22:34:46.795358,study_reward
PAY304289,P101652,SUB204901,3.32,2025-02-11 00:17:39.250030,study_reward
PAY304290,P102223,SUB204902,3.47,2025-02-11 01:39:58.804614,study_reward
PAY304291,P101872,SUB204903,1.52,2025-02-11 02:00:40.970375,study_reward
PAY304292,P100350,SUB204905,1.78,2025-02-11 04:42:46.683450,study_reward
PAY304293,P101287,SUB204906,2.96,2025-02-11 06:20:13.382039,study_reward
PAY304294,P102292,SUB204907,1.14,2025-02-11 07:38:12.391490,study_reward
PAY304295,P101450,SUB204908,6.16,2025-02-11 07:55:00.918041,study_reward
PAY304296,P102223,SUB204909,2.99,2025-02-11 08:39:58.804614,study_reward
PAY304297,P102009,SUB204910,2.61,2025-02-11 10:43:53.776970,study_reward
PAY304298,P101068,SUB204911,1.13,2025-02-11 10:56:11.559144,study_reward
PAY304299,P102391,SUB204912,3.44,2025-02-11 11:30:21.363214,study_reward
PAY304300,P101394,SUB204913,2.99,2025-02-11 11:39:44.216382,study_reward
PAY304301,P100863,SUB204914,2.08,2025-02-11 11:48:55.737971,study_reward
PAY304302,P100896,SUB204915,0.44,2025-02-11 14:13:17.817717,study_reward
PAY304303,P102729,SUB204916,2.26,2025-02-11 14:40:59.490916,study_reward
PAY304304,P102305,SUB204917,0.86,2025-02-11 15:09:43.497985,study_reward
PAY304305,P101450,SUB204918,5.5,2025-02-11 15:55:00.918041,study_reward
PAY304306,P101485,SUB204919,1.24,2025-02-11 16:52:57.389523,study_reward
PAY304307,P102337,SUB204920,1.59,2025-02-11 17:29:08.295276,study_reward
PAY304308,P100566,SUB204921,3.82,2025-02-11 17:46:40.026009,study_reward
PAY304309,P100443,SUB204922,1.68,2025-02-11 18:00:28.658566,study_reward
PAY304310,P101677,SUB204923,2.46,2025-02-11 18:14:09.822923,study_reward
PAY304311,P102391,SUB204925,1.28,2025-02-11 21:30:21.363214,study_reward
PAY304312,P102572,SUB204926,5.45,2025-02-11 21:51:14.230357,study_reward
PAY304313,P101357,SUB204928,1.28,2025-02-11 22:02:07.756860,study_reward
PAY304314,P101763,SUB204929,6.19,2025-02-11 22:05:42.225837,study_reward
PAY304315,P100539,SUB204930,0.74,2025-02-11 22:58:39.812912,study_reward
PAY304316,P101357,SUB204931,0.44,2025-02-12 00:02:07.756860,study_reward
PAY304317,P101237,SUB204932,2.07,2025-02-12 00:28:47.865013,study_reward
PAY304318,P100915,SUB204933,4.22,2025-02-12 03:03:29.491873,study_reward
PAY304319,P101237,SUB204934,4.18,2025-02-12 04:28:47.865013,study_reward
PAY304320,P100539,SUB204935,3.32,2025-02-12 07:58:39.812912,study_reward
PAY304321,P101587,SUB204937,2.64,2025-02-12 11:03:19.589213,study_reward
PAY304322,P102148,SUB204938,1.48,2025-02-12 11:46:38.679953,study_reward
PAY304323,P101420,SUB204939,2.77,2025-02-12 12:58:14.456381,study_reward
PAY304324,P102293,SUB204940,1.46,2025-02-12 13:04:55.796259,study_reward
PAY304325,P100060,SUB204941,1.77,2025-02-12 13:11:21.821649,study_reward
PAY304326,P102298,SUB204942,2.06,2025-02-12 13:56:05.564878,study_reward
PAY304327,P100216,SUB204945,2.72,2025-02-12 18:55:53.862026,study_reward
PAY304328,P101651,SUB204946,2.08,2025-02-12 19:45:31.708634,study_reward
PAY304329,P100250,SUB204947,2.31,2025-02-12 19:50:49.677380,study_reward
PAY304330,P101341,SUB204948,1.75,2025-02-12 20:44:19.571518,study_reward
PAY304331,P101587,SUB204949,6.06,2025-02-12 21:03:19.589213,study_reward
PAY304332,P100386,SUB204950,2.7,2025-02-12 21:52:24.198265,study_reward
PAY304333,P102312,SUB204951,5.85,2025-02-12 23:00:50.761992,study_reward
PAY304334,P101109,SUB204952,1.28,2025-02-12 23:02:47.975989,study_reward
PAY304335,P100060,SUB204953,1.46,2025-02-12 23:11:21.821649,study_reward
PAY304336,P102293,SUB204954,1.59,2025-02-13 01:04:55.796259,study_reward
PAY304337,P102229,SUB204955,2.63,2025-02-13 01:12:39.250004,study_reward
PAY304338,P100921,SUB204957,1.77,2025-02-13 03:10:10.499396,study_reward
PAY304339,P102202,SUB204958,1.37,2025-02-13 03:27:38.306088,study_reward
PAY304340,P102409,SUB204960,4.16,2025-02-13 04:31:52.750822,study_reward
PAY304341,P100022,SUB204961,1.52,2025-02-13 04:40:24.273709,study_reward
PAY304342,P101651,SUB204962,4.04,2025-02-13 04:45:31.708634,study_reward
PAY304343,P102622,SUB204963,6.81,2025-02-13 04:54:06.818942,study_reward
PAY304344,P101857,SUB204965,2.82,2025-02-13 06:51:29.386968,study_reward
PAY304345,P102123,SUB204966,4.22,2025-02-13 07:24:29.632982,study_reward
PAY304346,P102723,SUB204967,1.21,2025-02-13 07:34:30.306036,study_reward
PAY304347,P102669,SUB204968,3.32,2025-02-13 07:34:46.795358,study_reward
PAY304348,P102298,SUB204969,2.55,2025-02-13 07:56:05.564878,study_reward
PAY304349,P100985,SUB204970,1.08,2025-02-13 07:58:53.608776,study_reward
PAY304350,P101341,SUB204971,3.46,2025-02-13 08:44:19.571518,study_reward
PAY304351,P101914,SUB204972,1.76,2025-02-13 09:45:57.985485,study_reward
PAY304352,P102183,SUB204974,1.89,2025-02-13 12:28:41.003522,study_reward
PAY304353,P102494,SUB204975,2.97,2025-02-13 13:57:09.527205,study_reward
PAY304354,P101119,SUB204976,4.8,2025-02-13 14:24:40.491676,study_reward
PAY304355,P102450,SUB204977,3.85,2025-02-13 14:51:14.980486,study_reward
PAY304356,P100046,SUB204978,3.85,2025-02-13 16:49:05.723747,study_reward
PAY304357,P101068,SUB204979,3.04,2025-02-13 16:56:11.559144,study_reward
PAY304358,P102335,SUB204980,1.59,2025-02-13 17:21:30.231620,study_reward
PAY304359,P100569,SUB204981,0.67,2025-02-13 17:45:57.343327,study_reward
PAY304360,P101119,SUB204982,2.99,2025-02-13 18:24:40.491676,study_reward
PAY304361,P102378,SUB204983,0.74,2025-02-13 18:25:13.221065,study_reward
PAY304362,P100677,SUB204984,5.58,2025-02-13 19:22:55.741697,study_reward
PAY304363,P102383,SUB204985,3.95,2025-02-13 19:39:08.885742,study_reward
PAY304364,P102651,SUB204986,1.92,2025-02-13 21:06:04.025262,study_reward
PAY304365,P101392,SUB204987,9.78,2025-02-13 21:20:53.183781,study_reward
PAY304366,P102669,SUB204988,1.52,2025-02-13 21:34:46.795358,study_reward
PAY304367,P102077,SUB204990,3.44,2025-02-14 01:08:12.559943,study_reward
PAY304368,P101287,SUB204991,0.82,2025-02-14 04:20:13.382039,study_reward
PAY304369,P102123,SUB204992,6.81,2025-02-14 05:24:29.632982,study_reward
PAY304370,P100022,SUB204993,2.7,2025-02-14 05:40:24.273709,study_reward
PAY304371,P100776,SUB204994,1.28,2025-02-14 05:48:27.405316,study_reward
PAY304372,P102123,SUB204996,2.25,2025-02-14 06:24:29.632982,study_reward
PAY304373,P100362,SUB204997,2.61,2025-02-14 06:53:54.856113,study_reward
PAY304374,P100896,SUB204998,1.23,2025-02-14 07:13:17.817717,study_reward
PAY304375,P100316,SUB204999,2.97,2025-02-14 09:28:01.896092,study_reward
PAY304376,P101877,SUB205000,1.99,2025-02-14 09:56:27.337980,study_reward
PAY304377,P101575,SUB205002,1.33,2025-02-14 12:33:18.073797,study_reward
PAY304378,P101420,SUB205003,1.32,2025-02-14 12:58:14.456381,study_reward
PAY304379,P102391,SUB205004,2.55,2025-02-14 13:30:21.363214,study_reward
PAY304380,P101782,SUB205005,2.56,2025-02-14 14:06:49.138317,study_reward
PAY304381,P100964,SUB205006,3.32,2025-02-14 14:52:57.606661,study_reward
PAY304382,P101767,SUB205007,6.57,2025-02-14 15:10:35.474564,study_reward
PAY304383,P101085,SUB205008,3.47,2025-02-14 15:54:35.272317,study_reward
PAY304384,P100018,SUB205010,1.77,2025-02-14 16:39:21.113261,study_reward
PAY304385,P101689,,5.0,2025-02-14 18:23:09.000000,loyalty_bonus
PAY304386,P102288,SUB205012,2.73,2025-02-14 18:39:30.237777,study_reward
PAY304387,P100595,SUB205013,3.05,2025-02-14 19:07:20.954872,study_reward
PAY304388,P102323,SUB205014,2.61,2025-02-14 20:18:29.084577,study_reward
PAY304389,P102409,SUB205016,6.05,2025-02-14 23:31:52.750822,study_reward
PAY304390,P100316,SUB205017,3.47,2025-02-15 00:28:01.896092,study_reward
PAY304391,P101420,SUB205018,3.95,2025-02-15 00:58:14.456381,study_reward
PAY304392,P100975,SUB205019,1.78,2025-02-15 01:35:17.896481,study_reward
PAY304393,P102148,SUB205020,2.75,2025-02-15 01:46:38.679953,study_reward
PAY304394,P100017,SUB205021,1.56,2025-02-15 01:54:00.520517,study_reward
PAY304395,P102651,SUB205022,1.9,2025-02-15 02:06:04.025262,study_reward
PAY304396,P102123,SUB205023,3.1,2025-02-15 02:24:29.632982,study_reward
PAY304397,P101378,SUB205024,1.17,2025-02-15 02:26:27.825286,study_reward
PAY304398,P101500,SUB205025,1.59,2025-02-15 03:17:07.397228,study_reward
PAY304399,P100282,SUB205026,1.29,2025-02-15 04:08:09.843237,study_reward
PAY304400,P100969,SUB205027,2.85,2025-02-15 04:30:26.102223,study_reward
PAY304401,P101503,SUB205028,1.83,2025-02-15 04:34:43.796299,study_reward
PAY304402,P101907,SUB205029,2.63,2025-02-15 04:50:00.715462,study_reward
PAY304403,P101405,SUB205030,3.85,2025-02-15 05:52:27.324575,study_reward
PAY304404,P101450,SUB205031,4.88,2025-02-15 05:55:00.918041,study_reward
PAY304405,P100041,SUB205033,4.36,2025-02-15 11:18:38.190832,study_reward
PAY304406,P102121,SUB205034,1.24,2025-02-15 11:36:51.306396,study_reward
PAY304407,P102050,SUB205036,0.8,2025-02-15 13:43:53.020731,study_reward
PAY304408,P100852,SUB205037,0.5,2025-02-15 13:50:38.024849,study_reward
PAY304409,P101357,SUB205038,2.51,2025-02-15 14:02:07.756860,study_reward
PAY304410,P100570,SUB205039,4.18,2025-02-15 14:29:40.642345,study_reward
PAY304411,P101381,SUB205040,1.74,2025-02-15 14:53:16.448738,study_reward
PAY304412,P100019,SUB205041,2.61,2025-02-15 16:15:00.452941,study_reward
PAY304413,P101232,SUB205043,2.56,2025-02-15 18:11:30.147814,study_reward
PAY304414,P100975,SUB205044,5.65,2025-02-15 18:35:17.896481,study_reward
PAY304415,P101341,SUB205045,3.24,2025-02-15 19:44:19.571518,study_reward
PAY304416,P100921,SUB205046,4.22,2025-02-15 20:10:10.499396,study_reward
PAY304417,P101287,SUB205047,7.63,2025-02-15 21:20:13.382039,study_reward
PAY304418,P101009,SUB205048,0.77,2025-02-15 22:55:59.848673,study_reward
PAY304419,P102202,SUB205049,1.02,2025-02-15 23:27:38.306088,study_reward
PAY304420,P102494,SUB205050,1.78,2025-02-15 23:57:09.527205,study_reward
PAY304421,P100916,SUB205051,3.43,2025-02-16 00:22:47.687344,study_reward
PAY304422,P100784,SUB205052,1.52,2025-02-16 01:17:00.791259,study_reward
PAY304423,P102202,SUB205053,3.44,2025-02-16 03:27:38.306088,study_reward
PAY304424,P102031,,15.0,2025-02-16 03:34:50.000000,loyalty_bonus
PAY304425,P100783,SUB205054,2.14,2025-02-16 04:12:55.361612,study_reward
PAY304426,P102323,SUB205055,4.22,2025-02-16 04:18:29.084577,study_reward
PAY304427,P101987,SUB205056,5.45,2025-02-16 04:32:41.147465,study_reward
PAY304428,P101726,SUB205057,2.13,2025-02-16 04:51:16.589895,study_reward
PAY304429,P100643,SUB205058,2.96,2025-02-16 05:06:12.877962,study_reward
PAY304430,P101524,SUB205059,1.74,2025-02-16 05:19:18.289396,study_reward
PAY304431,P100677,SUB205060,4.64,2025-02-16 05:22:55.741697,study_reward
PAY304432,P101204,SUB205061,1.75,2025-02-16 05:49:53.254996,study_reward
PAY304433,P101009,SUB205062,4.88,2025-02-16 05:55:59.848673,study_reward
PAY304434,P100227,SUB205064,1.35,2025-02-16 07:19:21.027830,study_reward
PAY304435,P100743,SUB205065,1.58,2025-02-16 08:15:44.052427,study_reward
PAY304436,P102128,,5.0,2025-02-16 09:19:27.000000,loyalty_bonus
PAY304437,P102880,SUB205066,6.19,2025-02-16 09:49:08.291233,study_reward
PAY304438,P100282,SUB205067,1.89,2025-02-16 10:08:09.843237,study_reward
PAY304439,P100216,SUB205068,2.96,2025-02-16 10:55:53.862026,study_reward
PAY304440,P101137,SUB205069,0.5,2025-02-16 12:26:01.676522,study_reward
PAY304441,P101961,SUB205070,5.46,2025-02-16 13:20:33.317306,study_reward
PAY304442,P102199,SUB205071,5.46,2025-02-16 14:20:11.191399,study_reward
PAY304443,P101381,SUB205072,3.87,2025-02-16 16:53:16.448738,study_reward
PAY304444,P100362,SUB205073,2.82,2025-02-16 16:53:54.856113,study_reward
PAY304445,P102148,SUB205075,1.13,2025-02-16 17:46:38.679953,study_reward
PAY304446,P102572,SUB205076,1.14,2025-02-16 17:51:14.230357,study_reward
PAY304447,P101262,SUB205077,6.57,2025-02-16 18:35:16.844124,study_reward
PAY304448,P100854,SUB205079,2.11,2025-02-16 20:45:19.299129,study_reward
PAY304449,P102391,SUB205080,3.87,2025-02-16 21:30:21.363214,study_reward
PAY304450,P100978,SUB205081,3.79,2025-02-16 22:06:24.349101,study_reward
PAY304451,P102880,SUB205082,1.24,2025-02-16 23:49:08.291233,study_reward
PAY304452,P100019,SUB205083,5.22,2025-02-17 00:15:00.452941,study_reward
PAY304453,P102271,SUB205084,0.91,2025-02-17 01:34:12.201943,study_reward
PAY304454,P100916,SUB205085,3.82,2025-02-17 02:22:47.687344,study_reward
PAY304455,P100985,SUB205086,3.95,2025-02-17 02:58:53.608776,study_reward
PAY304456,P101450,SUB205087,1.56,2025-02-17 03:55:00.918041,study_reward
PAY304457,P100978,SUB205088,2.38,2025-02-17 04:06:24.349101,study_reward
PAY304458,P100282,SUB205089,1.89,2025-02-17 05:08:09.843237,study_reward
PAY304459,P102016,SUB205091,2.03,2025-02-17 07:09:33.608229,study_reward
PAY304460,P102293,SUB205092,1.99,2025-02-17 08:04:55.796259,study_reward
PAY304461,P102444,SUB205094,7.8,2025-02-17 11:09:14.900304,study_reward
PAY304462,P101524,SUB205095,2.11,2025-02-17 11:19:18.289396,study_reward
PAY304463,P100776,SUB205096,1.29,2025-02-17 11:48:27.405316,study_reward
PAY304464,P100578,SUB205097,2.6,2025-02-17 11:57:17.465319,study_reward
PAY304465,P101690,SUB205098,1.76,2025-02-17 12:53:19.391737,study_reward
PAY304466,P102449,SUB205099,4.57,2025-02-17 13:37:20.068947,study_reward
PAY304467,P100066,SUB205100,5.67,2025-02-17 13:58:33.438206,study_reward
PAY304468,P100362,SUB205101,4.91,2025-02-17 15:53:54.856113,study_reward
PAY304469,P102302,SUB205102,3.85,2025-02-17 17:35:25.795009,study_reward
PAY304470,P100915,SUB205104,3.21,2025-02-17 18:03:29.491873,study_reward
PAY304471,P102133,SUB205105,3.1,2025-02-17 20:09:51.450690,study_reward
PAY304472,P102495,SUB205106,2.54,2025-02-17 20:57:44.555514,study_reward
PAY304473,P101524,SUB205107,4.57,2025-02-17 23:19:18.289396,study_reward
PAY304474,P100578,SUB205108,2.91,2025-02-18 02:57:17.465319,study_reward
PAY304475,P102343,SUB205109,3.64,2025-02-18 03:01:04.942488,study_reward
PAY304476,P102123,SUB205112,2.48,2025-02-18 04:24:29.632982,study_reward
PAY304477,P100608,SUB205114,0.77,2025-02-18 07:20:19.594766,study_reward
PAY304478,P102605,SUB205117,2.11,2025-02-18 09:36:10.018316,study_reward
PAY304479,P101381,SUB205118,2.26,2025-02-18 09:53:16.448738,study_reward
PAY304480,P102987,SUB205119,6.67,2025-02-18 10:14:11.706602,study_reward
PAY304481,P102456,SUB205120,3.1,2025-02-18 10:19:20.246111,study_reward
PAY304482,P100746,SUB205121,2.54,2025-02-18 11:03:09.694094,study_reward
PAY304483,P100060,SUB205122,4.18,2025-02-18 12:11:21.821649,study_reward
PAY304484,P100180,SUB205123,4.57,2025-02-18 12:28:15.560223,study_reward
PAY304485,P102651,SUB205124,1.96,2025-02-18 13:06:04.025262,study_reward
PAY304486,P101762,,5.0,2025-02-18 14:43:12.000000,loyalty_bonus
PAY304487,P102305,SUB205125,1.46,2025-02-18 15:09:43.497985,study_reward
PAY304488,P100316,SUB205126,1.33,2025-02-18 15:28:01.896092,study_reward
PAY304489,P100743,SUB205127,1.23,2025-02-18 18:15:44.052427,study_reward
PAY304490,P101703,SUB205128,2.54,2025-02-18 18:18:16.159889,study_reward
PAY304491,P100175,SUB205129,2.25,2025-02-18 18:21:41.742141,study_reward
PAY304492,P100275,SUB205130,4.46,2025-02-18 18:29:08.604344,study_reward
PAY304493,P100570,SUB205131,0.64,2025-02-18 20:29:40.642345,study_reward
PAY304494,P100095,SUB205132,1.77,2025-02-18 20:40:18.129546,study_reward
PAY304495,P102458,SUB205133,0.64,2025-02-18 21:02:23.947582,study_reward
PAY304496,P102009,SUB205134,2.11,2025-02-18 22:43:53.776970,study_reward
PAY304497,P102564,SUB205135,1.66,2025-02-18 22:51:16.753826,study_reward
PAY304498,P100605,SUB205136,4.49,2025-02-18 23:45:51.735127,study_reward
PAY304499,P100848,SUB205137,2.06,2025-02-19 02:09:24.712006,study_reward
PAY304500,P100097,SUB205138,1.32,2025-02-19 02:37:53.168597,study_reward
PAY304501,P101068,SUB205139,0.44,2025-02-19 02:56:11.559144,study_reward
PAY304502,P100147,SUB205140,6.16,2025-02-19 03:00:12.565852,study_reward
PAY304503,P102123,SUB205143,1.78,2025-02-19 04:24:29.632982,study_reward
PAY304504,P101290,SUB205144,2.75,2025-02-19 05:37:46.861222,study_reward
PAY304505,P101274,SUB205145,1.52,2025-02-19 06:45:43.688225,study_reward
PAY304506,P102458,SUB205146,2.25,2025-02-19 07:02:23.947582,study_reward
PAY304507,P102338,SUB205147,1.76,2025-02-19 08:21:41.297043,study_reward
PAY304508,P102298,SUB205148,2.27,2025-02-19 08:56:05.564878,study_reward
PAY304509,P100623,SUB205149,1.35,2025-02-19 09:18:31.151940,study_reward
PAY304510,P102077,SUB205150,2.64,2025-02-19 11:08:12.559943,study_reward
PAY304511,P101181,SUB205151,1.78,2025-02-19 13:20:38.307143,study_reward
PAY304512,P100316,SUB205152,1.23,2025-02-19 14:28:01.896092,study_reward
PAY304513,P100268,SUB205154,2.07,2025-02-19 15:59:15.040584,study_reward
PAY304514,P102067,SUB205155,2.37,2025-02-19 17:18:42.798694,study_reward
PAY304515,P102063,SUB205156,2.6,2025-02-19 18:59:49.030399,study_reward
PAY304516,P100457,SUB205157,2.64,2025-02-19 19:28:36.542503,study_reward
PAY304517,P101872,SUB205159,4.12,2025-02-19 21:00:40.970375,study_reward
PAY304518,P100595,SUB205160,2.03,2025-02-19 22:07:20.954872,study_reward
PAY304519,P102458,SUB205161,4.91,2025-02-20 00:02:23.947582,study_reward
PAY304520,P101287,SUB205162,5.22,2025-02-20 00:20:13.382039,study_reward
PAY304521,P102338,SUB205163,3.85,2025-02-20 00:21:41.297043,study_reward
PAY304522,P101501,SUB205164,6.95,2025-02-20 01:15:49.602141,study_reward
PAY304523,P102051,SUB205165,5.29,2025-02-20 02:12:17.029176,study_reward
PAY304524,P102335,SUB205166,1.21,2025-02-20 02:21:30.231620,study_reward
PAY304525,P100362,SUB205167,2.7,2025-02-20 02:53:54.856113,study_reward
PAY304526,P100985,SUB205168,2.55,2025-02-20 02:58:53.608776,study_reward
PAY304527,P101961,SUB205169,2.08,2025-02-20 03:20:33.317306,study_reward
PAY304528,P100857,SUB205172,2.77,2025-02-20 07:01:11.724319,study_reward
PAY304529,P100019,SUB205174,0.91,2025-02-20 08:15:00.452941,study_reward
PAY304530,P100386,SUB205175,9.33,2025-02-20 09:52:24.198265,study_reward
PAY304531,P101485,SUB205176,0.77,2025-02-20 10:52:57.389523,study_reward
PAY304532,P100975,SUB205177,2.3,2025-02-20 12:35:17.896481,study_reward
PAY304533,P101369,SUB205179,3.34,2025-02-20 15:35:19.515166,study_reward
PAY304534,P100138,SUB205180,2.54,2025-02-20 16:17:17.743752,study_reward
PAY304535,P100904,SUB205181,1.13,2025-02-20 16:28:20.491329,study_reward
PAY304536,P102651,SUB205182,6.85,2025-02-20 17:06:04.025262,study_reward
PAY304537,P101690,SUB205183,1.83,2025-02-20 18:53:19.391737,study_reward
PAY304538,P102572,SUB205185,5.65,2025-02-20 19:51:14.230357,study_reward
PAY304539,P102383,SUB205186,1.74,2025-02-20 20:39:08.885742,study_reward
PAY304540,P100023,SUB205188,4.72,2025-02-20 21:55:33.503424,study_reward
PAY304541,P101878,SUB205189,5.78,2025-02-20 22:10:49.997613,study_reward
PAY304542,P101068,SUB205190,5.22,2025-02-20 22:56:11.559144,study_reward
PAY304543,P100978,SUB205191,2.31,2025-02-20 23:06:24.349101,study_reward
PAY304544,P102523,SUB205192,3.32,2025-02-20 23:52:22.531184,study_reward
PAY304545,P101443,SUB205193,2.03,2025-02-21 00:33:50.146842,study_reward
PAY304546,P100921,SUB205194,2.26,2025-02-21 02:10:10.499396,study_reward
PAY304547,P101188,SUB205195,3.34,2025-02-21 03:23:12.402576,study_reward
PAY304548,P102572,SUB205196,0.86,2025-02-21 05:51:14.230357,study_reward
PAY304549,P101767,SUB205197,1.14,2025-02-21 07:10:35.474564,study_reward
PAY304550,P100963,SUB205198,2.99,2025-02-21 09:34:38.614171,study_reward
PAY304551,P100097,SUB205199,0.85,2025-02-21 09:37:53.168597,study_reward
PAY304552,P100350,SUB205201,5.85,2025-02-21 10:42:46.683450,study_reward
PAY304553,P100915,SUB205203,1.75,2025-02-21 11:03:29.491873,study_reward
PAY304554,P101663,SUB205204,2.96,2025-02-21 12:14:38.309605,study_reward
PAY304555,P101118,SUB205207,2.48,2025-02-21 15:51:10.684797,study_reward
PAY304556,P101878,SUB205208,0.86,2025-02-21 16:10:49.997613,study_reward
PAY304557,P100784,SUB205209,5.27,2025-02-21 16:17:00.791259,study_reward
PAY304558,P102556,SUB205210,1.91,2025-02-21 16:24:57.197896,study_reward
PAY304559,P102804,SUB205211,2.08,2025-02-21 16:49:54.119389,study_reward
PAY304560,P100871,SUB205212,1.19,2025-02-21 17:18:48.846147,study_reward
PAY304561,P101212,SUB205213,5.63,2025-02-21 18:35:08.764101,study_reward
PAY304562,P100539,SUB205214,3.47,2025-02-21 18:58:39.812912,study_reward
PAY304563,P101237,SUB205215,2.11,2025-02-21 19:28:47.865013,study_reward
PAY304564,P102556,SUB205216,1.52,2025-02-21 22:24:57.197896,study_reward
PAY304565,P100066,SUB205217,3.82,2025-02-21 22:58:33.438206,study_reward
PAY304566,P101907,SUB205218,3.08,2025-02-21 23:50:00.715462,study_reward
PAY304567,P100739,SUB205220,1.32,2025-02-22 00:11:54.642752,study_reward
PAY304568,P101961,SUB205222,1.67,2025-02-22 01:20:33.317306,study_reward
PAY304569,P100142,SUB205223,6.85,2025-02-22 01:30:36.671698,study_reward
PAY304570,P100066,SUB205224,2.37,2025-02-22 02:58:33.438206,study_reward
PAY304571,P101443,SUB205225,2.13,2025-02-22 04:33:50.146842,study_reward
PAY304572,P101545,SUB205227,1.46,2025-02-22 06:18:00.076162,study_reward
PAY304573,P101539,SUB205229,2.24,2025-02-22 08:54:42.822690,study_reward
PAY304574,P101663,SUB205230,1.52,2025-02-22 10:14:38.309605,study_reward
PAY304575,P100066,SUB205231,1.88,2025-02-22 11:58:33.438206,study_reward
PAY304576,P100963,SUB205232,3.96,2025-02-22 12:34:38.614171,study_reward
PAY304577,P100852,SUB205233,1.92,2025-02-22 13:50:38.024849,study_reward
PAY304578,P102245,SUB205235,4.8,2025-02-22 16:19:20.610628,study_reward
PAY304579,P102391,SUB205236,4.49,2025-02-22 16:30:21.363214,study_reward
PAY304580,P101204,SUB205237,2.54,2025-02-22 16:49:53.254996,study_reward
PAY304581,P102343,SUB205238,5.65,2025-02-22 17:01:04.942488,study_reward
PAY304582,P100904,SUB205239,1.24,2025-02-22 18:28:20.491329,study_reward
PAY304583,P102256,SUB205240,3.62,2025-02-22 18:39:59.180069,study_reward
PAY304584,P100608,SUB205241,5.58,2025-02-22 19:20:19.594766,study_reward
PAY304585,P102302,SUB205242,5.22,2025-02-22 19:35:25.795009,study_reward
PAY304586,P101068,SUB205243,4.46,2025-02-22 20:56:11.559144,study_reward
PAY304587,P102987,SUB205244,0.67,2025-02-22 21:14:11.706602,study_reward
PAY304588,P100578,SUB205245,1.14,2025-02-22 21:57:17.465319,study_reward
PAY304589,P100904,SUB205247,1.77,2025-02-23 00:28:20.491329,study_reward
PAY304590,P102277,SUB205248,2.97,2025-02-23 02:07:37.304860,study_reward
PAY304591,P100969,SUB205249,7.62,2025-02-23 04:30:26.102223,study_reward
PAY304592,P100566,SUB205250,1.46,2025-02-23 04:46:40.026009,study_reward
PAY304593,P101076,SUB205251,1.91,2025-02-23 04:50:07.163773,study_reward
PAY304594,P101500,SUB205252,0.77,2025-02-23 05:17:07.397228,study_reward
PAY304595,P100871,SUB205253,7.54,2025-02-23 05:18:48.846147,study_reward
PAY304596,P102987,SUB205254,2.29,2025-02-23 06:14:11.706602,study_reward
PAY304597,P102009,SUB205255,1.67,2025-02-23 06:43:53.776970,study_reward
PAY304598,P101872,SUB205256,3.8,2025-02-23 07:00:40.970375,study_reward
PAY304599,P101181,SUB205257,1.83,2025-02-23 07:20:38.307143,study_reward
PAY304600,P102336,SUB205258,6.06,2025-02-23 07:48:21.770026,study_reward
PAY304601,P102133,SUB205259,2.55,2025-02-23 09:09:51.450690,study_reward
PAY304602,P101767,SUB205260,2.12,2025-02-23 09:10:35.474564,study_reward
PAY304603,P101545,SUB205261,2.31,2025-02-23 10:18:00.076162,study_reward
PAY304604,P101329,SUB205263,5.78,2025-02-23 11:07:48.707258,study_reward
PAY304605,P100417,SUB205264,3.29,2025-02-23 12:20:19.783555,study_reward
PAY304606,P101479,SUB205265,3.8,2025-02-23 12:34:11.315533,study_reward
PAY304607,P100136,SUB205266,2.51,2025-02-23 12:43:40.653199,study_reward
PAY304608,P102685,SUB205267,1.58,2025-02-23 12:54:06.066527,study_reward
PAY304609,P101872,SUB205268,7.89,2025-02-23 13:00:40.970375,study_reward
PAY304610,P100227,SUB205269,3.34,2025-02-23 13:19:21.027830,study_reward
PAY304611,P100147,SUB205270,4.69,2025-02-23 14:00:12.565852,study_reward
PAY304612,P102773,SUB205271,8.07,2025-02-23 14:35:47.888443,study_reward
PAY304613,P100017,SUB205272,2.27,2025-02-23 14:54:00.520517,study_reward
PAY304614,P102723,SUB205273,1.99,2025-02-23 15:34:30.306036,study_reward
PAY304615,P102556,SUB205274,1.21,2025-02-23 16:24:57.197896,study_reward
PAY304616,P101109,SUB205275,3.47,2025-02-23 17:02:47.975989,study_reward
PAY304617,P101501,SUB205276,2.39,2025-02-23 17:15:49.602141,study_reward
PAY304618,P100677,SUB205277,4.18,2025-02-23 17:22:55.741697,study_reward
PAY304619,P100904,SUB205278,3.8,2025-02-23 17:28:20.491329,study_reward
PAY304620,P101125,SUB205279,3.87,2025-02-23 18:13:00.918610,study_reward
PAY304621,P100608,SUB205280,2.1,2025-02-23 19:20:19.594766,study_reward
PAY304622,P100969,SUB205281,5.02,2025-02-23 19:30:26.102223,study_reward
PAY304623,P101501,SUB205282,5.46,2025-02-23 22:15:49.602141,study_reward
PAY304624,P100692,SUB205283,1.21,2025-02-23 23:32:21.376272,study_reward
PAY304625,P101210,SUB205284,1.14,2025-02-24 00:06:23.808663,study_reward
PAY304626,P100175,SUB205285,1.59,2025-02-24 00:21:41.742141,study_reward
PAY304627,P101274,SUB205286,2.82,2025-02-24 01:45:43.688225,study_reward
PAY304628,P102450,SUB205287,0.8,2025-02-24 01:51:14.980486,study_reward
PAY304629,P102291,SUB205288,5.78,2025-02-24 01:53:19.688739,study_reward
PAY304630,P101907,SUB205290,2.09,2025-02-24 02:50:00.715462,study_reward
PAY304631,P102336,SUB205291,2.77,2025-02-24 03:48:21.770026,study_reward
PAY304632,P100281,SUB205292,7.8,2025-02-24 04:07:19.576028,study_reward
PAY304633,P100295,SUB205293,4.82,2025-02-24 05:04:15.414131,study_reward
PAY304634,P102016,SUB205294,2.54,2025-02-24 05:09:33.608229,study_reward
PAY304635,P101443,SUB205295,2.6,2025-02-24 05:33:50.146842,study_reward
PAY304636,P102067,SUB205297,0.74,2025-02-24 10:18:42.798694,study_reward
PAY304637,P102202,SUB205298,5.85,2025-02-24 10:27:38.306088,study_reward
PAY304638,P100533,SUB205299,3.34,2025-02-24 11:12:49.427056,study_reward
PAY304639,P102338,SUB205300,1.47,2025-02-24 11:21:41.297043,study_reward
PAY304640,P100175,SUB205301,4.64,2025-02-24 11:21:41.742141,study_reward
PAY304641,P100023,SUB205302,1.7,2025-02-24 11:55:33.503424,study_reward
PAY304642,P100915,SUB205303,0.64,2025-02-24 12:03:29.491873,study_reward
PAY304643,P100019,SUB205304,1.52,2025-02-24 12:15:00.452941,study_reward
PAY304644,P100743,SUB205305,3.82,2025-02-24 12:15:44.052427,study_reward
PAY304645,P100386,SUB205306,6.11,2025-02-24 12:52:24.198265,study_reward
PAY304646,P100350,SUB205309,2.48,2025-02-24 15:42:46.683450,study_reward
PAY304647,P101450,SUB205310,7.54,2025-02-24 15:55:00.918041,study_reward
PAY304648,P101878,SUB205311,0.5,2025-02-24 17:10:49.997613,study_reward
PAY304649,P100402,SUB205312,3.82,2025-02-24 17:29:17.234234,study_reward
PAY304650,P102685,SUB205313,1.52,2025-02-24 17:54:06.066527,study_reward
PAY304651,P102723,SUB205315,3.47,2025-02-24 18:34:30.306036,study_reward
PAY304652,P102723,SUB205317,1.61,2025-02-24 19:34:30.306036,study_reward
PAY304653,P100835,SUB205318,0.77,2025-02-24 19:48:37.440428,study_reward
PAY304654,P102458,SUB205321,1.79,2025-02-24 22:02:23.947582,study_reward
PAY304655,P102987,SUB205322,1.77,2025-02-25 01:14:11.706602,study_reward
PAY304656,P100969,SUB205323,0.91,2025-02-25 03:30:26.102223,study_reward
PAY304657,P100095,SUB205324,6.85,2025-02-25 03:40:18.129546,study_reward
PAY304658,P100023,SUB205325,5.78,2025-02-25 03:55:33.503424,study_reward
PAY304659,P100041,SUB205326,2.7,2025-02-25 05:18:38.190832,study_reward
PAY304660,P100569,SUB205328,3.46,2025-02-25 07:45:57.343327,study_reward
PAY304661,P102148,SUB205329,0.67,2025-02-25 08:46:38.679953,study_reward
PAY304662,P100227,SUB205330,2.96,2025-02-25 10:19:21.027830,study_reward
PAY304663,P101381,SUB205331,4.64,2025-02-25 10:53:16.448738,study_reward
PAY304664,P100180,SUB205332,1.21,2025-02-25 11:28:15.560223,study_reward
PAY304665,P102987,SUB205333,1.75,2025-02-25 13:14:11.706602,study_reward
PAY304666,P100692,SUB205335,2.06,2025-02-25 13:32:21.376272,study_reward
PAY304667,P101068,SUB205337,2.12,2025-02-25 13:56:11.559144,study_reward
PAY304668,P102198,SUB205338,0.86,2025-02-25 14:47:07.399037,study_reward
PAY304669,P101421,SUB205341,2.97,2025-02-25 16:39:08.586862,study_reward
PAY304670,P100784,SUB205342,0.67,2025-02-25 17:17:00.791259,study_reward
PAY304671,P101188,SUB205343,3.08,2025-02-25 17:23:12.402576,study_reward
PAY304672,P102729,SUB205345,2.4,2025-02-25 17:40:59.490916,study_reward
PAY304673,P100784,SUB205346,4.64,2025-02-25 18:17:00.791259,study_reward
PAY304674,P100692,SUB205347,1.78,2025-02-25 18:32:21.376272,study_reward
PAY304675,P101421,SUB205348,2.3,2025-02-25 18:39:08.586862,study_reward
PAY304676,P100328,SUB205349,1.78,2025-02-25 20:25:11.815513,study_reward
PAY304677,P102202,SUB205350,3.85,2025-02-25 20:27:38.306088,study_reward
PAY304678,P102383,SUB205351,2.83,2025-02-25 20:39:08.885742,study_reward
PAY304679,P102229,SUB205352,1.28,2025-02-25 21:12:39.250004,study_reward
PAY304680,P100019,SUB205353,3.79,2025-02-25 21:15:00.452941,study_reward
PAY304681,P101232,SUB205354,2.97,2025-02-26 00:11:30.147814,study_reward
PAY304682,P100097,SUB205355,1.14,2025-02-26 00:37:53.168597,study_reward
PAY304683,P101210,SUB205358,2.32,2025-02-26 01:06:23.808663,study_reward
PAY304684,P102412,SUB205359,0.41,2025-02-26 01:07:34.069164,study_reward
PAY304685,P101545,SUB205360,1.79,2025-02-26 01:18:00.076162,study_reward
PAY304686,P100608,SUB205361,1.37,2025-02-26 01:20:19.594766,study_reward
PAY304687,P101767,SUB205362,2.09,2025-02-26 03:10:35.474564,study_reward
PAY304688,P100423,SUB205363,5.65,2025-02-26 03:24:11.459302,study_reward
PAY304689,P101485,SUB205364,1.35,2025-02-26 03:52:57.389523,study_reward
PAY304690,P101085,SUB205365,4.72,2025-02-26 03:54:35.272317,study_reward
PAY304691,P101587,SUB205367,2.37,2025-02-26 06:03:19.589213,study_reward
PAY304692,P102277,SUB205368,2.13,2025-02-26 11:07:37.304860,study_reward
PAY304693,P100852,SUB205369,6.16,2025-02-26 11:50:38.024849,study_reward
PAY304694,P102896,SUB205370,5.02,2025-02-26 11:56:16.449179,study_reward
PAY304695,P100784,SUB205371,3.46,2025-02-26 12:17:00.791259,study_reward
PAY304696,P102229,SUB205372,1.9,2025-02-26 14:12:39.250004,study_reward
PAY304697,P100533,SUB205373,0.98,2025-02-26 15:12:49.427056,study_reward
PAY304698,P100023,SUB205374,2.32,2025-02-26 15:55:33.503424,study_reward
PAY304699,P101068,SUB205375,3.87,2025-02-26 16:56:11.559144,study_reward
PAY304700,P100963,SUB205378,6.95,2025-02-26 19:34:38.614171,study_reward
PAY304701,P102359,,15.0,2025-02-26 19:38:19.000000,referral_bonus
PAY304702,P101450,SUB205380,1.61,2025-02-26 20:55:00.918041,study_reward
PAY304703,P101501,SUB205381,9.33,2025-02-26 22:15:49.602141,study_reward
PAY304704,P100801,SUB205382,2.39,2025-02-26 22:21:41.704462,study_reward
PAY304705,P101369,SUB205383,1.24,2025-02-26 22:35:19.515166,study_reward
PAY304706,P100623,SUB205384,6.19,2025-02-26 23:18:31.151940,study_reward
PAY304707,P101009,SUB205385,0.77,2025-02-26 23:55:59.848673,study_reward
PAY304708,P102158,SUB205386,2.5,2025-02-27 00:30:47.279906,study_reward
PAY304709,P100066,SUB205387,2.11,2025-02-27 00:58:33.438206,study_reward
PAY304710,P102077,SUB205388,1.76,2025-02-27 01:08:12.559943,study_reward
PAY304711,P100964,SUB205389,1.92,2025-02-27 01:52:57.606661,study_reward
PAY304712,P100180,SUB205391,5.51,2025-02-27 02:28:15.560223,study_reward
PAY304713,P100539,SUB205392,1.83,2025-02-27 02:58:39.812912,study_reward
PAY304714,P102458,SUB205393,2.61,2025-02-27 03:02:23.947582,study_reward
PAY304715,P100125,SUB205394,1.89,2025-02-27 03:02:36.748826,study_reward
PAY304716,P102277,SUB205395,2.64,2025-02-27 04:07:37.304860,study_reward
PAY304717,P102071,SUB205396,1.14,2025-02-27 04:35:30.185485,study_reward
PAY304718,P102336,SUB205397,0.77,2025-02-27 04:48:21.770026,study_reward
PAY304719,P100019,SUB205398,3.8,2025-02-27 05:15:00.452941,study_reward
PAY304720,P101285,SUB205399,1.77,2025-02-27 05:38:26.447096,study_reward
PAY304721,P102737,SUB205400,2.43,2025-02-27 06:28:48.239375,study_reward
PAY304722,P100933,SUB205401,5.67,2025-02-27 08:06:41.194240,study_reward
PAY304723,P102737,SUB205402,2.61,2025-02-27 09:28:48.239375,study_reward
PAY304724,P102605,SUB205403,2.25,2025-02-27 09:36:10.018316,study_reward
PAY304725,P100066,SUB205404,3.84,2025-02-27 09:58:33.438206,study_reward
PAY304726,P101137,SUB205405,5.58,2025-02-27 10:26:01.676522,study_reward
PAY304727,P100801,SUB205406,5.27,2025-02-27 14:21:41.704462,study_reward
PAY304728,P101485,SUB205407,2.73,2025-02-27 14:52:57.389523,study_reward
PAY304729,P102277,SUB205409,1.9,2025-02-27 16:07:37.304860,study_reward
PAY304730,P101757,SUB205410,3.82,2025-02-27 17:22:26.948498,study_reward
PAY304731,P100863,SUB205411,0.98,2025-02-27 18:48:55.737971,study_reward
PAY304732,P100743,SUB205412,7.54,2025-02-27 19:15:44.052427,study_reward
PAY304733,P102449,SUB205413,0.8,2025-02-27 19:37:20.068947,study_reward
PAY304734,P101605,SUB205414,2.07,2025-02-27 19:50:10.630751,study_reward
PAY304735,P102785,,10.0,2025-02-27 20:00:54.000000,loyalty_bonus
PAY304736,P100552,SUB205415,4.22,2025-02-27 20:11:18.229325,study_reward
PAY304737,P102121,SUB205417,1.98,2025-02-27 20:36:51.306396,study_reward
PAY304738,P102147,SUB205418,2.54,2025-02-27 20:59:52.997067,study_reward
PAY304739,P101961,SUB205419,0.41,2025-02-27 21:20:33.317306,study_reward
PAY304740,P102059,SUB205420,3.85,2025-02-27 22:17:55.234874,study_reward
PAY304741,P101378,SUB205421,4.8,2025-02-27 22:26:27.825286,study_reward
PAY304742,P100692,SUB205422,4.8,2025-02-27 22:32:21.376272,study_reward
PAY304743,P101093,SUB205423,2.83,2025-02-27 22:54:31.997593,study_reward
PAY304744,P102450,SUB205424,1.58,2025-02-27 23:51:14.980486,study_reward
PAY304745,P101631,SUB205425,1.37,2025-02-28 00:24:18.650926,study_reward
PAY304746,P100048,SUB205426,1.79,2025-02-28 00:45:25.972751,study_reward
PAY304747,P102312,SUB205427,10.53,2025-02-28 01:00:50.761992,study_reward
PAY304748,P100933,SUB205428,2.07,2025-02-28 01:06:41.194240,study_reward
PAY304749,P102605,SUB205430,0.98,2025-02-28 02:36:10.018316,study_reward
PAY304750,P101857,SUB205431,2.73,2025-02-28 03:51:29.386968,study_reward
PAY304751,P101757,SUB205432,2.3,2025-02-28 04:22:26.948498,study_reward
PAY304752,P101421,SUB205433,1.46,2025-02-28 06:39:08.586862,study_reward
PAY304753,P102358,SUB205434,2.72,2025-02-28 07:35:07.695909,study_reward
PAY304754,P102051,SUB205435,1.37,2025-02-28 08:12:17.029176,study_reward
PAY304755,P101587,SUB205436,2.83,2025-02-28 09:03:19.589213,study_reward
PAY304756,P102229,SUB205437,5.29,2025-02-28 10:12:39.250004,study_reward
PAY304757,P102121,SUB205438,0.51,2025-02-28 11:36:51.306396,study_reward
PAY304758,P101076,SUB205439,2.25,2025-02-28 12:50:07.163773,study_reward
PAY304759,P102391,SUB205441,4.88,2025-02-28 14:30:21.363214,study_reward
PAY304760,P102198,SUB205442,1.77,2025-02-28 14:47:07.399037,study_reward
PAY304761,P102622,SUB205443,10.53,2025-02-28 14:54:06.818942,study_reward
PAY304762,P100659,SUB205444,4.36,2025-02-28 14:56:17.581354,study_reward
PAY304763,P100854,SUB205445,4.46,2025-02-28 16:45:19.299129,study_reward
PAY304764,P100326,SUB205446,0.51,2025-02-28 16:54:34.128123,study_reward
PAY304765,P101109,SUB205448,1.28,2025-02-28 18:02:47.975989,study_reward
PAY304766,P101285,SUB205449,0.64,2025-02-28 18:38:26.447096,study_reward
PAY304767,P102271,SUB205450,3.82,2025-02-28 23:34:12.201943,study_reward
PAY304768,P102572,SUB205451,3.04,2025-03-01 00:51:14.230357,study_reward
PAY304769,P102651,SUB205452,1.47,2025-03-01 01:06:04.025262,study_reward
PAY304770,P100608,SUB205453,1.32,2025-03-01 03:20:19.594766,study_reward
PAY304771,P101923,SUB205454,5.78,2025-03-01 03:58:41.347614,study_reward
PAY304772,P101373,SUB205455,1.9,2025-03-01 04:47:18.827322,study_reward
PAY304773,P101450,SUB205456,6.67,2025-03-01 04:55:00.918041,study_reward
PAY304774,P100854,SUB205457,5.29,2025-03-01 05:45:19.299129,study_reward
PAY304775,P100578,SUB205458,2.85,2025-03-01 05:57:17.465319,study_reward
PAY304776,P101393,SUB205460,1.91,2025-03-01 07:43:06.087556,study_reward
PAY304777,P100180,SUB205461,6.85,2025-03-01 09:28:15.560223,study_reward
PAY304778,P100863,SUB205462,5.38,2025-03-01 09:48:55.737971,study_reward
PAY304779,P101923,SUB205463,3.8,2025-03-01 10:58:41.347614,study_reward
PAY304780,P100569,SUB205466,6.06,2025-03-01 19:45:57.343327,study_reward
PAY304781,P100066,SUB205467,1.9,2025-03-01 19:58:33.438206,study_reward
PAY304782,P102291,SUB205468,1.96,2025-03-01 21:53:19.688739,study_reward
PAY304783,P100328,SUB205469,0.88,2025-03-01 22:25:11.815513,study_reward
PAY304784,P101857,SUB205470,3.32,2025-03-01 22:51:29.386968,study_reward
PAY304785,P101605,SUB205472,7.36,2025-03-01 23:50:10.630751,study_reward
PAY304786,P100216,SUB205473,1.61,2025-03-01 23:55:53.862026,study_reward
PAY304787,P100065,SUB205474,6.85,2025-03-02 01:05:21.763310,study_reward
PAY304788,P101878,SUB205475,3.21,2025-03-02 02:10:49.997613,study_reward
PAY304789,P101501,SUB205476,3.1,2025-03-02 03:15:49.602141,study_reward
PAY304790,P102391,SUB205477,0.85,2025-03-02 03:30:21.363214,study_reward
PAY304791,P101767,SUB205478,3.24,2025-03-02 04:10:35.474564,study_reward
PAY304792,P102737,SUB205479,2.31,2025-03-02 04:28:48.239375,study_reward
PAY304793,P101907,SUB205480,0.33,2025-03-02 04:50:00.715462,study_reward
PAY304794,P100216,SUB205481,2.11,2025-03-02 04:55:53.862026,study_reward
PAY304795,P101575,SUB205482,2.56,2025-03-02 05:33:18.073797,study_reward
PAY304796,P101009,SUB205483,1.91,2025-03-02 05:55:59.848673,study_reward
PAY304797,P102876,SUB205484,2.91,2025-03-02 05:59:06.465474,study_reward
PAY304798,P102383,SUB205485,6.67,2025-03-02 06:39:08.885742,study_reward
PAY304799,P102288,SUB205489,6.19,2025-03-02 08:39:30.237777,study_reward
PAY304800,P101894,SUB205491,5.22,2025-03-02 11:21:01.016721,study_reward
PAY304801,P100569,SUB205492,1.13,2025-03-02 11:45:57.343327,study_reward
PAY304802,P102685,SUB205493,1.58,2025-03-02 11:54:06.066527,study_reward
PAY304803,P100451,SUB205495,1.35,2025-03-02 12:11:20.842622,study_reward
PAY304804,P100302,SUB205496,2.07,2025-03-02 12:54:04.476971,study_reward
PAY304805,P102685,SUB205497,6.06,2025-03-02 12:54:06.066527,study_reward
PAY304806,P101285,SUB205498,1.05,2025-03-02 14:38:26.447096,study_reward
PAY304807,P100835,SUB205499,7.8,2025-03-02 15:48:37.440428,study_reward
PAY304808,P102085,SUB205501,1.02,2025-03-02 17:33:04.041305,study_reward
PAY304809,P102271,SUB205502,7.63,2025-03-02 17:34:12.201943,study_reward
PAY304810,P100136,SUB205504,1.35,2025-03-02 18:43:40.653199,study_reward
PAY304811,P101443,SUB205505,4.16,2025-03-02 19:33:50.146842,study_reward
PAY304812,P101945,SUB205506,4.12,2025-03-02 21:09:45.665663,study_reward
PAY304813,P101878,SUB205507,3.06,2025-03-02 21:10:49.997613,study_reward
PAY304814,P101393,SUB205508,2.83,2025-03-02 21:43:06.087556,study_reward
PAY304815,P101583,SUB205511,2.43,2025-03-03 00:46:39.204055,study_reward
PAY304816,P101210,SUB205512,1.78,2025-03-03 01:06:23.808663,study_reward
PAY304817,P101188,SUB205513,1.78,2025-03-03 01:23:12.402576,study_reward
PAY304818,P101133,SUB205514,0.86,2025-03-03 02:54:54.494792,study_reward
PAY304819,P101009,SUB205515,3.95,2025-03-03 02:55:59.848673,study_reward
PAY304820,P100835,SUB205516,2.96,2025-03-03 03:48:37.440428,study_reward
PAY304821,P102444,SUB205517,1.37,2025-03-03 04:09:14.900304,study_reward
PAY304822,P101703,SUB205519,3.23,2025-03-03 05:18:16.159889,study_reward
PAY304823,P101369,SUB205521,3.96,2025-03-03 08:35:19.515166,study_reward
PAY304824,P100095,SUB205522,7.54,2025-03-03 08:40:18.129546,study_reward
PAY304825,P101274,SUB205523,3.82,2025-03-03 08:45:43.688225,study_reward
PAY304826,P100739,SUB205524,8.07,2025-03-03 09:11:54.642752,study_reward
PAY304827,P100784,SUB205525,3.11,2025-03-03 09:17:00.791259,study_reward
PAY304828,P100326,SUB205527,1.52,2025-03-03 09:54:34.128123,study_reward
PAY304829,P100023,SUB205528,0.91,2025-03-03 09:55:33.503424,study_reward
PAY304830,P101587,SUB205529,2.81,2025-03-03 10:03:19.589213,study_reward
PAY304831,P102147,SUB205532,3.85,2025-03-03 10:59:52.997067,study_reward
PAY304832,P102323,SUB205534,1.77,2025-03-03 11:18:29.084577,study_reward
PAY304833,P101575,SUB205535,3.64,2025-03-03 12:33:18.073797,study_reward
PAY304834,P101545,SUB205536,1.76,2025-03-03 13:18:00.076162,study_reward
PAY304835,P102523,SUB205537,2.51,2025-03-03 13:52:22.531184,study_reward
PAY304836,P100739,SUB205538,1.0,2025-03-03 14:11:54.642752,study_reward
PAY304837,P100136,SUB205539,1.52,2025-03-03 16:43:40.653199,study_reward
PAY304838,P102158,SUB205540,0.85,2025-03-03 17:30:47.279906,study_reward
PAY304839,P102202,SUB205541,3.5,2025-03-03 18:27:38.306088,study_reward
PAY304840,P100539,SUB205542,2.48,2025-03-03 19:58:39.812912,study_reward
PAY304841,P102523,SUB205544,2.72,2025-03-03 20:52:22.531184,study_reward
PAY304842,P100275,SUB205546,4.72,2025-03-03 22:29:08.604344,study_reward
PAY304843,P101583,SUB205547,2.25,2025-03-03 22:46:39.204055,study_reward
PAY304844,P101420,SUB205548,2.46,2025-03-03 22:58:14.456381,study_reward
PAY304845,P100429,SUB205550,0.51,2025-03-04 03:15:08.987265,study_reward
PAY304846,P100153,SUB205551,1.35,2025-03-04 03:57:14.114443,study_reward
PAY304847,P100569,SUB205552,6.06,2025-03-04 04:45:57.343327,study_reward
PAY304848,P100328,SUB205553,0.67,2025-03-04 05:25:11.815513,study_reward
PAY304849,P100985,SUB205554,4.8,2025-03-04 06:58:53.608776,study_reward
PAY304850,P101524,SUB205555,2.29,2025-03-04 07:19:18.289396,study_reward
PAY304851,P101237,SUB205556,3.04,2025-03-04 07:28:47.865013,study_reward
PAY304852,P102494,SUB205557,2.25,2025-03-04 07:57:09.527205,study_reward
PAY304853,P102561,,5.0,2025-03-04 14:11:28.000000,referral_bonus
PAY304854,P100328,SUB205562,4.16,2025-03-04 14:25:11.815513,study_reward
PAY304855,P100096,SUB205563,3.79,2025-03-04 15:25:04.064461,study_reward
PAY304856,P101675,SUB205565,3.89,2025-03-04 17:01:01.408973,study_reward
PAY304857,P101210,SUB205566,5.29,2025-03-04 17:06:23.808663,study_reward
PAY304858,P100985,SUB205567,1.29,2025-03-04 17:58:53.608776,study_reward
PAY304859,P100282,SUB205571,6.19,2025-03-04 20:08:09.843237,study_reward
PAY304860,P102456,SUB205572,1.19,2025-03-04 20:19:20.246111,study_reward
PAY304861,P101181,SUB205573,0.98,2025-03-04 21:20:38.307143,study_reward
PAY304862,P101274,SUB205574,1.24,2025-03-04 21:45:43.688225,study_reward
PAY304863,P102880,,15.0,2025-03-04 22:18:51.000000,referral_bonus
PAY304864,P102158,SUB205575,1.79,2025-03-04 22:30:47.279906,study_reward
PAY304865,P101068,SUB205576,5.27,2025-03-04 22:56:11.559144,study_reward
PAY304866,P100707,,15.0,2025-03-04 23:08:07.000000,referral_bonus
PAY304867,P100556,,15.0,2025-03-05 00:10:18.000000,referral_bonus
PAY304868,P102804,SUB205579,2.75,2025-03-05 07:49:54.119389,study_reward
PAY304869,P102147,SUB205580,3.62,2025-03-05 07:59:52.997067,study_reward
PAY304870,P102051,SUB205581,2.7,2025-03-05 09:12:17.029176,study_reward
PAY304871,P100835,SUB205582,3.21,2025-03-05 09:48:37.440428,study_reward
PAY304872,P102723,SUB205584,1.48,2025-03-05 10:34:30.306036,study_reward
PAY304873,P102651,SUB205585,1.0,2025-03-05 11:06:04.025262,study_reward
PAY304874,P101699,SUB205586,6.06,2025-03-05 11:23:13.548796,study_reward
PAY304875,P100023,SUB205587,1.33,2025-03-05 11:55:33.503424,study_reward
PAY304876,P102263,SUB205588,6.19,2025-03-05 12:30:02.583980,study_reward
PAY304877,P100896,SUB205589,1.61,2025-03-05 13:13:17.817717,study_reward
PAY304878,P101262,SUB205590,7.8,2025-03-05 13:35:16.844124,study_reward
PAY304879,P102494,SUB205591,3.46,2025-03-05 13:57:09.527205,study_reward
PAY304880,P102133,SUB205592,3.43,2025-03-05 15:09:51.450690,study_reward
PAY304881,P100552,SUB205593,2.25,2025-03-05 15:11:18.229325,study_reward
PAY304882,P101125,SUB205594,4.72,2025-03-05 15:13:00.918610,study_reward
PAY304883,P102728,SUB205595,1.17,2025-03-05 15:15:52.181374,study_reward
PAY304884,P102452,SUB205597,5.5,2025-03-05 17:45:19.129728,study_reward
PAY304885,P101133,SUB205598,2.91,2025-03-05 17:54:54.494792,study_reward
PAY304886,P100302,SUB205599,6.57,2025-03-05 18:54:04.476971,study_reward
PAY304887,P100985,SUB205600,2.56,2025-03-05 18:58:53.608776,study_reward
PAY304888,P102059,SUB205601,3.05,2025-03-05 19:17:55.234874,study_reward
PAY304889,P101381,SUB205602,2.46,2025-03-05 19:53:16.448738,study_reward
PAY304890,P101631,SUB205603,3.47,2025-03-05 21:24:18.650926,study_reward
PAY304891,P101640,SUB205604,1.35,2025-03-05 22:19:14.845302,study_reward
PAY304892,P100801,SUB205605,0.74,2025-03-05 22:21:41.704462,study_reward
PAY304893,P101618,SUB205606,2.06,2025-03-05 23:20:31.355485,study_reward
PAY304894,P102277,SUB205607,3.89,2025-03-06 00:07:37.304860,study_reward
PAY304895,P102605,SUB205609,1.77,2025-03-06 04:36:10.018316,study_reward
PAY304896,P100097,SUB205610,1.78,2025-03-06 05:37:53.168597,study_reward
PAY304897,P101872,SUB205611,1.98,2025-03-06 06:00:40.970375,study_reward
PAY304898,P102412,SUB205612,3.04,2025-03-06 06:07:34.069164,study_reward
PAY304899,P100022,SUB205613,9.78,2025-03-06 06:40:24.273709,study_reward
PAY304900,P100933,SUB205614,1.19,2025-03-06 07:06:41.194240,study_reward
PAY304901,P100539,SUB205615,1.9,2025-03-06 09:58:39.812912,study_reward
PAY304902,P100569,SUB205616,2.63,2025-03-06 11:45:57.343327,study_reward
PAY304903,P102651,,15.0,2025-03-06 11:59:18.000000,referral_bonus
PAY304904,P100784,SUB205617,1.47,2025-03-06 12:17:00.791259,study_reward
PAY304905,P100525,SUB205618,0.37,2025-03-06 13:55:41.045594,study_reward
PAY304906,P102556,SUB205619,6.11,2025-03-06 14:24:57.197896,study_reward
PAY304907,P100570,SUB205620,4.72,2025-03-06 14:29:40.642345,study_reward
PAY304908,P102605,SUB205621,2.96,2025-03-06 15:36:10.018316,study_reward
PAY304909,P102031,SUB205622,1.9,2025-03-06 15:39:25.520058,study_reward
PAY304910,P100852,SUB205623,7.8,2025-03-06 15:50:38.024849,study_reward
PAY304911,P102271,SUB205624,2.03,2025-03-06 16:34:12.201943,study_reward
PAY304912,P102391,SUB205625,2.37,2025-03-06 17:30:21.363214,study_reward
PAY304913,P101485,SUB205626,1.99,2025-03-06 17:52:57.389523,study_reward
PAY304914,P100569,SUB205627,1.56,2025-03-06 18:45:57.343327,study_reward
PAY304915,P100019,SUB205628,2.91,2025-03-06 20:15:00.452941,study_reward
PAY304916,P100858,SUB205629,1.91,2025-03-06 20:16:01.616564,study_reward
PAY304917,P102183,SUB205630,5.51,2025-03-06 20:28:41.003522,study_reward
PAY304918,P101394,SUB205631,0.88,2025-03-06 21:39:44.216382,study_reward
PAY304919,P100659,SUB205632,2.27,2025-03-06 21:56:17.581354,study_reward
PAY304920,P102077,SUB205633,3.23,2025-03-06 22:08:12.559943,study_reward
PAY304921,P101369,SUB205634,0.77,2025-03-06 22:35:19.515166,study_reward
PAY304922,P101656,SUB205635,4.13,2025-03-06 22:53:36.799753,study_reward
PAY304923,P102629,SUB205636,2.55,2025-03-06 22:54:40.895013,study_reward
PAY304924,P102444,SUB205637,6.05,2025-03-06 23:09:14.900304,study_reward
PAY304925,P100552,SUB205638,2.91,2025-03-06 23:11:18.229325,study_reward
PAY304926,P102323,SUB205639,0.8,2025-03-06 23:18:29.084577,study_reward
PAY304927,P102685,SUB205641,5.85,2025-03-07 01:54:06.066527,study_reward
PAY304928,P102876,SUB205642,10.53,2025-03-07 02:59:06.465474,study_reward
PAY304929,P101381,SUB205643,1.52,2025-03-07 04:53:16.448738,study_reward
PAY304930,P102651,SUB205644,4.22,2025-03-07 05:06:04.025262,study_reward
PAY304931,P100651,SUB205646,7.36,2025-03-07 07:18:59.353135,study_reward
PAY304932,P100539,SUB205647,2.85,2025-03-07 08:58:39.812912,study_reward
PAY304933,P102773,SUB205648,3.47,2025-03-07 09:35:47.888443,study_reward
PAY304934,P100039,SUB205650,1.08,2025-03-07 10:50:12.852561,study_reward
PAY304935,P100533,SUB205651,1.88,2025-03-07 11:12:49.427056,study_reward
PAY304936,P101085,SUB205652,0.64,2025-03-07 11:54:35.272317,study_reward
PAY304937,P100282,SUB205653,1.29,2025-03-07 12:08:09.843237,study_reward
PAY304938,P101857,SUB205654,1.0,2025-03-07 15:51:29.386968,study_reward
PAY304939,P100426,SUB205655,1.23,2025-03-07 16:13:32.745508,study_reward
PAY304940,P100023,SUB205656,6.81,2025-03-07 16:55:33.503424,study_reward
PAY304941,P102361,SUB205657,4.88,2025-03-07 17:17:02.983704,study_reward
PAY304942,P101093,SUB205659,2.75,2025-03-07 17:54:31.997593,study_reward
PAY304943,P101378,SUB205660,3.95,2025-03-07 19:26:27.825286,study_reward
PAY304944,P102647,SUB205662,1.58,2025-03-07 19:47:04.516181,study_reward
PAY304945,P101656,SUB205663,2.07,2025-03-07 19:53:36.799753,study_reward
PAY304946,P101640,SUB205664,5.29,2025-03-07 21:19:14.845302,study_reward
PAY304947,P102450,SUB205665,4.46,2025-03-07 21:51:14.980486,study_reward
PAY304948,P102728,SUB205666,2.46,2025-03-07 22:15:52.181374,study_reward
PAY304949,P101373,SUB205667,4.82,2025-03-07 22:47:18.827322,study_reward
PAY304950,P101076,SUB205668,1.56,2025-03-07 23:50:07.163773,study_reward
PAY304951,P101907,SUB205669,7.8,2025-03-08 00:50:00.715462,study_reward
PAY304952,P100023,SUB205670,1.78,2025-03-08 00:55:33.503424,study_reward
PAY304953,P102458,SUB205671,2.55,2025-03-08 01:02:23.947582,study_reward
PAY304954,P100896,SUB205672,1.81,2025-03-08 01:13:17.817717,study_reward
PAY304955,P100429,SUB205673,1.11,2025-03-08 02:15:08.987265,study_reward
PAY304956,P101501,SUB205674,2.82,2025-03-08 02:15:49.602141,study_reward
PAY304957,P100284,SUB205675,2.39,2025-03-08 05:47:05.564707,study_reward
PAY304958,P101381,SUB205677,0.88,2025-03-08 06:53:16.448738,study_reward
PAY304959,P102271,SUB205678,1.75,2025-03-08 09:34:12.201943,study_reward
PAY304960,P101093,SUB205679,2.09,2025-03-08 10:54:31.997593,study_reward
PAY304961,P102756,SUB205681,2.73,2025-03-08 11:16:28.407936,study_reward
PAY304962,P101420,SUB205682,1.58,2025-03-08 11:58:14.456381,study_reward
PAY304963,P100281,SUB205683,5.85,2025-03-08 12:07:19.576028,study_reward
PAY304964,P100697,SUB205684,0.97,2025-03-08 12:54:01.001839,study_reward
PAY304965,P100854,SUB205685,2.6,2025-03-08 13:45:19.299129,study_reward
PAY304966,P102450,SUB205686,8.07,2025-03-08 13:51:14.980486,study_reward
PAY304967,P100692,SUB205687,1.35,2025-03-08 14:32:21.376272,study_reward
PAY304968,P100250,SUB205688,1.46,2025-03-08 14:50:49.677380,study_reward
PAY304969,P101093,SUB205689,1.14,2025-03-08 14:54:31.997593,study_reward
PAY304970,P101961,SUB205690,0.74,2025-03-08 15:20:33.317306,study_reward
PAY304971,P101542,SUB205691,4.49,2025-03-08 16:00:16.430936,study_reward
PAY304972,P101961,SUB205692,4.82,2025-03-08 16:20:33.317306,study_reward
PAY304973,P101501,SUB205693,10.53,2025-03-08 17:15:49.602141,study_reward
PAY304974,P102729,SUB205694,6.11,2025-03-08 17:40:59.490916,study_reward
PAY304975,P102463,SUB205695,2.02,2025-03-08 18:12:23.320056,study_reward
PAY304976,P101341,SUB205696,1.48,2025-03-08 19:44:19.571518,study_reward
PAY304977,P101352,SUB205697,6.11,2025-03-08 21:08:30.556971,study_reward
PAY304978,P101894,SUB205698,4.13,2025-03-08 21:21:01.016721,study_reward
PAY304979,P102605,SUB205699,2.03,2025-03-08 22:36:10.018316,study_reward
PAY304980,P100350,SUB205700,3.43,2025-03-08 22:42:46.683450,study_reward
PAY304981,P101009,SUB205701,2.36,2025-03-08 22:55:59.848673,study_reward
PAY304982,P100153,SUB205702,1.75,2025-03-08 22:57:14.114443,study_reward
PAY304983,P100095,SUB205703,5.45,2025-03-08 23:40:18.129546,study_reward
PAY304984,P101547,SUB205705,3.1,2025-03-09 01:54:43.361974,study_reward
PAY304985,P102361,SUB205706,5.29,2025-03-09 02:17:02.983704,study_reward
PAY304986,P102723,SUB205707,2.55,2025-03-09 03:34:30.306036,study_reward
PAY304987,P101421,SUB205708,1.79,2025-03-09 03:39:08.586862,study_reward
PAY304988,P101542,SUB205709,2.48,2025-03-09 04:00:16.430936,study_reward
PAY304989,P100295,SUB205710,2.82,2025-03-09 04:04:15.414131,study_reward
PAY304990,P100896,SUB205711,1.75,2025-03-09 04:13:17.817717,study_reward
PAY304991,P100302,SUB205712,0.82,2025-03-09 05:54:04.476971,study_reward
PAY304992,P100978,SUB205713,1.79,2025-03-09 07:06:24.349101,study_reward
PAY304993,P100175,SUB205714,3.21,2025-03-09 07:21:41.742141,study_reward
PAY304994,P102229,SUB205715,2.63,2025-03-09 08:12:39.250004,study_reward
PAY304995,P102685,SUB205716,1.48,2025-03-09 09:54:06.066527,study_reward
PAY304996,P102343,SUB205717,4.36,2025-03-09 10:01:04.942488,study_reward
PAY304997,P102132,SUB205718,1.02,2025-03-09 10:39:58.280940,study_reward
PAY304998,P102336,SUB205719,4.22,2025-03-09 10:48:21.770026,study_reward
PAY304999,P101369,SUB205720,2.27,2025-03-09 11:35:19.515166,study_reward
PAY305000,P100022,SUB205721,1.58,2025-03-09 11:40:24.273709,study_reward
PAY305001,P101699,SUB205722,5.65,2025-03-09 12:23:13.548796,study_reward
PAY305002,P101485,SUB205727,2.06,2025-03-09 17:52:57.389523,study_reward
PAY305003,P102385,SUB205730,4.8,2025-03-09 20:58:12.684853,study_reward
PAY305004,P100933,SUB205731,3.8,2025-03-09 21:06:41.194240,study_reward
PAY305005,P100916,SUB205733,1.24,2025-03-09 21:22:47.687344,study_reward
PAY305006,P101408,SUB205734,3.04,2025-03-09 22:49:40.135546,study_reward
PAY305007,P101128,SUB205735,2.13,2025-03-09 22:50:27.548536,study_reward
PAY305008,P101009,SUB205736,2.54,2025-03-09 22:55:59.848673,study_reward
PAY305009,P102361,SUB205737,4.49,2025-03-09 23:17:02.983704,study_reward
PAY305010,P100282,SUB205738,0.88,2025-03-10 00:08:09.843237,study_reward
PAY305011,P102746,SUB205739,3.24,2025-03-10 00:16:57.919555,study_reward
PAY305012,P101181,SUB205740,7.36,2025-03-10 00:20:38.307143,study_reward
PAY305013,P101394,SUB205741,2.11,2025-03-10 00:39:44.216382,study_reward
PAY305014,P102271,SUB205744,1.59,2025-03-10 02:34:12.201943,study_reward
PAY305015,P101290,SUB205745,4.18,2025-03-10 07:37:46.861222,study_reward
PAY305016,P101204,SUB205746,1.58,2025-03-10 07:49:53.254996,study_reward
PAY305017,P101930,SUB205747,2.85,2025-03-10 07:57:52.724422,study_reward
PAY305018,P101470,SUB205748,4.69,2025-03-10 08:27:26.681533,study_reward
PAY305019,P100136,SUB205749,1.24,2025-03-10 08:43:40.653199,study_reward
PAY305020,P100306,SUB205750,2.24,2025-03-10 08:44:19.841821,study_reward
PAY305021,P100250,SUB205751,2.03,2025-03-10 09:50:49.677380,study_reward
PAY305022,P100963,SUB205752,3.23,2025-03-10 10:34:38.614171,study_reward
PAY305023,P100854,SUB205753,3.8,2025-03-10 10:45:19.299129,study_reward
PAY305024,P100041,SUB205756,1.78,2025-03-10 14:18:38.190832,study_reward
PAY305025,P102458,SUB205757,2.85,2025-03-10 15:02:23.947582,study_reward
PAY305026,P101443,SUB205759,6.85,2025-03-10 15:33:50.146842,study_reward
PAY305027,P100302,SUB205760,1.98,2025-03-10 15:54:04.476971,study_reward
PAY305028,P102804,SUB205761,2.43,2025-03-10 16:49:54.119389,study_reward
PAY305029,P102450,SUB205762,3.43,2025-03-10 16:51:14.980486,study_reward
PAY305030,P102031,SUB205763,6.11,2025-03-10 17:39:25.520058,study_reward
PAY305031,P101857,SUB205764,2.64,2025-03-10 17:51:29.386968,study_reward
PAY305032,P100915,SUB205766,2.63,2025-03-10 19:03:29.491873,study_reward
PAY305033,P100975,SUB205767,2.51,2025-03-10 19:35:17.896481,study_reward
PAY305034,P102804,SUB205768,2.11,2025-03-10 19:49:54.119389,study_reward
PAY305035,P100692,SUB205769,3.23,2025-03-10 23:32:21.376272,study_reward
PAY305036,P101271,,5.0,2025-03-11 00:02:53.000000,referral_bonus
PAY305037,P100250,SUB205771,2.08,2025-03-11 02:50:49.677380,study_reward
PAY305038,P102133,SUB205772,5.51,2025-03-11 03:09:51.450690,study_reward
PAY305039,P102133,SUB205773,1.58,2025-03-11 04:09:51.450690,study_reward
PAY305040,P100692,SUB205775,1.13,2025-03-11 04:32:21.376272,study_reward
PAY305041,P100359,SUB205776,2.36,2025-03-11 04:34:55.070881,study_reward
PAY305042,P102456,SUB205777,2.64,2025-03-11 05:19:20.246111,study_reward
PAY305043,P102288,SUB205778,1.77,2025-03-11 07:39:30.237777,study_reward
PAY305044,P101341,SUB205779,2.85,2025-03-11 08:44:19.571518,study_reward
PAY305045,P101352,SUB205780,0.51,2025-03-11 09:08:30.556971,study_reward
PAY305046,P100138,SUB205782,4.64,2025-03-11 12:17:17.743752,study_reward
PAY305047,P101133,SUB205783,1.02,2025-03-11 12:54:54.494792,study_reward
PAY305048,P100651,SUB205784,2.26,2025-03-11 14:18:59.353135,study_reward
PAY305049,P102277,SUB205785,1.79,2025-03-11 15:07:37.304860,study_reward
PAY305050,P102746,SUB205789,1.05,2025-03-11 16:16:57.919555,study_reward
PAY305051,P101290,SUB205791,1.35,2025-03-11 19:37:46.861222,study_reward
PAY305052,P101640,SUB205792,8.07,2025-03-11 20:19:14.845302,study_reward
PAY305053,P102729,SUB205793,6.11,2025-03-11 20:40:59.490916,study_reward
PAY305054,P100784,SUB205794,1.56,2025-03-11 21:17:00.791259,study_reward
PAY305055,P100048,SUB205795,3.46,2025-03-11 21:45:25.972751,study_reward
PAY305056,P101726,SUB205796,6.85,2025-03-11 21:51:16.589895,study_reward
PAY305057,P100896,SUB205797,5.63,2025-03-11 23:13:17.817717,study_reward
PAY305058,P102441,SUB205798,7.8,2025-03-11 23:19:35.355589,study_reward
PAY305059,P101703,SUB205799,1.52,2025-03-12 00:18:16.159889,study_reward
PAY305060,P100413,SUB205800,1.83,2025-03-12 00:44:47.376403,study_reward
PAY305061,P100697,SUB205801,3.46,2025-03-12 02:54:01.001839,study_reward
PAY305062,P101961,SUB205802,1.35,2025-03-12 03:20:33.317306,study_reward
PAY305063,P102773,SUB205803,1.46,2025-03-12 03:35:47.888443,study_reward
PAY305064,P101204,SUB205804,5.5,2025-03-12 03:49:53.254996,study_reward
PAY305065,P100402,SUB205805,2.08,2025-03-12 04:29:17.234234,study_reward
PAY305066,P101656,SUB205806,1.56,2025-03-12 06:53:36.799753,study_reward
PAY305067,P102773,SUB205807,1.05,2025-03-12 07:35:47.888443,study_reward
PAY305068,P101782,SUB205808,2.61,2025-03-12 08:06:49.138317,study_reward
PAY305069,P102277,SUB205809,1.68,2025-03-12 08:07:37.304860,study_reward
PAY305070,P100969,SUB205811,2.02,2025-03-12 09:30:26.102223,study_reward
PAY305071,P101329,SUB205812,1.98,2025-03-12 10:07:48.707258,study_reward
PAY305072,P100402,SUB205813,0.91,2025-03-12 12:29:17.234234,study_reward
PAY305073,P100282,SUB205814,2.06,2025-03-12 14:08:09.843237,study_reward
PAY305074,P101690,SUB205815,1.98,2025-03-12 14:53:19.391737,study_reward
PAY305075,P102746,SUB205816,2.29,2025-03-12 15:16:57.919555,study_reward
PAY305076,P101093,SUB205817,3.32,2025-03-12 15:54:31.997593,study_reward
PAY305077,P102412,SUB205818,1.17,2025-03-12 17:07:34.069164,study_reward
PAY305078,P102502,SUB205819,0.85,2025-03-12 18:08:59.346407,study_reward
PAY305079,P100047,SUB205821,5.22,2025-03-12 19:52:29.155675,study_reward
PAY305080,P102202,SUB205822,2.63,2025-03-12 21:27:38.306088,study_reward
PAY305081,P100302,SUB205823,1.75,2025-03-12 21:54:04.476971,study_reward
PAY305082,P101068,SUB205826,2.82,2025-03-12 22:56:11.559144,study_reward
PAY305083,P100539,SUB205828,1.96,2025-03-12 23:58:39.812912,study_reward
PAY305084,P101119,SUB205831,4.88,2025-03-13 02:24:40.491676,study_reward
PAY305085,P101443,SUB205832,1.81,2025-03-13 02:33:50.146842,study_reward
PAY305086,P102737,SUB205834,5.27,2025-03-13 03:28:48.239375,study_reward
PAY305087,P102746,SUB205835,1.78,2025-03-13 04:16:57.919555,study_reward
PAY305088,P102737,SUB205836,2.61,2025-03-13 04:28:48.239375,study_reward
PAY305089,P102133,SUB205837,1.46,2025-03-13 06:09:51.450690,study_reward
PAY305090,P101961,SUB205838,3.64,2025-03-13 06:20:33.317306,study_reward
PAY305091,P100423,SUB205839,0.51,2025-03-13 06:24:11.459302,study_reward
PAY305092,P101262,SUB205841,4.8,2025-03-13 06:35:16.844124,study_reward
PAY305093,P102343,SUB205843,1.28,2025-03-13 07:01:04.942488,study_reward
PAY305094,P101381,SUB205844,9.92,2025-03-13 07:53:16.448738,study_reward
PAY305095,P102463,SUB205845,2.82,2025-03-13 08:12:23.320056,study_reward
PAY305096,P101352,SUB205846,1.78,2025-03-13 09:08:30.556971,study_reward
PAY305097,P101767,SUB205847,5.51,2025-03-13 09:10:35.474564,study_reward
PAY305098,P100023,SUB205848,5.04,2025-03-13 12:55:33.503424,study_reward
PAY305099,P102385,SUB205849,1.77,2025-03-13 12:58:12.684853,study_reward
PAY305100,P100402,SUB205850,1.99,2025-03-13 15:29:17.234234,study_reward
PAY305101,P102323,SUB205852,1.35,2025-03-13 16:18:29.084577,study_reward
PAY305102,P101875,SUB205853,2.56,2025-03-13 16:58:08.118027,study_reward
PAY305103,P100863,SUB205854,4.46,2025-03-13 19:48:55.737971,study_reward
PAY305104,P101656,SUB205855,2.43,2025-03-13 19:53:36.799753,study_reward
PAY305105,P100180,SUB205857,1.19,2025-03-13 21:28:15.560223,study_reward
PAY305106,P100863,SUB205858,2.82,2025-03-13 21:48:55.737971,study_reward
PAY305107,P101485,SUB205859,0.97,2025-03-13 21:52:57.389523,study_reward
PAY305108,P102617,SUB205860,0.33,2025-03-13 22:39:45.604805,study_reward
PAY305109,P102085,SUB205861,3.47,2025-03-13 23:33:04.041305,study_reward
PAY305110,P102414,SUB205862,2.31,2025-03-13 23:40:56.135609,study_reward
PAY305111,P101930,SUB205863,1.92,2025-03-13 23:57:52.724422,study_reward
PAY305112,P100858,SUB205864,3.87,2025-03-14 00:16:01.616564,study_reward
PAY305113,P101188,SUB205865,4.8,2025-03-14 00:23:12.402576,study_reward
PAY305114,P100423,SUB205866,4.13,2025-03-14 00:24:11.459302,study_reward
PAY305115,P101595,SUB205867,3.46,2025-03-14 01:09:05.501767,study_reward
PAY305116,P101539,SUB205868,4.18,2025-03-14 01:54:42.822690,study_reward
PAY305117,P101965,SUB205869,7.36,2025-03-14 02:22:45.529931,study_reward
PAY305118,P102235,SUB205870,2.32,2025-03-14 02:44:32.241647,study_reward
PAY305119,P102031,SUB205871,1.52,2025-03-14 03:39:25.520058,study_reward
PAY305120,P101128,SUB205872,2.54,2025-03-14 04:50:27.548536,study_reward
PAY305121,P102572,SUB205873,3.47,2025-03-14 05:51:14.230357,study_reward
PAY305122,P102391,SUB205875,1.91,2025-03-14 06:30:21.363214,study_reward
PAY305123,P102496,SUB205876,4.57,2025-03-14 06:31:11.895022,study_reward
PAY305124,P101125,SUB205877,1.34,2025-03-14 08:13:00.918610,study_reward
PAY305125,P100858,SUB205878,4.46,2025-03-14 08:16:01.616564,study_reward
PAY305126,P102441,SUB205879,1.47,2025-03-14 08:19:35.355589,study_reward
PAY305127,P101274,SUB205880,2.61,2025-03-14 08:45:43.688225,study_reward
PAY305128,P101287,SUB205881,3.1,2025-03-14 09:20:13.382039,study_reward
PAY305129,P101763,SUB205882,2.48,2025-03-14 11:05:42.225837,study_reward
PAY305130,P101137,SUB205883,2.54,2025-03-14 11:26:01.676522,study_reward
PAY305131,P101287,SUB205884,2.61,2025-03-14 15:20:13.382039,study_reward
PAY305132,P102085,SUB205885,1.92,2025-03-14 16:33:04.041305,study_reward
PAY305133,P102617,SUB205886,2.31,2025-03-14 17:39:45.604805,study_reward
PAY305134,P100854,SUB205887,7.54,2025-03-14 17:45:19.299129,study_reward
PAY305135,P101690,SUB205888,6.81,2025-03-14 17:53:19.391737,study_reward
PAY305136,P102605,SUB205889,2.97,2025-03-14 18:36:10.018316,study_reward
PAY305137,P101605,SUB205890,2.64,2025-03-14 19:50:10.630751,study_reward
PAY305138,P101133,SUB205891,2.97,2025-03-14 19:54:54.494792,study_reward
PAY305139,P102463,SUB205892,1.37,2025-03-14 20:12:23.320056,study_reward
PAY305140,P100569,SUB205893,5.63,2025-03-14 22:45:57.343327,study_reward
PAY305141,P101092,SUB205894,1.21,2025-03-14 22:50:22.314022,study_reward
PAY305142,P100835,SUB205895,1.92,2025-03-14 23:48:37.440428,study_reward
PAY305143,P101421,SUB205896,2.63,2025-03-15 01:39:08.586862,study_reward
PAY305144,P101394,SUB205897,2.46,2025-03-15 01:39:44.216382,study_reward
PAY305145,P102363,SUB205898,5.5,2025-03-15 04:45:47.801212,study_reward
PAY305146,P101119,SUB205900,3.29,2025-03-15 07:24:40.491676,study_reward
PAY305147,P101640,SUB205901,1.24,2025-03-15 08:19:14.845302,study_reward
PAY305148,P100569,SUB205902,2.39,2025-03-15 08:45:57.343327,study_reward
PAY305149,P101987,SUB205903,6.11,2025-03-15 09:32:41.147465,study_reward
PAY305150,P102009,SUB205905,2.82,2025-03-15 09:43:53.776970,study_reward
PAY305151,P102255,SUB205906,1.61,2025-03-15 11:51:21.126576,study_reward
PAY305152,P101479,SUB205907,2.72,2025-03-15 13:34:11.315533,study_reward
PAY305153,P102645,SUB205908,2.43,2025-03-15 14:06:50.794589,study_reward
PAY305154,P101420,SUB205909,2.32,2025-03-15 15:58:14.456381,study_reward
PAY305155,P101736,SUB205910,6.67,2025-03-15 17:37:03.751009,study_reward
PAY305156,P101539,SUB205911,3.1,2025-03-15 17:54:42.822690,study_reward
PAY305157,P100147,SUB205912,1.67,2025-03-15 18:00:12.565852,study_reward
PAY305158,P101640,SUB205913,1.52,2025-03-15 19:19:14.845302,study_reward
PAY305159,P102332,SUB205915,5.02,2025-03-15 20:14:06.740867,study_reward
PAY305160,P101408,SUB205916,5.63,2025-03-15 20:49:40.135546,study_reward
PAY305161,P101268,SUB205917,1.78,2025-03-15 22:06:37.951463,study_reward
PAY305162,P101285,SUB205918,1.77,2025-03-15 22:38:26.447096,study_reward
PAY305163,P102737,SUB205919,2.63,2025-03-15 23:28:48.239375,study_reward
PAY305164,P101421,SUB205920,7.89,2025-03-15 23:39:08.586862,study_reward
PAY305165,P100838,SUB205921,2.39,2025-03-15 23:45:50.749725,study_reward
PAY305166,P100791,SUB205922,1.48,2025-03-16 01:03:00.371276,study_reward
PAY305167,P101767,SUB205923,1.17,2025-03-16 01:10:35.474564,study_reward
PAY305168,P101524,SUB205924,2.08,2025-03-16 01:19:18.289396,study_reward
PAY305169,P100979,SUB205925,0.98,2025-03-16 01:45:38.528210,study_reward
PAY305170,P101420,SUB205926,0.77,2025-03-16 01:58:14.456381,study_reward
PAY305171,P100295,SUB205927,1.33,2025-03-16 02:04:15.414131,study_reward
PAY305172,P100863,SUB205928,0.67,2025-03-16 02:48:55.737971,study_reward
PAY305173,P100533,SUB205929,2.31,2025-03-16 04:12:49.427056,study_reward
PAY305174,P102235,SUB205930,1.85,2025-03-16 04:44:32.241647,study_reward
PAY305175,P101605,SUB205931,4.72,2025-03-16 04:50:10.630751,study_reward
PAY305176,P102158,SUB205932,0.8,2025-03-16 06:30:47.279906,study_reward
PAY305177,P100975,SUB205933,3.23,2025-03-16 06:35:17.896481,study_reward
PAY305178,P101500,SUB205934,1.24,2025-03-16 07:17:07.397228,study_reward
PAY305179,P101894,SUB205935,2.6,2025-03-16 07:21:01.016721,study_reward
PAY305180,P100175,SUB205936,2.48,2025-03-16 07:21:41.742141,study_reward
PAY305181,P102291,SUB205937,1.28,2025-03-16 07:53:19.688739,study_reward
PAY305182,P102059,SUB205938,0.5,2025-03-16 12:17:55.234874,study_reward
PAY305183,P101545,SUB205939,1.81,2025-03-16 14:18:00.076162,study_reward
PAY305184,P101699,SUB205940,1.74,2025-03-16 14:23:13.548796,study_reward
PAY305185,P100287,SUB205941,2.24,2025-03-16 15:16:10.916862,study_reward
PAY305186,P100963,SUB205942,8.07,2025-03-16 15:34:38.614171,study_reward
PAY305187,P101605,SUB205943,0.67,2025-03-16 16:50:10.630751,study_reward
PAY305188,P101539,SUB205944,4.91,2025-03-16 16:54:42.822690,study_reward
PAY305189,P101408,SUB205945,2.54,2025-03-16 17:49:40.135546,study_reward
PAY305190,P102412,SUB205947,3.96,2025-03-16 20:07:34.069164,study_reward
PAY305191,P101961,SUB205948,7.62,2025-03-16 20:20:33.317306,study_reward
PAY305192,P100858,SUB205949,0.64,2025-03-16 22:16:01.616564,study_reward
PAY305193,P100302,SUB205950,5.22,2025-03-17 01:54:04.476971,study_reward
PAY305194,P101009,SUB205951,1.79,2025-03-17 01:55:59.848673,study_reward
PAY305195,P102412,SUB205952,1.92,2025-03-17 02:07:34.069164,study_reward
PAY305196,P100136,SUB205953,1.76,2025-03-17 02:43:40.653199,study_reward
PAY305197,P102298,,2.5,2025-03-17 02:50:18.000000,loyalty_bonus
PAY305198,P102332,SUB205954,0.33,2025-03-17 03:14:06.740867,study_reward
PAY305199,P102622,SUB205956,4.91,2025-03-17 03:54:06.818942,study_reward
PAY305200,P100916,SUB205957,6.85,2025-03-17 04:22:47.687344,study_reward
PAY305201,P100282,SUB205959,2.4,2025-03-17 05:08:09.843237,study_reward
PAY305202,P101763,SUB205960,1.29,2025-03-17 06:05:42.225837,study_reward
PAY305203,P102756,SUB205961,2.83,2025-03-17 06:16:28.407936,study_reward
PAY305204,P102235,SUB205962,2.11,2025-03-17 06:44:32.241647,study_reward
PAY305205,P102144,SUB205963,1.96,2025-03-17 06:51:06.540507,study_reward
PAY305206,P100175,SUB205964,1.78,2025-03-17 07:21:41.742141,study_reward
PAY305207,P102502,SUB205965,0.77,2025-03-17 08:08:59.346407,study_reward
PAY305208,P102773,SUB205966,2.48,2025-03-17 09:35:47.888443,study_reward
PAY305209,P101539,SUB205967,2.7,2025-03-17 09:54:42.822690,study_reward
PAY305210,P102391,SUB205969,1.78,2025-03-17 10:30:21.363214,study_reward
PAY305211,P101012,,5.0,2025-03-17 12:16:19.000000,loyalty_bonus
PAY305212,P100659,SUB205971,7.63,2025-03-17 12:56:17.581354,study_reward
PAY305213,P101268,SUB205972,3.06,2025-03-17 14:06:37.951463,study_reward
PAY305214,P100180,SUB205973,6.05,2025-03-17 14:28:15.560223,study_reward
PAY305215,P101506,SUB205975,1.79,2025-03-17 14:52:24.417678,study_reward
PAY305216,P100019,SUB205976,3.05,2025-03-17 16:15:00.452941,study_reward
PAY305217,P101009,SUB205977,3.1,2025-03-17 16:55:59.848673,study_reward
PAY305218,P102756,SUB205978,2.55,2025-03-17 18:16:28.407936,study_reward
PAY305219,P102235,SUB205979,1.83,2025-03-17 18:44:32.241647,study_reward
PAY305220,P101274,SUB205980,5.27,2025-03-17 18:45:43.688225,study_reward
PAY305221,P102880,SUB205981,1.96,2025-03-17 19:49:08.291233,study_reward
PAY305222,P100041,SUB205982,1.77,2025-03-17 20:18:38.190832,study_reward
PAY305223,P100327,SUB205983,2.24,2025-03-17 22:32:36.360089,study_reward
PAY305224,P100359,SUB205984,5.46,2025-03-17 22:34:55.070881,study_reward
PAY305225,P100863,SUB205985,2.77,2025-03-17 22:48:55.737971,study_reward
PAY305226,P100169,SUB205986,1.42,2025-03-18 03:05:41.344291,study_reward
PAY305227,P101352,SUB205987,3.62,2025-03-18 03:08:30.556971,study_reward
PAY305228,P100136,SUB205988,1.56,2025-03-18 04:43:40.653199,study_reward
PAY305229,P101545,SUB205989,4.22,2025-03-18 05:18:00.076162,study_reward
PAY305230,P102880,SUB205991,5.46,2025-03-18 05:49:08.291233,study_reward
PAY305231,P101945,SUB205992,0.88,2025-03-18 06:09:45.665663,study_reward
PAY305232,P100801,SUB205993,2.11,2025-03-18 06:21:41.704462,study_reward
PAY305233,P102132,SUB205994,1.29,2025-03-18 07:39:58.280940,study_reward
PAY305234,P101506,SUB205996,1.58,2025-03-18 08:52:24.417678,study_reward
PAY305235,P102441,SUB205998,2.43,2025-03-18 09:19:35.355589,study_reward
PAY305236,P101618,SUB205999,1.74,2025-03-18 09:20:31.355485,study_reward
PAY305237,P101394,SUB206000,1.9,2025-03-18 09:39:44.216382,study_reward
PAY305238,P102132,SUB206001,3.74,2025-03-18 09:39:58.280940,study_reward
PAY305239,P101421,SUB206002,7.89,2025-03-18 10:39:08.586862,study_reward
PAY305240,P102617,SUB206003,0.88,2025-03-18 11:39:45.604805,study_reward
PAY305241,P101524,SUB206004,3.05,2025-03-18 12:19:18.289396,study_reward
PAY305242,P101547,SUB206005,0.44,2025-03-18 12:54:43.361974,study_reward
PAY305243,P101663,SUB206006,2.63,2025-03-18 13:14:38.309605,study_reward
PAY305244,P100281,SUB206007,6.67,2025-03-18 15:07:19.576028,study_reward
PAY305245,P102412,SUB206008,6.19,2025-03-18 16:07:34.069164,study_reward
PAY305246,P102502,SUB206009,2.61,2025-03-18 17:08:59.346407,study_reward
PAY305247,P102158,SUB206010,1.66,2025-03-18 17:30:47.279906,study_reward
PAY305248,P100692,SUB206011,2.01,2025-03-18 17:32:21.376272,study_reward
PAY305249,P100835,SUB206012,4.21,2025-03-18 17:48:37.440428,study_reward
PAY305250,P100327,SUB206014,10.53,2025-03-19 00:32:36.360089,study_reward
PAY305251,P101443,SUB206015,2.37,2025-03-19 02:33:50.146842,study_reward
PAY305252,P102198,SUB206017,5.63,2025-03-19 02:47:07.399037,study_reward
PAY305253,P100697,SUB206022,2.08,2025-03-19 03:54:01.001839,study_reward
PAY305254,P102629,SUB206023,3.11,2025-03-19 03:54:40.895013,study_reward
PAY305255,P101987,SUB206024,1.78,2025-03-19 04:32:41.147465,study_reward
PAY305256,P101547,SUB206026,2.43,2025-03-19 05:54:43.361974,study_reward
PAY305257,P100539,SUB206027,1.7,2025-03-19 05:58:39.812912,study_reward
PAY305258,P101287,SUB206028,1.76,2025-03-19 07:20:13.382039,study_reward
PAY305259,P100978,SUB206029,6.95,2025-03-19 08:06:24.349101,study_reward
PAY305260,P101660,SUB206030,1.77,2025-03-19 09:02:40.345429,study_reward
PAY305261,P100081,SUB206031,2.27,2025-03-19 09:15:58.950372,study_reward
PAY305262,P101832,SUB206032,4.18,2025-03-19 09:27:46.829133,study_reward
PAY305263,P100327,SUB206033,1.96,2025-03-19 09:32:36.360089,study_reward
PAY305264,P101111,SUB206034,4.46,2025-03-19 09:32:54.061118,study_reward
PAY305265,P101290,SUB206035,1.32,2025-03-19 10:37:46.861222,study_reward
PAY305266,P101381,SUB206036,2.08,2025-03-19 10:53:16.448738,study_reward
PAY305267,P100858,SUB206038,1.91,2025-03-19 11:16:01.616564,study_reward
PAY305268,P102271,SUB206039,5.51,2025-03-19 11:34:12.201943,study_reward
PAY305269,P102301,SUB206040,1.58,2025-03-19 12:21:10.776448,study_reward
PAY305270,P102617,SUB206041,6.57,2025-03-19 13:39:45.604805,study_reward
PAY305271,P101596,SUB206043,3.0,2025-03-19 14:46:25.737073,study_reward
PAY305272,P102148,SUB206044,1.47,2025-03-19 14:46:38.679953,study_reward
PAY305273,P100653,,5.0,2025-03-19 14:59:36.000000,referral_bonus
PAY305274,P101595,SUB206045,4.69,2025-03-19 15:09:05.501767,study_reward
PAY305275,P100023,SUB206046,5.67,2025-03-19 17:55:33.503424,study_reward
PAY305276,P102756,SUB206047,0.67,2025-03-19 19:16:28.407936,study_reward
PAY305277,P102828,SUB206048,3.95,2025-03-19 20:24:10.183502,study_reward
PAY305278,P102390,,10.0,2025-03-19 20:32:53.000000,referral_bonus
PAY305279,P101575,SUB206052,2.43,2025-03-20 00:33:18.073797,study_reward
PAY305280,P100357,SUB206054,2.51,2025-03-20 02:03:36.988540,study_reward
PAY305281,P102271,SUB206055,0.64,2025-03-20 04:34:12.201943,study_reward
PAY305282,P102723,SUB206056,1.7,2025-03-20 04:34:30.306036,study_reward
PAY305283,P100413,SUB206057,0.33,2025-03-20 04:44:47.376403,study_reward
PAY305284,P101646,SUB206058,2.29,2025-03-20 06:50:25.422685,study_reward
PAY305285,P101605,SUB206059,2.6,2025-03-20 07:50:10.630751,study_reward
PAY305286,P101394,SUB206060,2.61,2025-03-20 08:39:44.216382,study_reward
PAY305287,P100743,SUB206061,0.86,2025-03-20 09:15:44.052427,study_reward
PAY305288,P101879,SUB206063,2.46,2025-03-20 10:22:38.996594,study_reward
PAY305289,P101500,SUB206066,1.67,2025-03-20 12:17:07.397228,study_reward
PAY305290,P100096,SUB206067,2.27,2025-03-20 12:25:04.064461,study_reward
PAY305291,P100136,SUB206068,2.96,2025-03-20 13:43:40.653199,study_reward
PAY305292,P101086,SUB206069,3.05,2025-03-20 14:11:23.948499,study_reward
PAY305293,P102263,SUB206070,1.74,2025-03-20 15:30:02.583980,study_reward
PAY305294,P100968,SUB206071,0.67,2025-03-20 18:15:34.645273,study_reward
PAY305295,P102756,SUB206072,1.83,2025-03-20 18:16:28.407936,study_reward
PAY305296,P101500,SUB206073,5.51,2025-03-20 18:17:07.397228,study_reward
PAY305297,P102585,SUB206074,2.01,2025-03-20 19:14:45.405803,study_reward
PAY305298,P102452,SUB206075,3.74,2025-03-20 19:45:19.129728,study_reward
PAY305299,P102797,SUB206077,5.46,2025-03-20 21:18:46.095698,study_reward
PAY305300,P102291,SUB206078,1.76,2025-03-21 00:53:19.688739,study_reward
PAY305301,P100221,SUB206079,1.78,2025-03-21 02:06:42.754049,study_reward
PAY305302,P100282,SUB206080,2.02,2025-03-21 02:08:09.843237,study_reward
PAY305303,P101767,SUB206081,2.85,2025-03-21 02:10:35.474564,study_reward
PAY305304,P100858,SUB206082,0.85,2025-03-21 02:16:01.616564,study_reward
PAY305305,P102502,SUB206083,4.69,2025-03-21 04:08:59.346407,study_reward
PAY305306,P102148,SUB206084,5.78,2025-03-21 04:46:38.679953,study_reward
PAY305307,P101280,SUB206085,0.37,2025-03-21 05:36:15.387330,study_reward
PAY305308,P102261,SUB206086,1.42,2025-03-21 05:45:51.335271,study_reward
PAY305309,P100659,SUB206087,3.44,2025-03-21 05:56:17.581354,study_reward
PAY305310,P100781,SUB206088,2.99,2025-03-21 06:00:47.404706,study_reward
PAY305311,P102059,SUB206089,1.35,2025-03-21 07:17:55.234874,study_reward
PAY305312,P101485,SUB206090,4.22,2025-03-21 07:52:57.389523,study_reward
PAY305313,P101542,SUB206091,3.43,2025-03-21 08:00:16.430936,study_reward
PAY305314,P100533,SUB206092,3.21,2025-03-21 08:12:49.427056,study_reward
PAY305315,P102085,SUB206093,3.06,2025-03-21 08:33:04.041305,study_reward
PAY305316,P100302,SUB206094,0.51,2025-03-21 08:54:04.476971,study_reward
PAY305317,P101987,SUB206095,2.27,2025-03-21 10:32:41.147465,study_reward
PAY305318,P100169,SUB206097,4.22,2025-03-21 11:05:41.344291,study_reward
PAY305319,P101763,SUB206098,5.85,2025-03-21 11:05:42.225837,study_reward
PAY305320,P102987,SUB206099,6.85,2025-03-21 11:14:11.706602,study_reward
PAY305321,P102132,SUB206100,2.06,2025-03-21 13:39:58.280940,study_reward
PAY305322,P100136,SUB206101,1.67,2025-03-21 14:43:40.653199,study_reward
PAY305323,P102352,SUB206102,2.24,2025-03-21 15:04:36.683623,study_reward
PAY305324,P101763,SUB206103,1.77,2025-03-21 15:05:42.225837,study_reward
PAY305325,P102121,SUB206104,3.23,2025-03-21 15:36:51.306396,study_reward
PAY305326,P100915,SUB206105,3.8,2025-03-21 17:03:29.491873,study_reward
PAY305327,P101268,SUB206106,3.5,2025-03-21 18:06:37.951463,study_reward
PAY305328,P100039,SUB206107,3.08,2025-03-22 01:50:12.852561,study_reward
PAY305329,P101896,SUB206108,1.85,2025-03-22 02:02:29.420285,study_reward
PAY305330,P102255,SUB206109,2.3,2025-03-22 02:51:21.126576,study_reward
PAY305331,P102458,SUB206110,9.33,2025-03-22 03:02:23.947582,study_reward
PAY305332,P101763,SUB206111,5.45,2025-03-22 03:05:42.225837,study_reward
PAY305333,P102441,SUB206112,1.74,2025-03-22 04:19:35.355589,study_reward
PAY305334,P101675,SUB206113,1.28,2025-03-22 05:01:01.408973,study_reward
PAY305335,P101085,SUB206115,0.5,2025-03-22 05:54:35.272317,study_reward
PAY305336,P102385,SUB206116,1.78,2025-03-22 05:58:12.684853,study_reward
PAY305337,P100787,SUB206117,2.83,2025-03-22 06:11:32.251966,study_reward
PAY305338,P100858,SUB206118,0.51,2025-03-22 06:16:01.616564,study_reward
PAY305339,P102288,SUB206119,0.74,2025-03-22 06:39:30.237777,study_reward
PAY305340,P101605,SUB206120,3.82,2025-03-22 06:50:10.630751,study_reward
PAY305341,P100287,SUB206121,3.44,2025-03-22 07:16:10.916862,study_reward
PAY305342,P101656,SUB206122,0.51,2025-03-22 07:53:36.799753,study_reward
PAY305343,P100357,SUB206123,0.86,2025-03-22 08:03:36.988540,study_reward
PAY305344,P100350,SUB206124,3.74,2025-03-22 08:42:46.683450,study_reward
PAY305345,P101357,SUB206125,2.61,2025-03-22 09:02:07.756860,study_reward
PAY305346,P101640,SUB206126,0.74,2025-03-22 11:19:14.845302,study_reward
PAY305347,P100533,SUB206127,2.37,2025-03-22 12:12:49.427056,study_reward
PAY305348,P101832,SUB206128,0.8,2025-03-22 13:27:46.829133,study_reward
PAY305349,P102729,SUB206129,1.46,2025-03-22 14:40:59.490916,study_reward
PAY305350,P101341,SUB206130,4.64,2025-03-22 14:44:19.571518,study_reward
PAY305351,P100019,SUB206131,2.01,2025-03-22 15:15:00.452941,study_reward
PAY305352,P100175,SUB206132,2.91,2025-03-22 15:21:41.742141,study_reward
PAY305353,P101965,SUB206133,2.39,2025-03-22 16:22:45.529931,study_reward
PAY305354,P101741,,15.0,2025-03-22 18:17:08.000000,loyalty_bonus
PAY305355,P102564,SUB206134,0.73,2025-03-22 18:51:16.753826,study_reward
PAY305356,P102685,SUB206135,2.11,2025-03-22 18:54:06.066527,study_reward
PAY305357,P102051,SUB206136,3.64,2025-03-22 20:12:17.029176,study_reward
PAY305358,P100402,SUB206137,5.45,2025-03-22 20:29:17.234234,study_reward
PAY305359,P101605,SUB206139,4.13,2025-03-22 21:50:10.630751,study_reward
PAY305360,P102723,SUB206140,0.8,2025-03-22 22:34:30.306036,study_reward
PAY305361,P101961,SUB206141,1.89,2025-03-22 23:20:33.317306,study_reward
PAY305362,P102293,SUB206145,2.26,2025-03-23 02:04:55.796259,study_reward
PAY305363,P100781,SUB206146,9.78,2025-03-23 04:00:47.404706,study_reward
PAY305364,P100125,SUB206147,0.5,2025-03-23 04:02:36.748826,study_reward
PAY305365,P102361,SUB206148,4.72,2025-03-23 04:17:02.983704,study_reward
PAY305366,P101987,SUB206149,1.96,2025-03-23 04:32:41.147465,study_reward
PAY305367,P101872,SUB206150,1.23,2025-03-23 09:00:40.970375,study_reward
PAY305368,P101568,SUB206151,1.75,2025-03-23 09:47:24.187824,study_reward
PAY305369,P102332,SUB206152,6.85,2025-03-23 10:14:06.740867,study_reward
PAY305370,P101182,SUB206153,0.8,2025-03-23 10:15:28.414315,study_reward
PAY305371,P100854,SUB206154,2.61,2025-03-23 10:45:19.299129,study_reward
PAY305372,P102291,SUB206155,1.02,2025-03-23 10:53:19.688739,study_reward
PAY305373,P101408,SUB206156,4.57,2025-03-23 11:49:40.135546,study_reward
PAY305374,P102629,SUB206157,6.67,2025-03-23 12:54:40.895013,study_reward
PAY305375,P102452,SUB206158,1.21,2025-03-23 13:45:19.129728,study_reward
PAY305376,P101850,SUB206159,4.64,2025-03-23 13:48:19.394174,study_reward
PAY305377,P102683,,15.0,2025-03-23 13:48:29.000000,referral_bonus
PAY305378,P101690,SUB206160,0.41,2025-03-23 13:53:19.391737,study_reward
PAY305379,P100346,SUB206161,4.12,2025-03-23 14:06:32.206869,study_reward
PAY305380,P101114,SUB206162,3.43,2025-03-23 14:36:43.140210,study_reward
PAY305381,P101640,SUB206163,5.85,2025-03-23 15:19:14.845302,study_reward
PAY305382,P101896,SUB206164,3.74,2025-03-23 16:02:29.420285,study_reward
PAY305383,P100423,SUB206165,2.08,2025-03-23 16:24:11.459302,study_reward
PAY305384,P101210,SUB206166,2.43,2025-03-23 17:06:23.808663,study_reward
PAY305385,P101267,SUB206167,0.37,2025-03-23 17:15:58.112595,study_reward
PAY305386,P100169,SUB206168,2.25,2025-03-23 18:05:41.344291,study_reward
PAY305387,P100756,SUB206169,4.88,2025-03-23 18:36:50.779022,study_reward
PAY305388,P100357,SUB206170,1.58,2025-03-23 19:03:36.988540,study_reward
PAY305389,P101726,SUB206171,2.63,2025-03-23 20:51:16.589895,study_reward
PAY305390,P102496,SUB206172,1.76,2025-03-23 21:31:11.895022,study_reward
PAY305391,P102441,SUB206173,1.83,2025-03-23 22:19:35.355589,study_reward
PAY305392,P102136,,2.5,2025-03-23 22:31:19.000000,loyalty_bonus
PAY305393,P101832,SUB206174,2.19,2025-03-23 23:27:46.829133,study_reward
PAY305394,P101181,SUB206177,2.25,2025-03-24 02:20:38.307143,study_reward
PAY305395,P101443,SUB206178,0.8,2025-03-24 02:33:50.146842,study_reward
PAY305396,P101092,SUB206179,1.61,2025-03-24 02:50:22.314022,study_reward
PAY305397,P101408,SUB206181,3.1,2025-03-24 06:49:40.135546,study_reward
PAY305398,P101575,SUB206182,5.58,2025-03-24 07:33:18.073797,study_reward
PAY305399,P102265,SUB206183,2.24,2025-03-24 07:35:23.351474,study_reward
PAY305400,P102275,SUB206184,7.62,2025-03-24 09:27:58.543003,study_reward
PAY305401,P100019,SUB206185,4.18,2025-03-24 10:15:00.452941,study_reward
PAY305402,P102302,SUB206186,0.44,2025-03-24 10:35:25.795009,study_reward
PAY305403,P102161,SUB206187,4.91,2025-03-24 13:07:23.791652,study_reward
PAY305404,P100949,SUB206188,9.78,2025-03-24 13:40:05.855202,study_reward
PAY305405,P102458,SUB206190,3.47,2025-03-24 14:02:23.947582,study_reward
PAY305406,P102245,SUB206191,2.73,2025-03-24 14:19:20.610628,study_reward
PAY305407,P101119,SUB206192,1.9,2025-03-24 14:24:40.491676,study_reward
PAY305408,P102617,SUB206193,3.96,2025-03-24 14:39:45.604805,study_reward
PAY305409,P101703,SUB206194,4.04,2025-03-24 17:18:16.159889,study_reward
PAY305410,P101237,SUB206195,1.92,2025-03-24 19:28:47.865013,study_reward
PAY305411,P101907,SUB206196,2.7,2025-03-24 19:50:00.715462,study_reward
PAY305412,P102622,SUB206197,2.02,2025-03-24 19:54:06.818942,study_reward
PAY305413,P102723,SUB206199,1.89,2025-03-24 20:34:30.306036,study_reward
PAY305414,P102828,SUB206200,3.5,2025-03-24 22:24:10.183502,study_reward
PAY305415,P100047,SUB206201,1.05,2025-03-24 22:52:29.155675,study_reward
PAY305416,P101268,SUB206202,2.81,2025-03-24 23:06:37.951463,study_reward
PAY305417,P102265,SUB206203,6.67,2025-03-24 23:35:23.351474,study_reward
PAY305418,P102746,SUB206204,1.52,2025-03-25 00:16:57.919555,study_reward
PAY305419,P100816,SUB206205,3.85,2025-03-25 00:57:23.354327,study_reward
PAY305420,P100046,SUB206206,3.47,2025-03-25 01:49:05.723747,study_reward
PAY305421,P100359,SUB206207,1.52,2025-03-25 03:34:55.070881,study_reward
PAY305422,P102454,SUB206208,2.11,2025-03-25 03:35:40.563368,study_reward
PAY305423,P100496,SUB206209,12.16,2025-03-25 04:02:32.941144,study_reward
PAY305424,P101618,SUB206210,3.85,2025-03-25 04:20:31.355485,study_reward
PAY305425,P102496,SUB206212,3.74,2025-03-25 04:31:11.895022,study_reward
PAY305426,P101690,SUB206213,1.85,2025-03-25 04:53:19.391737,study_reward
PAY305427,P101782,SUB206214,5.46,2025-03-25 05:06:49.138317,study_reward
PAY305428,P102585,SUB206215,1.19,2025-03-25 06:14:45.405803,study_reward
PAY305429,P101896,SUB206216,2.27,2025-03-25 07:02:29.420285,study_reward
PAY305430,P101699,SUB206217,1.92,2025-03-25 07:23:13.548796,study_reward
PAY305431,P101595,SUB206218,4.57,2025-03-25 08:09:05.501767,study_reward
PAY305432,P102585,SUB206219,0.82,2025-03-25 08:14:45.405803,study_reward
PAY305433,P101292,SUB206220,2.26,2025-03-25 08:41:52.455912,study_reward
PAY305434,P101068,SUB206221,2.64,2025-03-25 08:56:11.559144,study_reward
PAY305435,P102797,SUB206222,1.0,2025-03-25 09:18:46.095698,study_reward
PAY305436,P100229,SUB206223,1.01,2025-03-25 10:05:48.975219,study_reward
PAY305437,P102291,SUB206224,2.07,2025-03-25 11:53:19.688739,study_reward
PAY305438,P102629,SUB206225,2.1,2025-03-25 13:54:40.895013,study_reward
PAY305439,P101578,SUB206226,3.04,2025-03-25 14:09:46.672530,study_reward
PAY305440,P102338,,2.5,2025-03-25 14:12:34.000000,loyalty_bonus
PAY305441,P102255,SUB206228,2.39,2025-03-25 15:51:21.126576,study_reward
PAY305442,P100791,SUB206229,2.11,2025-03-25 16:03:00.371276,study_reward
PAY305443,P100968,SUB206231,2.08,2025-03-25 16:15:34.645273,study_reward
PAY305444,P101394,SUB206233,3.87,2025-03-25 16:39:44.216382,study_reward
PAY305445,P101542,SUB206234,0.51,2025-03-25 17:00:16.430936,study_reward
PAY305446,P101292,SUB206235,3.04,2025-03-25 17:41:52.455912,study_reward
PAY305447,P100791,SUB206236,5.27,2025-03-25 18:03:00.371276,study_reward
PAY305448,P101930,SUB206238,1.47,2025-03-25 18:57:52.724422,study_reward
PAY305449,P101872,SUB206239,5.29,2025-03-25 19:00:40.970375,study_reward
PAY305450,P101782,SUB206240,3.24,2025-03-25 19:06:49.138317,study_reward
PAY305451,P102148,SUB206241,3.1,2025-03-25 21:46:38.679953,study_reward
PAY305452,P100350,SUB206242,1.77,2025-03-25 22:42:46.683450,study_reward
PAY305453,P102261,SUB206243,1.11,2025-03-25 22:45:51.335271,study_reward
PAY305454,P100569,SUB206244,1.96,2025-03-25 23:45:57.343327,study_reward
PAY305455,P100081,SUB206245,1.47,2025-03-26 01:15:58.950372,study_reward
PAY305456,P100510,SUB206246,1.52,2025-03-26 01:25:02.230794,study_reward
PAY305457,P100146,SUB206247,2.61,2025-03-26 01:29:58.819966,study_reward
PAY305458,P101763,SUB206248,2.43,2025-03-26 02:05:42.225837,study_reward
PAY305459,P101930,SUB206249,1.2,2025-03-26 02:57:52.724422,study_reward
PAY305460,P101965,SUB206250,1.0,2025-03-26 03:22:45.529931,study_reward
PAY305461,P101394,SUB206252,4.46,2025-03-26 04:39:44.216382,study_reward
PAY305462,P102009,SUB206253,2.01,2025-03-26 06:43:53.776970,study_reward
PAY305463,P101068,SUB206254,1.17,2025-03-26 06:56:11.559144,study_reward
PAY305464,P100451,SUB206255,2.77,2025-03-26 07:11:20.842622,study_reward
PAY305465,P101699,SUB206256,6.16,2025-03-26 07:23:13.548796,study_reward
PAY305466,P101285,SUB206257,3.82,2025-03-26 07:38:26.447096,study_reward
PAY305467,P101092,SUB206258,1.46,2025-03-26 09:50:22.314022,study_reward
PAY305468,P102332,SUB206261,0.88,2025-03-26 11:14:06.740867,study_reward
PAY305469,P102275,SUB206262,1.66,2025-03-26 12:27:58.543003,study_reward
PAY305470,P102263,SUB206263,2.81,2025-03-26 12:30:02.583980,study_reward
PAY305471,P101381,SUB206266,6.11,2025-03-26 12:53:16.448738,study_reward
PAY305472,P100413,SUB206267,2.08,2025-03-26 13:44:47.376403,study_reward
PAY305473,P100281,SUB206268,3.87,2025-03-26 14:07:19.576028,study_reward
PAY305474,P101443,SUB206269,4.54,2025-03-26 14:33:50.146842,study_reward
PAY305475,P100496,SUB206270,5.45,2025-03-26 15:02:32.941144,study_reward
PAY305476,P102290,SUB206271,2.82,2025-03-26 16:07:52.114655,study_reward
PAY305477,P102723,SUB206272,0.74,2025-03-26 16:34:30.306036,study_reward
PAY305478,P101369,SUB206274,3.21,2025-03-26 17:35:19.515166,study_reward
PAY305479,P101421,SUB206275,4.72,2025-03-26 17:39:08.586862,study_reward
PAY305480,P100978,SUB206276,1.17,2025-03-26 18:06:24.349101,study_reward
PAY305481,P102773,SUB206277,2.11,2025-03-26 19:35:47.888443,study_reward
PAY305482,P102464,SUB206278,2.14,2025-03-26 19:43:55.849445,study_reward
PAY305483,P101549,SUB206279,7.63,2025-03-26 21:33:47.280491,study_reward
PAY305484,P100978,SUB206281,5.78,2025-03-26 23:06:24.349101,study_reward
PAY305485,P100749,SUB206282,4.12,2025-03-26 23:11:51.185910,study_reward
PAY305486,P101965,SUB206283,2.82,2025-03-26 23:22:45.529931,study_reward
PAY305487,P100949,SUB206284,0.74,2025-03-27 00:40:05.855202,study_reward
PAY305488,P100284,SUB206285,1.66,2025-03-27 01:47:05.564707,study_reward
PAY305489,P102117,SUB206286,2.48,2025-03-27 02:09:07.861523,study_reward
PAY305490,P101549,SUB206287,1.79,2025-03-27 02:33:47.280491,study_reward
PAY305491,P101114,SUB206288,1.52,2025-03-27 04:36:43.140210,study_reward
PAY305492,P100659,SUB206289,2.07,2025-03-27 05:56:17.581354,study_reward
PAY305493,P101699,SUB206290,2.27,2025-03-27 06:23:13.548796,study_reward
PAY305494,P102723,,10.0,2025-03-27 06:41:14.000000,loyalty_bonus
PAY305495,P102495,SUB206291,2.63,2025-03-27 06:57:44.555514,study_reward
PAY305496,P101930,SUB206292,4.36,2025-03-27 07:57:52.724422,study_reward
PAY305497,P102361,SUB206293,1.35,2025-03-27 08:17:02.983704,study_reward
PAY305498,P102496,SUB206294,3.47,2025-03-27 08:31:11.895022,study_reward
PAY305499,P102343,SUB206297,5.45,2025-03-27 10:01:04.942488,study_reward
PAY305500,P102645,SUB206299,10.53,2025-03-27 11:06:50.794589,study_reward
PAY305501,P102828,SUB206301,1.47,2025-03-27 11:24:10.183502,study_reward
PAY305502,P101945,SUB206303,3.46,2025-03-27 14:09:45.665663,study_reward
PAY305503,P102265,SUB206304,3.87,2025-03-27 14:35:23.351474,study_reward
PAY305504,P102405,SUB206305,1.75,2025-03-27 14:59:57.212828,study_reward
PAY305505,P101545,SUB206306,0.55,2025-03-27 15:18:00.076162,study_reward
PAY305506,P102096,SUB206307,6.06,2025-03-27 15:53:55.628732,study_reward
PAY305507,P101894,SUB206308,3.89,2025-03-27 16:21:01.016721,study_reward
PAY305508,P101408,SUB206309,4.49,2025-03-27 16:49:40.135546,study_reward
PAY305509,P100023,SUB206310,2.99,2025-03-27 16:55:33.503424,study_reward
PAY305510,P101093,SUB206311,3.85,2025-03-27 18:54:31.997593,study_reward
PAY305511,P102132,SUB206312,1.79,2025-03-27 19:39:58.280940,study_reward
PAY305512,P100662,SUB206313,2.08,2025-03-27 19:47:39.201478,study_reward
PAY305513,P100559,SUB206314,1.19,2025-03-27 19:48:41.273183,study_reward
PAY305514,P100406,,15.0,2025-03-27 20:16:56.000000,referral_bonus
PAY305515,P100402,SUB206315,4.91,2025-03-27 21:29:17.234234,study_reward
PAY305516,P100969,SUB206316,3.06,2025-03-27 21:30:26.102223,study_reward
PAY305517,P102664,SUB206317,3.0,2025-03-27 21:45:45.472028,study_reward
PAY305518,P101285,SUB206318,6.85,2025-03-27 22:38:26.447096,study_reward
PAY305519,P102328,SUB206319,7.89,2025-03-27 23:25:36.655565,study_reward
PAY305520,P100835,SUB206320,3.23,2025-03-27 23:48:37.440428,study_reward
PAY305521,P100659,SUB206321,2.12,2025-03-27 23:56:17.581354,study_reward
PAY305522,P100968,SUB206324,1.77,2025-03-28 03:15:34.645273,study_reward
PAY305523,P100413,SUB206325,1.7,2025-03-28 03:44:47.376403,study_reward
PAY305524,P101987,SUB206326,1.48,2025-03-28 04:32:41.147465,study_reward
PAY305525,P102361,SUB206328,2.81,2025-03-28 05:17:02.983704,study_reward
PAY305526,P101009,SUB206329,1.61,2025-03-28 05:55:59.848673,study_reward
PAY305527,P100180,SUB206330,1.14,2025-03-28 06:28:15.560223,study_reward
PAY305528,P101362,SUB206331,4.13,2025-03-28 07:36:48.597537,study_reward
PAY305529,P102564,SUB206332,1.46,2025-03-28 07:51:16.753826,study_reward
PAY305530,P101783,SUB206333,5.46,2025-03-28 07:57:48.602381,study_reward
PAY305531,P102301,SUB206334,0.97,2025-03-28 08:21:10.776448,study_reward
PAY305532,P102046,SUB206335,9.78,2025-03-28 08:39:26.323379,study_reward
PAY305533,P101763,SUB206336,3.23,2025-03-28 09:05:42.225837,study_reward
PAY305534,P102414,SUB206338,6.85,2025-03-28 09:40:56.135609,study_reward
PAY305535,P101894,SUB206339,6.19,2025-03-28 10:21:01.016721,study_reward
PAY305536,P101956,SUB206340,1.35,2025-03-28 11:01:02.729755,study_reward
PAY305537,P102987,SUB206341,4.72,2025-03-28 11:14:11.706602,study_reward
PAY305538,P100193,SUB206345,2.82,2025-03-28 15:24:08.199817,study_reward
PAY305539,P102645,SUB206347,6.95,2025-03-28 16:06:50.794589,study_reward
PAY305540,P101092,SUB206348,6.85,2025-03-28 16:50:22.314022,study_reward
PAY305541,P101524,SUB206349,6.85,2025-03-28 17:19:18.289396,study_reward
PAY305542,P101268,SUB206350,2.46,2025-03-28 20:06:37.951463,study_reward
PAY305543,P100559,SUB206352,7.63,2025-03-29 00:48:41.273183,study_reward
PAY305544,P100039,SUB206353,1.14,2025-03-29 00:50:12.852561,study_reward
PAY305545,P101170,SUB206354,4.69,2025-03-29 01:30:14.944601,study_reward
PAY305546,P102773,SUB206355,0.51,2025-03-29 02:35:47.888443,study_reward
PAY305547,P101759,SUB206357,0.74,2025-03-29 04:31:07.560431,study_reward
PAY305548,P101896,SUB206358,1.85,2025-03-29 05:02:29.420285,study_reward
PAY305549,P102383,SUB206359,2.29,2025-03-29 05:39:08.885742,study_reward
PAY305550,P102265,SUB206360,1.77,2025-03-29 06:35:23.351474,study_reward
PAY305551,P101568,SUB206361,0.89,2025-03-29 06:47:24.187824,study_reward
PAY305552,P101086,SUB206362,1.88,2025-03-29 09:11:23.948499,study_reward
PAY305553,P100749,SUB206363,1.61,2025-03-29 09:11:51.185910,study_reward
PAY305554,P101188,SUB206364,4.54,2025-03-29 10:23:12.402576,study_reward
PAY305555,P102502,SUB206365,2.11,2025-03-29 11:08:59.346407,study_reward
PAY305556,P102263,SUB206367,7.63,2025-03-29 12:30:02.583980,study_reward
PAY305557,P101956,SUB206368,2.35,2025-03-29 13:01:02.729755,study_reward
PAY305558,P102343,SUB206369,2.09,2025-03-29 13:01:04.942488,study_reward
PAY305559,P102488,SUB206370,1.02,2025-03-29 13:10:06.797823,study_reward
PAY305560,P102496,SUB206372,2.11,2025-03-29 14:31:11.895022,study_reward
PAY305561,P100756,SUB206373,2.32,2025-03-29 14:36:50.779022,study_reward
PAY305562,P100978,SUB206374,2.06,2025-03-29 15:06:24.349101,study_reward
PAY305563,P100030,SUB206375,5.22,2025-03-29 15:23:45.456222,study_reward
PAY305564,P102441,SUB206376,1.46,2025-03-29 16:19:35.355589,study_reward
PAY305565,P102288,SUB206377,6.81,2025-03-29 18:39:30.237777,study_reward
PAY305566,P101280,SUB206378,2.06,2025-03-29 19:36:15.387330,study_reward
PAY305567,P101961,SUB206379,3.23,2025-03-29 20:20:33.317306,study_reward
PAY305568,P100413,SUB206380,0.44,2025-03-29 20:44:47.376403,study_reward
PAY305569,P101699,SUB206383,5.58,2025-03-29 22:23:13.548796,study_reward
PAY305570,P102464,SUB206384,2.99,2025-03-29 22:43:55.849445,study_reward
PAY305571,P100968,SUB206385,2.5,2025-03-29 23:15:34.645273,study_reward
PAY305572,P101421,SUB206386,1.33,2025-03-29 23:39:08.586862,study_reward
PAY305573,P102288,SUB206387,3.62,2025-03-29 23:39:30.237777,study_reward
PAY305574,P101656,SUB206388,2.13,2025-03-29 23:53:36.799753,study_reward
PAY305575,P101542,SUB206389,1.35,2025-03-30 00:00:16.430936,study_reward
PAY305576,P100096,SUB206390,1.78,2025-03-30 00:25:04.064461,study_reward
PAY305577,P101381,SUB206392,2.96,2025-03-30 01:53:16.448738,study_reward
PAY305578,P101545,SUB206394,1.13,2025-03-30 04:18:00.076162,study_reward
PAY305579,P101782,SUB206397,1.78,2025-03-30 06:06:49.138317,study_reward
PAY305580,P101381,SUB206398,1.96,2025-03-30 06:53:16.448738,study_reward
PAY305581,P101210,SUB206399,2.37,2025-03-30 09:06:23.808663,study_reward
PAY305582,P101443,SUB206400,7.62,2025-03-30 09:33:50.146842,study_reward
PAY305583,P100350,SUB206402,1.91,2025-03-30 09:42:46.683450,study_reward
PAY305584,P101923,SUB206403,1.52,2025-03-30 09:58:41.347614,study_reward
PAY305585,P100509,,10.0,2025-03-30 12:27:39.000000,referral_bonus
PAY305586,P102255,SUB206404,2.38,2025-03-30 12:51:21.126576,study_reward
PAY305587,P101210,SUB206406,7.8,2025-03-30 13:06:23.808663,study_reward
PAY305588,P101109,SUB206407,2.3,2025-03-30 14:02:47.975989,study_reward
PAY305589,P101896,SUB206408,4.13,2025-03-30 15:02:29.420285,study_reward
PAY305590,P101763,SUB206409,4.46,2025-03-30 15:05:42.225837,study_reward
PAY305591,P100816,SUB206410,3.82,2025-03-30 15:57:23.354327,study_reward
PAY305592,P101767,SUB206411,2.6,2025-03-30 17:10:35.474564,study_reward
PAY305593,P101485,SUB206412,6.81,2025-03-30 17:52:57.389523,study_reward
PAY305594,P102046,SUB206413,3.05,2025-03-30 19:39:26.323379,study_reward
PAY305595,P101945,SUB206414,1.58,2025-03-30 20:09:45.665663,study_reward
PAY305596,P100608,SUB206415,1.78,2025-03-30 20:20:19.594766,study_reward
PAY305597,P102092,,10.0,2025-03-30 20:26:41.000000,loyalty_bonus
PAY305598,P102328,SUB206416,6.95,2025-03-30 22:25:36.655565,study_reward
PAY305599,P100791,SUB206417,2.82,2025-03-30 23:03:00.371276,study_reward
PAY305600,P101703,SUB206418,2.48,2025-03-30 23:18:16.159889,study_reward
PAY305601,P102332,SUB206420,4.4,2025-03-31 01:14:06.740867,study_reward
PAY305602,P102746,SUB206421,1.34,2025-03-31 01:16:57.919555,study_reward
PAY305603,P102302,SUB206422,2.73,2025-03-31 01:35:25.795009,study_reward
PAY305604,P102121,SUB206423,1.32,2025-03-31 01:36:51.306396,study_reward
PAY305605,P100281,SUB206424,1.99,2025-03-31 02:07:19.576028,study_reward
PAY305606,P102096,SUB206425,2.64,2025-03-31 02:53:55.628732,study_reward
PAY305607,P101133,SUB206426,2.96,2025-03-31 02:54:54.494792,study_reward
PAY305608,P101009,SUB206427,3.21,2025-03-31 02:55:59.848673,study_reward
PAY305609,P101783,SUB206428,4.64,2025-03-31 02:57:48.602381,study_reward
PAY305610,P100781,SUB206429,1.89,2025-03-31 03:00:47.404706,study_reward
PAY305611,P102585,SUB206430,2.54,2025-03-31 03:14:45.405803,study_reward
PAY305612,P101516,SUB206431,3.05,2025-03-31 03:20:06.666786,study_reward
PAY305613,P100904,SUB206432,1.52,2025-03-31 04:28:20.491329,study_reward
PAY305614,P100169,SUB206433,0.73,2025-03-31 06:05:41.344291,study_reward
PAY305615,P101767,SUB206434,4.72,2025-03-31 06:10:35.474564,study_reward
PAY305616,P101640,SUB206435,1.98,2025-03-31 06:19:14.845302,study_reward
PAY305617,P100413,SUB206436,2.38,2025-03-31 06:44:47.376403,study_reward
PAY305618,P102643,SUB206437,4.4,2025-03-31 06:54:18.698375,study_reward
PAY305619,P101381,SUB206439,6.81,2025-03-31 08:53:16.448738,study_reward
PAY305620,P102502,SUB206440,2.26,2025-03-31 10:08:59.346407,study_reward
PAY305621,P101352,SUB206442,8.07,2025-03-31 12:08:30.556971,study_reward
PAY305622,P101706,SUB206443,1.28,2025-03-31 12:33:42.848387,study_reward
PAY305623,P101450,SUB206444,4.54,2025-03-31 13:55:00.918041,study_reward
PAY305624,P100544,SUB206445,1.21,2025-03-31 15:07:51.791033,study_reward
PAY305625,P101285,SUB206446,3.03,2025-03-31 15:38:26.447096,study_reward
PAY305626,P100047,SUB206447,2.72,2025-03-31 15:52:29.155675,study_reward
PAY305627,P101965,SUB206448,4.13,2025-03-31 16:22:45.529931,study_reward
PAY305628,P100175,SUB206449,3.1,2025-03-31 17:21:41.742141,study_reward
PAY305629,P101640,SUB206450,1.99,2025-03-31 18:19:14.845302,study_reward
PAY305630,P100949,SUB206451,2.09,2025-03-31 19:40:05.855202,study_reward
PAY305631,P101708,SUB206452,4.46,2025-03-31 19:50:44.525775,study_reward
PAY305632,P101009,SUB206453,4.8,2025-03-31 19:55:59.848673,study_reward
PAY305633,P102746,SUB206454,3.95,2025-03-31 20:16:57.919555,study_reward
PAY305634,P101170,SUB206455,4.18,2025-03-31 21:30:14.944601,study_reward
PAY305635,P100136,SUB206456,5.46,2025-03-31 22:43:40.653199,study_reward
PAY305636,P100023,SUB206457,2.54,2025-03-31 22:55:33.503424,study_reward
PAY305637,P100692,SUB206458,2.11,2025-03-31 23:32:21.376272,study_reward
PAY305638,P100413,SUB206459,2.11,2025-03-31 23:44:47.376403,study_reward
PAY305639,P102051,SUB206460,1.29,2025-04-01 01:12:17.029176,study_reward
PAY305640,P102441,SUB206461,9.78,2025-04-01 01:19:35.355589,study_reward
PAY305641,P102263,SUB206462,1.52,2025-04-01 01:30:02.583980,study_reward
PAY305642,P102458,SUB206463,2.97,2025-04-01 06:02:23.947582,study_reward
PAY305643,P100569,SUB206464,3.03,2025-04-01 06:45:57.343327,study_reward
PAY305644,P101170,SUB206465,3.47,2025-04-01 07:30:14.944601,study_reward
PAY305645,P102850,SUB206466,5.29,2025-04-01 07:41:48.454921,study_reward
PAY305646,P101137,SUB206467,2.75,2025-04-01 09:26:01.676522,study_reward
PAY305647,P102458,SUB206468,1.23,2025-04-01 10:02:23.947582,study_reward
PAY305648,P100570,SUB206469,2.77,2025-04-01 10:29:40.642345,study_reward
PAY305649,P100275,SUB206470,1.13,2025-04-01 11:29:08.604344,study_reward
PAY305650,P100784,SUB206471,2.06,2025-04-01 12:17:00.791259,study_reward
PAY305651,P100136,SUB206473,1.9,2025-04-01 13:43:40.653199,study_reward
PAY305652,P101646,SUB206474,3.04,2025-04-01 14:50:25.422685,study_reward
PAY305653,P101501,SUB206475,1.9,2025-04-01 16:15:49.602141,study_reward
PAY305654,P100096,SUB206476,4.57,2025-04-01 16:25:04.064461,study_reward
PAY305655,P102575,SUB206477,2.61,2025-04-01 17:29:13.817093,study_reward
PAY305656,P101443,SUB206478,1.52,2025-04-01 17:33:50.146842,study_reward
PAY305657,P100510,SUB206479,1.89,2025-04-01 18:25:02.230794,study_reward
PAY305658,P101759,SUB206480,5.85,2025-04-01 19:31:07.560431,study_reward
PAY305659,P100327,SUB206481,4.46,2025-04-01 19:32:36.360089,study_reward
PAY305660,P101234,SUB206482,0.73,2025-04-01 19:52:56.522958,study_reward
PAY305661,P101170,SUB206484,1.78,2025-04-01 20:30:14.944601,study_reward
PAY305662,P102645,SUB206485,2.72,2025-04-01 21:06:50.794589,study_reward
PAY305663,P100949,SUB206486,0.89,2025-04-01 21:40:05.855202,study_reward
PAY305664,P100816,SUB206487,4.82,2025-04-01 21:57:23.354327,study_reward
PAY305665,P101542,SUB206488,4.54,2025-04-01 22:00:16.430936,study_reward
PAY305666,P101965,SUB206490,2.08,2025-04-01 23:22:45.529931,study_reward
PAY305667,P100302,SUB206491,2.12,2025-04-01 23:54:04.476971,study_reward
PAY305668,P102488,SUB206492,2.38,2025-04-02 01:10:06.797823,study_reward
PAY305669,P100413,SUB206493,4.49,2025-04-02 01:44:47.376403,study_reward
PAY305670,P100835,SUB206494,1.01,2025-04-02 01:48:37.440428,study_reward
PAY305671,P102458,SUB206495,2.26,2025-04-02 02:02:23.947582,study_reward
PAY305672,P101945,SUB206496,2.73,2025-04-02 02:09:45.665663,study_reward
PAY305673,P100030,SUB206497,4.91,2025-04-02 02:23:45.456222,study_reward
PAY305674,P100491,SUB206498,1.78,2025-04-02 03:07:38.387301,study_reward
PAY305675,P100284,SUB206499,1.46,2025-04-02 04:47:05.564707,study_reward
PAY305676,P102579,SUB206500,1.01,2025-04-02 04:48:02.970325,study_reward
PAY305677,P101285,SUB206501,1.02,2025-04-02 05:38:26.447096,study_reward
PAY305678,P101280,SUB206502,3.82,2025-04-02 07:36:15.387330,study_reward
PAY305679,P102488,SUB206503,6.67,2025-04-02 08:10:06.797823,study_reward
PAY305680,P101093,SUB206504,3.58,2025-04-02 09:54:31.997593,study_reward
PAY305681,P100268,SUB206505,3.85,2025-04-02 09:59:15.040584,study_reward
PAY305682,P101568,SUB206506,2.85,2025-04-02 10:47:24.187824,study_reward
PAY305683,P100749,SUB206507,3.08,2025-04-02 11:11:51.185910,study_reward
PAY305684,P101182,SUB206508,2.72,2025-04-02 11:15:28.414315,study_reward
PAY305685,P102291,SUB206509,2.99,2025-04-02 12:53:19.688739,study_reward
PAY305686,P100904,SUB206510,1.56,2025-04-02 13:28:20.491329,study_reward
PAY305687,P100229,SUB206512,1.77,2025-04-02 15:05:48.975219,study_reward
PAY305688,P100491,SUB206513,2.75,2025-04-02 16:07:38.387301,study_reward
PAY305689,P102160,SUB206514,1.51,2025-04-02 16:44:04.749852,study_reward
PAY305690,P102148,SUB206515,0.73,2025-04-02 16:46:38.679953,study_reward
PAY305691,P100153,SUB206516,0.33,2025-04-02 16:57:14.114443,study_reward
PAY305692,P100346,SUB206517,3.21,2025-04-02 17:06:32.206869,study_reward
PAY305693,P102987,SUB206518,6.85,2025-04-02 17:14:11.706602,study_reward
PAY305694,P101475,SUB206519,1.02,2025-04-02 17:30:52.627009,study_reward
PAY305695,P101506,SUB206520,0.55,2025-04-02 19:52:24.417678,study_reward
PAY305696,P101767,SUB206522,2.48,2025-04-02 21:10:35.474564,study_reward
PAY305697,P102367,SUB206523,3.05,2025-04-02 21:40:43.012759,study_reward
PAY305698,P101784,SUB206526,2.39,2025-04-02 23:50:30.380598,study_reward
PAY305699,P100749,SUB206527,1.9,2025-04-03 01:11:51.185910,study_reward
PAY305700,P100175,SUB206528,1.48,2025-04-03 01:21:41.742141,study_reward
PAY305701,P102850,SUB206529,4.16,2025-04-03 01:41:48.454921,study_reward
PAY305702,P100573,SUB206530,1.83,2025-04-03 01:55:19.820630,study_reward
PAY305703,P101568,SUB206531,2.83,2025-04-03 02:47:24.187824,study_reward
PAY305704,P100039,SUB206532,3.29,2025-04-03 02:50:12.852561,study_reward
PAY305705,P100295,SUB206533,1.79,2025-04-03 03:04:15.414131,study_reward
PAY305706,P102263,SUB206534,0.98,2025-04-03 08:30:02.583980,study_reward
PAY305707,P102275,SUB206535,1.78,2025-04-03 09:27:58.543003,study_reward
PAY305708,P102737,SUB206536,5.45,2025-04-03 09:28:48.239375,study_reward
PAY305709,P102605,SUB206537,1.28,2025-04-03 09:36:10.018316,study_reward
PAY305710,P102161,SUB206538,1.9,2025-04-03 10:07:23.791652,study_reward
PAY305711,P102245,SUB206539,1.56,2025-04-03 11:19:20.610628,study_reward
PAY305712,P100327,SUB206540,1.78,2025-04-03 11:32:36.360089,study_reward
PAY305713,P102685,SUB206541,1.96,2025-04-03 12:54:06.066527,study_reward
PAY305714,P101501,SUB206542,0.97,2025-04-03 14:15:49.602141,study_reward
PAY305715,P102622,SUB206543,0.37,2025-04-03 14:54:06.818942,study_reward
PAY305716,P101646,SUB206544,0.64,2025-04-03 15:50:25.422685,study_reward
PAY305717,P102746,SUB206545,3.03,2025-04-03 16:16:57.919555,study_reward
PAY305718,P102463,SUB206547,5.45,2025-04-03 19:12:23.320056,study_reward
PAY305719,P100854,SUB206548,5.22,2025-04-03 21:45:19.299129,study_reward
PAY305720,P101109,SUB206549,4.36,2025-04-03 22:02:47.975989,study_reward
PAY305721,P102255,SUB206551,1.81,2025-04-03 23:51:21.126576,study_reward
PAY305722,P101877,SUB206552,0.97,2025-04-03 23:56:27.337980,study_reward
PAY305723,P101109,SUB206553,0.8,2025-04-04 00:02:47.975989,study_reward
PAY305724,P100451,SUB206554,2.76,2025-04-04 00:11:20.842622,study_reward
PAY305725,P102746,SUB206555,2.64,2025-04-04 00:16:57.919555,study_reward
PAY305726,P102328,SUB206556,2.33,2025-04-04 00:25:36.655565,study_reward
PAY305727,P100838,SUB206557,1.35,2025-04-04 00:45:50.749725,study_reward
PAY305728,P101575,SUB206558,1.78,2025-04-04 01:33:18.073797,study_reward
PAY305729,P100432,SUB206559,1.56,2025-04-04 01:51:57.534167,study_reward
PAY305730,P101170,SUB206560,2.29,2025-04-04 02:30:14.944601,study_reward
PAY305731,P101907,SUB206561,2.6,2025-04-04 02:50:00.715462,study_reward
PAY305732,P101880,,15.0,2025-04-04 03:36:01.000000,loyalty_bonus
PAY305733,P101675,SUB206563,4.72,2025-04-04 04:01:01.408973,study_reward
PAY305734,P100570,SUB206564,4.36,2025-04-04 05:29:40.642345,study_reward
PAY305735,P100692,SUB206565,1.42,2025-04-04 06:32:21.376272,study_reward
PAY305736,P101280,SUB206566,3.58,2025-04-04 06:36:15.387330,study_reward
PAY305737,P101287,SUB206567,6.67,2025-04-04 07:20:13.382039,study_reward
PAY305738,P101280,SUB206569,9.92,2025-04-04 07:36:15.387330,study_reward
PAY305739,P100781,SUB206570,3.58,2025-04-04 08:00:47.404706,study_reward
PAY305740,P100023,SUB206573,6.06,2025-04-04 08:55:33.503424,study_reward
PAY305741,P102496,SUB206575,6.85,2025-04-04 10:31:11.895022,study_reward
PAY305742,P101987,SUB206576,3.21,2025-04-04 11:32:41.147465,study_reward
PAY305743,P102635,SUB206577,5.22,2025-04-04 11:44:57.045511,study_reward
PAY305744,P102544,SUB206579,1.59,2025-04-04 12:03:05.526619,study_reward
PAY305745,P101450,SUB206580,3.43,2025-04-04 13:55:00.918041,study_reward
PAY305746,P100295,SUB206581,2.09,2025-04-04 14:04:15.414131,study_reward
PAY305747,P100491,SUB206582,2.08,2025-04-04 14:07:38.387301,study_reward
PAY305748,P101394,SUB206583,5.27,2025-04-04 14:39:44.216382,study_reward
PAY305749,P102405,SUB206584,1.33,2025-04-04 14:59:57.212828,study_reward
PAY305750,P101524,SUB206585,2.25,2025-04-04 15:19:18.289396,study_reward
PAY305751,P102723,SUB206586,1.47,2025-04-04 15:34:30.306036,study_reward
PAY305752,P102265,SUB206587,7.54,2025-04-04 15:35:23.351474,study_reward
PAY305753,P102864,SUB206588,2.97,2025-04-04 17:13:35.389789,study_reward
PAY305754,P102575,SUB206589,3.45,2025-04-04 17:29:13.817093,study_reward
PAY305755,P102635,SUB206590,5.29,2025-04-04 17:44:57.045511,study_reward
PAY305756,P101782,SUB206591,7.63,2025-04-04 18:06:49.138317,study_reward
PAY305757,P100743,SUB206592,6.81,2025-04-04 18:15:44.052427,study_reward
PAY305758,P102051,SUB206595,2.11,2025-04-04 21:12:17.029176,study_reward
PAY305759,P102685,SUB206596,2.46,2025-04-04 21:54:06.066527,study_reward
PAY305760,P100287,SUB206598,2.08,2025-04-04 22:16:10.916862,study_reward
PAY305761,P100175,SUB206599,0.97,2025-04-04 22:21:41.742141,study_reward
PAY305762,P101832,SUB206600,2.73,2025-04-04 22:27:46.829133,study_reward
PAY305763,P100023,SUB206601,7.62,2025-04-04 23:55:33.503424,study_reward
PAY305764,P101675,SUB206602,2.82,2025-04-05 00:01:01.408973,study_reward
PAY305765,P100046,SUB206603,2.14,2025-04-05 01:49:05.723747,study_reward
PAY305766,P100491,SUB206605,1.2,2025-04-05 04:07:38.387301,study_reward
PAY305767,P102444,SUB206607,1.48,2025-04-05 06:09:14.900304,study_reward
PAY305768,P101443,SUB206608,0.74,2025-04-05 06:33:50.146842,study_reward
PAY305769,P100979,SUB206609,3.21,2025-04-05 06:45:38.528210,study_reward
PAY305770,P102161,SUB206610,2.63,2025-04-05 08:07:23.791652,study_reward
PAY305771,P102265,SUB206611,2.43,2025-04-05 08:35:23.351474,study_reward
PAY305772,P101996,,5.0,2025-04-05 10:18:06.000000,loyalty_bonus
PAY305773,P100881,SUB206613,1.58,2025-04-05 11:23:13.219135,study_reward
PAY305774,P100402,SUB206614,2.77,2025-04-05 11:29:17.234234,study_reward
PAY305775,P101872,SUB206615,1.35,2025-04-05 12:00:40.970375,study_reward
PAY305776,P102322,SUB206616,1.12,2025-04-05 16:38:38.047409,study_reward
PAY305777,P100533,SUB206617,2.11,2025-04-05 17:12:49.427056,study_reward
PAY305778,P102600,SUB206618,1.17,2025-04-05 17:55:23.585085,study_reward
PAY305779,P101896,SUB206619,2.14,2025-04-05 18:02:29.420285,study_reward
PAY305780,P102290,SUB206620,3.85,2025-04-05 18:07:52.114655,study_reward
PAY305781,P101703,SUB206621,2.3,2025-04-05 18:18:16.159889,study_reward
PAY305782,P102464,SUB206622,3.84,2025-04-05 18:43:55.849445,study_reward
PAY305783,P100787,SUB206625,2.64,2025-04-05 20:11:32.251966,study_reward
PAY305784,P101726,SUB206627,2.73,2025-04-05 21:51:16.589895,study_reward
PAY305785,P101923,SUB206628,1.59,2025-04-05 21:58:41.347614,study_reward
PAY305786,P100584,SUB206629,2.73,2025-04-05 22:43:33.081100,study_reward
PAY305787,P100547,SUB206630,3.89,2025-04-05 22:46:50.868175,study_reward
PAY305788,P100146,SUB206631,0.77,2025-04-05 23:29:58.819966,study_reward
PAY305789,P100039,SUB206632,3.96,2025-04-05 23:50:12.852561,study_reward
PAY305790,P100491,SUB206633,4.82,2025-04-06 00:07:38.387301,study_reward
PAY305791,P101663,SUB206634,1.59,2025-04-06 00:14:38.309605,study_reward
PAY305792,P101188,SUB206635,1.01,2025-04-06 01:23:12.402576,study_reward
PAY305793,P100275,SUB206636,1.77,2025-04-06 01:29:08.604344,study_reward
PAY305794,P100570,SUB206637,1.21,2025-04-06 01:29:40.642345,study_reward
PAY305795,P101501,SUB206639,3.62,2025-04-06 02:15:49.602141,study_reward
PAY305796,P100287,SUB206640,3.79,2025-04-06 02:16:10.916862,study_reward
PAY305797,P102458,SUB206641,1.75,2025-04-06 05:02:23.947582,study_reward
PAY305798,P102617,SUB206642,6.05,2025-04-06 06:39:45.604805,study_reward
PAY305799,P100350,SUB206643,5.58,2025-04-06 06:42:46.683450,study_reward
PAY305800,P102464,SUB206644,1.28,2025-04-06 06:43:55.849445,study_reward
PAY305801,P101109,SUB206645,2.1,2025-04-06 07:02:47.975989,study_reward
PAY305802,P100125,SUB206646,1.96,2025-04-06 08:02:36.748826,study_reward
PAY305803,P101767,SUB206649,1.79,2025-04-06 10:10:35.474564,study_reward
PAY305804,P100295,SUB206650,2.63,2025-04-06 11:04:15.414131,study_reward
PAY305805,P102265,SUB206651,1.43,2025-04-06 11:35:23.351474,study_reward
PAY305806,P101204,SUB206652,5.76,2025-04-06 11:49:53.254996,study_reward
PAY305807,P101783,SUB206653,1.66,2025-04-06 11:57:48.602381,study_reward
PAY305808,P100933,SUB206654,2.11,2025-04-06 13:06:41.194240,study_reward
PAY305809,P102252,SUB206655,1.96,2025-04-06 14:01:10.429801,study_reward
PAY305810,P102850,SUB206656,2.7,2025-04-06 15:41:48.454921,study_reward
PAY305811,P100659,SUB206657,3.21,2025-04-06 17:56:17.581354,study_reward
PAY305812,P102617,SUB206658,1.99,2025-04-06 18:39:45.604805,study_reward
PAY305813,P101945,SUB206660,2.26,2025-04-06 21:09:45.665663,study_reward
PAY305814,P100749,SUB206661,1.77,2025-04-06 22:11:51.185910,study_reward
PAY305815,P100229,SUB206662,2.24,2025-04-06 23:05:48.975219,study_reward
PAY305816,P102322,SUB206663,2.14,2025-04-06 23:38:38.047409,study_reward
PAY305817,P102457,SUB206664,2.73,2025-04-07 00:47:27.634464,study_reward
PAY305818,P101153,SUB206665,2.6,2025-04-07 01:51:43.091606,study_reward
PAY305819,P101923,SUB206667,1.77,2025-04-07 02:58:41.347614,study_reward
PAY305820,P100968,SUB206668,2.64,2025-04-07 03:15:34.645273,study_reward
PAY305821,P102367,SUB206669,4.64,2025-04-07 04:40:43.012759,study_reward
PAY305822,P102255,SUB206670,1.29,2025-04-07 05:51:21.126576,study_reward
PAY305823,P102323,SUB206671,5.27,2025-04-07 08:18:29.084577,study_reward
PAY305824,P100352,SUB206672,3.08,2025-04-07 08:38:30.220186,study_reward
PAY305825,P102643,SUB206673,4.13,2025-04-07 09:54:18.698375,study_reward
PAY305826,P101818,SUB206674,7.8,2025-04-07 09:55:18.247221,study_reward
PAY305827,P100041,SUB206675,1.58,2025-04-07 10:18:38.190832,study_reward
PAY305828,P101292,SUB206676,0.91,2025-04-07 10:41:52.455912,study_reward
PAY305829,P100268,SUB206677,0.51,2025-04-07 10:59:15.040584,study_reward
PAY305830,P100544,SUB206679,1.9,2025-04-07 12:07:51.791033,study_reward
PAY305831,P101352,SUB206680,4.82,2025-04-07 13:08:30.556971,study_reward
PAY305832,P101759,SUB206682,3.23,2025-04-07 13:31:07.560431,study_reward
PAY305833,P100608,SUB206684,2.46,2025-04-07 15:20:19.594766,study_reward
PAY305834,P102374,SUB206687,2.11,2025-04-07 15:56:47.026969,study_reward
PAY305835,P100871,SUB206688,3.44,2025-04-07 16:18:48.846147,study_reward
PAY305836,P102202,SUB206689,1.98,2025-04-07 16:27:38.306088,study_reward
PAY305837,P100095,SUB206690,9.92,2025-04-07 16:40:18.129546,study_reward
PAY305838,P102009,SUB206691,5.04,2025-04-07 16:43:53.776970,study_reward
PAY305839,P100573,SUB206692,2.39,2025-04-07 16:55:19.820630,study_reward
PAY305840,P102412,SUB206693,2.14,2025-04-07 17:07:34.069164,study_reward
PAY305841,P100791,SUB206694,2.06,2025-04-07 18:03:00.371276,study_reward
PAY305842,P100662,SUB206695,2.85,2025-04-07 18:47:39.201478,study_reward
PAY305843,P100039,SUB206696,2.13,2025-04-07 18:50:12.852561,study_reward
PAY305844,P102323,SUB206697,4.36,2025-04-07 20:18:29.084577,study_reward
PAY305845,P102795,SUB206698,2.01,2025-04-07 20:23:37.776769,study_reward
PAY305846,P102585,SUB206699,4.82,2025-04-07 21:14:45.405803,study_reward
PAY305847,P100915,SUB206700,2.13,2025-04-07 22:03:29.491873,study_reward
PAY305848,P100884,,2.5,2025-04-07 22:34:03.000000,loyalty_bonus
PAY305849,P100858,SUB206701,2.02,2025-04-07 23:16:01.616564,study_reward
PAY305850,P100295,SUB206702,2.12,2025-04-08 00:04:15.414131,study_reward
PAY305851,P102643,SUB206703,1.9,2025-04-08 00:54:18.698375,study_reward
PAY305852,P100355,SUB206704,2.75,2025-04-08 00:55:26.084722,study_reward
PAY305853,P101285,SUB206705,2.72,2025-04-08 01:38:26.447096,study_reward
PAY305854,P102457,SUB206706,2.24,2025-04-08 01:47:27.634464,study_reward
PAY305855,P101767,SUB206707,1.75,2025-04-08 02:10:35.474564,study_reward
PAY305856,P100023,SUB206708,1.05,2025-04-08 02:55:33.503424,study_reward
PAY305857,P101352,SUB206709,2.97,2025-04-08 04:08:30.556971,study_reward
PAY305858,P101566,SUB206711,1.59,2025-04-08 05:55:11.775346,study_reward
PAY305859,P101640,SUB206712,1.96,2025-04-08 07:19:14.845302,study_reward
PAY305860,P101894,SUB206713,5.22,2025-04-08 07:21:01.016721,study_reward
PAY305861,P102600,SUB206714,2.14,2025-04-08 07:55:23.585085,study_reward
PAY305862,P102488,SUB206715,3.06,2025-04-08 08:10:06.797823,study_reward
PAY305863,P102121,SUB206716,5.02,2025-04-08 08:36:51.306396,study_reward
PAY305864,P101568,SUB206717,0.73,2025-04-08 08:47:24.187824,study_reward
PAY305865,P100268,SUB206718,1.77,2025-04-08 08:59:15.040584,study_reward
PAY305866,P100357,SUB206719,6.67,2025-04-08 09:03:36.988540,study_reward
PAY305867,P100881,SUB206720,1.75,2025-04-08 09:23:13.219135,study_reward
PAY305868,P102457,SUB206721,10.53,2025-04-08 10:47:27.634464,study_reward
PAY305869,P101234,SUB206722,1.68,2025-04-08 10:52:56.522958,study_reward
PAY305870,P100238,SUB206723,0.74,2025-04-08 13:43:01.467554,study_reward
PAY305871,P101783,SUB206724,1.68,2025-04-08 13:57:48.602381,study_reward
PAY305872,P101640,SUB206725,1.78,2025-04-08 14:19:14.845302,study_reward
PAY305873,P101767,SUB206726,1.96,2025-04-08 15:10:35.474564,study_reward
PAY305874,P102685,SUB206727,5.02,2025-04-08 15:54:06.066527,study_reward
PAY305875,P100047,SUB206728,1.47,2025-04-08 16:52:29.155675,study_reward
PAY305876,P102828,SUB206731,9.92,2025-04-08 18:24:10.183502,study_reward
PAY305877,P101225,SUB206732,2.11,2025-04-08 18:44:44.349542,study_reward
PAY305878,P102374,SUB206733,12.16,2025-04-08 18:56:47.026969,study_reward
PAY305879,P101442,SUB206734,0.44,2025-04-08 19:08:56.901287,study_reward
PAY305880,P102121,SUB206735,6.05,2025-04-08 19:36:51.306396,study_reward
PAY305881,P100101,SUB206736,3.23,2025-04-08 19:43:05.037504,study_reward
PAY305882,P101818,SUB206737,2.97,2025-04-08 20:55:18.247221,study_reward
PAY305883,P102458,SUB206738,4.91,2025-04-08 22:02:23.947582,study_reward
PAY305884,P102749,SUB206739,3.08,2025-04-09 01:20:42.101131,study_reward
PAY305885,P100018,SUB206740,5.22,2025-04-09 02:39:21.113261,study_reward
PAY305886,P102096,SUB206741,5.02,2025-04-09 02:53:55.628732,study_reward
PAY305887,P100041,SUB206742,4.91,2025-04-09 03:18:38.190832,study_reward
PAY305888,P100174,SUB206744,1.48,2025-04-09 03:47:01.737893,study_reward
PAY305889,P101923,SUB206745,2.1,2025-04-09 03:58:41.347614,study_reward
PAY305890,P101125,SUB206746,2.42,2025-04-09 06:13:00.918610,study_reward
PAY305891,P101170,SUB206747,2.85,2025-04-09 06:30:14.944601,study_reward
PAY305892,P101443,SUB206748,4.54,2025-04-09 06:33:50.146842,study_reward
PAY305893,P100968,SUB206749,1.35,2025-04-09 08:15:34.645273,study_reward
PAY305894,P101640,SUB206751,2.24,2025-04-09 09:19:14.845302,study_reward
PAY305895,P102441,SUB206752,6.16,2025-04-09 09:19:35.355589,study_reward
PAY305896,P102502,SUB206753,6.16,2025-04-09 10:08:59.346407,study_reward
PAY305897,P100429,SUB206754,3.0,2025-04-09 10:15:08.987265,study_reward
PAY305898,P102444,SUB206756,1.21,2025-04-09 11:09:14.900304,study_reward
PAY305899,P101663,SUB206757,0.67,2025-04-09 11:14:38.309605,study_reward
PAY305900,P101170,SUB206758,3.0,2025-04-09 11:30:14.944601,study_reward
PAY305901,P101605,SUB206759,0.97,2025-04-09 11:50:10.630751,study_reward
PAY305902,P102117,SUB206760,1.77,2025-04-09 12:09:07.861523,study_reward
PAY305903,P102585,SUB206761,4.69,2025-04-09 12:14:45.405803,study_reward
PAY305904,P102797,SUB206762,4.46,2025-04-09 12:18:46.095698,study_reward
PAY305905,P100355,SUB206763,2.32,2025-04-09 12:55:26.084722,study_reward
PAY305906,P100743,SUB206764,5.51,2025-04-09 13:15:44.052427,study_reward
PAY305907,P101894,SUB206765,3.96,2025-04-09 13:21:01.016721,study_reward
PAY305908,P100541,SUB206766,3.5,2025-04-09 13:29:20.434338,study_reward
PAY305909,P100041,SUB206767,2.55,2025-04-09 14:18:38.190832,study_reward
PAY305910,P100275,SUB206768,1.29,2025-04-09 14:29:08.604344,study_reward
PAY305911,P101703,SUB206769,3.47,2025-04-09 15:18:16.159889,study_reward
PAY305912,P100432,SUB206771,3.79,2025-04-09 15:51:57.534167,study_reward
PAY305913,P102096,SUB206772,1.58,2025-04-09 15:53:55.628732,study_reward
PAY305914,P102496,SUB206774,1.98,2025-04-09 17:31:11.895022,study_reward
PAY305915,P101153,SUB206775,7.36,2025-04-09 17:51:43.091606,study_reward
PAY305916,P102055,SUB206777,5.22,2025-04-09 19:06:55.762351,study_reward
PAY305917,P101443,SUB206778,1.24,2025-04-09 20:33:50.146842,study_reward
PAY305918,P102016,SUB206779,6.13,2025-04-09 21:09:33.608229,study_reward
PAY305919,P101578,SUB206780,0.82,2025-04-09 21:09:46.672530,study_reward
PAY305920,P102753,SUB206781,1.28,2025-04-09 21:30:34.371813,study_reward
PAY305921,P102046,SUB206782,1.88,2025-04-09 21:39:26.323379,study_reward
PAY305922,P100854,SUB206784,4.21,2025-04-09 22:45:19.299129,study_reward
PAY305923,P100146,SUB206785,3.0,2025-04-09 23:29:58.819966,study_reward
PAY305924,P101617,SUB206787,8.82,2025-04-10 00:52:18.376137,study_reward
PAY305925,P101508,SUB206789,6.67,2025-04-10 02:12:25.616149,study_reward
PAY305926,P101154,SUB206790,1.14,2025-04-10 02:14:43.829597,study_reward
PAY305927,P100858,SUB206791,4.04,2025-04-10 02:16:01.616564,study_reward
PAY305928,P101369,SUB206792,4.72,2025-04-10 02:35:19.515166,study_reward
PAY305929,P102585,SUB206793,5.65,2025-04-10 03:14:45.405803,study_reward
PAY305930,P101706,SUB206794,1.13,2025-04-10 03:33:42.848387,study_reward
PAY305931,P100697,SUB206796,2.12,2025-04-10 03:54:01.001839,study_reward
PAY305932,P102737,SUB206798,5.22,2025-04-10 04:28:48.239375,study_reward
PAY305933,P100541,SUB206799,1.58,2025-04-10 04:29:20.434338,study_reward
PAY305934,P101508,SUB206800,0.98,2025-04-10 05:12:25.616149,study_reward
PAY305935,P102029,SUB206801,2.73,2025-04-10 06:19:21.928813,study_reward
PAY305936,P101617,SUB206802,2.69,2025-04-10 07:52:18.376137,study_reward
PAY305937,P102291,SUB206803,3.03,2025-04-10 07:53:19.688739,study_reward
PAY305938,P100496,SUB206804,4.64,2025-04-10 08:02:32.941144,study_reward
PAY305939,P101086,SUB206805,1.79,2025-04-10 08:11:23.948499,study_reward
PAY305940,P102046,SUB206806,5.29,2025-04-10 08:39:26.323379,study_reward
PAY305941,P102863,SUB206807,5.76,2025-04-10 08:39:44.940202,study_reward
PAY305942,P102252,SUB206808,5.53,2025-04-10 09:01:10.429801,study_reward
PAY305943,P101726,SUB206810,5.29,2025-04-10 11:51:16.589895,study_reward
PAY305944,P101188,SUB206811,0.98,2025-04-10 12:23:12.402576,study_reward
PAY305945,P102132,SUB206813,1.75,2025-04-10 14:39:58.280940,study_reward
PAY305946,P101045,,10.0,2025-04-10 15:15:36.000000,loyalty_bonus
PAY305947,P102332,SUB206814,6.19,2025-04-10 16:14:06.740867,study_reward
PAY305948,P102263,SUB206815,2.08,2025-04-10 16:30:02.583980,study_reward
PAY305949,P101784,SUB206816,6.06,2025-04-10 16:50:30.380598,study_reward
PAY305950,P100624,SUB206818,1.83,2025-04-10 17:23:32.119254,study_reward
PAY305951,P100659,SUB206819,2.51,2025-04-10 18:56:17.581354,study_reward
PAY305952,P100784,SUB206821,2.73,2025-04-10 19:17:00.791259,study_reward
PAY305953,P102585,SUB206824,1.58,2025-04-10 23:14:45.405803,study_reward
PAY305954,P101956,SUB206825,5.5,2025-04-11 00:01:02.729755,study_reward
PAY305955,P101369,SUB206826,1.35,2025-04-11 00:35:19.515166,study_reward
PAY305956,P100081,SUB206827,2.32,2025-04-11 01:15:58.950372,study_reward
PAY305957,P101470,SUB206828,0.74,2025-04-11 01:27:26.681533,study_reward
PAY305958,P101566,SUB206829,0.64,2025-04-11 01:55:11.775346,study_reward
PAY305959,P100019,SUB206830,2.25,2025-04-11 02:15:00.452941,study_reward
PAY305960,P102009,SUB206831,2.63,2025-04-11 02:43:53.776970,study_reward
PAY305961,P100284,SUB206832,1.54,2025-04-11 02:47:05.564707,study_reward
PAY305962,P100153,SUB206833,1.78,2025-04-11 03:57:14.114443,study_reward
PAY305963,P101420,SUB206834,0.44,2025-04-11 03:58:14.456381,study_reward
PAY305964,P102753,SUB206835,0.51,2025-04-11 04:30:34.371813,study_reward
PAY305965,P100584,SUB206836,1.83,2025-04-11 04:43:33.081100,study_reward
PAY305966,P101930,SUB206837,8.07,2025-04-11 04:57:52.724422,study_reward
PAY305967,P101421,SUB206838,1.23,2025-04-11 05:39:08.586862,study_reward
PAY305968,P101703,SUB206839,1.05,2025-04-11 06:18:16.159889,study_reward
PAY305969,P101137,SUB206840,7.63,2025-04-11 06:26:01.676522,study_reward
PAY305970,P100543,SUB206841,0.74,2025-04-11 08:46:57.400518,study_reward
PAY305971,P100854,SUB206843,1.28,2025-04-11 12:45:19.299129,study_reward
PAY305972,P101930,SUB206844,1.14,2025-04-11 12:57:52.724422,study_reward
PAY305973,P100451,SUB206845,1.68,2025-04-11 14:11:20.842622,study_reward
PAY305974,P102361,SUB206846,6.03,2025-04-11 14:17:02.983704,study_reward
PAY305975,P100413,SUB206847,1.68,2025-04-11 16:44:47.376403,study_reward
PAY305976,P101420,SUB206848,1.79,2025-04-11 16:58:14.456381,study_reward
PAY305977,P100327,SUB206849,0.64,2025-04-11 17:32:36.360089,study_reward
PAY305978,P101188,SUB206850,4.91,2025-04-11 18:23:12.402576,study_reward
PAY305979,P102880,SUB206851,2.72,2025-04-11 19:49:08.291233,study_reward
PAY305980,P101457,SUB206852,5.76,2025-04-11 20:01:16.576729,study_reward
PAY305981,P100570,SUB206853,3.85,2025-04-11 20:29:40.642345,study_reward
PAY305982,P102184,SUB206854,1.76,2025-04-11 21:27:03.533949,study_reward
PAY305983,P100327,SUB206856,1.17,2025-04-11 22:32:36.360089,study_reward
PAY305984,P100647,SUB206857,2.61,2025-04-11 23:31:30.399806,study_reward
PAY305985,P100295,SUB206859,5.22,2025-04-12 01:04:15.414131,study_reward
PAY305986,P101287,SUB206861,1.96,2025-04-12 02:20:13.382039,study_reward
PAY305987,P101783,SUB206862,5.04,2025-04-12 03:57:48.602381,study_reward
PAY305988,P100357,SUB206863,2.24,2025-04-12 04:03:36.988540,study_reward
PAY305989,P100287,SUB206864,3.47,2025-04-12 04:16:10.916862,study_reward
PAY305990,P102564,SUB206865,2.75,2025-04-12 04:51:16.753826,study_reward
PAY305991,P100634,,2.5,2025-04-12 06:28:49.000000,loyalty_bonus
PAY305992,P102828,SUB206866,3.03,2025-04-12 07:24:10.183502,study_reward
PAY305993,P100756,SUB206867,6.85,2025-04-12 08:36:50.779022,study_reward
PAY305994,P100781,SUB206868,3.79,2025-04-12 09:00:47.404706,study_reward
PAY305995,P101420,SUB206869,1.75,2025-04-12 09:58:14.456381,study_reward
PAY305996,P101769,SUB206870,3.77,2025-04-12 14:19:46.780244,study_reward
PAY305997,P101759,SUB206871,3.11,2025-04-12 14:31:07.560431,study_reward
PAY305998,P102811,SUB206872,2.64,2025-04-12 15:20:57.000333,study_reward
PAY305999,P101154,SUB206874,2.99,2025-04-12 16:14:43.829597,study_reward
PAY306000,P102575,SUB206875,3.05,2025-04-12 16:29:13.817093,study_reward
PAY306001,P101459,SUB206876,2.72,2025-04-12 17:46:35.703678,study_reward
PAY306002,P101907,SUB206878,2.46,2025-04-12 18:50:00.715462,study_reward
PAY306003,P100486,SUB206879,2.24,2025-04-12 19:35:16.203743,study_reward
PAY306004,P101880,SUB206880,5.65,2025-04-12 20:00:03.960149,study_reward
PAY306005,P100547,SUB206881,0.8,2025-04-12 20:46:50.868175,study_reward
PAY306006,P101124,SUB206882,1.23,2025-04-12 22:14:08.304583,study_reward
PAY306007,P100624,SUB206883,2.46,2025-04-12 22:23:32.119254,study_reward
PAY306008,P101450,SUB206884,5.07,2025-04-13 00:55:00.918041,study_reward
PAY306009,P100287,SUB206886,3.85,2025-04-13 03:16:10.916862,study_reward
PAY306010,P102265,SUB206887,1.11,2025-04-13 03:35:23.351474,study_reward
PAY306011,P101285,SUB206888,0.91,2025-04-13 03:38:26.447096,study_reward
PAY306012,P100683,SUB206889,7.62,2025-04-13 04:29:31.267052,study_reward
PAY306013,P101020,SUB206890,5.51,2025-04-13 05:03:59.224612,study_reward
PAY306014,P102343,SUB206892,1.89,2025-04-13 06:01:04.942488,study_reward
PAY306015,P100030,SUB206893,5.58,2025-04-13 06:23:45.456222,study_reward
PAY306016,P101362,SUB206895,5.02,2025-04-13 07:36:48.597537,study_reward
PAY306017,P101285,SUB206896,3.44,2025-04-13 07:38:26.447096,study_reward
PAY306018,P101907,SUB206897,2.72,2025-04-13 07:50:00.715462,study_reward
PAY306019,P100949,SUB206898,9.78,2025-04-13 08:40:05.855202,study_reward
PAY306020,P101093,SUB206899,1.35,2025-04-13 08:54:31.997593,study_reward
PAY306021,P100081,SUB206900,1.96,2025-04-13 09:15:58.950372,study_reward
PAY306022,P101086,SUB206901,0.5,2025-04-13 10:11:23.948499,study_reward
PAY306023,P100275,SUB206902,1.77,2025-04-13 10:29:08.604344,study_reward
PAY306024,P100003,SUB206903,2.61,2025-04-13 10:38:20.373423,study_reward
PAY306025,P102031,SUB206904,8.82,2025-04-13 10:39:25.520058,study_reward
PAY306026,P102464,SUB206905,0.64,2025-04-13 11:43:55.849445,study_reward
PAY306027,P101154,SUB206906,1.75,2025-04-13 12:14:43.829597,study_reward
PAY306028,P102753,SUB206907,2.14,2025-04-13 12:30:34.371813,study_reward
PAY306029,P102252,SUB206909,1.42,2025-04-13 15:01:10.429801,study_reward
PAY306030,P102291,SUB206910,1.79,2025-04-13 15:53:19.688739,study_reward
PAY306031,P100697,SUB206911,1.34,2025-04-13 15:54:01.001839,study_reward
PAY306032,P101085,SUB206912,0.97,2025-04-13 15:54:35.272317,study_reward
PAY306033,P102458,SUB206913,1.75,2025-04-13 17:02:23.947582,study_reward
PAY306034,P101442,SUB206914,0.88,2025-04-13 18:08:56.901287,study_reward
PAY306035,P100003,SUB206916,1.51,2025-04-13 20:38:20.373423,study_reward
PAY306036,P101632,SUB206917,7.89,2025-04-13 21:03:25.259026,study_reward
PAY306037,P100114,SUB206918,3.58,2025-04-13 21:04:39.759021,study_reward
PAY306038,P102811,SUB206919,2.82,2025-04-13 21:20:57.000333,study_reward
PAY306039,P100046,SUB206920,3.21,2025-04-13 21:49:05.723747,study_reward
PAY306040,P101907,SUB206921,2.61,2025-04-13 21:50:00.715462,study_reward
PAY306041,P100697,SUB206922,1.83,2025-04-13 22:54:01.001839,study_reward
PAY306042,P101682,SUB206923,1.75,2025-04-13 23:22:25.942108,study_reward
PAY306043,P101124,SUB206924,3.01,2025-04-14 00:14:08.304583,study_reward
PAY306044,P101818,SUB206925,3.03,2025-04-14 00:55:18.247221,study_reward
PAY306045,P100429,SUB206926,4.49,2025-04-14 01:15:08.987265,study_reward
PAY306046,P100732,SUB206927,1.46,2025-04-14 04:04:31.042817,study_reward
PAY306047,P102367,SUB206928,2.24,2025-04-14 04:40:43.012759,study_reward
PAY306048,P101618,SUB206931,0.8,2025-04-14 06:20:31.355485,study_reward
PAY306049,P102579,SUB206932,1.78,2025-04-14 06:48:02.970325,study_reward
PAY306050,P102572,,2.5,2025-04-14 06:49:25.000000,referral_bonus
PAY306051,P101134,SUB206933,1.74,2025-04-14 07:15:50.277155,study_reward
PAY306052,P100624,SUB206934,6.03,2025-04-14 07:23:32.119254,study_reward
PAY306053,P102458,SUB206935,2.77,2025-04-14 08:02:23.947582,study_reward
PAY306054,P100193,SUB206936,4.13,2025-04-14 09:24:08.199817,study_reward
PAY306055,P101586,SUB206937,5.29,2025-04-14 10:57:07.440791,study_reward
PAY306056,P102383,SUB206938,0.37,2025-04-14 11:39:08.885742,study_reward
PAY306057,P102046,SUB206939,2.82,2025-04-14 11:39:26.323379,study_reward
PAY306058,P101124,SUB206940,1.12,2025-04-14 12:14:08.304583,study_reward
PAY306059,P102864,SUB206941,2.43,2025-04-14 13:13:35.389789,study_reward
PAY306060,P101287,SUB206942,5.65,2025-04-14 13:20:13.382039,study_reward
PAY306061,P100781,SUB206943,2.07,2025-04-14 14:00:47.404706,study_reward
PAY306062,P100510,SUB206944,4.54,2025-04-14 14:25:02.230794,study_reward
PAY306063,P100709,SUB206945,1.81,2025-04-14 14:53:39.668219,study_reward
PAY306064,P101450,SUB206946,2.63,2025-04-14 14:55:00.918041,study_reward
PAY306065,P100732,SUB206947,1.75,2025-04-14 15:04:31.042817,study_reward
PAY306066,P101618,SUB206948,1.88,2025-04-14 15:20:31.355485,study_reward
PAY306067,P101285,SUB206950,4.8,2025-04-14 16:38:26.447096,study_reward
PAY306068,P102600,SUB206951,2.1,2025-04-14 16:55:23.585085,study_reward
PAY306069,P100978,SUB206952,1.77,2025-04-14 17:06:24.349101,study_reward
PAY306070,P101933,SUB206953,7.8,2025-04-14 18:38:41.669441,study_reward
PAY306071,P102323,SUB206954,5.22,2025-04-14 19:18:29.084577,study_reward
PAY306072,P101335,SUB206955,3.05,2025-04-14 19:33:47.727433,study_reward
PAY306073,P101819,SUB206956,1.29,2025-04-14 20:29:10.312279,study_reward
PAY306074,P100039,SUB206957,6.05,2025-04-14 20:50:12.852561,study_reward
PAY306075,P100784,SUB206958,1.01,2025-04-14 21:17:00.791259,study_reward
PAY306076,P101280,SUB206959,1.28,2025-04-14 21:36:15.387330,study_reward
PAY306077,P102458,SUB206961,1.14,2025-04-14 23:02:23.947582,study_reward
PAY306078,P101849,SUB206962,2.51,2025-04-14 23:20:32.401950,study_reward
PAY306079,P101461,SUB206963,5.04,2025-04-14 23:33:31.202955,study_reward
PAY306080,P101769,SUB206964,1.23,2025-04-15 00:19:46.780244,study_reward
PAY306081,P101933,SUB206965,5.45,2025-04-15 00:38:41.669441,study_reward
PAY306082,P102863,SUB206966,1.67,2025-04-15 01:39:44.940202,study_reward
PAY306083,P102263,SUB206967,9.78,2025-04-15 02:30:02.583980,study_reward
PAY306084,P101398,SUB206968,1.75,2025-04-15 03:49:54.730779,study_reward
PAY306085,P101956,SUB206969,5.17,2025-04-15 04:01:02.729755,study_reward
PAY306086,P100418,SUB206970,7.62,2025-04-15 04:01:53.585881,study_reward
PAY306087,P100491,SUB206971,2.32,2025-04-15 04:07:38.387301,study_reward
PAY306088,P100327,SUB206972,2.32,2025-04-15 06:32:36.360089,study_reward
PAY306089,P101708,SUB206974,3.04,2025-04-15 06:50:44.525775,study_reward
PAY306090,P100295,SUB206975,1.98,2025-04-15 07:04:15.414131,study_reward
PAY306091,P100429,SUB206976,7.54,2025-04-15 07:15:08.987265,study_reward
PAY306092,P100975,SUB206977,3.64,2025-04-15 08:35:17.896481,study_reward
PAY306093,P100355,SUB206978,1.79,2025-04-15 08:55:26.084722,study_reward
PAY306094,P102579,SUB206979,3.0,2025-04-15 09:48:02.970325,study_reward
PAY306095,P102643,SUB206980,2.85,2025-04-15 09:54:18.698375,study_reward
PAY306096,P101793,SUB206981,1.98,2025-04-15 10:41:05.843607,study_reward
PAY306097,P102055,SUB206982,3.23,2025-04-15 11:06:55.762351,study_reward
PAY306098,P100886,SUB206983,0.98,2025-04-15 11:50:35.571001,study_reward
PAY306099,P100081,SUB206984,1.35,2025-04-15 13:15:58.950372,study_reward
PAY306100,P101872,SUB206985,3.04,2025-04-15 14:00:40.970375,study_reward
PAY306101,P100030,SUB206986,4.88,2025-04-15 14:23:45.456222,study_reward
PAY306102,P102863,SUB206987,0.91,2025-04-15 15:39:44.940202,study_reward
PAY306103,P102178,SUB206988,2.72,2025-04-15 16:02:41.877673,study_reward
PAY306104,P101109,SUB206989,1.14,2025-04-15 16:02:47.975989,study_reward
PAY306105,P100968,SUB206990,2.13,2025-04-15 16:15:34.645273,study_reward
PAY306106,P101292,SUB206991,3.43,2025-04-15 16:41:52.455912,study_reward
PAY306107,P101186,SUB206993,4.54,2025-04-15 17:01:12.535046,study_reward
PAY306108,P100933,SUB206994,3.52,2025-04-15 17:06:41.194240,study_reward
PAY306109,P101125,SUB206995,5.85,2025-04-15 18:13:00.918610,study_reward
PAY306110,P100968,SUB206996,2.32,2025-04-15 18:15:34.645273,study_reward
PAY306111,P102502,SUB206997,2.64,2025-04-15 19:08:59.346407,study_reward
PAY306112,P100081,SUB206998,2.96,2025-04-15 19:15:58.950372,study_reward
PAY306113,P101850,SUB206999,2.08,2025-04-15 19:48:19.394174,study_reward
PAY306114,P100559,SUB207000,0.64,2025-04-15 19:48:41.273183,study_reward
PAY306115,P100046,SUB207001,5.67,2025-04-15 19:49:05.723747,study_reward
PAY306116,P100596,SUB207002,1.9,2025-04-15 20:01:24.545593,study_reward
PAY306117,P101225,SUB207003,4.18,2025-04-15 20:44:44.349542,study_reward
PAY306118,P100659,SUB207004,7.54,2025-04-15 20:56:17.581354,study_reward
PAY306119,P102457,SUB207005,1.9,2025-04-15 21:47:27.634464,study_reward
PAY306120,P101767,SUB207006,1.47,2025-04-15 22:10:35.474564,study_reward
PAY306121,P102441,SUB207007,1.85,2025-04-15 22:19:35.355589,study_reward
PAY306122,P100413,SUB207008,0.76,2025-04-15 22:44:47.376403,study_reward
PAY306123,P102055,SUB207009,2.83,2025-04-15 23:06:55.762351,study_reward
PAY306124,P100429,SUB207010,1.2,2025-04-15 23:15:08.987265,study_reward
PAY306125,P101457,SUB207011,4.18,2025-04-16 00:01:16.576729,study_reward
PAY306126,P102016,SUB207012,4.54,2025-04-16 01:09:33.608229,study_reward
PAY306127,P100429,SUB207013,1.48,2025-04-16 01:15:08.987265,study_reward
PAY306128,P100991,SUB207015,1.19,2025-04-16 02:15:33.001221,study_reward
PAY306129,P101287,SUB207016,1.59,2025-04-16 02:20:13.382039,study_reward
PAY306130,P100030,SUB207017,1.43,2025-04-16 02:23:45.456222,study_reward
PAY306131,P100975,SUB207018,1.75,2025-04-16 02:35:17.896481,study_reward
PAY306132,P101500,SUB207019,1.23,2025-04-16 04:17:07.397228,study_reward
PAY306133,P102275,SUB207020,1.05,2025-04-16 04:27:58.543003,study_reward
PAY306134,P101398,SUB207022,1.28,2025-04-16 04:49:54.730779,study_reward
PAY306135,P102290,SUB207023,4.69,2025-04-16 05:07:52.114655,study_reward
PAY306136,P100791,SUB207024,3.62,2025-04-16 06:03:00.371276,study_reward
PAY306137,P100295,SUB207025,3.58,2025-04-16 06:04:15.414131,study_reward
PAY306138,P101299,SUB207026,6.81,2025-04-16 06:09:58.503230,study_reward
PAY306139,P100749,SUB207027,1.75,2025-04-16 06:11:51.185910,study_reward
PAY306140,P102749,SUB207028,7.63,2025-04-16 08:20:42.101131,study_reward
PAY306141,P100352,SUB207029,1.68,2025-04-16 08:38:30.220186,study_reward
PAY306142,P101675,SUB207030,6.06,2025-04-16 10:01:01.408973,study_reward
PAY306143,P100608,SUB207031,1.48,2025-04-16 11:20:19.594766,study_reward
PAY306144,P102617,SUB207032,2.36,2025-04-16 11:39:45.604805,study_reward
PAY306145,P102987,SUB207034,2.73,2025-04-16 13:14:11.706602,study_reward
PAY306146,P102575,SUB207036,3.64,2025-04-16 17:29:13.817093,study_reward
PAY306147,P102463,SUB207037,2.91,2025-04-16 18:12:23.320056,study_reward
PAY306148,P102863,SUB207038,6.16,2025-04-16 18:39:44.940202,study_reward
PAY306149,P101894,SUB207040,2.6,2025-04-16 19:21:01.016721,study_reward
PAY306150,P101137,SUB207041,1.75,2025-04-16 19:26:01.676522,study_reward
PAY306151,P102753,SUB207042,3.95,2025-04-16 19:30:34.371813,study_reward
PAY306152,P101767,SUB207043,0.63,2025-04-16 22:10:35.474564,study_reward
PAY306153,P101956,SUB207045,10.53,2025-04-16 23:01:02.729755,study_reward
PAY306154,P100451,SUB207046,1.66,2025-04-16 23:11:20.842622,study_reward
PAY306155,P102737,SUB207047,2.82,2025-04-17 00:28:48.239375,study_reward
PAY306156,P102685,SUB207049,5.04,2025-04-17 00:54:06.066527,study_reward
PAY306157,P101763,SUB207050,6.85,2025-04-17 01:05:42.225837,study_reward
PAY306158,P102756,SUB207051,2.31,2025-04-17 01:16:28.407936,study_reward
PAY306159,P101783,SUB207052,1.35,2025-04-17 01:57:48.602381,study_reward
PAY306160,P101945,SUB207053,5.22,2025-04-17 02:09:45.665663,study_reward
PAY306161,P101124,SUB207054,1.79,2025-04-17 02:14:08.304583,study_reward
PAY306162,P102987,SUB207055,2.13,2025-04-17 02:14:11.706602,study_reward
PAY306163,P100287,SUB207056,2.11,2025-04-17 03:16:10.916862,study_reward
PAY306164,P102502,SUB207057,3.05,2025-04-17 04:08:59.346407,study_reward
PAY306165,P100749,SUB207058,1.56,2025-04-17 05:11:51.185910,study_reward
PAY306166,P101835,SUB207059,1.08,2025-04-17 05:59:21.451147,study_reward
PAY306167,P100570,SUB207060,3.24,2025-04-17 06:29:40.642345,study_reward
PAY306168,P101540,SUB207061,2.96,2025-04-17 06:35:47.652850,study_reward
PAY306169,P102332,SUB207062,2.35,2025-04-17 07:14:06.740867,study_reward
PAY306170,P101545,SUB207063,0.5,2025-04-17 07:18:00.076162,study_reward
PAY306171,P100357,SUB207065,1.08,2025-04-17 08:03:36.988540,study_reward
PAY306172,P102457,SUB207066,3.03,2025-04-17 08:47:27.634464,study_reward
PAY306173,P101204,SUB207067,0.85,2025-04-17 09:49:53.254996,study_reward
PAY306174,P102290,SUB207068,9.78,2025-04-17 10:07:52.114655,study_reward
PAY306175,P100784,SUB207069,0.74,2025-04-17 10:17:00.791259,study_reward
PAY306176,P100697,SUB207070,7.36,2025-04-17 10:54:01.001839,study_reward
PAY306177,P100697,SUB207071,5.65,2025-04-17 11:54:01.001839,study_reward
PAY306178,P101682,SUB207072,1.11,2025-04-17 14:22:25.942108,study_reward
PAY306179,P101086,SUB207073,2.64,2025-04-17 15:11:23.948499,study_reward
PAY306180,P101640,SUB207074,4.49,2025-04-17 15:19:14.845302,study_reward
PAY306181,P100732,SUB207075,1.52,2025-04-17 16:04:31.042817,study_reward
PAY306182,P100570,SUB207076,1.93,2025-04-17 16:29:40.642345,study_reward
PAY306183,P100003,SUB207077,3.03,2025-04-17 16:38:20.373423,study_reward
PAY306184,P100791,SUB207078,4.22,2025-04-17 19:03:00.371276,study_reward
PAY306185,P100624,SUB207079,3.47,2025-04-17 19:23:32.119254,study_reward
PAY306186,P100359,SUB207081,3.64,2025-04-17 19:34:55.070881,study_reward
PAY306187,P101682,SUB207082,2.24,2025-04-17 20:22:25.942108,study_reward
PAY306188,P100647,SUB207083,0.67,2025-04-17 20:31:30.399806,study_reward
PAY306189,P101225,SUB207084,2.83,2025-04-17 20:44:44.349542,study_reward
PAY306190,P101009,SUB207086,1.14,2025-04-17 21:55:59.848673,study_reward
PAY306191,P101640,SUB207087,2.75,2025-04-17 22:19:14.845302,study_reward
PAY306192,P102414,SUB207088,2.4,2025-04-17 22:40:56.135609,study_reward
PAY306193,P102198,SUB207089,6.03,2025-04-18 00:47:07.399037,study_reward
PAY306194,P102864,SUB207090,5.02,2025-04-18 04:13:35.389789,study_reward
PAY306195,P102016,SUB207091,2.54,2025-04-18 05:09:33.608229,study_reward
PAY306196,P100872,SUB207092,1.58,2025-04-18 06:59:22.092375,study_reward
PAY306197,P101287,SUB207095,2.1,2025-04-18 08:20:13.382039,study_reward
PAY306198,P102850,SUB207096,3.95,2025-04-18 09:41:48.454921,study_reward
PAY306199,P102955,SUB207097,5.22,2025-04-18 10:09:21.359736,study_reward
PAY306200,P100429,SUB207098,1.75,2025-04-18 10:15:08.987265,study_reward
PAY306201,P100041,SUB207099,1.78,2025-04-18 10:18:38.190832,study_reward
PAY306202,P100327,SUB207100,4.8,2025-04-18 10:32:36.360089,study_reward
PAY306203,P100159,SUB207101,3.8,2025-04-18 10:54:23.952119,study_reward
PAY306204,P102645,SUB207102,2.54,2025-04-18 11:06:50.794589,study_reward
PAY306205,P101335,SUB207103,1.75,2025-04-18 11:33:47.727433,study_reward
PAY306206,P101806,SUB207104,1.43,2025-04-18 11:48:38.170487,study_reward
PAY306207,P102457,SUB207106,2.46,2025-04-18 14:47:27.634464,study_reward
PAY306208,P102463,SUB207107,0.85,2025-04-18 15:12:23.320056,study_reward
PAY306209,P100095,SUB207108,0.73,2025-04-18 15:40:18.129546,study_reward
PAY306210,P100838,SUB207109,3.24,2025-04-18 16:45:50.749725,study_reward
PAY306211,P101763,SUB207110,5.22,2025-04-18 17:05:42.225837,study_reward
PAY306212,P100547,SUB207111,1.42,2025-04-18 17:46:50.868175,study_reward
PAY306213,P100743,SUB207113,9.78,2025-04-18 18:15:44.052427,study_reward
PAY306214,P102530,SUB207114,0.63,2025-04-18 18:48:48.549517,study_reward
PAY306215,P102412,SUB207115,12.16,2025-04-18 19:07:34.069164,study_reward
PAY306216,P101328,SUB207116,1.59,2025-04-18 19:30:33.013186,study_reward
PAY306217,P102600,SUB207117,1.01,2025-04-18 19:55:23.585085,study_reward
PAY306218,P100054,SUB207118,1.14,2025-04-18 20:54:35.483231,study_reward
PAY306219,P100429,SUB207119,7.36,2025-04-18 21:15:08.987265,study_reward
PAY306220,P102361,SUB207120,2.24,2025-04-18 23:17:02.983704,study_reward
PAY306221,P101617,SUB207121,2.27,2025-04-18 23:52:18.376137,study_reward
PAY306222,P100096,SUB207122,5.04,2025-04-19 00:25:04.064461,study_reward
PAY306223,P101362,SUB207123,2.43,2025-04-19 00:36:48.597537,study_reward
PAY306224,P100991,SUB207125,5.07,2025-04-19 02:15:33.001221,study_reward
PAY306225,P102502,SUB207126,3.21,2025-04-19 03:08:59.346407,study_reward
PAY306226,P100486,SUB207127,2.39,2025-04-19 04:35:16.203743,study_reward
PAY306227,P101835,SUB207128,1.52,2025-04-19 04:59:21.451147,study_reward
PAY306228,P100114,SUB207129,1.43,2025-04-19 05:04:39.759021,study_reward
PAY306229,P101524,SUB207130,2.36,2025-04-19 06:19:18.289396,study_reward
PAY306230,P102198,SUB207131,4.72,2025-04-19 06:47:07.399037,study_reward
PAY306231,P101549,SUB207132,1.59,2025-04-19 07:33:47.280491,study_reward
PAY306232,P100697,SUB207133,1.67,2025-04-19 07:54:01.001839,study_reward
PAY306233,P100608,SUB207134,2.02,2025-04-19 08:20:19.594766,study_reward
PAY306234,P102160,SUB207135,4.18,2025-04-19 09:44:04.749852,study_reward
PAY306235,P100169,SUB207136,2.61,2025-04-19 10:05:41.344291,study_reward
PAY306236,P100386,,15.0,2025-04-19 10:06:20.000000,referral_bonus
PAY306237,P102265,SUB207137,1.79,2025-04-19 10:35:23.351474,study_reward
PAY306238,P100732,,2.5,2025-04-19 11:30:02.000000,referral_bonus
PAY306239,P101759,SUB207138,6.67,2025-04-19 11:31:07.560431,study_reward
PAY306240,P100159,SUB207139,4.48,2025-04-19 11:54:23.952119,study_reward
PAY306241,P101328,SUB207140,1.91,2025-04-19 12:30:33.013186,study_reward
PAY306242,P101703,SUB207141,1.56,2025-04-19 13:18:16.159889,study_reward
PAY306243,P102723,SUB207142,1.7,2025-04-19 13:34:30.306036,study_reward
PAY306244,P102235,SUB207143,5.51,2025-04-19 14:44:32.241647,study_reward
PAY306245,P101617,SUB207144,1.13,2025-04-19 15:52:18.376137,study_reward
PAY306246,P101783,SUB207145,1.9,2025-04-19 15:57:48.602381,study_reward
PAY306247,P100046,SUB207146,2.06,2025-04-19 16:49:05.723747,study_reward
PAY306248,P102117,SUB207147,3.47,2025-04-19 17:09:07.861523,study_reward
PAY306249,P100709,SUB207148,2.61,2025-04-19 17:53:39.668219,study_reward
PAY306250,P100229,SUB207149,5.22,2025-04-19 18:05:48.975219,study_reward
PAY306251,P101284,SUB207150,3.34,2025-04-19 19:07:21.003957,study_reward
PAY306252,P102332,SUB207151,1.99,2025-04-19 20:14:06.740867,study_reward
PAY306253,P101450,SUB207152,2.4,2025-04-19 20:55:00.918041,study_reward
PAY306254,P100544,SUB207153,2.29,2025-04-19 21:07:51.791033,study_reward
PAY306255,P102009,SUB207155,1.2,2025-04-19 21:43:53.776970,study_reward
PAY306256,P102055,SUB207156,2.27,2025-04-19 22:06:55.762351,study_reward
PAY306257,P102987,SUB207157,2.37,2025-04-19 22:14:11.706602,study_reward
PAY306258,P100136,SUB207158,6.13,2025-04-19 22:43:40.653199,study_reward
PAY306259,P102458,SUB207159,0.86,2025-04-19 23:02:23.947582,study_reward
PAY306260,P100229,SUB207160,6.67,2025-04-19 23:05:48.975219,study_reward
PAY306261,P102161,SUB207161,1.77,2025-04-20 00:07:23.791652,study_reward
PAY306262,P102441,SUB207162,1.28,2025-04-20 00:19:35.355589,study_reward
PAY306263,P102891,SUB207163,1.0,2025-04-20 00:43:38.213294,study_reward
PAY306264,P100257,SUB207164,0.82,2025-04-20 00:47:57.824935,study_reward
PAY306265,P100659,SUB207165,0.63,2025-04-20 00:56:17.581354,study_reward
PAY306266,P102645,SUB207166,2.96,2025-04-20 01:06:50.794589,study_reward
PAY306267,P101154,SUB207167,4.21,2025-04-20 01:14:43.829597,study_reward
PAY306268,P101204,SUB207168,2.07,2025-04-20 02:49:53.254996,study_reward
PAY306269,P100220,SUB207169,7.54,2025-04-20 04:11:17.472849,study_reward
PAY306270,P100287,SUB207171,4.49,2025-04-20 07:16:10.916862,study_reward
PAY306271,P102291,SUB207172,1.75,2025-04-20 07:53:19.688739,study_reward
PAY306272,P102255,SUB207174,1.79,2025-04-20 08:51:21.126576,study_reward
PAY306273,P100046,SUB207175,3.44,2025-04-20 09:49:05.723747,study_reward
PAY306274,P100968,SUB207176,2.36,2025-04-20 10:15:34.645273,study_reward
PAY306275,P100054,SUB207177,10.53,2025-04-20 10:54:35.483231,study_reward
PAY306276,P101880,SUB207178,1.42,2025-04-20 11:00:03.960149,study_reward
PAY306277,P102016,SUB207179,2.19,2025-04-20 11:09:33.608229,study_reward
PAY306278,P100275,SUB207180,1.14,2025-04-20 11:29:08.604344,study_reward
PAY306279,P102502,SUB207181,2.46,2025-04-20 12:08:59.346407,study_reward
PAY306280,P101443,SUB207182,3.95,2025-04-20 12:33:50.146842,study_reward
PAY306281,P102605,SUB207183,5.51,2025-04-20 12:36:10.018316,study_reward
PAY306282,P100756,SUB207184,1.96,2025-04-20 13:36:50.779022,study_reward
PAY306283,P101234,SUB207185,4.21,2025-04-20 13:52:56.522958,study_reward
PAY306284,P101545,SUB207186,2.31,2025-04-20 14:18:00.076162,study_reward
PAY306285,P102441,SUB207188,2.63,2025-04-20 15:19:35.355589,study_reward
PAY306286,P102737,SUB207189,1.79,2025-04-20 15:28:48.239375,study_reward
PAY306287,P102891,SUB207190,1.47,2025-04-20 15:43:38.213294,study_reward
PAY306288,P101708,SUB207191,1.77,2025-04-20 15:50:44.525775,study_reward
PAY306289,P100327,SUB207192,1.54,2025-04-20 17:32:36.360089,study_reward
PAY306290,P102635,SUB207193,2.6,2025-04-20 18:44:57.045511,study_reward
PAY306291,P102575,SUB207194,0.86,2025-04-20 19:29:13.817093,study_reward
PAY306292,P102753,SUB207195,0.8,2025-04-20 19:30:34.371813,study_reward
PAY306293,P101907,SUB207196,2.24,2025-04-20 19:50:00.715462,study_reward
PAY306294,P100414,SUB207197,4.13,2025-04-20 20:38:53.940632,study_reward
PAY306295,P102617,SUB207198,2.11,2025-04-20 20:39:45.604805,study_reward
PAY306296,P101708,SUB207199,0.91,2025-04-20 20:50:44.525775,study_reward
PAY306297,P102389,SUB207200,2.63,2025-04-20 20:58:32.803531,study_reward
PAY306298,P101759,SUB207201,3.03,2025-04-20 21:31:07.560431,study_reward
PAY306299,P102383,SUB207203,1.76,2025-04-20 23:39:08.885742,study_reward
PAY306300,P100438,SUB207204,1.67,2025-04-20 23:53:40.836139,study_reward
PAY306301,P100435,SUB207205,2.14,2025-04-21 01:10:48.145291,study_reward
PAY306302,P102737,SUB207206,4.04,2025-04-21 02:28:48.239375,study_reward
PAY306303,P102291,SUB207207,5.07,2025-04-21 03:53:19.688739,study_reward
PAY306304,P101068,SUB207208,1.91,2025-04-21 03:56:11.559144,study_reward
PAY306305,P101130,SUB207211,2.48,2025-04-21 05:08:17.222218,study_reward
PAY306306,P102561,SUB207212,2.24,2025-04-21 05:21:33.076683,study_reward
PAY306307,P102473,SUB207213,5.51,2025-04-21 06:12:45.588871,study_reward
PAY306308,P102414,SUB207214,0.41,2025-04-21 06:40:56.135609,study_reward
PAY306309,P100257,SUB207215,1.75,2025-04-21 06:47:57.824935,study_reward
PAY306310,P102685,SUB207216,1.52,2025-04-21 07:54:06.066527,study_reward
PAY306311,P100435,SUB207217,6.19,2025-04-21 08:10:48.145291,study_reward
PAY306312,P102361,SUB207220,4.54,2025-04-21 08:17:02.983704,study_reward
PAY306313,P101225,SUB207221,6.67,2025-04-21 09:44:44.349542,study_reward
PAY306314,P101125,SUB207222,2.38,2025-04-21 10:13:00.918610,study_reward
PAY306315,P101154,SUB207223,1.23,2025-04-21 10:14:43.829597,study_reward
PAY306316,P102405,SUB207224,1.12,2025-04-21 10:59:57.212828,study_reward
PAY306317,P101137,SUB207225,6.13,2025-04-21 11:26:01.676522,study_reward
PAY306318,P102749,SUB207226,1.46,2025-04-21 12:20:42.101131,study_reward
PAY306319,P100559,SUB207227,7.36,2025-04-21 12:48:41.273183,study_reward
PAY306320,P101420,SUB207228,2.91,2025-04-21 12:58:14.456381,study_reward
PAY306321,P101109,SUB207229,1.96,2025-04-21 13:02:47.975989,study_reward
PAY306322,P101442,SUB207230,4.16,2025-04-21 13:08:56.901287,study_reward
PAY306323,P100220,SUB207231,0.5,2025-04-21 13:11:17.472849,study_reward
PAY306324,P101298,SUB207233,0.33,2025-04-21 13:13:13.984108,study_reward
PAY306325,P101353,SUB207234,2.76,2025-04-21 13:40:44.161113,study_reward
PAY306326,P100275,SUB207235,3.46,2025-04-21 14:29:08.604344,study_reward
PAY306327,P102773,SUB207237,3.85,2025-04-21 15:35:47.888443,study_reward
PAY306328,P101134,SUB207238,6.81,2025-04-21 16:15:50.277155,study_reward
PAY306329,P102831,SUB207239,2.31,2025-04-21 17:55:42.038774,study_reward
PAY306330,P100359,SUB207240,5.07,2025-04-21 19:34:55.070881,study_reward
PAY306331,P102121,SUB207241,2.61,2025-04-21 21:36:51.306396,study_reward
PAY306332,P101796,SUB207242,4.1,2025-04-21 21:56:35.061784,study_reward
PAY306333,P101763,SUB207243,2.25,2025-04-22 00:05:42.225837,study_reward
PAY306334,P101649,SUB207244,1.68,2025-04-22 00:18:03.612907,study_reward
PAY306335,P100756,SUB207245,6.13,2025-04-22 00:36:50.779022,study_reward
PAY306336,P100357,SUB207246,1.95,2025-04-22 01:03:36.988540,study_reward
PAY306337,P101449,SUB207248,4.57,2025-04-22 01:57:22.618525,study_reward
PAY306338,P101545,SUB207249,0.41,2025-04-22 02:18:00.076162,study_reward
PAY306339,P101170,SUB207250,5.5,2025-04-22 02:30:14.944601,study_reward
PAY306340,P101125,SUB207251,4.0,2025-04-22 03:13:00.918610,study_reward
PAY306341,P100681,SUB207252,6.05,2025-04-22 03:56:31.269634,study_reward
PAY306342,P101896,SUB207253,2.42,2025-04-22 05:02:29.420285,study_reward
PAY306343,P100096,SUB207254,0.8,2025-04-22 06:25:04.064461,study_reward
PAY306344,P101717,SUB207255,3.44,2025-04-22 06:30:06.669616,study_reward
PAY306345,P100781,SUB207256,2.63,2025-04-22 07:00:47.404706,study_reward
PAY306346,P102385,SUB207257,5.74,2025-04-22 07:58:12.684853,study_reward
PAY306347,P100533,SUB207258,5.38,2025-04-22 08:12:49.427056,study_reward
PAY306348,P102265,SUB207259,2.06,2025-04-22 08:35:23.351474,study_reward
PAY306349,P102405,SUB207260,2.11,2025-04-22 10:59:57.212828,study_reward
PAY306350,P100796,,10.0,2025-04-22 12:39:38.000000,referral_bonus
PAY306351,P101682,SUB207261,2.77,2025-04-22 13:22:25.942108,study_reward
PAY306352,P102410,SUB207263,1.95,2025-04-22 14:20:07.057856,study_reward
PAY306353,P101225,SUB207264,4.72,2025-04-22 14:44:44.349542,study_reward
PAY306354,P102328,SUB207265,1.91,2025-04-22 16:25:36.655565,study_reward
PAY306355,P100951,SUB207266,0.64,2025-04-22 17:02:14.251078,study_reward
PAY306356,P101449,SUB207267,1.96,2025-04-22 17:57:22.618525,study_reward
PAY306357,P101292,SUB207268,1.24,2025-04-22 20:41:52.455912,study_reward
PAY306358,P102502,SUB207269,2.69,2025-04-22 22:08:59.346407,study_reward
PAY306359,P100541,SUB207270,1.08,2025-04-22 22:29:20.434338,study_reward
PAY306360,P101475,SUB207271,3.62,2025-04-22 22:30:52.627009,study_reward
PAY306361,P102585,SUB207272,2.96,2025-04-22 23:14:45.405803,study_reward
PAY306362,P102267,SUB207273,0.33,2025-04-23 01:17:24.893304,study_reward
PAY306363,P102891,SUB207274,2.1,2025-04-23 01:43:38.213294,study_reward
PAY306364,P100229,SUB207277,4.54,2025-04-23 03:05:48.975219,study_reward
PAY306365,P101328,SUB207278,2.97,2025-04-23 03:30:33.013186,study_reward
PAY306366,P100221,SUB207279,1.48,2025-04-23 04:06:42.754049,study_reward
PAY306367,P100101,SUB207280,1.96,2025-04-23 04:43:05.037504,study_reward
PAY306368,P100816,SUB207281,1.74,2025-04-23 05:57:23.354327,study_reward
PAY306369,P101109,SUB207282,0.5,2025-04-23 06:02:47.975989,study_reward
PAY306370,P102797,SUB207283,2.61,2025-04-23 06:18:46.095698,study_reward
PAY306371,P100854,SUB207284,6.81,2025-04-23 06:45:19.299129,study_reward
PAY306372,P100647,SUB207285,3.47,2025-04-23 07:31:30.399806,study_reward
PAY306373,P101284,SUB207286,2.03,2025-04-23 08:07:21.003957,study_reward
PAY306374,P100838,SUB207287,0.5,2025-04-23 08:45:50.749725,study_reward
PAY306375,P101137,SUB207288,4.91,2025-04-23 10:26:01.676522,study_reward
PAY306376,P100438,SUB207289,12.16,2025-04-23 10:53:40.836139,study_reward
PAY306377,P100681,SUB207290,1.77,2025-04-23 10:56:31.269634,study_reward
PAY306378,P101793,SUB207291,3.1,2025-04-23 11:41:05.843607,study_reward
PAY306379,P101675,SUB207292,3.29,2025-04-23 13:01:01.408973,study_reward
PAY306380,P101045,SUB207293,3.47,2025-04-23 13:07:28.851805,study_reward
PAY306381,P100858,SUB207294,2.82,2025-04-23 13:16:01.616564,study_reward
PAY306382,P102055,SUB207295,1.95,2025-04-23 14:06:55.762351,study_reward
PAY306383,P101153,SUB207296,3.44,2025-04-23 14:51:43.091606,study_reward
PAY306384,P100295,SUB207298,4.4,2025-04-23 17:04:15.414131,study_reward
PAY306385,P101124,SUB207299,3.96,2025-04-23 18:14:08.304583,study_reward
PAY306386,P100257,SUB207300,1.42,2025-04-23 19:47:57.824935,study_reward
PAY306387,P100816,SUB207301,6.85,2025-04-23 20:57:23.354327,study_reward
PAY306388,P100322,SUB207302,6.13,2025-04-23 21:01:16.936753,study_reward
PAY306389,P101782,SUB207303,1.33,2025-04-23 21:06:49.138317,study_reward
PAY306390,P100009,SUB207304,2.75,2025-04-23 21:10:44.809425,study_reward
PAY306391,P101793,SUB207306,3.58,2025-04-23 21:41:05.843607,study_reward
PAY306392,P102518,SUB207308,1.47,2025-04-23 23:11:53.217038,study_reward
PAY306393,P101663,SUB207309,2.55,2025-04-23 23:14:38.309605,study_reward
PAY306394,P100543,SUB207310,2.11,2025-04-23 23:46:57.400518,study_reward
PAY306395,P101586,SUB207311,6.11,2025-04-23 23:57:07.440791,study_reward
PAY306396,P102161,SUB207312,9.78,2025-04-24 00:07:23.791652,study_reward
PAY306397,P100435,SUB207313,2.46,2025-04-24 00:10:48.145291,study_reward
PAY306398,P102585,SUB207314,2.37,2025-04-24 01:14:45.405803,study_reward
PAY306399,P102367,SUB207315,1.52,2025-04-24 01:40:43.012759,study_reward
PAY306400,P102383,SUB207316,3.74,2025-04-24 02:39:08.885742,study_reward
PAY306401,P102863,SUB207317,7.35,2025-04-24 02:39:44.940202,study_reward
PAY306402,P102117,SUB207318,4.12,2025-04-24 03:09:07.861523,study_reward
PAY306403,P100743,SUB207319,0.85,2025-04-24 03:15:44.052427,study_reward
PAY306404,P101137,SUB207320,2.82,2025-04-24 03:26:01.676522,study_reward
PAY306405,P102361,SUB207321,1.51,2025-04-24 05:17:02.983704,study_reward
PAY306406,P101640,SUB207322,2.77,2025-04-24 06:19:14.845302,study_reward
PAY306407,P102441,SUB207323,1.9,2025-04-24 06:19:35.355589,study_reward
PAY306408,P101108,SUB207324,2.69,2025-04-24 06:26:51.378617,study_reward
PAY306409,P100886,SUB207325,2.19,2025-04-24 06:50:35.571001,study_reward
PAY306410,P101020,SUB207326,2.55,2025-04-24 07:03:59.224612,study_reward
PAY306411,P102263,SUB207329,7.36,2025-04-24 09:30:02.583980,study_reward
PAY306412,P100327,SUB207331,1.92,2025-04-24 12:32:36.360089,study_reward
PAY306413,P102934,SUB207332,2.07,2025-04-24 13:01:04.288740,study_reward
PAY306414,P101020,SUB207333,1.08,2025-04-24 13:03:59.224612,study_reward
PAY306415,P102255,SUB207334,2.35,2025-04-24 13:51:21.126576,study_reward
PAY306416,P102921,SUB207335,5.45,2025-04-24 13:51:34.202635,study_reward
PAY306417,P101362,SUB207336,1.08,2025-04-24 14:36:48.597537,study_reward
PAY306418,P101134,SUB207338,1.67,2025-04-24 17:15:50.277155,study_reward
PAY306419,P101708,SUB207339,1.96,2025-04-24 17:50:44.525775,study_reward
PAY306420,P100681,SUB207341,2.43,2025-04-24 17:56:31.269634,study_reward
PAY306421,P101399,SUB207342,1.81,2025-04-24 18:50:32.867459,study_reward
PAY306422,P101009,SUB207343,2.38,2025-04-24 18:55:59.848673,study_reward
PAY306423,P102178,SUB207344,2.97,2025-04-24 19:02:41.877673,study_reward
PAY306424,P101632,SUB207345,2.82,2025-04-24 19:03:25.259026,study_reward
PAY306425,P100584,SUB207346,1.23,2025-04-24 19:43:33.081100,study_reward
PAY306426,P100327,SUB207347,2.02,2025-04-24 20:32:36.360089,study_reward
PAY306427,P100046,SUB207348,3.04,2025-04-24 20:49:05.723747,study_reward
PAY306428,P100732,SUB207349,1.52,2025-04-24 21:04:31.042817,study_reward
PAY306429,P101649,SUB207350,5.67,2025-04-24 21:18:03.612907,study_reward
PAY306430,P100193,SUB207352,5.63,2025-04-24 21:24:08.199817,study_reward
PAY306431,P101708,SUB207353,1.81,2025-04-24 21:50:44.525775,study_reward
PAY306432,P102385,SUB207354,1.59,2025-04-24 21:58:12.684853,study_reward
PAY306433,P101717,SUB207358,1.93,2025-04-25 01:30:06.669616,study_reward
PAY306434,P102880,SUB207359,2.7,2025-04-25 01:49:08.291233,study_reward
PAY306435,P102252,SUB207361,0.33,2025-04-25 04:01:10.429801,study_reward
PAY306436,P100327,SUB207362,3.34,2025-04-25 04:32:36.360089,study_reward
PAY306437,P102361,SUB207363,2.37,2025-04-25 06:17:02.983704,study_reward
PAY306438,P102850,SUB207364,4.49,2025-04-25 06:41:48.454921,study_reward
PAY306439,P100432,SUB207365,5.41,2025-04-25 06:51:57.534167,study_reward
PAY306440,P100709,SUB207366,0.64,2025-04-25 06:53:39.668219,study_reward
PAY306441,P101442,SUB207367,2.4,2025-04-25 07:08:56.901287,study_reward
PAY306442,P102773,SUB207368,3.24,2025-04-25 07:35:47.888443,study_reward
PAY306443,P101045,SUB207369,2.38,2025-04-25 08:07:28.851805,study_reward
PAY306444,P102579,SUB207371,4.18,2025-04-25 08:48:02.970325,study_reward
PAY306445,P101806,SUB207372,1.79,2025-04-25 08:48:38.170487,study_reward
PAY306446,P101907,SUB207373,1.35,2025-04-25 08:50:00.715462,study_reward
PAY306447,P101619,SUB207374,1.21,2025-04-25 09:03:28.484194,study_reward
PAY306448,P102464,SUB207375,1.96,2025-04-25 09:43:55.849445,study_reward
PAY306449,P100816,SUB207376,2.55,2025-04-25 09:57:23.354327,study_reward
PAY306450,P102265,SUB207377,3.57,2025-04-25 10:35:23.351474,study_reward
PAY306451,P102412,SUB207378,3.77,2025-04-25 11:07:34.069164,study_reward
PAY306452,P100435,SUB207379,5.58,2025-04-25 12:10:48.145291,study_reward
PAY306453,P102956,SUB207380,5.04,2025-04-25 12:18:45.748830,study_reward
PAY306454,P102811,SUB207381,2.11,2025-04-25 12:20:57.000333,study_reward
PAY306455,P100096,SUB207382,1.75,2025-04-25 13:25:04.064461,study_reward
PAY306456,P102214,SUB207383,1.02,2025-04-25 13:31:45.532869,study_reward
PAY306457,P102956,SUB207384,1.85,2025-04-25 14:18:45.748830,study_reward
PAY306458,P102441,SUB207385,1.21,2025-04-25 14:19:35.355589,study_reward
PAY306459,P101353,SUB207386,3.06,2025-04-25 14:40:44.161113,study_reward
PAY306460,P102585,SUB207387,3.43,2025-04-25 15:14:45.405803,study_reward
PAY306461,P100547,SUB207388,5.29,2025-04-25 15:46:50.868175,study_reward
PAY306462,P100435,SUB207389,1.74,2025-04-25 18:10:48.145291,study_reward
PAY306463,P100835,SUB207390,1.78,2025-04-25 18:48:37.440428,study_reward
PAY306464,P102880,SUB207391,2.1,2025-04-25 18:49:08.291233,study_reward
PAY306465,P101450,SUB207392,5.04,2025-04-25 19:55:00.918041,study_reward
PAY306466,P102267,SUB207393,2.96,2025-04-25 21:17:24.893304,study_reward
PAY306467,P101170,SUB207394,4.16,2025-04-25 22:30:14.944601,study_reward
PAY306468,P100137,SUB207395,1.67,2025-04-25 22:58:02.469119,study_reward
PAY306469,P102863,SUB207396,1.05,2025-04-25 23:39:44.940202,study_reward
PAY306470,P101306,SUB207398,2.46,2025-04-26 02:11:37.786283,study_reward
PAY306471,P102473,SUB207399,3.1,2025-04-26 02:12:45.588871,study_reward
PAY306472,P100295,SUB207400,1.0,2025-04-26 03:04:15.414131,study_reward
PAY306473,P101328,SUB207401,0.5,2025-04-26 03:30:33.013186,study_reward
PAY306474,P101767,SUB207403,2.12,2025-04-26 04:10:35.474564,study_reward
PAY306475,P101114,SUB207404,1.75,2025-04-26 04:36:43.140210,study_reward
PAY306476,P102955,SUB207405,2.6,2025-04-26 05:09:21.359736,study_reward
PAY306477,P100435,SUB207406,2.43,2025-04-26 05:10:48.145291,study_reward
PAY306478,P102773,SUB207407,3.47,2025-04-26 05:35:47.888443,study_reward
PAY306479,P101784,SUB207408,2.31,2025-04-26 05:50:30.380598,study_reward
PAY306480,P101572,SUB207409,2.48,2025-04-26 06:07:39.902613,study_reward
PAY306481,P101717,SUB207410,4.21,2025-04-26 07:30:06.669616,study_reward
PAY306482,P102635,SUB207411,4.12,2025-04-26 07:44:57.045511,study_reward
PAY306483,P102247,,15.0,2025-04-26 07:54:13.000000,referral_bonus
PAY306484,P101679,SUB207412,1.76,2025-04-26 08:31:04.621977,study_reward
PAY306485,P100975,SUB207413,2.08,2025-04-26 09:35:17.896481,study_reward
PAY306486,P102132,SUB207414,5.46,2025-04-26 10:39:58.280940,study_reward
PAY306487,P100723,SUB207415,1.9,2025-04-26 10:49:49.831276,study_reward
PAY306488,P100864,SUB207416,1.99,2025-04-26 11:14:57.785662,study_reward
PAY306489,P100541,SUB207417,3.47,2025-04-26 11:29:20.434338,study_reward
PAY306490,P102952,SUB207419,1.02,2025-04-26 12:40:12.776489,study_reward
PAY306491,P100387,SUB207420,5.17,2025-04-26 13:37:10.612955,study_reward
PAY306492,P100749,SUB207422,3.87,2025-04-26 14:11:51.185910,study_reward
PAY306493,P102564,SUB207423,2.56,2025-04-26 15:51:16.753826,study_reward
PAY306494,P100038,SUB207425,1.68,2025-04-26 17:42:44.345927,study_reward
PAY306495,P101408,SUB207426,2.46,2025-04-26 17:49:40.135546,study_reward
PAY306496,P101068,SUB207427,4.69,2025-04-26 17:56:11.559144,study_reward
PAY306497,P101335,SUB207428,1.46,2025-04-26 20:33:47.727433,study_reward
PAY306498,P100414,SUB207429,2.55,2025-04-26 20:38:53.940632,study_reward
PAY306499,P101408,SUB207430,0.63,2025-04-26 20:49:40.135546,study_reward
PAY306500,P101724,SUB207431,5.74,2025-04-26 20:54:07.187861,study_reward
PAY306501,P102161,SUB207432,1.42,2025-04-26 21:07:23.791652,study_reward
PAY306502,P100041,SUB207433,2.4,2025-04-26 22:18:38.190832,study_reward
PAY306503,P101717,SUB207434,1.75,2025-04-26 22:30:06.669616,study_reward
PAY306504,P102374,SUB207435,6.85,2025-04-26 22:56:47.026969,study_reward
PAY306505,P101335,SUB207437,2.26,2025-04-26 23:33:47.727433,study_reward
PAY306506,P101420,SUB207438,5.46,2025-04-27 02:58:14.456381,study_reward
PAY306507,P100743,SUB207439,1.59,2025-04-27 03:15:44.052427,study_reward
PAY306508,P101956,SUB207440,2.37,2025-04-27 04:01:02.729755,study_reward
PAY306509,P102121,SUB207441,5.65,2025-04-27 04:36:51.306396,study_reward
PAY306510,P102880,SUB207442,8.82,2025-04-27 04:49:08.291233,study_reward
PAY306511,P100432,SUB207443,1.23,2025-04-27 05:51:57.534167,study_reward
PAY306512,P100413,SUB207444,1.43,2025-04-27 06:44:47.376403,study_reward
PAY306513,P102600,SUB207445,0.53,2025-04-27 07:55:23.585085,study_reward
PAY306514,P102412,SUB207446,6.16,2025-04-27 08:07:34.069164,study_reward
PAY306515,P101399,SUB207448,1.37,2025-04-27 11:50:32.867459,study_reward
PAY306516,P101923,SUB207449,2.82,2025-04-27 11:58:41.347614,study_reward
PAY306517,P102987,SUB207450,2.64,2025-04-27 12:14:11.706602,study_reward
PAY306518,P101545,SUB207451,1.78,2025-04-27 13:18:00.076162,study_reward
PAY306519,P102441,SUB207452,2.76,2025-04-27 13:19:35.355589,study_reward
PAY306520,P102520,SUB207453,1.47,2025-04-27 14:44:56.967535,study_reward
PAY306521,P100418,SUB207454,1.58,2025-04-27 15:01:53.585881,study_reward
PAY306522,P101896,SUB207455,8.82,2025-04-27 15:02:29.420285,study_reward
PAY306523,P100295,SUB207457,4.49,2025-04-27 17:04:15.414131,study_reward
PAY306524,P102137,SUB207458,6.19,2025-04-27 17:13:50.456765,study_reward
PAY306525,P101540,SUB207460,7.54,2025-04-27 20:35:47.652850,study_reward
PAY306526,P100114,SUB207461,2.14,2025-04-27 21:04:39.759021,study_reward
PAY306527,P102361,SUB207462,2.51,2025-04-27 21:17:02.983704,study_reward
PAY306528,P101993,,5.0,2025-04-27 21:22:56.000000,referral_bonus
PAY306529,P101896,SUB207463,0.37,2025-04-27 22:02:29.420285,study_reward
PAY306530,P100229,SUB207464,2.76,2025-04-28 00:05:48.975219,study_reward
PAY306531,P101663,SUB207465,2.63,2025-04-28 01:14:38.309605,study_reward
PAY306532,P101849,SUB207466,2.46,2025-04-28 02:20:32.401950,study_reward
PAY306533,P101953,SUB207467,4.13,2025-04-28 03:22:42.176850,study_reward
PAY306534,P101782,SUB207469,1.08,2025-04-28 06:06:49.138317,study_reward
PAY306535,P101741,SUB207470,3.43,2025-04-28 06:11:33.690200,study_reward
PAY306536,P101068,SUB207471,1.9,2025-04-28 06:56:11.559144,study_reward
PAY306537,P102441,SUB207472,3.62,2025-04-28 08:19:35.355589,study_reward
PAY306538,P101682,SUB207474,2.13,2025-04-28 09:22:25.942108,study_reward
PAY306539,P100193,SUB207475,1.76,2025-04-28 10:24:08.199817,study_reward
PAY306540,P101292,SUB207477,7.35,2025-04-28 11:41:52.455912,study_reward
PAY306541,P102235,SUB207478,0.76,2025-04-28 11:44:32.241647,study_reward
PAY306542,P100414,SUB207479,5.45,2025-04-28 12:38:53.940632,study_reward
PAY306543,P102389,SUB207480,5.07,2025-04-28 12:58:32.803531,study_reward
PAY306544,P100229,SUB207481,3.95,2025-04-28 13:05:48.975219,study_reward
PAY306545,P100978,SUB207482,3.08,2025-04-28 13:06:24.349101,study_reward
PAY306546,P102943,SUB207483,2.83,2025-04-28 13:11:47.462204,study_reward
PAY306547,P101137,SUB207484,4.22,2025-04-28 14:26:01.676522,study_reward
PAY306548,P101475,SUB207485,1.29,2025-04-28 14:30:52.627009,study_reward
PAY306549,P100045,SUB207486,2.63,2025-04-28 15:32:19.319059,study_reward
PAY306550,P102265,SUB207487,3.62,2025-04-28 15:35:23.351474,study_reward
PAY306551,P101933,SUB207488,3.04,2025-04-28 15:38:41.669441,study_reward
PAY306552,P100302,SUB207490,1.92,2025-04-28 15:54:04.476971,study_reward
PAY306553,P101125,SUB207491,7.63,2025-04-28 16:13:00.918610,study_reward
PAY306554,P102343,SUB207492,6.95,2025-04-28 17:01:04.942488,study_reward
PAY306555,P101572,SUB207494,1.75,2025-04-28 18:07:39.902613,study_reward
PAY306556,P102441,SUB207496,2.54,2025-04-28 20:19:35.355589,study_reward
PAY306557,P101524,SUB207497,2.11,2025-04-28 21:19:18.289396,study_reward
PAY306558,P101420,SUB207498,0.98,2025-04-28 21:58:14.456381,study_reward
PAY306559,P101724,SUB207499,7.89,2025-04-28 22:54:07.187861,study_reward
PAY306560,P100756,SUB207500,3.03,2025-04-29 00:36:50.779022,study_reward
PAY306561,P100877,SUB207501,5.53,2025-04-29 00:55:07.360943,study_reward
PAY306562,P100267,SUB207503,0.73,2025-04-29 01:10:54.897831,study_reward
PAY306563,P102463,SUB207504,3.82,2025-04-29 01:12:23.320056,study_reward
PAY306564,P102265,SUB207505,2.91,2025-04-29 02:35:23.351474,study_reward
PAY306565,P101366,SUB207507,1.58,2025-04-29 03:56:31.974260,study_reward
PAY306566,P102389,SUB207508,1.02,2025-04-29 03:58:32.803531,study_reward
PAY306567,P102916,SUB207509,1.81,2025-04-29 04:10:32.229888,study_reward
PAY306568,P101679,SUB207510,3.21,2025-04-29 04:31:04.621977,study_reward
PAY306569,P100257,SUB207511,1.79,2025-04-29 04:47:57.824935,study_reward
PAY306570,P101824,SUB207512,2.06,2025-04-29 05:04:47.117658,study_reward
PAY306571,P102332,SUB207513,1.75,2025-04-29 05:14:06.740867,study_reward
PAY306572,P101137,SUB207514,2.39,2025-04-29 05:26:01.676522,study_reward
PAY306573,P101449,SUB207515,1.54,2025-04-29 05:57:22.618525,study_reward
PAY306574,P101206,SUB207516,8.82,2025-04-29 06:03:36.367107,study_reward
PAY306575,P102031,SUB207518,3.12,2025-04-29 06:39:25.520058,study_reward
PAY306576,P102966,SUB207519,6.13,2025-04-29 06:44:53.645454,study_reward
PAY306577,P100723,SUB207520,1.35,2025-04-29 06:49:49.831276,study_reward
PAY306578,P101399,SUB207521,1.47,2025-04-29 06:50:32.867459,study_reward
PAY306579,P100596,SUB207524,1.2,2025-04-29 08:01:24.545593,study_reward
PAY306580,P100854,SUB207525,1.89,2025-04-29 08:45:19.299129,study_reward
PAY306581,P100877,SUB207526,1.28,2025-04-29 08:55:07.360943,study_reward
PAY306582,P102374,SUB207527,6.03,2025-04-29 08:56:47.026969,study_reward
PAY306583,P102631,SUB207528,2.55,2025-04-29 09:16:45.797354,study_reward
PAY306584,P100193,SUB207529,2.46,2025-04-29 09:24:08.199817,study_reward
PAY306585,P100414,SUB207530,1.66,2025-04-29 09:38:53.940632,study_reward
PAY306586,P102797,SUB207531,6.81,2025-04-29 10:18:46.095698,study_reward
PAY306587,P101045,SUB207532,0.91,2025-04-29 11:07:28.851805,study_reward
PAY306588,P100570,SUB207533,2.24,2025-04-29 11:29:40.642345,study_reward
PAY306589,P102987,SUB207534,7.89,2025-04-29 12:14:11.706602,study_reward
PAY306590,P102322,SUB207535,3.95,2025-04-29 12:38:38.047409,study_reward
PAY306591,P102332,SUB207536,2.51,2025-04-29 13:14:06.740867,study_reward
PAY306592,P102753,SUB207537,3.11,2025-04-29 13:30:34.371813,study_reward
PAY306593,P101362,SUB207538,2.02,2025-04-29 13:36:48.597537,study_reward
PAY306594,P100387,SUB207539,2.82,2025-04-29 13:37:10.612955,study_reward
PAY306595,P102891,SUB207540,1.43,2025-04-29 13:43:38.213294,study_reward
PAY306596,P101186,SUB207541,0.97,2025-04-29 14:01:12.535046,study_reward
PAY306597,P102916,SUB207542,4.36,2025-04-29 14:10:32.229888,study_reward
PAY306598,P100153,SUB207544,5.07,2025-04-29 14:57:14.114443,study_reward
PAY306599,P100321,SUB207545,2.09,2025-04-29 15:15:34.877166,study_reward
PAY306600,P102385,SUB207547,2.61,2025-04-29 15:58:12.684853,study_reward
PAY306601,P100872,SUB207548,2.7,2025-04-29 15:59:22.092375,study_reward
PAY306602,P102797,SUB207549,1.77,2025-04-29 16:18:46.095698,study_reward
PAY306603,P102921,SUB207550,2.61,2025-04-29 16:51:34.202635,study_reward
PAY306604,P101632,SUB207551,1.85,2025-04-29 19:03:25.259026,study_reward
PAY306605,P101450,SUB207552,2.48,2025-04-29 19:55:00.918041,study_reward
PAY306606,P101930,SUB207553,1.95,2025-04-29 19:57:52.724422,study_reward
PAY306607,P100881,SUB207554,9.92,2025-04-29 21:23:13.219135,study_reward
PAY306608,P100047,SUB207555,6.13,2025-04-29 21:52:29.155675,study_reward
PAY306609,P100267,SUB207556,4.48,2025-04-29 22:10:54.897831,study_reward
PAY306610,P100756,SUB207558,1.79,2025-04-29 22:36:50.779022,study_reward
PAY306611,P101134,SUB207559,1.21,2025-04-29 23:15:50.277155,study_reward
PAY306612,P101896,SUB207560,3.24,2025-04-30 01:02:29.420285,study_reward
PAY306613,P102645,SUB207561,1.35,2025-04-30 01:06:50.794589,study_reward
PAY306614,P101572,SUB207562,4.54,2025-04-30 03:07:39.902613,study_reward
PAY306615,P101835,SUB207563,1.58,2025-04-30 03:59:21.451147,study_reward
PAY306616,P101632,SUB207564,1.52,2025-04-30 04:03:25.259026,study_reward
PAY306617,P101244,SUB207565,1.58,2025-04-30 04:27:26.288305,study_reward
PAY306618,P100780,SUB207566,2.46,2025-04-30 04:37:04.096539,study_reward
PAY306619,P100432,SUB207568,4.64,2025-04-30 04:51:57.534167,study_reward
PAY306620,P101328,SUB207569,2.26,2025-04-30 05:30:33.013186,study_reward
PAY306621,P100991,SUB207570,7.54,2025-04-30 06:15:33.001221,study_reward
PAY306622,P100413,SUB207571,2.43,2025-04-30 07:44:47.376403,study_reward
PAY306623,P102685,SUB207572,1.12,2025-04-30 08:54:06.066527,study_reward
PAY306624,P102255,SUB207574,3.82,2025-04-30 11:51:21.126576,study_reward
PAY306625,P102561,SUB207575,2.96,2025-04-30 12:21:33.076683,study_reward
PAY306626,P100485,,10.0,2025-04-30 13:20:27.000000,referral_bonus
PAY306627,P101470,SUB207577,3.5,2025-04-30 15:27:26.681533,study_reward
PAY306628,P101292,SUB207578,2.81,2025-04-30 15:41:52.455912,study_reward
PAY306629,P100137,SUB207580,3.64,2025-04-30 15:58:02.469119,study_reward
PAY306630,P101111,SUB207582,3.01,2025-04-30 16:32:54.061118,study_reward
PAY306631,P100541,SUB207583,2.25,2025-04-30 17:29:20.434338,study_reward
PAY306632,P100388,SUB207584,2.07,2025-04-30 17:45:14.680578,study_reward
PAY306633,P101457,SUB207585,1.11,2025-04-30 18:01:16.576729,study_reward
PAY306634,P100284,SUB207586,3.47,2025-04-30 19:47:05.564707,study_reward
PAY306635,P102723,SUB207587,2.73,2025-04-30 20:34:30.306036,study_reward
PAY306636,P101362,SUB207588,1.79,2025-04-30 21:36:48.597537,study_reward
PAY306637,P101186,SUB207589,1.79,2025-04-30 22:01:12.535046,study_reward
PAY306638,P100835,SUB207591,1.14,2025-04-30 22:48:37.440428,study_reward
PAY306639,P101833,SUB207592,3.95,2025-04-30 23:53:14.231593,study_reward
PAY306640,P100732,SUB207593,1.95,2025-05-01 00:04:31.042817,study_reward
PAY306641,P102473,SUB207594,6.95,2025-05-01 00:12:45.588871,study_reward
PAY306642,P100756,SUB207596,1.83,2025-05-01 00:36:50.779022,study_reward
PAY306643,P101186,SUB207597,4.21,2025-05-01 01:01:12.535046,study_reward
PAY306644,P101618,SUB207600,0.88,2025-05-01 02:20:31.355485,study_reward
PAY306645,P100388,SUB207601,4.64,2025-05-01 02:45:14.680578,study_reward
PAY306646,P101549,SUB207603,1.46,2025-05-01 03:33:47.280491,study_reward
PAY306647,P101443,SUB207604,3.47,2025-05-01 03:33:50.146842,study_reward
PAY306648,P101724,SUB207605,7.63,2025-05-01 03:54:07.187861,study_reward
PAY306649,P100732,SUB207606,2.73,2025-05-01 05:04:31.042817,study_reward
PAY306650,P102795,SUB207607,2.82,2025-05-01 07:23:37.776769,study_reward
PAY306651,P100169,SUB207609,5.04,2025-05-01 08:05:41.344291,study_reward
PAY306652,P101703,SUB207610,7.35,2025-05-01 08:18:16.159889,study_reward
PAY306653,P100327,SUB207611,5.67,2025-05-01 08:32:36.360089,study_reward
PAY306654,P101586,SUB207612,0.53,2025-05-01 08:57:07.440791,study_reward
PAY306655,P101020,SUB207615,0.88,2025-05-01 11:03:59.224612,study_reward
PAY306656,P100257,SUB207616,3.06,2025-05-01 11:47:57.824935,study_reward
PAY306657,P100978,SUB207617,7.36,2025-05-01 12:06:24.349101,study_reward
PAY306658,P101632,SUB207618,6.81,2025-05-01 13:03:25.259026,study_reward
PAY306659,P102328,SUB207619,1.66,2025-05-01 13:25:36.655565,study_reward
PAY306660,P100653,SUB207620,8.07,2025-05-01 14:33:17.213591,study_reward
PAY306661,P102966,SUB207622,4.4,2025-05-01 15:44:53.645454,study_reward
PAY306662,P102152,SUB207623,1.52,2025-05-01 16:03:09.682704,study_reward
PAY306663,P102955,SUB207624,3.12,2025-05-01 16:09:21.359736,study_reward
PAY306664,P100435,SUB207625,3.01,2025-05-01 16:10:48.145291,study_reward
PAY306665,P100653,SUB207626,6.03,2025-05-01 16:33:17.213591,study_reward
PAY306666,P101408,SUB207627,9.92,2025-05-01 16:49:40.135546,study_reward
PAY306667,P100787,SUB207628,4.54,2025-05-01 17:11:32.251966,study_reward
PAY306668,P102202,SUB207629,0.44,2025-05-01 17:27:38.306088,study_reward
PAY306669,P102046,SUB207630,5.45,2025-05-01 18:39:26.323379,study_reward
PAY306670,P101706,SUB207631,0.82,2025-05-01 19:33:42.848387,study_reward
PAY306671,P102647,SUB207632,2.75,2025-05-01 19:47:04.516181,study_reward
PAY306672,P100438,SUB207633,7.62,2025-05-01 19:53:40.836139,study_reward
PAY306673,P100302,SUB207634,1.59,2025-05-01 19:54:04.476971,study_reward
PAY306674,P102779,,2.5,2025-05-01 20:26:04.000000,referral_bonus
PAY306675,P100683,SUB207635,2.54,2025-05-01 21:29:31.267052,study_reward
PAY306676,P100438,SUB207636,7.36,2025-05-01 21:53:40.836139,study_reward
PAY306677,P100229,SUB207637,1.92,2025-05-01 22:05:48.975219,study_reward
PAY306678,P102951,SUB207638,1.67,2025-05-01 22:35:52.275997,study_reward
PAY306679,P102944,SUB207639,5.63,2025-05-01 23:17:01.719711,study_reward
PAY306680,P102605,SUB207640,2.72,2025-05-01 23:36:10.018316,study_reward
PAY306681,P100238,SUB207641,2.33,2025-05-01 23:43:01.467554,study_reward
PAY306682,P101888,SUB207642,3.79,2025-05-02 00:15:19.610142,study_reward
PAY306683,P101811,SUB207643,7.8,2025-05-02 00:49:45.746016,study_reward
PAY306684,P102956,SUB207644,1.98,2025-05-02 01:18:45.748830,study_reward
PAY306685,P101930,SUB207646,1.54,2025-05-02 01:57:52.724422,study_reward
PAY306686,P101450,SUB207647,0.88,2025-05-02 02:55:00.918041,study_reward
PAY306687,P101682,SUB207648,4.36,2025-05-02 03:22:25.942108,study_reward
PAY306688,P100451,SUB207650,2.12,2025-05-02 04:11:20.842622,study_reward
PAY306689,P100193,SUB207651,1.21,2025-05-02 04:24:08.199817,study_reward
PAY306690,P100359,SUB207652,6.85,2025-05-02 04:34:55.070881,study_reward
PAY306691,P102944,SUB207653,6.57,2025-05-02 05:17:01.719711,study_reward
PAY306692,P102322,SUB207654,4.36,2025-05-02 05:38:38.047409,study_reward
PAY306693,P100541,SUB207656,0.89,2025-05-02 07:29:20.434338,study_reward
PAY306694,P102117,SUB207657,1.05,2025-05-02 08:09:07.861523,study_reward
PAY306695,P102361,SUB207658,2.27,2025-05-02 08:17:02.983704,study_reward
PAY306696,P101703,SUB207659,1.23,2025-05-02 08:18:16.159889,study_reward
PAY306697,P101640,SUB207661,9.33,2025-05-02 09:19:14.845302,study_reward
PAY306698,P102737,SUB207662,4.91,2025-05-02 09:28:48.239375,study_reward
PAY306699,P101421,SUB207663,2.36,2025-05-02 09:39:08.586862,study_reward
PAY306700,P102934,SUB207664,2.97,2025-05-02 10:01:04.288740,study_reward
PAY306701,P100951,SUB207666,5.41,2025-05-02 11:02:14.251078,study_reward
PAY306702,P102458,SUB207668,3.05,2025-05-02 13:02:23.947582,study_reward
PAY306703,P102685,SUB207669,1.61,2025-05-02 13:54:06.066527,study_reward
PAY306704,P100357,SUB207670,0.8,2025-05-02 14:03:36.988540,study_reward
PAY306705,P101663,SUB207671,5.76,2025-05-02 14:14:38.309605,study_reward
PAY306706,P101953,SUB207672,5.63,2025-05-02 15:22:42.176850,study_reward
PAY306707,P101708,SUB207673,2.31,2025-05-02 15:50:44.525775,study_reward
PAY306708,P100509,SUB207674,0.44,2025-05-02 16:42:39.375446,study_reward
PAY306709,P100749,SUB207675,2.75,2025-05-02 18:11:51.185910,study_reward
PAY306710,P102085,SUB207676,1.28,2025-05-02 18:33:04.041305,study_reward
PAY306711,P102987,SUB207678,2.72,2025-05-02 20:14:11.706602,study_reward
PAY306712,P100692,SUB207679,4.36,2025-05-02 20:32:21.376272,study_reward
PAY306713,P100054,SUB207680,2.54,2025-05-02 20:54:35.483231,study_reward
PAY306714,P101782,SUB207681,3.21,2025-05-02 21:06:49.138317,study_reward
PAY306715,P102891,SUB207684,2.29,2025-05-02 21:43:38.213294,study_reward
PAY306716,P102235,SUB207685,2.96,2025-05-02 21:44:32.241647,study_reward
PAY306717,P101708,SUB207686,5.53,2025-05-02 21:50:44.525775,study_reward
PAY306718,P100398,SUB207689,3.96,2025-05-02 23:24:20.184764,study_reward
PAY306719,P101791,SUB207691,1.92,2025-05-03 03:24:13.359350,study_reward
PAY306720,P101586,SUB207693,5.51,2025-05-03 03:57:07.440791,study_reward
PAY306721,P100054,SUB207696,2.26,2025-05-03 06:54:35.483231,study_reward
PAY306722,P101767,SUB207697,2.73,2025-05-03 07:10:35.474564,study_reward
PAY306723,P101114,SUB207698,4.46,2025-05-03 07:36:43.140210,study_reward
PAY306724,P102422,SUB207699,2.7,2025-05-03 07:37:41.680592,study_reward
PAY306725,P101793,SUB207700,4.8,2025-05-03 09:41:05.843607,study_reward
PAY306726,P101782,SUB207701,10.53,2025-05-03 10:06:49.138317,study_reward
PAY306727,P102699,SUB207702,3.05,2025-05-03 11:05:15.839633,study_reward
PAY306728,P100619,SUB207703,2.32,2025-05-03 11:33:45.032348,study_reward
PAY306729,P102152,SUB207704,3.34,2025-05-03 12:03:09.682704,study_reward
PAY306730,P102245,SUB207705,4.72,2025-05-03 12:19:20.610628,study_reward
PAY306731,P100777,SUB207706,6.19,2025-05-03 13:05:51.295803,study_reward
PAY306732,P102541,SUB207707,2.13,2025-05-03 13:21:45.441149,study_reward
PAY306733,P101485,SUB207708,1.47,2025-05-03 13:52:57.389523,study_reward
PAY306734,P101894,SUB207709,0.87,2025-05-03 14:21:01.016721,study_reward
PAY306735,P100030,SUB207710,1.24,2025-05-03 14:23:45.456222,study_reward
PAY306736,P101617,SUB207711,1.02,2025-05-03 14:52:18.376137,study_reward
PAY306737,P100968,SUB207712,1.68,2025-05-03 15:15:34.645273,study_reward
PAY306738,P102496,SUB207713,7.89,2025-05-03 15:31:11.895022,study_reward
PAY306739,P100854,SUB207715,0.87,2025-05-03 16:45:19.299129,study_reward
PAY306740,P101880,SUB207716,1.59,2025-05-03 17:00:03.960149,study_reward
PAY306741,P100041,SUB207717,0.55,2025-05-03 18:18:38.190832,study_reward
PAY306742,P100398,SUB207719,4.91,2025-05-03 18:24:20.184764,study_reward
PAY306743,P100414,SUB207720,7.8,2025-05-03 18:38:53.940632,study_reward
PAY306744,P101888,SUB207721,5.78,2025-05-03 20:15:19.610142,study_reward
PAY306745,P102602,SUB207722,4.22,2025-05-03 21:53:46.058100,study_reward
PAY306746,P102605,SUB207723,5.76,2025-05-03 22:36:10.018316,study_reward
PAY306747,P100653,SUB207725,1.7,2025-05-03 23:33:17.213591,study_reward
PAY306748,P100398,SUB207726,1.79,2025-05-04 00:24:20.184764,study_reward
PAY306749,P100835,SUB207727,3.29,2025-05-04 01:48:37.440428,study_reward
PAY306750,P102699,SUB207728,1.28,2025-05-04 02:05:15.839633,study_reward
PAY306751,P102473,SUB207729,1.02,2025-05-04 02:12:45.588871,study_reward
PAY306752,P101791,SUB207730,1.58,2025-05-04 02:24:13.359350,study_reward
PAY306753,P101284,SUB207731,1.23,2025-05-04 03:07:21.003957,study_reward
PAY306754,P102255,SUB207733,6.16,2025-05-04 03:51:21.126576,study_reward
PAY306755,P100418,SUB207734,1.59,2025-05-04 04:01:53.585881,study_reward
PAY306756,P100756,SUB207735,2.25,2025-05-04 04:36:50.779022,study_reward
PAY306757,P100584,SUB207736,2.6,2025-05-04 04:43:33.081100,study_reward
PAY306758,P100238,SUB207737,2.37,2025-05-04 05:43:01.467554,study_reward
PAY306759,P100065,SUB207738,4.22,2025-05-04 06:05:21.763310,study_reward
PAY306760,P101986,SUB207739,3.79,2025-05-04 06:09:38.500875,study_reward
PAY306761,P101894,SUB207740,4.1,2025-05-04 06:21:01.016721,study_reward
PAY306762,P100872,SUB207741,3.96,2025-05-04 06:59:22.092375,study_reward
PAY306763,P101619,SUB207742,0.85,2025-05-04 07:03:28.484194,study_reward
PAY306764,P100858,SUB207743,1.77,2025-05-04 07:16:01.616564,study_reward
PAY306765,P102046,SUB207744,5.27,2025-05-04 07:39:26.323379,study_reward
PAY306766,P101945,SUB207745,2.19,2025-05-04 08:09:45.665663,study_reward
PAY306767,P101907,SUB207746,1.21,2025-05-04 09:50:00.715462,study_reward
PAY306768,P101872,SUB207748,1.13,2025-05-04 12:00:40.970375,study_reward
PAY306769,P101763,SUB207749,5.27,2025-05-04 13:05:42.225837,study_reward
PAY306770,P102737,SUB207750,12.16,2025-05-04 13:28:48.239375,study_reward
PAY306771,P101791,SUB207751,1.59,2025-05-04 15:24:13.359350,study_reward
PAY306772,P102488,SUB207752,7.89,2025-05-04 16:10:06.797823,study_reward
PAY306773,P100692,SUB207753,1.35,2025-05-04 16:32:21.376272,study_reward
PAY306774,P102579,SUB207754,2.07,2025-05-04 17:48:02.970325,study_reward
PAY306775,P100357,SUB207755,4.57,2025-05-04 18:03:36.988540,study_reward
PAY306776,P101134,SUB207757,4.4,2025-05-04 19:15:50.277155,study_reward
PAY306777,P100692,SUB207758,2.69,2025-05-04 19:32:21.376272,study_reward
PAY306778,P101475,SUB207759,1.78,2025-05-04 20:30:52.627009,study_reward
PAY306779,P102605,SUB207760,2.38,2025-05-04 20:36:10.018316,study_reward
PAY306780,P100991,SUB207762,1.23,2025-05-04 21:15:33.001221,study_reward
PAY306781,P101353,SUB207763,4.46,2025-05-04 21:40:44.161113,study_reward
PAY306782,P101610,,2.5,2025-05-04 22:00:33.000000,referral_bonus
PAY306783,P102723,SUB207764,5.29,2025-05-04 22:34:30.306036,study_reward
PAY306784,P100854,SUB207765,2.61,2025-05-04 22:45:19.299129,study_reward
PAY306785,P101366,SUB207766,5.0,2025-05-04 22:56:31.974260,study_reward
PAY306786,P101835,SUB207767,1.76,2025-05-04 22:59:21.451147,study_reward
PAY306787,P101782,SUB207768,7.54,2025-05-04 23:06:49.138317,study_reward
PAY306788,P101485,SUB207770,1.7,2025-05-04 23:52:57.389523,study_reward
PAY306789,P101930,SUB207772,6.16,2025-05-05 00:57:52.724422,study_reward
PAY306790,P100872,SUB207773,3.45,2025-05-05 00:59:22.092375,study_reward
PAY306791,P102265,SUB207774,5.29,2025-05-05 02:35:23.351474,study_reward
PAY306792,P100749,SUB207775,1.78,2025-05-05 03:11:51.185910,study_reward
PAY306793,P102585,SUB207776,2.64,2025-05-05 04:14:45.405803,study_reward
PAY306794,P102730,SUB207777,0.74,2025-05-05 04:16:07.637577,study_reward
PAY306795,P100047,SUB207778,1.33,2025-05-05 04:52:29.155675,study_reward
PAY306796,P102753,SUB207779,2.61,2025-05-05 05:30:34.371813,study_reward
PAY306797,P101724,SUB207780,8.07,2025-05-05 05:54:07.187861,study_reward
PAY306798,P100429,SUB207781,1.79,2025-05-05 06:15:08.987265,study_reward
PAY306799,P100692,SUB207782,3.32,2025-05-05 07:32:21.376272,study_reward
PAY306800,P102160,SUB207783,5.07,2025-05-05 07:44:04.749852,study_reward
PAY306801,P100137,SUB207784,3.29,2025-05-05 07:58:02.469119,study_reward
PAY306802,P102046,SUB207785,1.17,2025-05-05 08:39:26.323379,study_reward
PAY306803,P100509,SUB207786,0.64,2025-05-05 08:42:39.375446,study_reward
PAY306804,P101398,SUB207787,1.79,2025-05-05 08:49:54.730779,study_reward
PAY306805,P100743,SUB207788,4.21,2025-05-05 09:15:44.052427,study_reward
PAY306806,P102753,SUB207789,1.33,2025-05-05 09:30:34.371813,study_reward
PAY306807,P101540,SUB207790,8.07,2025-05-05 09:35:47.652850,study_reward
PAY306808,P102530,SUB207791,3.32,2025-05-05 09:48:48.549517,study_reward
PAY306809,P102502,SUB207792,1.13,2025-05-05 10:08:59.346407,study_reward
PAY306810,P100787,SUB207793,1.33,2025-05-05 10:11:32.251966,study_reward
PAY306811,P100858,SUB207794,3.8,2025-05-05 10:16:01.616564,study_reward
PAY306812,P102631,SUB207795,4.21,2025-05-05 10:16:45.797354,study_reward
PAY306813,P102328,SUB207796,2.39,2025-05-05 10:25:36.655565,study_reward
PAY306814,P100438,SUB207797,5.67,2025-05-05 10:53:40.836139,study_reward
PAY306815,P101824,SUB207798,2.63,2025-05-05 11:04:47.117658,study_reward
PAY306816,P100972,SUB207799,3.64,2025-05-05 11:12:27.014772,study_reward
PAY306817,P100193,SUB207800,5.76,2025-05-05 11:24:08.199817,study_reward
PAY306818,P101888,SUB207801,2.55,2025-05-05 13:15:19.610142,study_reward
PAY306819,P101363,SUB207802,4.57,2025-05-05 13:37:45.021198,study_reward
PAY306820,P102891,SUB207803,0.37,2025-05-05 13:43:38.213294,study_reward
PAY306821,P101109,SUB207804,1.96,2025-05-05 14:02:47.975989,study_reward
PAY306822,P100777,SUB207805,6.57,2025-05-05 15:05:51.295803,study_reward
PAY306823,P102473,SUB207806,4.82,2025-05-05 15:12:45.588871,study_reward
PAY306824,P101649,SUB207807,1.54,2025-05-05 15:18:03.612907,study_reward
PAY306825,P102956,SUB207808,3.47,2025-05-05 16:18:45.748830,study_reward
PAY306826,P100327,SUB207809,3.23,2025-05-05 17:32:36.360089,study_reward
PAY306827,P102934,SUB207810,3.52,2025-05-05 18:01:04.288740,study_reward
PAY306828,P102921,SUB207811,1.14,2025-05-05 18:51:34.202635,study_reward
PAY306829,P102916,SUB207812,2.24,2025-05-05 19:10:32.229888,study_reward
PAY306830,P101545,SUB207813,2.3,2025-05-05 19:18:00.076162,study_reward
PAY306831,P100486,SUB207814,3.58,2025-05-05 19:35:16.203743,study_reward
PAY306832,P102579,SUB207815,2.82,2025-05-05 20:48:02.970325,study_reward
PAY306833,P102414,SUB207817,7.89,2025-05-05 22:40:56.135609,study_reward
PAY306834,P100046,SUB207818,2.24,2025-05-05 23:49:05.723747,study_reward
PAY306835,P102412,SUB207819,3.08,2025-05-06 00:07:34.069164,study_reward
PAY306836,P101353,SUB207820,1.99,2025-05-06 00:40:44.161113,study_reward
PAY306837,P100413,SUB207821,3.43,2025-05-06 00:44:47.376403,study_reward
PAY306838,P102275,SUB207822,1.85,2025-05-06 01:27:58.543003,study_reward
PAY306839,P100275,SUB207824,0.77,2025-05-06 02:29:08.604344,study_reward
PAY306840,P101225,SUB207826,2.09,2025-05-06 03:44:44.349542,study_reward
PAY306841,P100267,SUB207828,0.82,2025-05-06 04:10:54.897831,study_reward
PAY306842,P102291,SUB207829,1.42,2025-05-06 04:53:19.688739,study_reward
PAY306843,P102501,SUB207830,12.16,2025-05-06 04:53:56.212082,study_reward
PAY306844,P100787,SUB207831,0.85,2025-05-06 05:11:32.251966,study_reward
PAY306845,P102602,SUB207832,0.86,2025-05-06 05:53:46.058100,study_reward
PAY306846,P102955,SUB207834,3.79,2025-05-06 07:09:21.359736,study_reward
PAY306847,P100756,SUB207835,3.11,2025-05-06 07:36:50.779022,study_reward
PAY306848,P100864,SUB207836,1.46,2025-05-06 08:14:57.785662,study_reward
PAY306849,P102737,SUB207837,2.1,2025-05-06 08:28:48.239375,study_reward
PAY306850,P101328,SUB207838,3.58,2025-05-06 08:30:33.013186,study_reward
PAY306851,P100327,SUB207839,0.33,2025-05-06 08:32:36.360089,study_reward
PAY306852,P102956,SUB207840,3.21,2025-05-06 09:18:45.748830,study_reward
PAY306853,P101475,SUB207841,8.82,2025-05-06 09:30:52.627009,study_reward
PAY306854,P101108,SUB207842,3.04,2025-05-06 10:26:51.378617,study_reward
PAY306855,P101759,SUB207843,2.46,2025-05-06 10:31:07.560431,study_reward
PAY306856,P101933,SUB207844,1.77,2025-05-06 10:38:41.669441,study_reward
PAY306857,P101362,SUB207845,2.82,2025-05-06 11:36:48.597537,study_reward
PAY306858,P100257,SUB207846,2.03,2025-05-06 11:47:57.824935,study_reward
PAY306859,P100692,SUB207847,0.97,2025-05-06 12:32:21.376272,study_reward
PAY306860,P100387,SUB207848,2.07,2025-05-06 12:37:10.612955,study_reward
PAY306861,P101068,SUB207849,2.06,2025-05-06 12:56:11.559144,study_reward
PAY306862,P101398,SUB207850,2.19,2025-05-06 14:49:54.730779,study_reward
PAY306863,P100784,SUB207851,1.81,2025-05-06 15:17:00.791259,study_reward
PAY306864,P100229,SUB207852,7.36,2025-05-06 17:05:48.975219,study_reward
PAY306865,P102811,SUB207853,2.64,2025-05-06 17:20:57.000333,study_reward
PAY306866,P102723,SUB207854,2.16,2025-05-06 18:34:30.306036,study_reward
PAY306867,P100968,SUB207855,3.46,2025-05-06 19:15:34.645273,study_reward
PAY306868,P100653,SUB207856,1.99,2025-05-06 19:33:17.213591,study_reward
PAY306869,P101796,SUB207857,6.05,2025-05-06 21:56:35.061784,study_reward
PAY306870,P100296,SUB207858,4.41,2025-05-07 00:59:24.039263,study_reward
PAY306871,P101689,SUB207859,6.57,2025-05-07 01:46:59.152238,study_reward
PAY306872,P102265,SUB207861,0.33,2025-05-07 03:35:23.351474,study_reward
PAY306873,P100169,SUB207862,6.16,2025-05-07 04:05:41.344291,study_reward
PAY306874,P100972,SUB207863,7.63,2025-05-07 04:12:27.014772,study_reward
PAY306875,P100533,SUB207864,1.66,2025-05-07 04:12:49.427056,study_reward
PAY306876,P101945,SUB207867,3.08,2025-05-07 06:09:45.665663,study_reward
PAY306877,P100533,SUB207868,1.88,2025-05-07 06:12:49.427056,study_reward
PAY306878,P100387,SUB207869,1.85,2025-05-07 06:37:10.612955,study_reward
PAY306879,P100095,SUB207870,1.46,2025-05-07 06:40:18.129546,study_reward
PAY306880,P100683,SUB207871,3.47,2025-05-07 07:29:31.267052,study_reward
PAY306881,P101153,SUB207872,1.61,2025-05-07 07:51:43.091606,study_reward
PAY306882,P102850,,2.5,2025-05-07 08:34:40.000000,loyalty_bonus
PAY306883,P101796,SUB207873,6.19,2025-05-07 08:56:35.061784,study_reward
PAY306884,P100114,SUB207874,4.36,2025-05-07 09:04:39.759021,study_reward
PAY306885,P100749,SUB207875,2.31,2025-05-07 10:11:51.185910,study_reward
PAY306886,P102595,SUB207876,0.41,2025-05-07 10:40:09.800568,study_reward
PAY306887,P100114,SUB207878,4.4,2025-05-07 12:04:39.759021,study_reward
PAY306888,P100327,SUB207881,3.06,2025-05-07 12:32:36.360089,study_reward
PAY306889,P101572,SUB207883,4.18,2025-05-07 14:07:39.902613,study_reward
PAY306890,P101362,SUB207884,1.58,2025-05-07 14:36:48.597537,study_reward
PAY306891,P101446,SUB207885,5.27,2025-05-07 14:40:54.701365,study_reward
PAY306892,P101689,SUB207886,6.03,2025-05-07 16:46:59.152238,study_reward
PAY306893,P102916,SUB207888,2.29,2025-05-07 18:10:32.229888,study_reward
PAY306894,P102276,SUB207889,2.62,2025-05-07 18:32:11.748763,study_reward
PAY306895,P100991,SUB207890,5.46,2025-05-07 19:15:33.001221,study_reward
PAY306896,P100596,SUB207891,4.2,2025-05-07 20:01:24.545593,study_reward
PAY306897,P101292,SUB207893,1.23,2025-05-07 21:41:52.455912,study_reward
PAY306898,P101605,SUB207894,2.42,2025-05-07 21:50:10.630751,study_reward
PAY306899,P100201,,15.0,2025-05-07 22:01:35.000000,loyalty_bonus
PAY306900,P100287,SUB207895,0.64,2025-05-07 23:16:10.916862,study_reward
PAY306901,P100136,SUB207896,2.24,2025-05-07 23:43:40.653199,study_reward
PAY306902,P101114,SUB207897,1.77,2025-05-08 00:36:43.140210,study_reward
PAY306903,P100114,SUB207898,5.02,2025-05-08 01:04:39.759021,study_reward
PAY306904,P102137,SUB207899,1.79,2025-05-08 01:13:50.456765,study_reward
PAY306905,P100619,SUB207900,1.43,2025-05-08 01:33:45.032348,study_reward
PAY306906,P102204,SUB207901,1.02,2025-05-08 01:46:22.899518,study_reward
PAY306907,P100978,SUB207902,1.46,2025-05-08 02:06:24.349101,study_reward
PAY306908,P100743,SUB207903,1.35,2025-05-08 02:15:44.052427,study_reward
PAY306909,P101292,SUB207904,9.92,2025-05-08 02:41:52.455912,study_reward
PAY306910,P101649,SUB207906,1.99,2025-05-08 04:18:03.612907,study_reward
PAY306911,P101953,SUB207907,6.81,2025-05-08 04:22:42.176850,study_reward
PAY306912,P100304,SUB207908,1.95,2025-05-08 06:56:53.631265,study_reward
PAY306913,P102952,SUB207909,1.34,2025-05-08 07:40:12.776489,study_reward
PAY306914,P100968,SUB207910,5.72,2025-05-08 09:15:34.645273,study_reward
PAY306915,P102210,SUB207912,1.83,2025-05-08 09:41:30.871573,study_reward
PAY306916,P100346,SUB207913,3.43,2025-05-08 11:06:32.206869,study_reward
PAY306917,P102987,SUB207914,1.93,2025-05-08 11:14:11.706602,study_reward
PAY306918,P100346,SUB207915,1.92,2025-05-08 13:06:32.206869,study_reward
PAY306919,P101894,SUB207917,2.56,2025-05-08 14:21:01.016721,study_reward
PAY306920,P101107,SUB207918,5.76,2025-05-08 15:06:22.003671,study_reward
PAY306921,P101178,SUB207919,5.63,2025-05-08 15:32:44.098320,study_reward
PAY306922,P102530,SUB207920,6.95,2025-05-08 15:48:48.549517,study_reward
PAY306923,P101292,SUB207922,3.1,2025-05-08 17:41:52.455912,study_reward
PAY306924,P100169,SUB207923,2.14,2025-05-08 18:05:41.344291,study_reward
PAY306925,P102613,SUB207924,1.0,2025-05-08 18:27:25.643053,study_reward
PAY306926,P102202,SUB207925,3.03,2025-05-08 18:27:38.306088,study_reward
PAY306927,P100619,SUB207926,1.01,2025-05-08 18:33:45.032348,study_reward
PAY306928,P100835,SUB207927,3.96,2025-05-08 18:48:37.440428,study_reward
PAY306929,P102966,SUB207928,0.87,2025-05-08 20:44:53.645454,study_reward
PAY306930,P102560,SUB207930,6.85,2025-05-09 00:26:24.048856,study_reward
PAY306931,P102685,SUB207931,3.23,2025-05-09 00:54:06.066527,study_reward
PAY306932,P100559,SUB207933,3.58,2025-05-09 01:48:41.273183,study_reward
PAY306933,P100981,SUB207934,1.48,2025-05-09 02:12:45.742116,study_reward
PAY306934,P100777,SUB207935,7.89,2025-05-09 03:05:51.295803,study_reward
PAY306935,P100749,SUB207936,3.32,2025-05-09 04:11:51.185910,study_reward
PAY306936,P102561,SUB207937,1.79,2025-05-09 04:21:33.076683,study_reward
PAY306937,P102722,SUB207938,0.89,2025-05-09 07:36:08.708914,study_reward
PAY306938,P102132,SUB207939,3.95,2025-05-09 08:39:58.280940,study_reward
PAY306939,P100046,SUB207940,4.72,2025-05-09 08:49:05.723747,study_reward
PAY306940,P102444,SUB207941,1.96,2025-05-09 09:09:14.900304,study_reward
PAY306941,P100352,SUB207943,1.99,2025-05-09 09:38:30.220186,study_reward
PAY306942,P102046,SUB207944,1.61,2025-05-09 09:39:26.323379,study_reward
PAY306943,P100584,SUB207945,0.5,2025-05-09 09:43:33.081100,study_reward
PAY306944,P101420,SUB207946,2.02,2025-05-09 09:58:14.456381,study_reward
PAY306945,P100220,SUB207947,1.79,2025-05-09 10:11:17.472849,study_reward
PAY306946,P100137,SUB207948,8.82,2025-05-09 10:58:02.469119,study_reward
PAY306947,P101986,SUB207949,5.27,2025-05-09 11:09:38.500875,study_reward
PAY306948,P100881,SUB207950,3.47,2025-05-09 11:23:13.219135,study_reward
PAY306949,P102831,SUB207951,3.87,2025-05-09 11:55:42.038774,study_reward
PAY306950,P101009,SUB207952,2.39,2025-05-09 11:55:59.848673,study_reward
PAY306951,P102276,SUB207953,1.84,2025-05-09 12:32:11.748763,study_reward
PAY306952,P102966,SUB207954,1.34,2025-05-09 12:44:53.645454,study_reward
PAY306953,P100295,SUB207955,7.54,2025-05-09 13:04:15.414131,study_reward
PAY306954,P100114,SUB207957,4.1,2025-05-09 15:04:39.759021,study_reward
PAY306955,P101306,SUB207958,12.16,2025-05-09 15:11:37.786283,study_reward
PAY306956,P102631,SUB207959,1.91,2025-05-09 15:16:45.797354,study_reward
PAY306957,P102828,SUB207960,3.24,2025-05-09 15:24:10.183502,study_reward
PAY306958,P102539,SUB207961,1.22,2025-05-09 18:25:49.598445,study_reward
PAY306959,P101449,SUB207962,1.28,2025-05-09 18:57:22.618525,study_reward
PAY306960,P102178,SUB207963,2.76,2025-05-09 19:02:41.877673,study_reward
PAY306961,P100559,SUB207964,3.5,2025-05-09 19:48:41.273183,study_reward
PAY306962,P100302,SUB207965,3.0,2025-05-09 19:54:04.476971,study_reward
PAY306963,P102121,SUB207966,0.55,2025-05-09 21:36:51.306396,study_reward
PAY306964,P101292,SUB207967,0.64,2025-05-09 21:41:52.455912,study_reward
PAY306965,P101759,SUB207968,1.13,2025-05-09 22:31:07.560431,study_reward
PAY306966,P102730,SUB207969,3.08,2025-05-10 00:16:07.637577,study_reward
PAY306967,P101500,SUB207970,1.77,2025-05-10 00:17:07.397228,study_reward
PAY306968,P101997,,15.0,2025-05-10 01:05:06.000000,loyalty_bonus
PAY306969,P102541,SUB207971,9.78,2025-05-10 01:21:45.441149,study_reward
PAY306970,P102564,SUB207972,0.51,2025-05-10 01:51:16.753826,study_reward
PAY306971,P102685,SUB207973,2.54,2025-05-10 01:54:06.066527,study_reward
PAY306972,P100662,SUB207974,2.14,2025-05-10 02:47:39.201478,study_reward
PAY306973,P100549,SUB207975,1.52,2025-05-10 03:06:50.167223,study_reward
PAY306974,P100009,SUB207976,7.54,2025-05-10 03:10:44.809425,study_reward
PAY306975,P101471,SUB207977,1.79,2025-05-10 03:40:36.481328,study_reward
PAY306976,P101292,SUB207978,2.37,2025-05-10 03:41:52.455912,study_reward
PAY306977,P101461,SUB207980,9.78,2025-05-10 05:33:31.202955,study_reward
PAY306978,P102328,SUB207981,0.63,2025-05-10 06:25:36.655565,study_reward
PAY306979,P100872,SUB207983,6.05,2025-05-10 07:59:22.092375,study_reward
PAY306980,P101703,SUB207984,4.69,2025-05-10 08:18:16.159889,study_reward
PAY306981,P101485,SUB207985,2.91,2025-05-10 08:52:57.389523,study_reward
PAY306982,P102753,SUB207986,1.78,2025-05-10 09:30:34.371813,study_reward
PAY306983,P101589,SUB207987,2.69,2025-05-10 09:33:23.282282,study_reward
PAY306984,P101811,SUB207989,10.04,2025-05-10 09:49:45.746016,study_reward
PAY306985,P100723,SUB207990,2.92,2025-05-10 09:49:49.831276,study_reward
PAY306986,P102564,SUB207991,2.46,2025-05-10 10:51:16.753826,study_reward
PAY306987,P102600,SUB207993,1.78,2025-05-10 11:55:23.585085,study_reward
PAY306988,P100304,SUB207994,2.61,2025-05-10 12:56:53.631265,study_reward
PAY306989,P100784,SUB207995,2.27,2025-05-10 13:17:00.791259,study_reward
PAY306990,P100096,SUB207996,0.98,2025-05-10 13:25:04.064461,study_reward
PAY306991,P102575,SUB207997,1.77,2025-05-10 13:29:13.817093,study_reward
PAY306992,P101443,SUB207998,1.12,2025-05-10 13:33:50.146842,study_reward
PAY306993,P101689,SUB208000,5.53,2025-05-10 14:46:59.152238,study_reward
PAY306994,P101923,SUB208001,1.33,2025-05-10 15:58:41.347614,study_reward
PAY306995,P100777,SUB208002,1.28,2025-05-10 16:05:51.295803,study_reward
PAY306996,P102749,SUB208003,6.67,2025-05-10 16:20:42.101131,study_reward
PAY306997,P102773,SUB208004,1.0,2025-05-10 17:35:47.888443,study_reward
PAY306998,P101617,SUB208005,1.54,2025-05-10 17:52:18.376137,study_reward
PAY306999,P102520,SUB208006,1.9,2025-05-10 19:44:56.967535,study_reward
PAY307000,P100302,SUB208008,5.5,2025-05-10 19:54:04.476971,study_reward
PAY307001,P101107,SUB208009,1.95,2025-05-10 20:06:22.003671,study_reward
PAY307002,P100302,SUB208010,2.82,2025-05-10 20:54:04.476971,study_reward
PAY307003,P100229,SUB208011,0.97,2025-05-10 21:05:48.975219,study_reward
PAY307004,P100327,SUB208012,2.63,2025-05-10 21:32:36.360089,study_reward
PAY307005,P100972,SUB208013,2.38,2025-05-10 22:12:27.014772,study_reward
PAY307006,P100968,SUB208014,4.21,2025-05-10 22:15:34.645273,study_reward
PAY307007,P101907,SUB208017,5.74,2025-05-10 23:50:00.715462,study_reward
PAY307008,P100959,SUB208018,4.22,2025-05-11 00:20:17.917379,study_reward
PAY307009,P102541,SUB208019,1.77,2025-05-11 01:21:45.441149,study_reward
PAY307010,P101953,SUB208020,2.56,2025-05-11 01:22:42.176850,study_reward
PAY307011,P100229,SUB208022,4.46,2025-05-11 02:05:48.975219,study_reward
PAY307012,P100608,SUB208023,0.5,2025-05-11 04:20:19.594766,study_reward
PAY307013,P102214,SUB208024,2.13,2025-05-11 05:31:45.532869,study_reward
PAY307014,P100690,,15.0,2025-05-11 05:35:28.000000,loyalty_bonus
PAY307015,P100877,SUB208025,5.67,2025-05-11 05:55:07.360943,study_reward
PAY307016,P100047,SUB208026,3.62,2025-05-11 07:52:29.155675,study_reward
PAY307017,P102245,SUB208028,5.46,2025-05-11 08:19:20.610628,study_reward
PAY307018,P100608,SUB208029,2.55,2025-05-11 08:20:19.594766,study_reward
PAY307019,P100046,SUB208031,2.11,2025-05-11 10:49:05.723747,study_reward
PAY307020,P101907,SUB208032,2.25,2025-05-11 10:50:00.715462,study_reward
PAY307021,P100533,SUB208033,3.21,2025-05-11 13:12:49.427056,study_reward
PAY307022,P100608,SUB208034,3.95,2025-05-11 13:20:19.594766,study_reward
PAY307023,P100653,SUB208035,6.19,2025-05-11 13:33:17.213591,study_reward
PAY307024,P102846,SUB208036,1.79,2025-05-11 13:52:39.635421,study_reward
PAY307025,P100549,SUB208037,1.33,2025-05-11 14:06:50.167223,study_reward
PAY307026,P101894,SUB208038,2.39,2025-05-11 14:21:01.016721,study_reward
PAY307027,P101178,SUB208039,1.46,2025-05-11 14:32:44.098320,study_reward
PAY307028,P101763,SUB208040,1.43,2025-05-11 15:05:42.225837,study_reward
PAY307029,P100778,SUB208041,5.58,2025-05-11 15:06:52.141348,study_reward
PAY307030,P101244,SUB208042,1.05,2025-05-11 15:27:26.288305,study_reward
PAY307031,P102595,SUB208043,2.46,2025-05-11 15:40:09.800568,study_reward
PAY307032,P100238,SUB208044,3.85,2025-05-11 15:43:01.467554,study_reward
PAY307033,P102255,SUB208045,8.82,2025-05-11 15:51:21.126576,study_reward
PAY307034,P101443,SUB208047,3.01,2025-05-11 17:33:50.146842,study_reward
PAY307035,P100766,SUB208048,2.81,2025-05-11 17:48:36.350522,study_reward
PAY307036,P102600,SUB208049,1.52,2025-05-11 18:55:23.585085,study_reward
PAY307037,P102007,SUB208050,1.56,2025-05-11 19:05:14.395867,study_reward
PAY307038,P101953,SUB208051,4.1,2025-05-11 20:22:42.176850,study_reward
PAY307039,P102575,SUB208052,1.75,2025-05-11 20:29:13.817093,study_reward
PAY307040,P100509,SUB208054,2.5,2025-05-11 21:42:39.375446,study_reward
PAY307041,P101986,SUB208055,5.07,2025-05-11 23:09:38.500875,study_reward
PAY307042,P100451,SUB208056,5.65,2025-05-11 23:11:20.842622,study_reward
PAY307043,P100709,SUB208057,1.0,2025-05-11 23:53:39.668219,study_reward
PAY307044,P102585,SUB208059,9.33,2025-05-12 01:14:45.405803,study_reward
PAY307045,P102966,SUB208060,1.77,2025-05-12 01:44:53.645454,study_reward
PAY307046,P100596,SUB208061,1.75,2025-05-12 02:01:24.545593,study_reward
PAY307047,P102943,SUB208062,2.29,2025-05-12 02:11:47.462204,study_reward
PAY307048,P101244,SUB208063,1.47,2025-05-12 02:27:26.288305,study_reward
PAY307049,P102276,SUB208064,1.89,2025-05-12 03:32:11.748763,study_reward
PAY307050,P100486,SUB208065,1.2,2025-05-12 04:35:16.203743,study_reward
PAY307051,P102488,SUB208066,1.35,2025-05-12 05:10:06.797823,study_reward
PAY307052,P100608,SUB208067,1.99,2025-05-12 05:20:19.594766,study_reward
PAY307053,P101986,SUB208068,2.14,2025-05-12 06:09:38.500875,study_reward
PAY307054,P101450,SUB208069,1.34,2025-05-12 06:55:00.918041,study_reward
PAY307055,P100872,SUB208070,0.74,2025-05-12 06:59:22.092375,study_reward
PAY307056,P101363,SUB208072,2.27,2025-05-12 07:37:45.021198,study_reward
PAY307057,P100159,SUB208073,1.14,2025-05-12 07:54:23.952119,study_reward
PAY307058,P102441,SUB208074,1.79,2025-05-12 08:19:35.355589,study_reward
PAY307059,P101225,SUB208075,6.85,2025-05-12 08:44:44.349542,study_reward
PAY307060,P102815,SUB208076,3.82,2025-05-12 09:12:19.313699,study_reward
PAY307061,P102137,SUB208077,0.76,2025-05-12 09:13:50.456765,study_reward
PAY307062,P100918,SUB208078,2.51,2025-05-12 10:52:05.063542,study_reward
PAY307063,P101299,SUB208079,2.3,2025-05-12 14:09:58.503230,study_reward
PAY307064,P101421,SUB208080,1.35,2025-05-12 14:39:08.586862,study_reward
PAY307065,P100723,SUB208081,1.66,2025-05-12 14:49:49.831276,study_reward
PAY307066,P100723,SUB208082,10.53,2025-05-12 14:49:49.831276,study_reward
PAY307067,P102944,SUB208083,4.54,2025-05-12 15:17:01.719711,study_reward
PAY307068,P100749,SUB208084,0.63,2025-05-12 16:11:51.185910,study_reward
PAY307069,P100229,SUB208087,0.73,2025-05-12 17:05:48.975219,study_reward
PAY307070,P101045,SUB208088,1.21,2025-05-12 17:07:28.851805,study_reward
PAY307071,P101791,SUB208089,3.08,2025-05-12 17:24:13.359350,study_reward
PAY307072,P102214,SUB208090,3.36,2025-05-12 17:31:45.532869,study_reward
PAY307073,P102722,SUB208091,4.4,2025-05-12 17:36:08.708914,study_reward
PAY307074,P102441,SUB208093,4.74,2025-05-12 18:19:35.355589,study_reward
PAY307075,P100858,SUB208094,1.67,2025-05-12 19:16:01.616564,study_reward
PAY307076,P101206,SUB208095,4.72,2025-05-12 20:03:36.367107,study_reward
PAY307077,P101986,SUB208097,0.41,2025-05-12 20:09:38.500875,study_reward
PAY307078,P100749,SUB208098,7.35,2025-05-12 20:11:51.185910,study_reward
PAY307079,P100743,SUB208099,5.63,2025-05-12 20:15:44.052427,study_reward
PAY307080,P102441,SUB208100,1.78,2025-05-12 20:19:35.355589,study_reward
PAY307081,P102635,SUB208101,5.22,2025-05-12 20:44:57.045511,study_reward
PAY307082,P101328,SUB208103,2.69,2025-05-12 22:30:33.013186,study_reward
PAY307083,P100559,SUB208104,4.36,2025-05-12 22:48:41.273183,study_reward
PAY307084,P102441,SUB208105,1.5,2025-05-12 23:19:35.355589,study_reward
PAY307085,P102322,SUB208106,2.69,2025-05-12 23:38:38.047409,study_reward
PAY307086,P101225,SUB208108,0.88,2025-05-13 00:44:44.349542,study_reward
PAY307087,P100755,SUB208109,2.82,2025-05-13 00:46:50.155461,study_reward
PAY307088,P102613,SUB208110,5.46,2025-05-13 01:27:25.643053,study_reward
PAY307089,P102442,SUB208111,0.41,2025-05-13 01:58:32.121158,study_reward
PAY307090,P101923,SUB208112,6.95,2025-05-13 01:58:41.347614,study_reward
PAY307091,P101589,SUB208114,1.48,2025-05-13 03:33:23.282282,study_reward
PAY307092,P101353,SUB208115,2.96,2025-05-13 03:40:44.161113,study_reward
PAY307093,P100414,SUB208116,3.1,2025-05-13 04:38:53.940632,study_reward
PAY307094,P102414,SUB208117,4.36,2025-05-13 04:40:56.135609,study_reward
PAY307095,P102560,SUB208119,3.53,2025-05-13 06:26:24.048856,study_reward
PAY307096,P100681,SUB208120,2.24,2025-05-13 06:56:31.269634,study_reward
PAY307097,P102561,SUB208121,6.57,2025-05-13 07:21:33.076683,study_reward
PAY307098,P101633,SUB208122,3.43,2025-05-13 07:22:33.003817,study_reward
PAY307099,P101200,SUB208123,3.64,2025-05-13 09:31:25.423072,study_reward
PAY307100,P102046,SUB208124,3.24,2025-05-13 10:39:26.323379,study_reward
PAY307101,P101986,SUB208125,1.35,2025-05-13 11:09:38.500875,study_reward
PAY307102,P102488,SUB208126,0.98,2025-05-13 11:10:06.797823,study_reward
PAY307103,P102916,SUB208127,3.06,2025-05-13 12:10:32.229888,study_reward
PAY307104,P101443,SUB208128,4.18,2025-05-13 12:33:50.146842,study_reward
PAY307105,P100596,SUB208129,1.42,2025-05-13 14:01:24.545593,study_reward
PAY307106,P100838,SUB208131,4.72,2025-05-13 14:45:50.749725,study_reward
PAY307107,P101485,SUB208132,2.37,2025-05-13 14:52:57.389523,study_reward
PAY307108,P100438,SUB208133,1.77,2025-05-13 15:53:40.836139,study_reward
PAY307109,P100030,SUB208134,3.57,2025-05-13 17:23:45.456222,study_reward
PAY307110,P102539,SUB208135,4.21,2025-05-13 17:25:49.598445,study_reward
PAY307111,P102891,SUB208136,1.48,2025-05-13 17:43:38.213294,study_reward
PAY307112,P102255,SUB208137,2.51,2025-05-13 17:51:21.126576,study_reward
PAY307113,P101649,SUB208139,7.36,2025-05-13 18:18:03.612907,study_reward
PAY307114,P100828,SUB208140,1.89,2025-05-13 18:47:28.807503,study_reward
PAY307115,P100766,SUB208141,2.56,2025-05-13 18:48:36.350522,study_reward
PAY307116,P101154,SUB208142,1.9,2025-05-13 19:14:43.829597,study_reward
PAY307117,P102530,SUB208143,2.77,2025-05-13 19:48:48.549517,study_reward
PAY307118,P100362,SUB208144,3.1,2025-05-13 19:53:54.856113,study_reward
PAY307119,P102735,SUB208145,3.5,2025-05-13 19:56:36.532434,study_reward
PAY307120,P100153,SUB208146,1.52,2025-05-13 19:57:14.114443,study_reward
PAY307121,P102735,SUB208147,5.07,2025-05-13 20:56:36.532434,study_reward
PAY307122,P101284,SUB208148,5.46,2025-05-13 21:07:21.003957,study_reward
PAY307123,P101806,SUB208150,2.24,2025-05-13 22:48:38.170487,study_reward
PAY307124,P102019,SUB208151,1.77,2025-05-13 23:54:26.099713,study_reward
PAY307125,P100732,SUB208152,4.16,2025-05-14 00:04:31.042817,study_reward
PAY307126,P100972,SUB208153,6.13,2025-05-14 00:12:27.014772,study_reward
PAY307127,P100429,SUB208154,3.58,2025-05-14 00:15:08.987265,study_reward
PAY307128,P101485,SUB208155,2.27,2025-05-14 00:52:57.389523,study_reward
PAY307129,P100054,SUB208156,1.35,2025-05-14 01:54:35.483231,study_reward
PAY307130,P102178,SUB208157,2.09,2025-05-14 05:02:41.877673,study_reward
PAY307131,P100972,SUB208158,3.79,2025-05-14 05:12:27.014772,study_reward
PAY307132,P101364,SUB208159,2.64,2025-05-14 05:36:46.338242,study_reward
PAY307133,P102016,SUB208160,2.82,2025-05-14 06:09:33.608229,study_reward
PAY307134,P101682,SUB208161,2.19,2025-05-14 06:22:25.942108,study_reward
PAY307135,P102104,SUB208162,1.0,2025-05-14 07:22:50.619073,study_reward
PAY307136,P100279,SUB208163,8.82,2025-05-14 07:36:42.191018,study_reward
PAY307137,P101362,SUB208164,2.29,2025-05-14 08:36:48.597537,study_reward
PAY307138,P100659,SUB208165,2.35,2025-05-14 08:56:17.581354,study_reward
PAY307139,P100683,SUB208166,1.28,2025-05-14 09:29:31.267052,study_reward
PAY307140,P102831,SUB208167,2.46,2025-05-14 09:55:42.038774,study_reward
PAY307141,P101387,,5.0,2025-05-14 10:49:32.000000,referral_bonus
PAY307142,P101125,SUB208168,2.37,2025-05-14 11:13:00.918610,study_reward
PAY307143,P102579,SUB208169,1.28,2025-05-14 11:48:02.970325,study_reward
PAY307144,P100086,SUB208171,4.04,2025-05-14 12:10:00.805703,study_reward
PAY307145,P102753,SUB208172,2.51,2025-05-14 12:30:34.371813,study_reward
PAY307146,P101178,SUB208173,6.16,2025-05-14 14:32:44.098320,study_reward
PAY307147,P102943,SUB208174,0.77,2025-05-14 15:11:47.462204,study_reward
PAY307148,P101724,SUB208175,3.23,2025-05-14 15:54:07.187861,study_reward
PAY307149,P100851,SUB208176,1.46,2025-05-14 15:57:57.675236,study_reward
PAY307150,P101178,SUB208177,1.67,2025-05-14 16:32:44.098320,study_reward
PAY307151,P100096,SUB208178,6.85,2025-05-14 18:25:04.064461,study_reward
PAY307152,P101362,SUB208179,1.78,2025-05-14 19:36:48.597537,study_reward
PAY307153,P100851,SUB208180,2.42,2025-05-14 19:57:57.675236,study_reward
PAY307154,P101086,SUB208181,3.96,2025-05-14 20:11:23.948499,study_reward
PAY307155,P102952,SUB208182,1.59,2025-05-14 20:40:12.776489,study_reward
PAY307156,P101293,SUB208183,2.5,2025-05-14 20:52:39.628261,study_reward
PAY307157,P101545,SUB208184,5.58,2025-05-14 21:18:00.076162,study_reward
PAY307158,P102385,SUB208185,1.59,2025-05-14 21:58:12.684853,study_reward
PAY307159,P102952,SUB208186,9.78,2025-05-14 22:40:12.776489,study_reward
PAY307160,P102412,SUB208189,1.23,2025-05-14 23:07:34.069164,study_reward
PAY307161,P100429,SUB208190,9.33,2025-05-14 23:15:08.987265,study_reward
PAY307162,P102560,SUB208191,1.79,2025-05-14 23:26:24.048856,study_reward
PAY307163,P100387,SUB208192,2.08,2025-05-14 23:37:10.612955,study_reward
PAY307164,P101769,SUB208193,1.79,2025-05-15 00:19:46.780244,study_reward
PAY307165,P101753,SUB208194,1.99,2025-05-15 00:25:09.153126,study_reward
PAY307166,P100432,SUB208195,0.91,2025-05-15 00:51:57.534167,study_reward
PAY307167,P100918,SUB208196,2.54,2025-05-15 00:52:05.063542,study_reward
PAY307168,P100774,SUB208197,5.72,2025-05-15 01:26:39.060126,study_reward
PAY307169,P101353,SUB208198,0.91,2025-05-15 01:40:44.161113,study_reward
PAY307170,P100136,SUB208199,4.48,2025-05-15 01:43:40.653199,study_reward
PAY307171,P100419,SUB208200,4.49,2025-05-15 01:54:36.802179,study_reward
PAY307172,P102230,SUB208201,9.92,2025-05-15 02:06:49.079453,study_reward
PAY307173,P102502,SUB208202,1.47,2025-05-15 04:08:59.346407,study_reward
PAY307174,P102007,SUB208203,2.96,2025-05-15 06:05:14.395867,study_reward
PAY307175,P100398,SUB208204,7.89,2025-05-15 06:24:20.184764,study_reward
PAY307176,P100362,SUB208205,1.76,2025-05-15 06:53:54.856113,study_reward
PAY307177,P101449,SUB208206,2.82,2025-05-15 06:57:22.618525,study_reward
PAY307178,P100418,SUB208207,2.03,2025-05-15 07:01:53.585881,study_reward
PAY307179,P101109,SUB208208,5.78,2025-05-15 08:02:47.975989,study_reward
PAY307180,P102944,SUB208209,3.74,2025-05-15 08:17:01.719711,study_reward
PAY307181,P100608,SUB208210,0.87,2025-05-15 09:20:19.594766,study_reward
PAY307182,P102230,SUB208211,6.67,2025-05-15 10:06:49.079453,study_reward
PAY307183,P101805,SUB208212,4.69,2025-05-15 10:12:21.130800,study_reward
PAY307184,P102560,SUB208214,3.95,2025-05-15 11:26:24.048856,study_reward
PAY307185,P102161,SUB208215,1.96,2025-05-15 12:07:23.791652,study_reward
PAY307186,P100271,SUB208216,5.0,2025-05-15 12:21:08.797115,study_reward
PAY307187,P100683,SUB208217,2.96,2025-05-15 12:29:31.267052,study_reward
PAY307188,P101327,SUB208219,5.65,2025-05-15 13:24:40.384225,study_reward
PAY307189,P102265,SUB208220,1.52,2025-05-15 13:35:23.351474,study_reward
PAY307190,P101364,SUB208221,1.05,2025-05-15 13:36:46.338242,study_reward
PAY307191,P102322,SUB208222,2.63,2025-05-15 13:38:38.047409,study_reward
PAY307192,P102383,SUB208223,1.17,2025-05-15 13:39:08.885742,study_reward
PAY307193,P102613,SUB208224,0.91,2025-05-15 15:27:25.643053,study_reward
PAY307194,P100414,SUB208225,4.2,2025-05-15 15:38:53.940632,study_reward
PAY307195,P100559,SUB208226,1.88,2025-05-15 15:48:41.273183,study_reward
PAY307196,P101586,SUB208227,9.78,2025-05-15 15:57:07.440791,study_reward
PAY307197,P102230,SUB208228,3.5,2025-05-15 16:06:49.079453,study_reward
PAY307198,P101125,SUB208229,1.75,2025-05-15 17:13:00.918610,study_reward
PAY307199,P102245,SUB208230,1.75,2025-05-15 18:19:20.610628,study_reward
PAY307200,P100709,SUB208231,5.22,2025-05-15 19:53:39.668219,study_reward
PAY307201,P102613,SUB208232,4.46,2025-05-15 20:27:25.643053,study_reward
PAY307202,P100838,SUB208233,3.23,2025-05-15 20:45:50.749725,study_reward
PAY307203,P100159,SUB208234,3.21,2025-05-15 20:54:23.952119,study_reward
PAY307204,P101586,SUB208235,3.58,2025-05-15 20:57:07.440791,study_reward
PAY307205,P101292,SUB208236,3.29,2025-05-15 21:41:52.455912,study_reward
PAY307206,P101703,SUB208237,5.53,2025-05-15 22:18:16.159889,study_reward
PAY307207,P102564,SUB208238,1.0,2025-05-15 22:51:16.753826,study_reward
PAY307208,P102723,SUB208239,1.67,2025-05-15 23:34:30.306036,study_reward
PAY307209,P102973,SUB208240,1.78,2025-05-15 23:50:19.094507,study_reward
PAY307210,P101894,SUB208241,6.05,2025-05-16 01:21:01.016721,study_reward
PAY307211,P100533,SUB208242,2.19,2025-05-16 02:12:49.427056,study_reward
PAY307212,P100435,SUB208243,3.44,2025-05-16 03:10:48.145291,study_reward
PAY307213,P100096,SUB208244,5.22,2025-05-16 03:25:04.064461,study_reward
PAY307214,P102595,SUB208245,0.55,2025-05-16 03:40:09.800568,study_reward
PAY307215,P101272,SUB208246,3.29,2025-05-16 03:49:54.889534,study_reward
PAY307216,P100749,SUB208248,3.05,2025-05-16 04:11:51.185910,study_reward
PAY307217,P102698,SUB208249,5.38,2025-05-16 04:58:32.323405,study_reward
PAY307218,P100357,SUB208250,0.85,2025-05-16 05:03:36.988540,study_reward
PAY307219,P102137,SUB208251,2.01,2025-05-16 05:13:50.456765,study_reward
PAY307220,P101894,SUB208252,4.13,2025-05-16 05:21:01.016721,study_reward
PAY307221,P101475,SUB208253,6.85,2025-05-16 05:30:52.627009,study_reward
PAY307222,P100296,SUB208256,5.04,2025-05-16 06:59:24.039263,study_reward
PAY307223,P102560,SUB208257,4.54,2025-05-16 08:26:24.048856,study_reward
PAY307224,P102275,SUB208258,2.13,2025-05-16 08:27:58.543003,study_reward
PAY307225,P100413,SUB208259,1.52,2025-05-16 10:44:47.376403,study_reward
PAY307226,P101107,SUB208260,1.47,2025-05-16 11:06:22.003671,study_reward
PAY307227,P100778,SUB208261,1.24,2025-05-16 11:06:52.141348,study_reward
PAY307228,P101986,SUB208262,0.88,2025-05-16 11:09:38.500875,study_reward
PAY307229,P101706,SUB208264,1.33,2025-05-16 12:33:42.848387,study_reward
PAY307230,P102132,SUB208265,2.85,2025-05-16 13:39:58.280940,study_reward
PAY307231,P100968,SUB208266,0.85,2025-05-16 14:15:34.645273,study_reward
PAY307232,P102561,SUB208267,2.01,2025-05-16 14:21:33.076683,study_reward
PAY307233,P102541,SUB208268,5.38,2025-05-16 14:21:45.441149,study_reward
PAY307234,P102613,SUB208269,6.19,2025-05-16 14:27:25.643053,study_reward
PAY307235,P102753,SUB208270,4.16,2025-05-16 14:30:34.371813,study_reward
PAY307236,P100038,SUB208271,3.5,2025-05-16 14:42:44.345927,study_reward
PAY307237,P101545,SUB208272,2.92,2025-05-16 15:18:00.076162,study_reward
PAY307238,P100092,SUB208273,2.64,2025-05-16 15:45:16.848301,study_reward
PAY307239,P100094,SUB208274,3.43,2025-05-16 15:55:35.885426,study_reward
PAY307240,P102202,SUB208275,3.58,2025-05-16 16:27:38.306088,study_reward
PAY307241,P102737,SUB208276,2.07,2025-05-16 16:28:48.239375,study_reward
PAY307242,P101945,SUB208277,1.76,2025-05-16 17:09:45.665663,study_reward
PAY307243,P101633,SUB208278,2.43,2025-05-16 17:22:33.003817,study_reward
PAY307244,P102046,SUB208279,1.7,2025-05-16 17:39:26.323379,study_reward
PAY307245,P100126,SUB208280,3.32,2025-05-16 18:11:09.393216,study_reward
PAY307246,P100220,SUB208281,6.03,2025-05-16 18:11:17.472849,study_reward
PAY307247,P100429,SUB208282,0.8,2025-05-16 18:15:08.987265,study_reward
PAY307248,P100558,SUB208283,3.44,2025-05-16 18:41:24.112349,study_reward
PAY307249,P100229,SUB208284,1.23,2025-05-16 19:05:48.975219,study_reward
PAY307250,P102541,SUB208285,1.58,2025-05-16 19:21:45.441149,study_reward
PAY307251,P100362,SUB208287,7.8,2025-05-16 20:53:54.856113,study_reward
PAY307252,P101353,SUB208288,4.18,2025-05-16 21:40:44.161113,study_reward
PAY307253,P101213,SUB208290,2.03,2025-05-16 22:19:58.739644,study_reward
PAY307254,P100327,SUB208291,0.75,2025-05-16 22:32:36.360089,study_reward
PAY307255,P100596,SUB208292,1.35,2025-05-16 23:01:24.545593,study_reward
PAY307256,P101805,SUB208293,3.08,2025-05-16 23:12:21.130800,study_reward
PAY307257,P101763,SUB208294,2.73,2025-05-17 00:05:42.225837,study_reward
PAY307258,P102412,SUB208295,0.8,2025-05-17 00:07:34.069164,study_reward
PAY307259,P102412,SUB208296,10.04,2025-05-17 01:07:34.069164,study_reward
PAY307260,P102160,SUB208298,2.39,2025-05-17 01:44:04.749852,study_reward
PAY307261,P102552,SUB208299,0.33,2025-05-17 01:59:45.815095,study_reward
PAY307262,P100418,SUB208300,2.11,2025-05-17 02:01:53.585881,study_reward
PAY307263,P102230,SUB208301,2.5,2025-05-17 02:06:49.079453,study_reward
PAY307264,P102748,SUB208303,4.0,2025-05-17 02:42:39.934809,study_reward
PAY307265,P102831,SUB208304,2.25,2025-05-17 02:55:42.038774,study_reward
PAY307266,P100420,SUB208305,1.24,2025-05-17 03:16:06.565324,study_reward
PAY307267,P100114,SUB208306,2.36,2025-05-17 05:04:39.759021,study_reward
PAY307268,P100981,SUB208307,1.46,2025-05-17 05:12:45.742116,study_reward
PAY307269,P100435,SUB208308,1.28,2025-05-17 07:10:48.145291,study_reward
PAY307270,P101206,SUB208309,1.92,2025-05-17 09:03:36.367107,study_reward
PAY307271,P100238,SUB208310,6.57,2025-05-17 09:43:01.467554,study_reward
PAY307272,P100346,SUB208311,1.01,2025-05-17 10:06:32.206869,study_reward
PAY307273,P101942,SUB208312,6.13,2025-05-17 10:49:00.435438,study_reward
PAY307274,P100791,,2.5,2025-05-17 11:56:23.000000,referral_bonus
PAY307275,P102737,SUB208313,7.36,2025-05-17 12:28:48.239375,study_reward
PAY307276,P102595,SUB208314,1.2,2025-05-17 12:40:09.800568,study_reward
PAY307277,P102955,SUB208315,0.73,2025-05-17 13:09:21.359736,study_reward
PAY307278,P102117,SUB208316,2.39,2025-05-17 14:09:07.861523,study_reward
PAY307279,P102595,SUB208317,2.03,2025-05-17 14:40:09.800568,study_reward
PAY307280,P101242,SUB208318,2.1,2025-05-17 14:44:50.771033,study_reward
PAY307281,P102811,SUB208319,2.81,2025-05-17 15:20:57.000333,study_reward
PAY307282,P101806,SUB208320,3.43,2025-05-17 16:48:38.170487,study_reward
PAY307283,P100419,SUB208321,1.78,2025-05-17 17:54:36.802179,study_reward
PAY307284,P101632,SUB208322,2.01,2025-05-17 18:03:25.259026,study_reward
PAY307285,P102656,SUB208323,5.22,2025-05-17 18:07:05.858180,study_reward
PAY307286,P101589,SUB208324,5.0,2025-05-17 18:33:23.282282,study_reward
PAY307287,P102152,SUB208325,2.03,2025-05-17 20:03:09.682704,study_reward
PAY307288,P101327,SUB208326,3.96,2025-05-17 20:24:40.384225,study_reward
PAY307289,P102121,SUB208327,2.11,2025-05-17 21:36:51.306396,study_reward
PAY307290,P100038,SUB208328,1.28,2025-05-17 21:42:44.345927,study_reward
PAY307291,P101956,SUB208329,1.28,2025-05-17 23:01:02.729755,study_reward
PAY307292,P101649,SUB208330,1.83,2025-05-17 23:18:03.612907,study_reward
PAY307293,P100352,SUB208331,4.54,2025-05-18 00:38:30.220186,study_reward
PAY307294,P101109,SUB208332,4.64,2025-05-18 02:02:47.975989,study_reward
PAY307295,P102204,SUB208333,1.0,2025-05-18 02:46:22.899518,study_reward
PAY307296,P100991,SUB208335,2.82,2025-05-18 03:15:33.001221,study_reward
PAY307297,P100030,SUB208336,4.49,2025-05-18 03:23:45.456222,study_reward
PAY307298,P102501,SUB208337,1.02,2025-05-18 03:53:56.212082,study_reward
PAY307299,P101398,SUB208338,3.95,2025-05-18 04:49:54.730779,study_reward
PAY307300,P101398,SUB208339,4.69,2025-05-18 04:49:54.730779,study_reward
PAY307301,P100881,SUB208340,4.16,2025-05-18 05:23:13.219135,study_reward
PAY307302,P101806,SUB208342,1.75,2025-05-18 06:48:38.170487,study_reward
PAY307303,P101880,SUB208343,0.63,2025-05-18 08:00:03.960149,study_reward
PAY307304,P101213,SUB208344,3.5,2025-05-18 08:19:58.739644,study_reward
PAY307305,P101244,SUB208345,1.54,2025-05-18 09:27:26.288305,study_reward
PAY307306,P101888,SUB208347,1.92,2025-05-18 10:15:19.610142,study_reward
PAY307307,P102204,SUB208348,2.11,2025-05-18 10:46:22.899518,study_reward
PAY307308,P101545,SUB208350,3.52,2025-05-18 11:18:00.076162,study_reward
PAY307309,P102850,SUB208351,3.47,2025-05-18 11:41:48.454921,study_reward
PAY307310,P102170,SUB208352,7.63,2025-05-18 11:43:08.254928,study_reward
PAY307311,P102117,SUB208353,1.98,2025-05-18 12:09:07.861523,study_reward
PAY307312,P102944,SUB208355,3.05,2025-05-18 12:17:01.719711,study_reward
PAY307313,P102046,SUB208356,1.95,2025-05-18 12:39:26.323379,study_reward
PAY307314,P100611,SUB208357,6.81,2025-05-18 12:50:40.275691,study_reward
PAY307315,P100743,SUB208358,5.74,2025-05-18 13:15:44.052427,study_reward
PAY307316,P102955,SUB208359,1.29,2025-05-18 14:09:21.359736,study_reward
PAY307317,P102255,SUB208360,1.85,2025-05-18 14:51:21.126576,study_reward
PAY307318,P101206,SUB208361,2.35,2025-05-18 15:03:36.367107,study_reward
PAY307319,P100533,SUB208362,8.82,2025-05-18 15:12:49.427056,study_reward
PAY307320,P100533,SUB208364,3.08,2025-05-18 17:12:49.427056,study_reward
PAY307321,P102753,SUB208365,1.66,2025-05-18 17:30:34.371813,study_reward
PAY307322,P102959,SUB208366,3.36,2025-05-18 18:23:44.403799,study_reward
PAY307323,P100096,SUB208367,2.36,2025-05-18 19:25:04.064461,study_reward
PAY307324,P101545,SUB208368,5.76,2025-05-18 20:18:00.076162,study_reward
PAY307325,P100608,SUB208369,4.12,2025-05-18 21:20:19.594766,study_reward
PAY307326,P100864,SUB208370,2.32,2025-05-18 22:14:57.785662,study_reward
PAY307327,P100153,SUB208371,5.07,2025-05-18 22:57:14.114443,study_reward
PAY307328,P100302,SUB208373,0.55,2025-05-18 23:54:04.476971,study_reward
PAY307329,P102019,SUB208374,4.82,2025-05-18 23:54:26.099713,study_reward
PAY307330,P100451,SUB208375,1.23,2025-05-19 00:11:20.842622,study_reward
PAY307331,P100096,SUB208376,5.67,2025-05-19 02:25:04.064461,study_reward
PAY307332,P102104,SUB208377,1.84,2025-05-19 03:22:50.619073,study_reward
PAY307333,P100193,SUB208378,1.05,2025-05-19 05:24:08.199817,study_reward
PAY307334,P102458,SUB208379,7.89,2025-05-19 07:02:23.947582,study_reward
PAY307335,P100858,SUB208380,6.03,2025-05-19 07:16:01.616564,study_reward
PAY307336,P101307,SUB208381,6.11,2025-05-19 08:12:56.275564,study_reward
PAY307337,P102730,SUB208382,3.44,2025-05-19 08:16:07.637577,study_reward
PAY307338,P102385,SUB208383,3.89,2025-05-19 10:58:12.684853,study_reward
PAY307339,P101225,SUB208384,5.22,2025-05-19 11:44:44.349542,study_reward
PAY307340,P101605,SUB208385,1.02,2025-05-19 11:50:10.630751,study_reward
PAY307341,P102944,SUB208386,1.5,2025-05-19 12:17:01.719711,study_reward
PAY307342,P101178,SUB208387,2.77,2025-05-19 12:32:44.098320,study_reward
PAY307343,P102170,SUB208388,2.26,2025-05-19 12:43:08.254928,study_reward
PAY307344,P100096,SUB208389,5.78,2025-05-19 13:25:04.064461,study_reward
PAY307345,P102019,SUB208391,2.69,2025-05-19 14:54:26.099713,study_reward
PAY307346,P100828,SUB208392,2.75,2025-05-19 15:47:28.807503,study_reward
PAY307347,P100885,SUB208393,4.41,2025-05-19 15:48:02.142018,study_reward
PAY307348,P100723,SUB208394,0.75,2025-05-19 15:49:49.831276,study_reward
PAY307349,P101206,SUB208395,2.72,2025-05-19 16:03:36.367107,study_reward
PAY307350,P102105,SUB208396,4.91,2025-05-19 16:23:28.625488,study_reward
PAY307351,P101942,SUB208397,3.43,2025-05-19 16:49:00.435438,study_reward
PAY307352,P100549,SUB208398,5.46,2025-05-19 17:06:50.167223,study_reward
PAY307353,P100092,SUB208399,7.54,2025-05-19 17:45:16.848301,study_reward
PAY307354,P102944,SUB208400,4.64,2025-05-19 18:17:01.719711,study_reward
PAY307355,P100193,SUB208401,7.62,2025-05-19 18:24:08.199817,study_reward
PAY307356,P100559,SUB208402,5.0,2025-05-19 18:48:41.273183,study_reward
PAY307357,P101125,SUB208403,1.75,2025-05-19 19:13:00.918610,study_reward
PAY307358,P102600,SUB208404,1.78,2025-05-19 19:55:23.585085,study_reward
PAY307359,P100435,SUB208405,2.13,2025-05-19 21:10:48.145291,study_reward
PAY307360,P101386,SUB208406,3.44,2025-05-19 22:23:29.162442,study_reward
PAY307361,P101759,SUB208407,1.98,2025-05-19 22:31:07.560431,study_reward
PAY307362,P102838,SUB208408,3.89,2025-05-19 22:41:41.557217,study_reward
PAY307363,P102095,SUB208409,1.59,2025-05-19 23:48:34.229920,study_reward
PAY307364,P101791,SUB208411,5.67,2025-05-20 01:24:13.359350,study_reward
PAY307365,P101307,SUB208412,5.72,2025-05-20 02:12:56.275564,study_reward
PAY307366,P100619,SUB208413,2.75,2025-05-20 02:33:45.032348,study_reward
PAY307367,P101708,SUB208414,2.11,2025-05-20 02:50:44.525775,study_reward
PAY307368,P100503,SUB208416,2.03,2025-05-20 04:05:31.961696,study_reward
PAY307369,P100136,SUB208417,8.82,2025-05-20 04:43:40.653199,study_reward
PAY307370,P100854,SUB208419,3.62,2025-05-20 05:45:19.299129,study_reward
PAY307371,P101485,SUB208420,2.08,2025-05-20 05:52:57.389523,study_reward
PAY307372,P101272,SUB208421,2.01,2025-05-20 10:49:54.889534,study_reward
PAY307373,P101109,SUB208422,3.79,2025-05-20 11:02:47.975989,study_reward
PAY307374,P101767,SUB208423,4.12,2025-05-20 12:10:35.474564,study_reward
PAY307375,P102385,SUB208424,1.79,2025-05-20 12:58:12.684853,study_reward
PAY307376,P101545,SUB208425,2.54,2025-05-20 13:18:00.076162,study_reward
PAY307377,P101894,SUB208426,1.05,2025-05-20 13:21:01.016721,study_reward
PAY307378,P102539,SUB208427,1.52,2025-05-20 13:25:49.598445,study_reward
PAY307379,P101540,SUB208428,2.32,2025-05-20 13:35:47.652850,study_reward
PAY307380,P100357,SUB208430,2.61,2025-05-20 14:03:36.988540,study_reward
PAY307381,P102699,SUB208431,2.69,2025-05-20 14:05:15.839633,study_reward
PAY307382,P102065,SUB208433,12.16,2025-05-20 14:38:01.368896,study_reward
PAY307383,P102595,SUB208434,6.05,2025-05-20 14:40:09.800568,study_reward
PAY307384,P101851,SUB208435,1.23,2025-05-20 16:27:58.156545,study_reward
PAY307385,P102422,SUB208436,2.81,2025-05-20 16:37:41.680592,study_reward
PAY307386,P101703,SUB208437,1.13,2025-05-20 17:18:16.159889,study_reward
PAY307387,P100611,SUB208438,1.22,2025-05-20 17:50:40.275691,study_reward
PAY307388,P101835,SUB208439,0.85,2025-05-20 17:59:21.451147,study_reward
PAY307389,P100385,SUB208440,1.17,2025-05-20 19:05:04.022431,study_reward
PAY307390,P102501,SUB208441,2.32,2025-05-20 19:53:56.212082,study_reward
PAY307391,P101663,SUB208442,1.9,2025-05-20 20:14:38.309605,study_reward
PAY307392,P101471,SUB208444,2.19,2025-05-20 20:40:36.481328,study_reward
PAY307393,P102496,SUB208446,2.06,2025-05-20 21:31:11.895022,study_reward
PAY307394,P102815,SUB208447,5.53,2025-05-20 23:12:19.313699,study_reward
PAY307395,P100352,SUB208448,0.63,2025-05-20 23:38:30.220186,study_reward
PAY307396,P101899,SUB208449,4.49,2025-05-21 01:33:11.653925,study_reward
PAY307397,P100438,SUB208451,4.0,2025-05-21 01:53:40.836139,study_reward
PAY307398,P100058,SUB208452,3.95,2025-05-21 02:07:29.417148,study_reward
PAY307399,P100972,SUB208453,5.02,2025-05-21 02:12:27.014772,study_reward
PAY307400,P102722,SUB208454,1.81,2025-05-21 03:36:08.708914,study_reward
PAY307401,P101835,SUB208455,1.28,2025-05-21 03:59:21.451147,study_reward
PAY307402,P101633,SUB208456,1.98,2025-05-21 04:22:33.003817,study_reward
PAY307403,P101335,SUB208457,1.79,2025-05-21 04:33:47.727433,study_reward
PAY307404,P100137,SUB208458,4.13,2025-05-21 04:58:02.469119,study_reward
PAY307405,P100429,SUB208459,5.74,2025-05-21 06:15:08.987265,study_reward
PAY307406,P102642,SUB208460,4.23,2025-05-21 07:02:06.342954,study_reward
PAY307407,P102952,SUB208461,3.21,2025-05-21 07:40:12.776489,study_reward
PAY307408,P101689,SUB208463,1.99,2025-05-21 09:46:59.152238,study_reward
PAY307409,P100707,SUB208465,0.87,2025-05-21 12:06:47.141215,study_reward
PAY307410,P101242,SUB208466,4.41,2025-05-21 12:44:50.771033,study_reward
PAY307411,P100388,SUB208467,1.67,2025-05-21 12:45:14.680578,study_reward
PAY307412,P101724,SUB208468,3.36,2025-05-21 12:54:07.187861,study_reward
PAY307413,P100054,SUB208469,1.51,2025-05-21 14:54:35.483231,study_reward
PAY307414,P100295,SUB208470,5.02,2025-05-21 15:04:15.414131,study_reward
PAY307415,P101663,SUB208471,7.89,2025-05-21 15:14:38.309605,study_reward
PAY307416,P101165,SUB208472,5.74,2025-05-21 15:36:39.565837,study_reward
PAY307417,P100877,SUB208474,1.19,2025-05-21 15:55:07.360943,study_reward
PAY307418,P102369,SUB208475,6.13,2025-05-21 16:30:17.624035,study_reward
PAY307419,P100723,SUB208476,2.96,2025-05-21 16:49:49.831276,study_reward
PAY307420,P102815,SUB208477,6.81,2025-05-21 17:12:19.313699,study_reward
PAY307421,P100413,SUB208478,0.8,2025-05-21 18:44:47.376403,study_reward
PAY307422,P102392,SUB208479,4.91,2025-05-21 19:11:05.806393,study_reward
PAY307423,P102442,SUB208480,3.29,2025-05-21 21:58:32.121158,study_reward
PAY307424,P102496,SUB208481,1.29,2025-05-21 22:31:11.895022,study_reward
PAY307425,P102502,SUB208482,0.5,2025-05-21 23:08:59.346407,study_reward
PAY307426,P102987,SUB208483,3.23,2025-05-22 00:14:11.706602,study_reward
PAY307427,P101457,SUB208484,0.66,2025-05-22 02:01:16.576729,study_reward
PAY307428,P102560,SUB208487,4.8,2025-05-22 02:26:24.048856,study_reward
PAY307429,P102354,SUB208488,3.58,2025-05-22 02:26:58.821016,study_reward
PAY307430,P102065,SUB208489,0.82,2025-05-22 02:38:01.368896,study_reward
PAY307431,P100287,SUB208490,3.87,2025-05-22 03:16:10.916862,study_reward
PAY307432,P100419,SUB208492,7.8,2025-05-22 03:54:36.802179,study_reward
PAY307433,P102685,SUB208495,6.95,2025-05-22 04:54:06.066527,study_reward
PAY307434,P100296,SUB208496,0.53,2025-05-22 04:59:24.039263,study_reward
PAY307435,P102121,SUB208497,2.01,2025-05-22 05:36:51.306396,study_reward
PAY307436,P102531,SUB208498,2.02,2025-05-22 05:44:23.867036,study_reward
PAY307437,P100295,SUB208499,1.78,2025-05-22 06:04:15.414131,study_reward
PAY307438,P101791,SUB208500,2.25,2025-05-22 06:24:13.359350,study_reward
PAY307439,P100413,SUB208502,3.74,2025-05-22 06:44:47.376403,study_reward
PAY307440,P102488,SUB208503,4.4,2025-05-22 07:10:06.797823,study_reward
PAY307441,P101767,SUB208504,1.75,2025-05-22 07:10:35.474564,study_reward
PAY307442,P100302,SUB208505,2.54,2025-05-22 07:54:04.476971,study_reward
PAY307443,P100267,SUB208507,1.35,2025-05-22 09:10:54.897831,study_reward
PAY307444,P102473,SUB208508,1.77,2025-05-22 09:12:45.588871,study_reward
PAY307445,P101449,SUB208509,1.32,2025-05-22 09:57:22.618525,study_reward
PAY307446,P101545,SUB208510,3.47,2025-05-22 10:18:00.076162,study_reward
PAY307447,P101292,SUB208511,2.26,2025-05-22 10:41:52.455912,study_reward
PAY307448,P100749,SUB208512,1.77,2025-05-22 11:11:51.185910,study_reward
PAY307449,P101703,SUB208513,1.77,2025-05-22 11:18:16.159889,study_reward
PAY307450,P101449,SUB208516,0.33,2025-05-22 11:57:22.618525,study_reward
PAY307451,P101545,SUB208517,1.35,2025-05-22 12:18:00.076162,study_reward
PAY307452,P102863,SUB208518,4.22,2025-05-22 12:39:44.940202,study_reward
PAY307453,P102600,SUB208521,1.59,2025-05-22 13:55:23.585085,study_reward
PAY307454,P102952,SUB208522,4.16,2025-05-22 14:40:12.776489,study_reward
PAY307455,P101200,SUB208523,3.43,2025-05-22 15:31:25.423072,study_reward
PAY307456,P101004,SUB208524,2.27,2025-05-22 15:32:52.367906,study_reward
PAY307457,P102265,SUB208525,2.5,2025-05-22 15:35:23.351474,study_reward
PAY307458,P102983,SUB208527,3.46,2025-05-22 17:24:58.869963,study_reward
PAY307459,P100136,SUB208528,3.21,2025-05-22 17:43:40.653199,study_reward
PAY307460,P102160,SUB208529,1.54,2025-05-22 17:44:04.749852,study_reward
PAY307461,P102501,SUB208530,2.46,2025-05-22 17:53:56.212082,study_reward
PAY307462,P101476,SUB208531,1.47,2025-05-22 18:52:21.035529,study_reward
PAY307463,P101930,SUB208532,2.26,2025-05-22 19:57:52.724422,study_reward
PAY307464,P100435,SUB208533,1.77,2025-05-22 20:10:48.145291,study_reward
PAY307465,P100558,SUB208535,1.83,2025-05-22 21:41:24.112349,study_reward
PAY307466,P101806,SUB208537,5.65,2025-05-22 22:48:38.170487,study_reward
PAY307467,P100872,SUB208538,0.73,2025-05-22 22:59:22.092375,study_reward
PAY307468,P102637,SUB208539,1.01,2025-05-23 00:11:09.180203,study_reward
PAY307469,P100743,SUB208540,2.06,2025-05-23 00:15:44.052427,study_reward
PAY307470,P101153,SUB208542,3.24,2025-05-23 00:51:43.091606,study_reward
PAY307471,P102722,SUB208544,1.83,2025-05-23 02:36:08.708914,study_reward
PAY307472,P102473,SUB208545,1.52,2025-05-23 03:12:45.588871,study_reward
PAY307473,P100398,SUB208546,1.95,2025-05-23 04:24:20.184764,study_reward
PAY307474,P101178,SUB208547,1.58,2025-05-23 04:32:44.098320,study_reward
PAY307475,P101956,SUB208548,4.0,2025-05-23 05:01:02.729755,study_reward
PAY307476,P101649,SUB208549,3.46,2025-05-23 05:18:03.612907,study_reward
PAY307477,P102410,SUB208550,2.69,2025-05-23 05:20:07.057856,study_reward
PAY307478,P102291,SUB208551,2.45,2025-05-23 05:53:19.688739,study_reward
PAY307479,P100279,SUB208552,3.06,2025-05-23 06:36:42.191018,study_reward
PAY307480,P101589,SUB208553,1.42,2025-05-23 07:33:23.282282,study_reward
PAY307481,P100257,SUB208554,5.07,2025-05-23 07:47:57.824935,study_reward
PAY307482,P100968,SUB208555,5.63,2025-05-23 08:15:34.645273,study_reward
PAY307483,P102730,SUB208556,3.64,2025-05-23 08:16:07.637577,study_reward
PAY307484,P102473,SUB208558,3.03,2025-05-23 09:12:45.588871,study_reward
PAY307485,P100608,SUB208559,3.45,2025-05-23 09:20:19.594766,study_reward
PAY307486,P101476,SUB208560,1.67,2025-05-23 09:52:21.035529,study_reward
PAY307487,P100820,SUB208561,0.64,2025-05-23 10:58:30.209356,study_reward
PAY307488,P101244,SUB208562,4.13,2025-05-23 12:27:26.288305,study_reward
PAY307489,P100271,SUB208563,1.59,2025-05-23 14:21:08.797115,study_reward
PAY307490,P101818,SUB208564,4.64,2025-05-23 14:55:18.247221,study_reward
PAY307491,P101759,SUB208565,6.95,2025-05-23 15:31:07.560431,study_reward
PAY307492,P102422,SUB208566,5.17,2025-05-23 15:37:41.680592,study_reward
PAY307493,P101186,SUB208567,1.28,2025-05-23 16:01:12.535046,study_reward
PAY307494,P100624,SUB208568,2.32,2025-05-23 18:23:32.119254,study_reward
PAY307495,P102753,SUB208569,1.42,2025-05-23 19:30:34.371813,study_reward
PAY307496,P102385,SUB208570,1.61,2025-05-23 19:58:12.684853,study_reward
PAY307497,P101923,SUB208571,4.91,2025-05-23 19:58:41.347614,study_reward
PAY307498,P102137,SUB208573,5.04,2025-05-23 21:13:50.456765,study_reward
PAY307499,P101178,SUB208574,2.69,2025-05-23 21:32:44.098320,study_reward
PAY307500,P101109,SUB208576,4.54,2025-05-23 22:02:47.975989,study_reward
PAY307501,P100420,SUB208577,1.5,2025-05-23 22:16:06.565324,study_reward
PAY307502,P102422,SUB208578,1.59,2025-05-23 22:37:41.680592,study_reward
PAY307503,P102561,SUB208580,9.92,2025-05-24 00:21:33.076683,study_reward
PAY307504,P101475,SUB208581,2.61,2025-05-24 02:30:52.627009,study_reward
PAY307505,P102772,SUB208582,0.97,2025-05-24 02:38:24.459909,study_reward
PAY307506,P102473,SUB208583,4.82,2025-05-24 03:12:45.588871,study_reward
PAY307507,P102595,SUB208584,2.91,2025-05-24 03:40:09.800568,study_reward
PAY307508,P102699,SUB208585,1.66,2025-05-24 04:05:15.839633,study_reward
PAY307509,P102256,SUB208587,1.59,2025-05-24 04:39:59.180069,study_reward
PAY307510,P100559,SUB208588,3.36,2025-05-24 04:48:41.273183,study_reward
PAY307511,P101806,SUB208590,1.19,2025-05-24 06:48:38.170487,study_reward
PAY307512,P101589,SUB208592,4.69,2025-05-24 07:33:23.282282,study_reward
PAY307513,P102410,SUB208593,1.35,2025-05-24 08:20:07.057856,study_reward
PAY307514,P102656,SUB208594,6.85,2025-05-24 09:07:05.858180,study_reward
PAY307515,P101649,SUB208595,2.5,2025-05-24 09:18:03.612907,study_reward
PAY307516,P102541,SUB208596,3.04,2025-05-24 09:21:45.441149,study_reward
PAY307517,P101475,SUB208597,0.98,2025-05-24 09:30:52.627009,study_reward
PAY307518,P100095,SUB208598,2.46,2025-05-24 09:40:18.129546,study_reward
PAY307519,P100388,SUB208599,0.75,2025-05-24 09:45:14.680578,study_reward
PAY307520,P101835,SUB208600,2.38,2025-05-24 09:59:21.451147,study_reward
PAY307521,P100732,SUB208601,3.58,2025-05-24 10:04:31.042817,study_reward
PAY307522,P102561,SUB208602,1.96,2025-05-24 10:21:33.076683,study_reward
PAY307523,P101029,SUB208603,1.32,2025-05-24 10:28:31.647798,study_reward
PAY307524,P102464,SUB208605,1.79,2025-05-24 12:43:55.849445,study_reward
PAY307525,P101107,SUB208606,3.06,2025-05-24 13:06:22.003671,study_reward
PAY307526,P101791,SUB208607,1.78,2025-05-24 13:24:13.359350,study_reward
PAY307527,P102722,SUB208608,2.26,2025-05-24 13:36:08.708914,study_reward
PAY307528,P102502,SUB208609,2.4,2025-05-24 15:08:59.346407,study_reward
PAY307529,P102637,SUB208610,1.47,2025-05-24 15:11:09.180203,study_reward
PAY307530,P101109,SUB208611,1.92,2025-05-24 16:02:47.975989,study_reward
PAY307531,P100062,SUB208612,3.24,2025-05-24 17:44:26.859794,study_reward
PAY307532,P101811,SUB208613,1.46,2025-05-24 17:49:45.746016,study_reward
PAY307533,P101724,SUB208614,1.76,2025-05-24 17:54:07.187861,study_reward
PAY307534,P100095,SUB208616,3.96,2025-05-24 18:40:18.129546,study_reward
PAY307535,P100438,SUB208617,1.94,2025-05-24 18:53:40.836139,study_reward
PAY307536,P100854,SUB208620,2.16,2025-05-24 19:45:19.299129,study_reward
PAY307537,P101769,SUB208621,5.02,2025-05-24 21:19:46.780244,study_reward
PAY307538,P101753,SUB208623,2.16,2025-05-24 21:25:09.153126,study_reward
PAY307539,P100038,SUB208624,2.92,2025-05-24 22:42:44.345927,study_reward
PAY307540,P100732,SUB208625,1.84,2025-05-24 23:04:31.042817,study_reward
PAY307541,P101717,SUB208626,6.57,2025-05-24 23:30:06.669616,study_reward
PAY307542,P102324,SUB208627,2.51,2025-05-24 23:44:32.502386,study_reward
PAY307543,P101447,SUB208628,1.61,2025-05-24 23:50:48.827689,study_reward
PAY307544,P101617,SUB208629,4.21,2025-05-24 23:52:18.376137,study_reward
PAY307545,P101485,SUB208630,1.5,2025-05-25 00:52:57.389523,study_reward
PAY307546,P101086,SUB208631,2.36,2025-05-25 01:11:23.948499,study_reward
PAY307547,P100275,SUB208632,1.48,2025-05-25 01:29:08.604344,study_reward
PAY307548,P100541,SUB208633,1.0,2025-05-25 01:29:20.434338,study_reward
PAY307549,P101450,SUB208634,3.95,2025-05-25 01:55:00.918041,study_reward
PAY307550,P100549,SUB208635,7.8,2025-05-25 02:06:50.167223,study_reward
PAY307551,P100030,SUB208636,2.35,2025-05-25 03:23:45.456222,study_reward
PAY307552,P101896,SUB208637,3.8,2025-05-25 04:02:29.420285,study_reward
PAY307553,P100120,SUB208638,1.71,2025-05-25 05:21:05.264445,study_reward
PAY307554,P100709,SUB208639,3.77,2025-05-25 05:53:39.668219,study_reward
PAY307555,P100659,SUB208640,3.21,2025-05-25 06:56:17.581354,study_reward
PAY307556,P100828,SUB208641,1.88,2025-05-25 08:47:28.807503,study_reward
PAY307557,P101485,SUB208643,0.64,2025-05-25 08:52:57.389523,study_reward
PAY307558,P102145,SUB208644,4.23,2025-05-25 09:25:23.368456,study_reward
PAY307559,P102891,,2.5,2025-05-25 10:07:57.000000,referral_bonus
PAY307560,P102046,SUB208645,3.95,2025-05-25 11:39:26.323379,study_reward
PAY307561,P101160,SUB208646,3.32,2025-05-25 11:41:53.911759,study_reward
PAY307562,P102019,SUB208647,1.67,2025-05-25 12:54:26.099713,study_reward
PAY307563,P101309,SUB208648,1.17,2025-05-25 13:12:52.859789,study_reward
PAY307564,P101309,SUB208650,5.76,2025-05-25 14:12:52.859789,study_reward
PAY307565,P102698,SUB208652,7.35,2025-05-25 15:58:32.323405,study_reward
PAY307566,P100541,SUB208653,1.78,2025-05-25 17:29:20.434338,study_reward
PAY307567,P102105,SUB208654,4.0,2025-05-25 18:23:28.625488,study_reward
PAY307568,P100611,SUB208655,1.91,2025-05-25 18:50:40.275691,study_reward
PAY307569,P101107,SUB208656,2.35,2025-05-25 19:06:22.003671,study_reward
PAY307570,P100858,SUB208657,2.92,2025-05-25 19:16:01.616564,study_reward
PAY307571,P102730,SUB208658,7.89,2025-05-25 19:16:07.637577,study_reward
PAY307572,P101420,SUB208659,0.91,2025-05-25 19:58:14.456381,study_reward
PAY307573,P102492,SUB208660,6.03,2025-05-25 20:10:37.449514,study_reward
PAY307574,P101421,SUB208662,2.13,2025-05-25 21:39:08.586862,study_reward
PAY307575,P102539,SUB208663,1.35,2025-05-25 22:25:49.598445,study_reward
PAY307576,P100308,SUB208664,1.79,2025-05-25 22:55:52.359778,study_reward
PAY307577,P101475,SUB208665,9.33,2025-05-25 23:30:52.627009,study_reward
PAY307578,P102369,SUB208668,1.78,2025-05-26 01:30:17.624035,study_reward
PAY307579,P101399,SUB208669,0.97,2025-05-26 01:50:32.867459,study_reward
PAY307580,P101649,SUB208671,3.43,2025-05-26 02:18:03.612907,study_reward
PAY307581,P100257,SUB208672,2.48,2025-05-26 03:47:57.824935,study_reward
PAY307582,P101399,SUB208673,2.31,2025-05-26 03:50:32.867459,study_reward
PAY307583,P102458,SUB208675,5.17,2025-05-26 05:02:23.947582,study_reward
PAY307584,P100054,SUB208676,3.95,2025-05-26 05:54:35.483231,study_reward
PAY307585,P101420,SUB208677,1.59,2025-05-26 05:58:14.456381,study_reward
PAY307586,P100659,SUB208678,5.74,2025-05-26 06:56:17.581354,study_reward
PAY307587,P100165,SUB208679,2.85,2025-05-26 07:10:30.261650,study_reward
PAY307588,P101225,SUB208680,1.9,2025-05-26 07:44:44.349542,study_reward
PAY307589,P102955,SUB208681,4.91,2025-05-26 08:09:21.359736,study_reward
PAY307590,P100552,SUB208682,2.83,2025-05-26 08:11:18.229325,study_reward
PAY307591,P102983,SUB208683,6.57,2025-05-26 08:24:58.869963,study_reward
PAY307592,P102635,SUB208684,3.53,2025-05-26 08:44:57.045511,study_reward
PAY307593,P101818,SUB208685,2.23,2025-05-26 08:55:18.247221,study_reward
PAY307594,P100413,SUB208686,0.8,2025-05-26 09:44:47.376403,study_reward
PAY307595,P101109,SUB208688,7.63,2025-05-26 11:02:47.975989,study_reward
PAY307596,P101109,SUB208689,3.57,2025-05-26 11:02:47.975989,study_reward
PAY307597,P101689,SUB208692,2.37,2025-05-26 11:46:59.152238,study_reward
PAY307598,P100611,SUB208693,1.84,2025-05-26 11:50:40.275691,study_reward
PAY307599,P101769,SUB208694,1.51,2025-05-26 12:19:46.780244,study_reward
PAY307600,P100749,SUB208695,1.71,2025-05-26 13:11:51.185910,study_reward
PAY307601,P102730,SUB208696,0.8,2025-05-26 13:16:07.637577,study_reward
PAY307602,P100414,SUB208698,1.52,2025-05-26 13:38:53.940632,study_reward
PAY307603,P101261,SUB208699,2.97,2025-05-26 13:49:57.183928,study_reward
PAY307604,P100931,SUB208700,1.46,2025-05-26 13:51:25.803193,study_reward
PAY307605,P100357,SUB208701,0.51,2025-05-26 14:03:36.988540,study_reward
PAY307606,P100327,SUB208702,7.62,2025-05-26 14:32:36.360089,study_reward
PAY307607,P101125,SUB208703,1.47,2025-05-26 15:13:00.918610,study_reward
PAY307608,P102059,SUB208704,1.48,2025-05-26 15:17:55.234874,study_reward
PAY307609,P100413,SUB208705,0.55,2025-05-26 15:44:47.376403,study_reward
PAY307610,P100972,SUB208707,1.77,2025-05-26 16:12:27.014772,study_reward
PAY307611,P102496,SUB208708,6.57,2025-05-26 16:31:11.895022,study_reward
PAY307612,P102170,SUB208709,1.14,2025-05-26 16:43:08.254928,study_reward
PAY307613,P100003,SUB208711,6.11,2025-05-26 18:38:20.373423,study_reward
PAY307614,P100238,SUB208712,9.92,2025-05-26 18:43:01.467554,study_reward
PAY307615,P100388,SUB208713,5.46,2025-05-26 18:45:14.680578,study_reward
PAY307616,P101624,,2.5,2025-05-26 20:37:08.000000,loyalty_bonus
PAY307617,P100683,SUB208714,1.77,2025-05-26 21:29:31.267052,study_reward
PAY307618,P102891,SUB208715,5.59,2025-05-26 22:43:38.213294,study_reward
PAY307619,P102275,SUB208716,6.57,2025-05-26 23:27:58.543003,study_reward
PAY307620,P101362,SUB208717,7.54,2025-05-26 23:36:48.597537,study_reward
PAY307621,P101674,SUB208718,9.92,2025-05-27 01:26:03.563829,study_reward
PAY307622,P102414,SUB208719,1.67,2025-05-27 01:40:56.135609,study_reward
PAY307623,P102531,SUB208720,4.43,2025-05-27 01:44:23.867036,study_reward
PAY307624,P101851,SUB208722,2.24,2025-05-27 03:27:58.156545,study_reward
PAY307625,P102216,SUB208723,2.13,2025-05-27 03:54:11.981603,study_reward
PAY307626,P100359,,10.0,2025-05-27 03:57:15.000000,loyalty_bonus
PAY307627,P102255,SUB208724,1.43,2025-05-27 04:51:21.126576,study_reward
PAY307628,P102385,SUB208725,3.79,2025-05-27 04:58:12.684853,study_reward
PAY307629,P100732,SUB208726,2.83,2025-05-27 06:04:31.042817,study_reward
PAY307630,P102170,SUB208727,4.18,2025-05-27 06:43:08.254928,study_reward
PAY307631,P101292,SUB208728,2.02,2025-05-27 07:41:52.455912,study_reward
PAY307632,P102441,SUB208729,1.98,2025-05-27 08:19:35.355589,study_reward
PAY307633,P102496,SUB208730,2.7,2025-05-27 08:31:11.895022,study_reward
PAY307634,P101165,SUB208732,2.5,2025-05-27 09:36:39.565837,study_reward
PAY307635,P101689,SUB208733,2.1,2025-05-27 09:46:59.152238,study_reward
PAY307636,P102046,SUB208735,9.33,2025-05-27 10:39:26.323379,study_reward
PAY307637,P102137,SUB208736,5.0,2025-05-27 11:13:50.456765,study_reward
PAY307638,P102811,SUB208737,2.72,2025-05-27 11:20:57.000333,study_reward
PAY307639,P102202,SUB208738,1.43,2025-05-27 11:27:38.306088,study_reward
PAY307640,P102256,SUB208739,2.25,2025-05-27 12:39:59.180069,study_reward
PAY307641,P100552,SUB208740,6.85,2025-05-27 13:11:18.229325,study_reward
PAY307642,P102748,SUB208742,1.77,2025-05-27 13:42:39.934809,study_reward
PAY307643,P100357,SUB208743,2.19,2025-05-27 14:03:36.988540,study_reward
PAY307644,P100435,SUB208744,1.77,2025-05-27 14:10:48.145291,study_reward
PAY307645,P102392,SUB208745,2.12,2025-05-27 14:11:05.806393,study_reward
PAY307646,P102441,SUB208746,3.45,2025-05-27 14:19:35.355589,study_reward
PAY307647,P101109,SUB208747,2.29,2025-05-27 15:02:47.975989,study_reward
PAY307648,P101759,SUB208748,2.72,2025-05-27 15:31:07.560431,study_reward
PAY307649,P100107,SUB208749,5.51,2025-05-27 17:52:53.103135,study_reward
PAY307650,P102560,SUB208750,2.54,2025-05-27 18:26:24.048856,study_reward
PAY307651,P101653,SUB208751,2.5,2025-05-27 18:41:23.874831,study_reward
PAY307652,P102735,SUB208752,2.64,2025-05-27 18:56:36.532434,study_reward
PAY307653,P101545,SUB208753,2.83,2025-05-27 19:18:00.076162,study_reward
PAY307654,P102838,SUB208754,2.72,2025-05-27 19:41:41.557217,study_reward
PAY307655,P102730,SUB208755,3.77,2025-05-27 20:16:07.637577,study_reward
PAY307656,P100835,SUB208756,2.35,2025-05-27 20:48:37.440428,study_reward
PAY307657,P102723,SUB208757,1.9,2025-05-27 21:34:30.306036,study_reward
PAY307658,P100431,SUB208758,0.37,2025-05-27 21:57:01.376375,study_reward
PAY307659,P101879,SUB208759,2.19,2025-05-28 00:22:38.996594,study_reward
PAY307660,P101942,SUB208760,0.51,2025-05-28 00:49:00.435438,study_reward
PAY307661,P100851,SUB208761,4.69,2025-05-28 02:57:57.675236,study_reward
PAY307662,P102595,SUB208762,3.06,2025-05-28 04:40:09.800568,study_reward
PAY307663,P100114,SUB208763,4.1,2025-05-28 06:04:39.759021,study_reward
PAY307664,P100086,SUB208764,3.29,2025-05-28 06:10:00.805703,study_reward
PAY307665,P100707,SUB208765,1.93,2025-05-28 07:06:47.141215,study_reward
PAY307666,P101153,SUB208767,1.94,2025-05-28 07:51:43.091606,study_reward
PAY307667,P100755,SUB208768,1.35,2025-05-28 08:46:50.155461,study_reward
PAY307668,P101586,SUB208769,6.38,2025-05-28 09:57:07.440791,study_reward
PAY307669,P100552,SUB208770,3.62,2025-05-28 11:11:18.229325,study_reward
PAY307670,P100094,SUB208771,1.24,2025-05-28 12:55:35.885426,study_reward
PAY307671,P102256,SUB208772,2.08,2025-05-28 14:39:59.180069,study_reward
PAY307672,P101994,SUB208773,0.89,2025-05-28 14:53:57.655550,study_reward
PAY307673,P102161,SUB208774,1.77,2025-05-28 15:07:23.791652,study_reward
PAY307674,P102737,SUB208775,6.67,2025-05-28 15:28:48.239375,study_reward
PAY307675,P100054,SUB208776,2.85,2025-05-28 16:54:35.483231,study_reward
PAY307676,P101930,SUB208777,3.34,2025-05-28 16:57:52.724422,study_reward
PAY307677,P102410,SUB208778,4.57,2025-05-28 17:20:07.057856,study_reward
PAY307678,P101633,SUB208779,2.4,2025-05-28 17:22:33.003817,study_reward
PAY307679,P100193,SUB208780,5.27,2025-05-28 19:24:08.199817,study_reward
PAY307680,P101420,SUB208781,2.27,2025-05-28 19:58:14.456381,study_reward
PAY307681,P100549,SUB208782,1.75,2025-05-28 21:06:50.167223,study_reward
PAY307682,P100137,SUB208783,6.16,2025-05-28 21:58:02.469119,study_reward
PAY307683,P100756,SUB208784,1.05,2025-05-28 22:36:50.779022,study_reward
PAY307684,P101292,SUB208785,2.5,2025-05-28 22:41:52.455912,study_reward
PAY307685,P101930,SUB208786,9.33,2025-05-28 22:57:52.724422,study_reward
PAY307686,P100357,SUB208787,2.46,2025-05-28 23:03:36.988540,study_reward
PAY307687,P101476,SUB208788,2.42,2025-05-28 23:52:21.035529,study_reward
PAY307688,P100271,SUB208789,5.85,2025-05-29 00:21:08.797115,study_reward
PAY307689,P102635,SUB208790,6.11,2025-05-29 01:44:57.045511,study_reward
PAY307690,P101186,SUB208791,0.44,2025-05-29 02:01:12.535046,study_reward
PAY307691,P102585,SUB208793,12.16,2025-05-29 03:14:45.405803,study_reward
PAY307692,P100438,SUB208794,2.37,2025-05-29 03:53:40.836139,study_reward
PAY307693,P100398,SUB208795,2.36,2025-05-29 05:24:20.184764,study_reward
PAY307694,P102699,SUB208796,2.27,2025-05-29 06:05:15.839633,study_reward
PAY307695,P100126,SUB208797,1.2,2025-05-29 06:11:09.393216,study_reward
PAY307696,P100438,SUB208798,1.78,2025-05-29 06:53:40.836139,study_reward
PAY307697,P101753,SUB208799,2.03,2025-05-29 07:25:09.153126,study_reward
PAY307698,P102422,SUB208800,3.74,2025-05-29 07:37:41.680592,study_reward
PAY307699,P100413,SUB208801,4.16,2025-05-29 07:44:47.376403,study_reward
PAY307700,P102291,SUB208802,6.38,2025-05-29 08:53:19.688739,study_reward
PAY307701,P101552,SUB208803,2.39,2025-05-29 10:23:14.077836,study_reward
PAY307702,P100707,SUB208804,3.23,2025-05-29 11:06:47.141215,study_reward
PAY307703,P100835,SUB208805,0.76,2025-05-29 11:48:37.440428,study_reward
PAY307704,P102530,SUB208806,2.36,2025-05-29 11:48:48.549517,study_reward
PAY307705,P102161,SUB208807,3.95,2025-05-29 12:07:23.791652,study_reward
PAY307706,P100848,SUB208808,1.05,2025-05-29 12:09:24.712006,study_reward
PAY307707,P100030,SUB208810,1.13,2025-05-29 13:23:45.456222,study_reward
PAY307708,P101280,SUB208811,2.63,2025-05-29 13:36:15.387330,study_reward
PAY307709,P101767,SUB208812,3.34,2025-05-29 14:10:35.474564,study_reward
PAY307710,P102216,SUB208813,1.81,2025-05-29 14:54:11.981603,study_reward
PAY307711,P102917,SUB208814,2.72,2025-05-29 15:00:24.525865,study_reward
PAY307712,P100398,SUB208815,5.59,2025-05-29 15:24:20.184764,study_reward
PAY307713,P101806,SUB208816,2.19,2025-05-29 15:48:38.170487,study_reward
PAY307714,P100559,SUB208817,2.6,2025-05-29 15:48:41.273183,study_reward
PAY307715,P100624,SUB208818,3.23,2025-05-29 16:23:32.119254,study_reward
PAY307716,P102496,SUB208819,2.33,2025-05-29 16:31:11.895022,study_reward
PAY307717,P100086,SUB208821,1.75,2025-05-29 17:10:00.805703,study_reward
PAY307718,P101225,SUB208822,2.03,2025-05-29 18:44:44.349542,study_reward
PAY307719,P102363,SUB208823,2.96,2025-05-29 19:45:47.801212,study_reward
PAY307720,P102783,SUB208824,2.46,2025-05-29 19:48:11.776589,study_reward
PAY307721,P100012,SUB208825,5.53,2025-05-29 20:16:27.569135,study_reward
PAY307722,P100271,SUB208826,6.85,2025-05-29 20:21:08.797115,study_reward
PAY307723,P100608,SUB208827,1.28,2025-05-29 21:20:19.594766,study_reward
PAY307724,P102520,SUB208828,1.75,2025-05-29 21:44:56.967535,study_reward
PAY307725,P101880,SUB208829,2.81,2025-05-29 22:00:03.960149,study_reward
PAY307726,P102392,SUB208830,2.39,2025-05-29 22:11:05.806393,study_reward
PAY307727,P100515,SUB208831,3.21,2025-05-29 22:31:13.694397,study_reward
PAY307728,P101280,SUB208832,3.96,2025-05-29 23:36:15.387330,study_reward
PAY307729,P100771,SUB208833,1.46,2025-05-29 23:44:45.928675,study_reward
PAY307730,P101605,SUB208834,1.71,2025-05-29 23:50:10.630751,study_reward
PAY307731,P101244,SUB208835,2.01,2025-05-30 00:27:26.288305,study_reward
PAY307732,P102175,SUB208836,2.42,2025-05-30 01:03:58.532908,study_reward
PAY307733,P101449,SUB208837,2.83,2025-05-30 02:57:22.618525,study_reward
PAY307734,P100559,SUB208839,3.23,2025-05-30 03:48:41.273183,study_reward
PAY307735,P100892,SUB208840,2.64,2025-05-30 04:17:55.478415,study_reward
PAY307736,P102502,SUB208841,1.88,2025-05-30 06:08:59.346407,study_reward
PAY307737,P100252,SUB208842,1.74,2025-05-30 06:09:57.081103,study_reward
PAY307738,P102520,SUB208843,2.06,2025-05-30 06:44:56.967535,study_reward
PAY307739,P101166,SUB208844,6.67,2025-05-30 08:55:21.517282,study_reward
PAY307740,P100094,SUB208845,0.44,2025-05-30 08:55:35.885426,study_reward
PAY307741,P101930,SUB208847,4.41,2025-05-30 09:57:52.724422,study_reward
PAY307742,P102322,SUB208848,1.21,2025-05-30 10:38:38.047409,study_reward
PAY307743,P101242,SUB208849,2.69,2025-05-30 11:44:50.771033,study_reward
PAY307744,P102104,SUB208851,2.23,2025-05-30 12:22:50.619073,study_reward
PAY307745,P101328,SUB208852,1.66,2025-05-30 12:30:33.013186,study_reward
PAY307746,P102065,SUB208853,4.8,2025-05-30 12:38:01.368896,study_reward
PAY307747,P102748,SUB208854,2.75,2025-05-30 13:42:39.934809,study_reward
PAY307748,P102560,SUB208855,3.11,2025-05-30 14:26:24.048856,study_reward
PAY307749,P100414,SUB208856,4.88,2025-05-30 14:38:53.940632,study_reward
PAY307750,P100683,SUB208857,3.34,2025-05-30 15:29:31.267052,study_reward
PAY307751,P102955,SUB208858,2.62,2025-05-30 16:09:21.359736,study_reward
PAY307752,P101267,SUB208859,0.44,2025-05-30 16:15:58.112595,study_reward
PAY307753,P100094,SUB208860,2.02,2025-05-30 16:55:35.885426,study_reward
PAY307754,P100533,SUB208861,3.21,2025-05-30 17:12:49.427056,study_reward
PAY307755,P100252,SUB208863,6.16,2025-05-30 18:09:57.081103,study_reward
PAY307756,P100683,SUB208864,5.22,2025-05-30 18:29:31.267052,study_reward
PAY307757,P100683,SUB208865,1.96,2025-05-30 20:29:31.267052,study_reward
PAY307758,P102539,SUB208866,5.72,2025-05-30 21:25:49.598445,study_reward
PAY307759,P102846,SUB208867,3.21,2025-05-30 21:52:39.635421,study_reward
PAY307760,P100429,SUB208868,0.51,2025-05-30 22:15:08.987265,study_reward
PAY307761,P101153,SUB208869,2.96,2025-05-30 22:51:43.091606,study_reward
PAY307762,P102328,SUB208870,5.27,2025-05-30 23:25:36.655565,study_reward
PAY307763,P102637,SUB208871,2.48,2025-05-31 01:11:09.180203,study_reward
PAY307764,P100828,SUB208872,2.03,2025-05-31 01:47:28.807503,study_reward
PAY307765,P101213,SUB208873,2.01,2025-05-31 03:19:58.739644,study_reward
PAY307766,P102966,SUB208874,6.03,2025-05-31 03:44:53.645454,study_reward
PAY307767,P100659,SUB208875,1.99,2025-05-31 03:56:17.581354,study_reward
PAY307768,P100600,,15.0,2025-05-31 04:19:58.000000,referral_bonus
PAY307769,P101200,SUB208876,0.37,2025-05-31 05:31:25.423072,study_reward
PAY307770,P102926,SUB208877,1.78,2025-05-31 06:22:43.743516,study_reward
PAY307771,P102753,SUB208878,0.63,2025-05-31 06:30:34.371813,study_reward
PAY307772,P102422,SUB208879,8.07,2025-05-31 07:37:41.680592,study_reward
PAY307773,P101630,SUB208880,0.97,2025-05-31 07:48:58.136877,study_reward
PAY307774,P100308,SUB208881,1.75,2025-05-31 08:55:52.359778,study_reward
PAY307775,P101753,SUB208882,5.22,2025-05-31 09:25:09.153126,study_reward
PAY307776,P102442,SUB208884,5.07,2025-05-31 10:58:32.121158,study_reward
PAY307777,P102143,SUB208885,4.64,2025-05-31 10:58:47.006359,study_reward
PAY307778,P101835,SUB208886,9.92,2025-05-31 10:59:21.451147,study_reward
PAY307779,P102815,SUB208887,2.5,2025-05-31 12:12:19.313699,study_reward
PAY307780,P101689,SUB208889,2.39,2025-05-31 12:46:59.152238,study_reward
PAY307781,P102685,SUB208890,1.89,2025-05-31 14:54:06.066527,study_reward
PAY307782,P101663,SUB208892,1.77,2025-05-31 16:14:38.309605,study_reward
PAY307783,P102552,SUB208893,1.88,2025-05-31 17:59:45.815095,study_reward
PAY307784,P100058,SUB208895,1.77,2025-05-31 18:07:29.417148,study_reward
PAY307785,P100503,SUB208898,2.36,2025-05-31 20:05:31.961696,study_reward
PAY307786,P100570,SUB208899,1.71,2025-05-31 20:29:40.642345,study_reward
PAY307787,P100295,SUB208901,1.47,2025-05-31 21:04:15.414131,study_reward
PAY307788,P100438,SUB208902,1.77,2025-05-31 21:53:40.836139,study_reward
PAY307789,P102216,SUB208903,4.36,2025-05-31 21:54:11.981603,study_reward
PAY307790,P102007,SUB208904,2.97,2025-05-31 23:05:14.395867,study_reward
PAY307791,P102473,SUB208905,3.77,2025-05-31 23:12:45.588871,study_reward
PAY307792,P100991,SUB208906,1.37,2025-05-31 23:15:33.001221,study_reward
PAY307793,P101123,SUB208908,4.69,2025-06-01 00:16:09.185295,study_reward
PAY307794,P101942,SUB208909,1.77,2025-06-01 00:49:00.435438,study_reward
PAY307795,P101806,SUB208910,1.37,2025-06-01 01:48:38.170487,study_reward
PAY307796,P101225,SUB208911,2.82,2025-06-01 02:44:44.349542,study_reward
PAY307797,P100092,SUB208912,1.35,2025-06-01 02:45:16.848301,study_reward
PAY307798,P100972,SUB208914,3.89,2025-06-01 03:12:27.014772,study_reward
PAY307799,P100854,SUB208915,1.76,2025-06-01 03:45:19.299129,study_reward
PAY307800,P100755,SUB208916,0.89,2025-06-01 03:46:50.155461,study_reward
PAY307801,P100943,SUB208917,2.4,2025-06-01 03:56:55.556807,study_reward
PAY307802,P101457,SUB208918,3.79,2025-06-01 04:01:16.576729,study_reward
PAY307803,P100229,SUB208919,3.21,2025-06-01 05:05:48.975219,study_reward
PAY307804,P101205,SUB208921,1.76,2025-06-01 05:37:49.321861,study_reward
PAY307805,P102322,SUB208922,1.33,2025-06-01 06:38:38.047409,study_reward
PAY307806,P102891,SUB208923,1.77,2025-06-01 08:43:38.213294,study_reward
PAY307807,P102214,SUB208924,6.05,2025-06-01 09:31:45.532869,study_reward
PAY307808,P101485,SUB208925,3.52,2025-06-01 09:52:57.389523,study_reward
PAY307809,P102530,SUB208926,2.43,2025-06-01 10:48:48.549517,study_reward
PAY307810,P100086,SUB208927,1.05,2025-06-01 11:10:00.805703,study_reward
PAY307811,P102783,SUB208928,4.8,2025-06-01 11:48:11.776589,study_reward
PAY307812,P100058,SUB208929,7.62,2025-06-01 12:07:29.417148,study_reward
PAY307813,P102105,SUB208931,1.98,2025-06-01 12:23:28.625488,study_reward
PAY307814,P100275,SUB208932,3.21,2025-06-01 12:29:08.604344,study_reward
PAY307815,P102656,SUB208934,8.07,2025-06-01 15:07:05.858180,study_reward
PAY307816,P102392,SUB208935,1.81,2025-06-01 15:11:05.806393,study_reward
PAY307817,P100972,SUB208936,4.21,2025-06-01 15:12:27.014772,study_reward
PAY307818,P100308,SUB208937,1.47,2025-06-01 15:55:52.359778,study_reward
PAY307819,P100608,SUB208939,2.69,2025-06-01 16:20:19.594766,study_reward
PAY307820,P101125,SUB208940,7.8,2025-06-01 17:13:00.918610,study_reward
PAY307821,P101942,SUB208941,3.58,2025-06-01 17:49:00.435438,study_reward
PAY307822,P100327,SUB208942,6.38,2025-06-01 18:32:36.360089,study_reward
PAY307823,P102256,SUB208943,1.71,2025-06-01 18:39:59.180069,study_reward
PAY307824,P101640,SUB208945,1.91,2025-06-01 19:19:14.845302,study_reward
PAY307825,P101724,SUB208946,0.33,2025-06-01 19:54:07.187861,study_reward
PAY307826,P101586,SUB208947,7.35,2025-06-01 19:57:07.440791,study_reward
PAY307827,P100608,SUB208948,5.5,2025-06-01 20:20:19.594766,study_reward
PAY307828,P102737,SUB208949,0.33,2025-06-01 20:28:48.239375,study_reward
PAY307829,P102188,SUB208950,6.67,2025-06-01 21:11:51.236907,study_reward
PAY307830,P102216,SUB208951,5.85,2025-06-01 21:54:11.981603,study_reward
PAY307831,P102244,SUB208952,1.2,2025-06-01 22:13:37.680929,study_reward
PAY307832,P102783,SUB208953,2.39,2025-06-01 22:48:11.776589,study_reward
PAY307833,P100086,SUB208954,0.82,2025-06-01 23:10:00.805703,study_reward
PAY307834,P100012,SUB208955,0.63,2025-06-01 23:16:27.569135,study_reward
PAY307835,P101753,SUB208956,4.36,2025-06-01 23:25:09.153126,study_reward
PAY307836,P100094,SUB208957,4.18,2025-06-01 23:55:35.885426,study_reward
PAY307837,P100153,SUB208959,1.74,2025-06-02 00:57:14.114443,study_reward
PAY307838,P100275,SUB208961,2.33,2025-06-02 02:29:08.604344,study_reward
PAY307839,P102846,SUB208962,2.03,2025-06-02 02:52:39.635421,study_reward
PAY307840,P101244,SUB208963,4.57,2025-06-02 03:27:26.288305,study_reward
PAY307841,P101653,SUB208964,3.58,2025-06-02 03:41:23.874831,study_reward
PAY307842,P101457,SUB208965,1.46,2025-06-02 04:01:16.576729,study_reward
PAY307843,P100659,SUB208966,1.35,2025-06-02 04:56:17.581354,study_reward
PAY307844,P100388,SUB208968,4.41,2025-06-02 05:45:14.680578,study_reward
PAY307845,P102496,SUB208969,1.42,2025-06-02 06:31:11.895022,study_reward
PAY307846,P102121,SUB208970,1.59,2025-06-02 06:36:51.306396,study_reward
PAY307847,P101293,SUB208971,3.34,2025-06-02 06:52:39.628261,study_reward
PAY307848,P101724,SUB208972,2.64,2025-06-02 06:54:07.187861,study_reward
PAY307849,P102265,SUB208973,7.54,2025-06-02 07:35:23.351474,study_reward
PAY307850,P100858,SUB208974,1.37,2025-06-02 09:16:01.616564,study_reward
PAY307851,P101540,SUB208975,4.4,2025-06-02 09:35:47.652850,study_reward
PAY307852,P102579,SUB208976,1.79,2025-06-02 09:48:02.970325,study_reward
PAY307853,P102137,SUB208977,1.98,2025-06-02 10:13:50.456765,study_reward
PAY307854,P102831,SUB208978,0.91,2025-06-02 10:55:42.038774,study_reward
PAY307855,P100619,SUB208980,2.72,2025-06-02 11:33:45.032348,study_reward
PAY307856,P102322,SUB208981,3.07,2025-06-02 11:38:38.047409,study_reward
PAY307857,P102383,SUB208982,1.99,2025-06-02 11:39:08.885742,study_reward
PAY307858,P102166,SUB208984,2.43,2025-06-02 12:26:14.561907,study_reward
PAY307859,P101564,SUB208985,1.79,2025-06-02 12:27:24.401299,study_reward
PAY307860,P101307,SUB208986,1.21,2025-06-02 14:12:56.275564,study_reward
PAY307861,P102541,SUB208987,1.9,2025-06-02 14:21:45.441149,study_reward
PAY307862,P101335,SUB208988,1.12,2025-06-02 14:33:47.727433,study_reward
PAY307863,P102255,SUB208989,1.85,2025-06-02 14:51:21.126576,study_reward
PAY307864,P100238,SUB208990,0.77,2025-06-02 15:43:01.467554,study_reward
PAY307865,P100756,SUB208991,2.03,2025-06-02 16:36:50.779022,study_reward
PAY307866,P100791,SUB208993,4.69,2025-06-02 17:03:00.371276,study_reward
PAY307867,P101421,SUB208994,3.21,2025-06-02 18:39:08.586862,study_reward
PAY307868,P100062,SUB208995,1.9,2025-06-02 18:44:26.859794,study_reward
PAY307869,P100270,SUB208996,3.74,2025-06-02 20:11:25.624765,study_reward
PAY307870,P102175,SUB208998,3.03,2025-06-02 21:03:58.532908,study_reward
PAY307871,P101703,SUB208999,2.61,2025-06-02 21:18:16.159889,study_reward
PAY307872,P102128,SUB209000,2.5,2025-06-02 21:41:26.078859,study_reward
PAY307873,P101806,SUB209001,1.35,2025-06-02 21:48:38.170487,study_reward
PAY307874,P101979,SUB209002,1.84,2025-06-02 22:32:25.679227,study_reward
PAY307875,P100249,SUB209003,2.03,2025-06-02 22:44:28.790293,study_reward
PAY307876,P100012,SUB209004,2.55,2025-06-02 23:16:27.569135,study_reward
PAY307877,P101272,SUB209005,2.83,2025-06-02 23:49:54.889534,study_reward
PAY307878,P101293,SUB209006,4.13,2025-06-02 23:52:39.628261,study_reward
PAY307879,P101234,SUB209008,1.77,2025-06-03 01:52:56.522958,study_reward
PAY307880,P102585,SUB209009,4.54,2025-06-03 02:14:45.405803,study_reward
PAY307881,P102952,SUB209010,3.21,2025-06-03 02:40:12.776489,study_reward
PAY307882,P100418,SUB209011,3.05,2025-06-03 03:01:53.585881,study_reward
PAY307883,P102976,SUB209012,2.76,2025-06-03 03:47:00.252851,study_reward
PAY307884,P100659,SUB209013,6.85,2025-06-03 03:56:17.581354,study_reward
PAY307885,P101930,SUB209014,1.76,2025-06-03 03:57:52.724422,study_reward
PAY307886,P102059,SUB209015,1.84,2025-06-03 04:17:55.234874,study_reward
PAY307887,P101309,SUB209017,3.29,2025-06-03 05:12:52.859789,study_reward
PAY307888,P102531,SUB209018,3.43,2025-06-03 05:44:23.867036,study_reward
PAY307889,P101907,SUB209019,1.98,2025-06-03 05:50:00.715462,study_reward
PAY307890,P100252,SUB209020,4.0,2025-06-03 06:09:57.081103,study_reward
PAY307891,P100943,SUB209021,2.15,2025-06-03 06:56:55.556807,study_reward
PAY307892,P100114,SUB209022,3.01,2025-06-03 07:04:39.759021,study_reward
PAY307893,P101165,SUB209023,1.88,2025-06-03 07:36:39.565837,study_reward
PAY307894,P100413,SUB209024,3.21,2025-06-03 07:44:47.376403,study_reward
PAY307895,P101328,SUB209025,1.71,2025-06-03 10:30:33.013186,study_reward
PAY307896,P101930,SUB209026,5.22,2025-06-03 10:57:52.724422,study_reward
PAY307897,P100541,SUB209027,3.87,2025-06-03 11:29:20.434338,study_reward
PAY307898,P101806,SUB209028,1.21,2025-06-03 11:48:38.170487,study_reward
PAY307899,P101328,SUB209029,0.33,2025-06-03 12:30:33.013186,study_reward
PAY307900,P101475,,5.0,2025-06-03 13:09:54.000000,referral_bonus
PAY307901,P101717,SUB209030,1.0,2025-06-03 13:30:06.669616,study_reward
PAY307902,P100709,SUB209031,3.01,2025-06-03 13:53:39.668219,study_reward
PAY307903,P100435,SUB209033,4.2,2025-06-03 14:10:48.145291,study_reward
PAY307904,P102473,SUB209034,3.85,2025-06-03 15:12:45.588871,study_reward
PAY307905,P101564,SUB209035,4.69,2025-06-03 15:27:24.401299,study_reward
PAY307906,P100549,SUB209036,5.45,2025-06-03 17:06:50.167223,study_reward
PAY307907,P102950,SUB209039,1.95,2025-06-03 18:49:08.628177,study_reward
PAY307908,P101779,SUB209040,1.35,2025-06-03 18:55:22.755869,study_reward
PAY307909,P101186,SUB209041,0.97,2025-06-03 19:01:12.535046,study_reward
PAY307910,P102065,SUB209042,3.95,2025-06-03 19:38:01.368896,study_reward
PAY307911,P101641,SUB209043,3.12,2025-06-03 19:52:16.488971,study_reward
PAY307912,P101102,SUB209044,1.61,2025-06-03 19:59:04.045346,study_reward
PAY307913,P101981,SUB209047,1.21,2025-06-03 20:21:25.647623,study_reward
PAY307914,P101242,SUB209048,1.19,2025-06-03 20:44:50.771033,study_reward
PAY307915,P100169,SUB209049,3.87,2025-06-03 21:05:41.344291,study_reward
PAY307916,P101475,SUB209050,4.4,2025-06-03 21:30:52.627009,study_reward
PAY307917,P102511,SUB209051,5.63,2025-06-03 22:34:00.972935,study_reward
PAY307918,P100388,SUB209052,1.17,2025-06-03 22:45:14.680578,study_reward
PAY307919,P100723,SUB209053,7.35,2025-06-03 22:49:49.831276,study_reward
PAY307920,P101399,SUB209054,4.72,2025-06-03 22:50:32.867459,study_reward
PAY307921,P101672,SUB209055,0.97,2025-06-03 22:52:07.548913,study_reward
PAY307922,P100743,SUB209056,1.29,2025-06-03 23:15:44.052427,study_reward
PAY307923,P102265,SUB209057,2.97,2025-06-03 23:35:23.351474,study_reward
PAY307924,P102247,SUB209059,1.28,2025-06-04 00:06:25.870196,study_reward
PAY307925,P102508,SUB209060,1.78,2025-06-04 00:14:43.882242,study_reward
PAY307926,P100743,SUB209061,0.66,2025-06-04 00:15:44.052427,study_reward
PAY307927,P101328,SUB209062,5.67,2025-06-04 02:30:33.013186,study_reward
PAY307928,P102831,SUB209063,2.3,2025-06-04 02:55:42.038774,study_reward
PAY307929,P100303,SUB209065,1.78,2025-06-04 03:24:22.240637,study_reward
PAY307930,P102520,SUB209066,0.37,2025-06-04 03:44:56.967535,study_reward
PAY307931,P101817,SUB209067,1.47,2025-06-04 04:18:26.343408,study_reward
PAY307932,P101485,SUB209068,2.55,2025-06-04 04:52:57.389523,study_reward
PAY307933,P102216,SUB209069,1.01,2025-06-04 04:54:11.981603,study_reward
PAY307934,P101178,SUB209070,2.03,2025-06-04 05:32:44.098320,study_reward
PAY307935,P101107,SUB209072,2.39,2025-06-04 06:06:22.003671,study_reward
PAY307936,P100838,SUB209073,5.85,2025-06-04 06:45:50.749725,study_reward
PAY307937,P102959,SUB209074,0.51,2025-06-04 07:23:44.403799,study_reward
PAY307938,P100943,SUB209075,1.59,2025-06-04 07:56:55.556807,study_reward
PAY307939,P100858,SUB209076,1.75,2025-06-04 08:16:01.616564,study_reward
PAY307940,P101683,SUB209077,2.13,2025-06-04 08:38:05.173525,study_reward
PAY307941,P102324,SUB209078,2.92,2025-06-04 08:44:32.502386,study_reward
PAY307942,P100552,SUB209079,6.03,2025-06-04 09:11:18.229325,study_reward
PAY307943,P100692,SUB209080,1.9,2025-06-04 09:32:21.376272,study_reward
PAY307944,P102230,SUB209081,3.11,2025-06-04 10:06:49.079453,study_reward
PAY307945,P101633,SUB209082,4.54,2025-06-04 10:22:33.003817,study_reward
PAY307946,P101852,SUB209083,0.37,2025-06-04 10:51:26.776880,study_reward
PAY307947,P101633,SUB209084,6.85,2025-06-04 12:22:33.003817,study_reward
PAY307948,P102560,SUB209085,2.39,2025-06-04 12:26:24.048856,study_reward
PAY307949,P101060,SUB209086,1.2,2025-06-04 12:40:36.876937,study_reward
PAY307950,P100257,SUB209087,1.29,2025-06-04 12:47:57.824935,study_reward
PAY307951,P101280,SUB209088,4.13,2025-06-04 13:36:15.387330,study_reward
PAY307952,P101872,SUB209090,2.36,2025-06-04 14:00:40.970375,study_reward
PAY307953,P102247,SUB209091,3.95,2025-06-04 14:06:25.870196,study_reward
PAY307954,P100165,SUB209092,1.05,2025-06-04 14:10:30.261650,study_reward
PAY307955,P101457,SUB209093,0.8,2025-06-04 15:01:16.576729,study_reward
PAY307956,P102065,SUB209095,1.52,2025-06-04 15:38:01.368896,study_reward
PAY307957,P100419,SUB209096,1.81,2025-06-04 15:54:36.802179,study_reward
PAY307958,P102916,SUB209097,1.59,2025-06-04 18:10:32.229888,study_reward
PAY307959,P100126,SUB209098,1.91,2025-06-04 18:11:09.393216,study_reward
PAY307960,P100530,SUB209099,3.21,2025-06-04 18:18:13.957034,study_reward
PAY307961,P102699,SUB209101,1.14,2025-06-04 21:05:15.839633,study_reward
PAY307962,P101328,SUB209102,5.0,2025-06-04 21:30:33.013186,study_reward
PAY307963,P100003,SUB209103,3.34,2025-06-04 21:38:20.373423,study_reward
PAY307964,P100725,SUB209104,2.6,2025-06-04 22:04:05.858994,study_reward
PAY307965,P101703,SUB209105,3.84,2025-06-04 22:18:16.159889,study_reward
PAY307966,P100854,SUB209106,2.08,2025-06-04 22:45:19.299129,study_reward
PAY307967,P102244,SUB209107,2.99,2025-06-04 23:13:37.680929,study_reward
PAY307968,P102383,SUB209108,3.89,2025-06-04 23:39:08.885742,study_reward
PAY307969,P102595,SUB209109,1.28,2025-06-04 23:40:09.800568,study_reward
PAY307970,P100791,SUB209110,10.04,2025-06-05 00:03:00.371276,study_reward
PAY307971,P101647,SUB209111,1.98,2025-06-05 00:17:26.391723,study_reward
PAY307972,P101978,SUB209112,3.1,2025-06-05 00:45:37.478620,study_reward
PAY307973,P101605,SUB209114,1.02,2025-06-05 01:50:10.630751,study_reward
PAY307974,P102685,SUB209116,3.95,2025-06-05 03:54:06.066527,study_reward
PAY307975,P102230,SUB209117,2.13,2025-06-05 04:06:49.079453,study_reward
PAY307976,P101546,SUB209118,2.43,2025-06-05 04:23:21.122957,study_reward
PAY307977,P101353,SUB209119,2.11,2025-06-05 05:40:44.161113,study_reward
PAY307978,P101472,SUB209120,0.91,2025-06-05 06:30:11.427907,study_reward
PAY307979,P101589,SUB209121,1.78,2025-06-05 06:33:23.282282,study_reward
PAY307980,P102815,SUB209123,1.78,2025-06-05 08:12:19.313699,study_reward
PAY307981,P102730,SUB209124,3.57,2025-06-05 08:16:07.637577,study_reward
PAY307982,P102275,SUB209125,6.13,2025-06-05 08:27:58.543003,study_reward
PAY307983,P100438,SUB209126,2.51,2025-06-05 08:53:40.836139,study_reward
PAY307984,P101151,SUB209127,3.1,2025-06-05 09:08:02.688497,study_reward
PAY307985,P100659,SUB209128,2.96,2025-06-05 10:56:17.581354,study_reward
PAY307986,P102916,SUB209129,3.95,2025-06-05 11:10:32.229888,study_reward
PAY307987,P100388,SUB209130,4.2,2025-06-05 12:45:14.680578,study_reward
PAY307988,P102976,SUB209131,5.59,2025-06-05 12:47:00.252851,study_reward
PAY307989,P102955,SUB209133,1.24,2025-06-05 13:09:21.359736,study_reward
PAY307990,P100515,SUB209134,3.5,2025-06-05 13:31:13.694397,study_reward
PAY307991,P102210,SUB209135,1.13,2025-06-05 13:41:30.871573,study_reward
PAY307992,P100503,SUB209136,3.74,2025-06-05 14:05:31.961696,study_reward
PAY307993,P100972,SUB209137,2.98,2025-06-05 14:12:27.014772,study_reward
PAY307994,P100972,SUB209138,1.88,2025-06-05 14:12:27.014772,study_reward
PAY307995,P100972,SUB209139,3.0,2025-06-05 15:12:27.014772,study_reward
PAY307996,P100275,SUB209140,2.92,2025-06-05 15:29:08.604344,study_reward
PAY307997,P102046,SUB209141,1.67,2025-06-05 15:39:26.323379,study_reward
PAY307998,P101353,SUB209142,1.42,2025-06-05 15:40:44.161113,study_reward
PAY307999,P102520,SUB209143,5.22,2025-06-05 15:44:56.967535,study_reward
PAY308000,P100854,SUB209144,5.85,2025-06-05 15:45:19.299129,study_reward
PAY308001,P101102,SUB209145,2.35,2025-06-05 15:59:04.045346,study_reward
PAY308002,P102995,SUB209146,0.41,2025-06-05 16:06:52.104007,study_reward
PAY308003,P100389,SUB209147,0.82,2025-06-05 17:22:24.629579,study_reward
PAY308004,P101564,SUB209148,2.96,2025-06-05 18:27:24.401299,study_reward
PAY308005,P100755,SUB209149,1.43,2025-06-05 18:46:50.155461,study_reward
PAY308006,P100270,SUB209151,0.44,2025-06-05 20:11:25.624765,study_reward
PAY308007,P101355,SUB209152,3.0,2025-06-05 20:21:22.283976,study_reward
PAY308008,P100659,SUB209153,5.02,2025-06-05 20:56:17.581354,study_reward
PAY308009,P101234,SUB209155,4.49,2025-06-05 21:52:56.522958,study_reward
PAY308010,P102377,SUB209156,2.07,2025-06-05 22:05:14.327957,study_reward
PAY308011,P101102,SUB209158,1.75,2025-06-05 22:59:04.045346,study_reward
PAY308012,P101280,SUB209159,1.51,2025-06-05 23:36:15.387330,study_reward
PAY308013,P101029,SUB209161,2.97,2025-06-06 01:28:31.647798,study_reward
PAY308014,P101759,SUB209162,3.1,2025-06-06 01:31:07.560431,study_reward
PAY308015,P102748,SUB209163,1.96,2025-06-06 01:42:39.934809,study_reward
PAY308016,P101586,SUB209164,2.81,2025-06-06 01:57:07.440791,study_reward
PAY308017,P101791,SUB209165,2.49,2025-06-06 02:24:13.359350,study_reward
PAY308018,P100732,SUB209166,3.21,2025-06-06 03:04:31.042817,study_reward
PAY308019,P101942,SUB209167,4.23,2025-06-06 03:49:00.435438,study_reward
PAY308020,P101818,SUB209168,3.87,2025-06-06 04:55:18.247221,study_reward
PAY308021,P101649,SUB209169,4.74,2025-06-06 05:18:03.612907,study_reward
PAY308022,P102735,SUB209170,0.63,2025-06-06 05:56:36.532434,study_reward
PAY308023,P102389,SUB209171,1.98,2025-06-06 05:58:32.803531,study_reward
PAY308024,P101353,SUB209172,1.11,2025-06-06 06:40:44.161113,study_reward
PAY308025,P101907,SUB209173,10.04,2025-06-06 06:50:00.715462,study_reward
PAY308026,P101399,SUB209174,2.96,2025-06-06 06:50:32.867459,study_reward
PAY308027,P100892,SUB209175,0.77,2025-06-06 07:17:55.478415,study_reward
PAY308028,P101933,SUB209177,1.71,2025-06-06 08:38:41.669441,study_reward
PAY308029,P102256,SUB209178,1.94,2025-06-06 08:39:59.180069,study_reward
PAY308030,P100435,SUB209180,3.79,2025-06-06 10:10:48.145291,study_reward
PAY308031,P100267,SUB209182,0.89,2025-06-06 12:10:54.897831,study_reward
PAY308032,P100435,SUB209183,1.85,2025-06-06 13:10:48.145291,study_reward
PAY308033,P100403,SUB209184,1.61,2025-06-06 14:02:58.511301,study_reward
PAY308034,P102046,SUB209185,3.0,2025-06-06 14:39:26.323379,study_reward
PAY308035,P101449,SUB209186,0.53,2025-06-06 14:57:22.618525,study_reward
PAY308036,P101123,SUB209187,8.07,2025-06-06 15:16:09.185295,study_reward
PAY308037,P101309,SUB209188,1.47,2025-06-06 16:12:52.859789,study_reward
PAY308038,P101421,SUB209189,2.24,2025-06-06 16:39:08.586862,study_reward
PAY308039,P101573,SUB209191,2.96,2025-06-06 17:02:57.459224,study_reward
PAY308040,P102916,SUB209192,1.79,2025-06-06 17:10:32.229888,study_reward
PAY308041,P102412,SUB209193,2.33,2025-06-06 18:07:34.069164,study_reward
PAY308042,P102620,SUB209195,1.59,2025-06-06 18:42:55.281439,study_reward
PAY308043,P100503,SUB209196,3.77,2025-06-06 19:05:31.961696,study_reward
PAY308044,P102121,SUB209197,0.8,2025-06-06 19:36:51.306396,study_reward
PAY308045,P102531,SUB209198,2.27,2025-06-06 19:44:23.867036,study_reward
PAY308046,P100709,SUB209199,1.59,2025-06-06 19:53:39.668219,study_reward
PAY308047,P102197,SUB209200,1.37,2025-06-06 20:25:06.766615,study_reward
PAY308048,P101706,SUB209201,7.62,2025-06-06 20:33:42.848387,study_reward
PAY308049,P100295,SUB209202,3.01,2025-06-06 21:04:15.414131,study_reward
PAY308050,P100723,SUB209204,5.53,2025-06-06 22:49:49.831276,study_reward
PAY308051,P100978,SUB209205,2.48,2025-06-06 23:06:24.349101,study_reward
PAY308052,P101236,SUB209206,1.46,2025-06-07 00:00:50.519920,study_reward
PAY308053,P101109,SUB209207,4.21,2025-06-07 00:02:47.975989,study_reward
PAY308054,P100991,SUB209208,4.2,2025-06-07 00:15:33.001221,study_reward
PAY308055,P102149,SUB209209,5.85,2025-06-07 00:42:52.660961,study_reward
PAY308056,P100551,SUB209210,0.37,2025-06-07 01:11:29.712550,study_reward
PAY308057,P100594,SUB209211,1.81,2025-06-07 01:32:25.013599,study_reward
PAY308058,P101295,SUB209212,2.42,2025-06-07 01:47:41.272075,study_reward
PAY308059,P101703,,10.0,2025-06-07 01:52:00.000000,referral_bonus
PAY308060,P100570,SUB209213,3.58,2025-06-07 02:29:40.642345,study_reward
PAY308061,P101672,SUB209214,1.89,2025-06-07 02:52:07.548913,study_reward
PAY308062,P102723,SUB209217,1.77,2025-06-07 03:34:30.306036,study_reward
PAY308063,P102976,SUB209219,1.35,2025-06-07 05:47:00.252851,study_reward
PAY308064,P101683,SUB209220,2.63,2025-06-07 06:38:05.173525,study_reward
PAY308065,P100038,SUB209221,1.08,2025-06-07 06:42:44.345927,study_reward
PAY308066,P102781,SUB209222,2.26,2025-06-07 06:59:40.752210,study_reward
PAY308067,P101244,SUB209223,4.13,2025-06-07 07:27:26.288305,study_reward
PAY308068,P100137,SUB209225,1.02,2025-06-07 07:58:02.469119,study_reward
PAY308069,P100981,SUB209227,2.24,2025-06-07 09:12:45.742116,study_reward
PAY308070,P101472,SUB209228,3.89,2025-06-07 09:30:11.427907,study_reward
PAY308071,P100978,SUB209229,3.5,2025-06-07 10:06:24.349101,study_reward
PAY308072,P102137,SUB209230,1.75,2025-06-07 10:13:50.456765,study_reward
PAY308073,P101630,SUB209232,5.72,2025-06-07 14:48:58.136877,study_reward
PAY308074,P100220,SUB209233,2.73,2025-06-07 15:11:17.472849,study_reward
PAY308075,P100438,SUB209234,2.99,2025-06-07 15:53:40.836139,study_reward
PAY308076,P101457,SUB209235,0.66,2025-06-07 16:01:16.576729,study_reward
PAY308077,P102955,SUB209236,5.27,2025-06-07 16:09:21.359736,study_reward
PAY308078,P102311,SUB209237,6.19,2025-06-07 16:55:19.306918,study_reward
PAY308079,P101978,SUB209238,7.35,2025-06-07 17:45:37.478620,study_reward
PAY308080,P100707,SUB209239,3.58,2025-06-07 18:06:47.141215,study_reward
PAY308081,P102772,SUB209240,6.81,2025-06-07 18:38:24.459909,study_reward
PAY308082,P100136,SUB209241,2.54,2025-06-07 18:43:40.653199,study_reward
PAY308083,P101852,SUB209242,6.57,2025-06-07 18:51:26.776880,study_reward
PAY308084,P100169,SUB209243,6.03,2025-06-07 19:05:41.344291,study_reward
PAY308085,P101151,SUB209244,1.69,2025-06-07 19:08:02.688497,study_reward
PAY308086,P100749,SUB209245,2.82,2025-06-07 19:11:51.185910,study_reward
PAY308087,P101610,SUB209246,3.44,2025-06-07 19:36:43.357943,study_reward
PAY308088,P102699,SUB209247,4.69,2025-06-07 21:05:15.839633,study_reward
PAY308089,P102412,SUB209248,1.53,2025-06-07 21:07:34.069164,study_reward
PAY308090,P100165,SUB209249,2.23,2025-06-07 21:10:30.261650,study_reward
PAY308091,P102959,SUB209250,3.32,2025-06-07 21:23:44.403799,study_reward
PAY308092,P100541,SUB209251,6.16,2025-06-07 21:29:20.434338,study_reward
PAY308093,P102113,SUB209252,1.52,2025-06-07 22:05:06.826863,study_reward
PAY308094,P100275,SUB209253,0.77,2025-06-07 22:29:08.604344,study_reward
PAY308095,P100095,SUB209255,1.81,2025-06-07 23:40:18.129546,study_reward
PAY308096,P102891,SUB209256,1.88,2025-06-08 00:43:38.213294,study_reward
PAY308097,P102699,SUB209258,1.02,2025-06-08 01:05:15.839633,study_reward
PAY308098,P102983,SUB209259,4.12,2025-06-08 01:24:58.869963,study_reward
PAY308099,P102218,SUB209260,2.51,2025-06-08 01:25:42.211432,study_reward
PAY308100,P102216,SUB209261,1.76,2025-06-08 01:54:11.981603,study_reward
PAY308101,P102585,SUB209262,7.36,2025-06-08 02:14:45.405803,study_reward
PAY308102,P102145,SUB209263,5.59,2025-06-08 02:25:23.368456,study_reward
PAY308103,P101342,SUB209264,5.07,2025-06-08 02:32:22.040989,study_reward
PAY308104,P102383,SUB209265,1.89,2025-06-08 02:39:08.885742,study_reward
PAY308105,P101933,SUB209267,6.57,2025-06-08 03:38:41.669441,study_reward
PAY308106,P102950,SUB209268,2.82,2025-06-08 03:49:08.628177,study_reward
PAY308107,P100169,SUB209269,4.72,2025-06-08 04:05:41.344291,study_reward
PAY308108,P101791,SUB209270,2.02,2025-06-08 05:24:13.359350,study_reward
PAY308109,P102256,SUB209271,0.55,2025-06-08 05:39:59.180069,study_reward
PAY308110,P102392,SUB209272,1.0,2025-06-08 06:11:05.806393,study_reward
PAY308111,P102328,SUB209275,0.86,2025-06-08 06:25:36.655565,study_reward
PAY308112,P102496,SUB209276,1.69,2025-06-08 06:31:11.895022,study_reward
PAY308113,P100107,SUB209277,4.4,2025-06-08 06:52:53.103135,study_reward
PAY308114,P100559,SUB209278,3.29,2025-06-08 07:48:41.273183,study_reward
PAY308115,P101994,SUB209279,3.07,2025-06-08 07:53:57.655550,study_reward
PAY308116,P102541,SUB209281,3.62,2025-06-08 08:21:45.441149,study_reward
PAY308117,P100541,SUB209282,1.34,2025-06-08 08:29:20.434338,study_reward
PAY308118,P102230,SUB209283,2.5,2025-06-08 09:06:49.079453,study_reward
PAY308119,P101586,SUB209284,2.27,2025-06-08 09:57:07.440791,study_reward
PAY308120,P101805,SUB209285,5.27,2025-06-08 10:12:21.130800,study_reward
PAY308121,P102046,SUB209286,2.61,2025-06-08 10:39:26.323379,study_reward
PAY308122,P101444,SUB209287,1.67,2025-06-08 10:41:47.745268,study_reward
PAY308123,P102501,SUB209288,0.77,2025-06-08 10:53:56.212082,study_reward
PAY308124,P100725,SUB209289,1.7,2025-06-08 11:04:05.858994,study_reward
PAY308125,P100003,SUB209291,3.82,2025-06-08 11:38:20.373423,study_reward
PAY308126,P100388,SUB209292,1.01,2025-06-08 11:45:14.680578,study_reward
PAY308127,P102552,SUB209293,1.14,2025-06-08 11:59:45.815095,study_reward
PAY308128,P100530,SUB209294,1.74,2025-06-08 12:18:13.957034,study_reward
PAY308129,P102410,SUB209295,4.49,2025-06-08 12:20:07.057856,study_reward
PAY308130,P101546,SUB209297,1.79,2025-06-08 17:23:21.122957,study_reward
PAY308131,P101916,SUB209298,4.0,2025-06-08 17:59:17.083324,study_reward
PAY308132,P101327,SUB209299,2.62,2025-06-08 18:24:40.384225,study_reward
PAY308133,P101225,SUB209300,1.11,2025-06-08 19:44:44.349542,study_reward
PAY308134,P100683,SUB209301,1.53,2025-06-08 20:29:31.267052,study_reward
PAY308135,P100388,SUB209302,2.69,2025-06-08 20:45:14.680578,study_reward
PAY308136,P101429,SUB209303,1.23,2025-06-08 20:52:32.518887,study_reward
PAY308137,P100709,SUB209304,3.57,2025-06-08 20:53:39.668219,study_reward
PAY308138,P100438,SUB209305,1.2,2025-06-08 20:53:40.836139,study_reward
PAY308139,P102995,SUB209306,0.37,2025-06-08 21:06:52.104007,study_reward
PAY308140,P101605,SUB209307,2.48,2025-06-08 23:50:10.630751,study_reward
PAY308141,P101309,SUB209308,6.06,2025-06-09 00:12:52.859789,study_reward
PAY308142,P100094,SUB209309,2.11,2025-06-09 00:55:35.885426,study_reward
PAY308143,P100968,SUB209310,2.64,2025-06-09 01:15:34.645273,study_reward
PAY308144,P102324,SUB209311,2.72,2025-06-09 01:44:32.502386,study_reward
PAY308145,P101894,SUB209312,3.72,2025-06-09 02:21:01.016721,study_reward
PAY308146,P100432,SUB209313,2.43,2025-06-09 02:51:57.534167,study_reward
PAY308147,P102944,SUB209314,1.58,2025-06-09 03:17:01.719711,study_reward
PAY308148,P101599,SUB209315,1.91,2025-06-09 04:22:56.105452,study_reward
PAY308149,P100095,SUB209316,0.91,2025-06-09 04:40:18.129546,study_reward
PAY308150,P101225,SUB209317,1.51,2025-06-09 05:44:44.349542,study_reward
PAY308151,P100853,SUB209318,3.41,2025-06-09 06:44:30.031681,study_reward
PAY308152,P101724,SUB209319,3.46,2025-06-09 06:54:07.187861,study_reward
PAY308153,P100552,SUB209321,1.98,2025-06-09 08:11:18.229325,study_reward
PAY308154,P102999,SUB209322,2.61,2025-06-09 08:18:24.876713,study_reward
PAY308155,P102128,SUB209323,1.43,2025-06-09 08:41:26.078859,study_reward
PAY308156,P101060,SUB209324,3.95,2025-06-09 09:40:36.876937,study_reward
PAY308157,P101852,SUB209325,7.89,2025-06-09 09:51:26.776880,study_reward
PAY308158,P102479,SUB209326,1.22,2025-06-09 10:35:27.134341,study_reward
PAY308159,P102324,SUB209327,1.78,2025-06-09 10:44:32.502386,study_reward
PAY308160,P102276,SUB209328,0.91,2025-06-09 11:32:11.748763,study_reward
PAY308161,P102324,SUB209329,1.0,2025-06-09 12:44:32.502386,study_reward
PAY308162,P101102,SUB209331,5.74,2025-06-09 12:59:04.045346,study_reward
PAY308163,P100549,SUB209332,4.49,2025-06-09 13:06:50.167223,study_reward
PAY308164,P101589,SUB209333,1.52,2025-06-09 13:33:23.282282,study_reward
PAY308165,P102501,SUB209334,4.18,2025-06-09 15:53:56.212082,study_reward
PAY308166,P102496,SUB209335,1.85,2025-06-09 16:31:11.895022,study_reward
PAY308167,P100891,SUB209336,1.47,2025-06-09 17:43:23.806145,study_reward
PAY308168,P100559,SUB209337,1.83,2025-06-09 17:48:41.273183,study_reward
PAY308169,P102730,SUB209338,5.76,2025-06-09 18:16:07.637577,study_reward
PAY308170,P101447,SUB209339,1.0,2025-06-09 18:50:48.827689,study_reward
PAY308171,P100114,SUB209341,3.93,2025-06-09 19:04:39.759021,study_reward
PAY308172,P100774,SUB209342,0.51,2025-06-09 19:26:39.060126,study_reward
PAY308173,P102149,SUB209343,1.24,2025-06-09 19:42:52.660961,study_reward
PAY308174,P102520,SUB209344,3.77,2025-06-09 19:44:56.967535,study_reward
PAY308175,P102699,SUB209346,0.76,2025-06-09 20:05:15.839633,study_reward
PAY308176,P100659,SUB209348,4.88,2025-06-09 20:56:17.581354,study_reward
PAY308177,P101546,SUB209350,1.91,2025-06-09 21:23:21.122957,study_reward
PAY308178,P102059,SUB209351,0.53,2025-06-09 22:17:55.234874,study_reward
PAY308179,P101894,SUB209352,1.81,2025-06-09 22:21:01.016721,study_reward
PAY308180,P101386,SUB209353,1.46,2025-06-09 22:23:29.162442,study_reward
PAY308181,P102216,SUB209354,2.62,2025-06-09 22:54:11.981603,study_reward
PAY308182,P100920,SUB209355,0.91,2025-06-09 23:11:59.715075,study_reward
PAY308183,P100732,SUB209356,5.74,2025-06-10 00:04:31.042817,study_reward
PAY308184,P102218,SUB209357,4.04,2025-06-10 00:25:42.211432,study_reward
PAY308185,P100229,SUB209358,2.12,2025-06-10 01:05:48.975219,study_reward
PAY308186,P100327,SUB209359,1.99,2025-06-10 01:32:36.360089,study_reward
PAY308187,P101683,SUB209360,3.47,2025-06-10 01:38:05.173525,study_reward
PAY308188,P100165,SUB209362,1.66,2025-06-10 02:10:30.261650,study_reward
PAY308189,P102999,SUB209364,2.36,2025-06-10 02:18:24.876713,study_reward
PAY308190,P101769,SUB209365,2.1,2025-06-10 02:19:46.780244,study_reward
PAY308191,P102046,SUB209366,0.82,2025-06-10 03:39:26.323379,study_reward
PAY308192,P102135,SUB209367,3.62,2025-06-10 04:50:21.834150,study_reward
PAY308193,P101244,SUB209368,2.27,2025-06-10 06:27:26.288305,study_reward
PAY308194,P100107,SUB209369,5.76,2025-06-10 06:52:53.103135,study_reward
PAY308195,P102166,SUB209370,3.12,2025-06-10 07:26:14.561907,study_reward
PAY308196,P102202,SUB209371,3.8,2025-06-10 07:27:38.306088,study_reward
PAY308197,P102256,SUB209372,2.03,2025-06-10 07:39:59.180069,study_reward
PAY308198,P101524,SUB209373,3.41,2025-06-10 08:19:18.289396,study_reward
PAY308199,P101978,SUB209374,1.48,2025-06-10 08:45:37.478620,study_reward
PAY308200,P102541,SUB209375,2.98,2025-06-10 09:21:45.441149,study_reward
PAY308201,P100126,SUB209376,2.01,2025-06-10 10:11:09.393216,study_reward
PAY308202,P102117,SUB209377,2.08,2025-06-10 11:09:07.861523,study_reward
PAY308203,P101362,SUB209378,6.95,2025-06-10 11:36:48.597537,study_reward
PAY308204,P101907,SUB209379,3.95,2025-06-10 11:50:00.715462,study_reward
PAY308205,P100551,SUB209380,1.52,2025-06-10 12:11:29.712550,study_reward
PAY308206,P101244,SUB209381,5.46,2025-06-10 13:27:26.288305,study_reward
PAY308207,P102737,SUB209382,3.0,2025-06-10 14:28:48.239375,study_reward
PAY308208,P101272,SUB209384,5.67,2025-06-10 14:49:54.889534,study_reward
PAY308209,P102571,SUB209385,2.63,2025-06-10 15:57:21.771122,study_reward
PAY308210,P100683,SUB209386,2.54,2025-06-10 16:29:31.267052,study_reward
PAY308211,P101485,SUB209387,1.32,2025-06-10 16:52:57.389523,study_reward
PAY308212,P100275,SUB209389,1.96,2025-06-10 19:29:08.604344,study_reward
PAY308213,P101125,SUB209391,3.21,2025-06-10 20:13:00.918610,study_reward
PAY308214,P100780,SUB209392,4.64,2025-06-10 20:37:04.096539,study_reward
PAY308215,P102645,SUB209394,1.89,2025-06-10 23:06:50.794589,study_reward
PAY308216,P101907,SUB209395,1.02,2025-06-11 01:50:00.715462,study_reward
PAY308217,P100419,SUB209396,4.88,2025-06-11 01:54:36.802179,study_reward
PAY308218,P100614,SUB209397,1.61,2025-06-11 02:48:09.956407,study_reward
PAY308219,P100659,SUB209399,2.35,2025-06-11 02:56:17.581354,study_reward
PAY308220,P101660,SUB209400,5.85,2025-06-11 03:02:40.345429,study_reward
PAY308221,P100732,SUB209401,1.47,2025-06-11 03:04:31.042817,study_reward
PAY308222,P102137,SUB209403,3.45,2025-06-11 04:13:50.456765,study_reward
PAY308223,P102952,SUB209404,3.85,2025-06-11 04:40:12.776489,study_reward
PAY308224,P102722,SUB209405,4.0,2025-06-11 05:36:08.708914,study_reward
PAY308225,P100136,SUB209408,4.72,2025-06-11 06:43:40.653199,study_reward
PAY308226,P101933,SUB209409,2.5,2025-06-11 08:38:41.669441,study_reward
PAY308227,P102825,SUB209411,2.91,2025-06-11 10:12:54.227680,study_reward
PAY308228,P101186,SUB209412,2.64,2025-06-11 11:01:12.535046,study_reward
PAY308229,P100755,SUB209413,1.66,2025-06-11 11:46:50.155461,study_reward
PAY308230,P102753,SUB209414,6.16,2025-06-11 12:30:34.371813,study_reward
PAY308231,P102479,SUB209415,2.33,2025-06-11 12:35:27.134341,study_reward
PAY308232,P102838,SUB209416,1.98,2025-06-11 13:41:41.557217,study_reward
PAY308233,P102291,SUB209417,2.82,2025-06-11 13:53:19.688739,study_reward
PAY308234,P102117,SUB209418,6.13,2025-06-11 14:09:07.861523,study_reward
PAY308235,P102244,SUB209419,2.96,2025-06-11 14:13:37.680929,study_reward
PAY308236,P101447,SUB209420,4.22,2025-06-11 14:50:48.827689,study_reward
PAY308237,P100725,SUB209421,3.74,2025-06-11 15:04:05.858994,study_reward
PAY308238,P102730,SUB209422,1.53,2025-06-11 15:16:07.637577,study_reward
PAY308239,P101689,SUB209423,1.28,2025-06-11 15:46:59.152238,study_reward
PAY308240,P102944,SUB209424,2.19,2025-06-11 16:17:01.719711,study_reward
PAY308241,P100030,SUB209425,2.03,2025-06-11 16:23:45.456222,study_reward
PAY308242,P101475,SUB209427,1.93,2025-06-11 16:30:52.627009,study_reward
PAY308243,P100058,SUB209428,1.75,2025-06-11 17:07:29.417148,study_reward
PAY308244,P102561,SUB209429,2.35,2025-06-11 18:21:33.076683,study_reward
PAY308245,P101879,SUB209430,2.82,2025-06-11 18:22:38.996594,study_reward
PAY308246,P102501,SUB209431,5.63,2025-06-11 19:53:56.212082,study_reward
PAY308247,P102481,SUB209432,5.46,2025-06-11 20:28:39.362278,study_reward
PAY308248,P101978,SUB209433,1.52,2025-06-11 20:45:37.478620,study_reward
PAY308249,P102860,SUB209434,2.62,2025-06-11 21:22:17.505859,study_reward
PAY308250,P101907,SUB209435,3.06,2025-06-11 21:50:00.715462,study_reward
PAY308251,P100848,SUB209436,1.04,2025-06-11 23:09:24.712006,study_reward
PAY308252,P102944,SUB209437,2.39,2025-06-11 23:17:01.719711,study_reward
PAY308253,P100530,SUB209438,3.46,2025-06-11 23:18:13.957034,study_reward
PAY308254,P100549,SUB209440,3.82,2025-06-12 00:06:50.167223,study_reward
PAY308255,P100671,SUB209441,1.67,2025-06-12 00:36:21.392172,study_reward
PAY308256,P102846,SUB209442,1.35,2025-06-12 01:52:39.635421,study_reward
PAY308257,P102916,SUB209445,1.88,2025-06-12 02:10:32.229888,study_reward
PAY308258,P102943,SUB209446,2.37,2025-06-12 02:11:47.462204,study_reward
PAY308259,P100570,SUB209447,2.56,2025-06-12 02:29:40.642345,study_reward
PAY308260,P100387,SUB209448,2.85,2025-06-12 02:37:10.612955,study_reward
PAY308261,P102385,SUB209449,2.24,2025-06-12 02:58:12.684853,study_reward
PAY308262,P100403,SUB209450,5.0,2025-06-12 03:02:58.511301,study_reward
PAY308263,P102637,SUB209452,6.85,2025-06-12 05:11:09.180203,study_reward
PAY308264,P100931,SUB209453,5.85,2025-06-12 05:51:25.803193,study_reward
PAY308265,P102377,SUB209454,3.03,2025-06-12 06:05:14.327957,study_reward
PAY308266,P102392,SUB209455,2.7,2025-06-12 06:11:05.806393,study_reward
PAY308267,P101154,SUB209457,7.35,2025-06-12 06:14:43.829597,study_reward
PAY308268,P102256,SUB209458,2.06,2025-06-12 06:39:59.180069,study_reward
PAY308269,P101979,SUB209459,2.54,2025-06-12 08:32:25.679227,study_reward
PAY308270,P102757,SUB209460,0.77,2025-06-12 09:00:56.084593,study_reward
PAY308271,P101123,SUB209463,1.28,2025-06-12 11:16:09.185295,study_reward
PAY308272,P102073,SUB209464,5.58,2025-06-12 11:22:56.270159,study_reward
PAY308273,P102128,SUB209466,4.21,2025-06-12 11:41:26.078859,study_reward
PAY308274,P100905,SUB209468,0.53,2025-06-12 12:35:58.082336,study_reward
PAY308275,P100872,SUB209469,4.22,2025-06-12 12:59:22.092375,study_reward
PAY308276,P101472,SUB209470,3.23,2025-06-12 13:30:11.427907,study_reward
PAY308277,P101769,SUB209471,2.96,2025-06-12 14:19:46.780244,study_reward
PAY308278,P102989,SUB209472,1.43,2025-06-12 14:23:54.491189,study_reward
PAY308279,P102143,SUB209474,3.74,2025-06-12 14:58:47.006359,study_reward
PAY308280,P101724,SUB209475,0.97,2025-06-12 15:54:07.187861,study_reward
PAY308281,P100192,SUB209476,5.72,2025-06-12 15:55:56.001516,study_reward
PAY308282,P100659,SUB209477,5.0,2025-06-12 15:56:17.581354,study_reward
PAY308283,P102699,SUB209478,0.82,2025-06-12 16:05:15.839633,study_reward
PAY308284,P101355,SUB209479,3.45,2025-06-12 16:21:22.283976,study_reward
PAY308285,P102121,SUB209480,5.85,2025-06-12 16:36:51.306396,study_reward
PAY308286,P102322,SUB209481,2.39,2025-06-12 17:38:38.047409,study_reward
PAY308287,P101420,SUB209482,0.53,2025-06-12 17:58:14.456381,study_reward
PAY308288,P100418,SUB209483,1.9,2025-06-12 18:01:53.585881,study_reward
PAY308289,P102955,SUB209484,0.76,2025-06-12 18:09:21.359736,study_reward
PAY308290,P100991,SUB209485,2.74,2025-06-12 18:15:33.001221,study_reward
PAY308291,P101994,SUB209486,3.29,2025-06-12 19:53:57.655550,study_reward
PAY308292,P102944,SUB209487,2.37,2025-06-12 20:17:01.719711,study_reward
PAY308293,P102175,SUB209488,4.1,2025-06-12 21:03:58.532908,study_reward
PAY308294,P102075,SUB209489,2.64,2025-06-12 22:35:30.105223,study_reward
PAY308295,P101280,SUB209490,1.77,2025-06-12 22:36:15.387330,study_reward
PAY308296,P100193,SUB209493,2.75,2025-06-12 23:24:08.199817,study_reward
PAY308297,P102781,SUB209494,1.08,2025-06-12 23:59:40.752210,study_reward
PAY308298,P101872,SUB209495,1.35,2025-06-13 00:00:40.970375,study_reward
PAY308299,P102244,SUB209496,6.67,2025-06-13 01:13:37.680929,study_reward
PAY308300,P102959,SUB209497,1.96,2025-06-13 01:23:44.403799,study_reward
PAY308301,P101630,SUB209498,2.61,2025-06-13 02:48:58.136877,study_reward
PAY308302,P102520,SUB209499,3.47,2025-06-13 03:44:56.967535,study_reward
PAY308303,P101942,SUB209500,3.44,2025-06-13 03:49:00.435438,study_reward
PAY308304,P100884,SUB209501,3.84,2025-06-13 05:46:41.403007,study_reward
PAY308305,P100848,SUB209502,2.43,2025-06-13 07:09:24.712006,study_reward
PAY308306,P102392,SUB209503,1.71,2025-06-13 07:11:05.806393,study_reward
PAY308307,P102999,SUB209504,1.94,2025-06-13 07:18:24.876713,study_reward
PAY308308,P102916,SUB209505,4.74,2025-06-13 09:10:32.229888,study_reward
PAY308309,P101524,SUB209506,4.13,2025-06-13 09:19:18.289396,study_reward
PAY308310,P102412,SUB209507,6.11,2025-06-13 10:07:34.069164,study_reward
PAY308311,P102394,SUB209508,4.48,2025-06-13 10:16:59.451126,study_reward
PAY308312,P101524,SUB209509,3.77,2025-06-13 10:19:18.289396,study_reward
PAY308313,P100137,SUB209510,2.51,2025-06-13 10:58:02.469119,study_reward
PAY308314,P100385,SUB209511,1.81,2025-06-13 11:05:04.022431,study_reward
PAY308315,P102950,SUB209513,0.64,2025-06-13 11:49:08.628177,study_reward
PAY308316,P100296,SUB209514,1.56,2025-06-13 11:59:24.039263,study_reward
PAY308317,P102247,SUB209515,1.35,2025-06-13 12:06:25.870196,study_reward
PAY308318,P101475,SUB209516,3.95,2025-06-13 12:30:52.627009,study_reward
PAY308319,P101805,SUB209517,3.95,2025-06-13 14:12:21.130800,study_reward
PAY308320,P102265,SUB209518,3.79,2025-06-13 15:35:23.351474,study_reward
PAY308321,P102520,SUB209519,6.03,2025-06-13 15:44:56.967535,study_reward
PAY308322,P100107,SUB209520,2.75,2025-06-13 15:52:53.103135,study_reward
PAY308323,P101109,SUB209521,3.85,2025-06-13 17:02:47.975989,study_reward
PAY308324,P100191,SUB209522,1.0,2025-06-13 17:06:29.388532,study_reward
PAY308325,P102916,SUB209523,1.96,2025-06-13 17:10:32.229888,study_reward
PAY308326,P102610,SUB209524,3.08,2025-06-13 17:42:35.718113,study_reward
PAY308327,P102265,SUB209525,0.64,2025-06-13 18:35:23.351474,study_reward
PAY308328,P101420,SUB209527,4.82,2025-06-13 18:58:14.456381,study_reward
PAY308329,P102143,SUB209528,5.58,2025-06-13 18:58:47.006359,study_reward
PAY308330,P100825,SUB209529,2.96,2025-06-13 19:33:06.027806,study_reward
PAY308331,P102943,SUB209530,1.35,2025-06-13 20:11:47.462204,study_reward
PAY308332,P102251,SUB209531,6.85,2025-06-13 20:40:58.920628,study_reward
PAY308333,P102501,SUB209532,3.34,2025-06-13 21:53:56.212082,study_reward
PAY308334,P101724,SUB209533,3.47,2025-06-13 21:54:07.187861,study_reward
PAY308335,P102113,SUB209535,3.21,2025-06-13 23:05:06.826863,study_reward
PAY308336,P102244,SUB209536,3.5,2025-06-13 23:13:37.680929,study_reward
PAY308337,P102831,SUB209537,3.43,2025-06-14 00:55:42.038774,study_reward
PAY308338,P100858,SUB209540,7.54,2025-06-14 01:16:01.616564,study_reward
PAY308339,P100825,SUB209543,2.82,2025-06-14 03:33:06.027806,study_reward
PAY308340,P102950,SUB209545,2.03,2025-06-14 04:49:08.628177,study_reward
PAY308341,P101907,SUB209546,4.66,2025-06-14 04:50:00.715462,study_reward
PAY308342,P100749,SUB209548,3.01,2025-06-14 05:11:51.185910,study_reward
PAY308343,P101429,SUB209549,2.99,2025-06-14 05:52:32.518887,study_reward
PAY308344,P102531,SUB209550,3.62,2025-06-14 06:44:23.867036,study_reward
PAY308345,P102502,SUB209551,2.75,2025-06-14 07:08:59.346407,study_reward
PAY308346,P101805,SUB209553,6.38,2025-06-14 08:12:21.130800,study_reward
PAY308347,P102944,SUB209554,10.53,2025-06-14 09:17:01.719711,study_reward
PAY308348,P101599,SUB209555,2.42,2025-06-14 09:22:56.105452,study_reward
PAY308349,P101102,SUB209556,0.76,2025-06-14 09:59:04.045346,study_reward
PAY308350,P100881,SUB209557,2.03,2025-06-14 10:23:13.219135,study_reward
PAY308351,P101406,SUB209558,7.63,2025-06-14 10:57:57.623040,study_reward
PAY308352,P100385,SUB209559,3.93,2025-06-14 11:05:04.022431,study_reward
PAY308353,P100515,SUB209560,1.96,2025-06-14 11:31:13.694397,study_reward
PAY308354,P100114,SUB209561,2.27,2025-06-14 12:04:39.759021,study_reward
PAY308355,P101272,SUB209562,1.43,2025-06-14 12:49:54.889534,study_reward
PAY308356,P101186,SUB209563,6.85,2025-06-14 13:01:12.535046,study_reward
PAY308357,P101879,SUB209564,5.02,2025-06-14 13:22:38.996594,study_reward
PAY308358,P101461,SUB209565,2.06,2025-06-14 13:33:31.202955,study_reward
PAY308359,P100614,SUB209566,4.36,2025-06-14 13:48:09.956407,study_reward
PAY308360,P102385,SUB209567,2.97,2025-06-14 13:58:12.684853,study_reward
PAY308361,P101123,SUB209568,1.69,2025-06-14 14:16:09.185295,study_reward
PAY308362,P100193,SUB209569,1.19,2025-06-14 15:24:08.199817,study_reward
PAY308363,P100387,SUB209570,1.75,2025-06-14 15:37:10.612955,study_reward
PAY308364,P100295,SUB209572,2.46,2025-06-14 17:04:15.414131,study_reward
PAY308365,P102494,SUB209573,1.52,2025-06-14 17:57:09.527205,study_reward
PAY308366,P100114,SUB209574,2.64,2025-06-14 18:04:39.759021,study_reward
PAY308367,P102230,SUB209575,0.91,2025-06-14 18:06:49.079453,study_reward
PAY308368,P102737,SUB209576,2.72,2025-06-14 18:28:48.239375,study_reward
PAY308369,P102723,SUB209577,1.75,2025-06-14 18:34:30.306036,study_reward
PAY308370,P100758,SUB209579,2.61,2025-06-14 19:22:26.660681,study_reward
PAY308371,P101060,SUB209580,2.08,2025-06-14 19:40:36.876937,study_reward
PAY308372,P100828,SUB209581,1.32,2025-06-14 19:47:28.807503,study_reward
PAY308373,P102494,SUB209582,6.85,2025-06-14 19:57:09.527205,study_reward
PAY308374,P102105,SUB209584,2.63,2025-06-14 20:23:28.625488,study_reward
PAY308375,P100774,SUB209585,1.35,2025-06-14 20:26:39.060126,study_reward
PAY308376,P100968,SUB209586,2.99,2025-06-14 21:15:34.645273,study_reward
PAY308377,P102065,SUB209588,1.81,2025-06-14 21:38:01.368896,study_reward
PAY308378,P101630,SUB209589,2.63,2025-06-14 21:48:58.136877,study_reward
PAY308379,P100376,SUB209591,2.03,2025-06-15 00:47:56.980677,study_reward
PAY308380,P101641,SUB209593,3.53,2025-06-15 01:52:16.488971,study_reward
PAY308381,P100659,SUB209594,3.05,2025-06-15 02:56:17.581354,study_reward
PAY308382,P102230,SUB209595,2.55,2025-06-15 03:06:49.079453,study_reward
PAY308383,P102730,SUB209596,2.49,2025-06-15 03:16:07.637577,study_reward
PAY308384,P102722,SUB209597,3.57,2025-06-15 03:36:08.708914,study_reward
PAY308385,P102620,SUB209598,10.53,2025-06-15 03:42:55.281439,study_reward
PAY308386,P100414,SUB209600,1.79,2025-06-15 04:38:53.940632,study_reward
PAY308387,P100920,SUB209601,2.49,2025-06-15 05:11:59.715075,study_reward
PAY308388,P102166,SUB209602,5.0,2025-06-15 05:26:14.561907,study_reward
PAY308389,P101689,SUB209603,1.75,2025-06-15 05:46:59.152238,study_reward
PAY308390,P100645,SUB209604,1.22,2025-06-15 07:36:29.835854,study_reward
PAY308391,P101916,SUB209605,5.0,2025-06-15 07:59:17.083324,study_reward
PAY308392,P101335,SUB209606,1.92,2025-06-15 08:33:47.727433,study_reward
PAY308393,P100003,SUB209607,1.5,2025-06-15 08:38:20.373423,study_reward
PAY308394,P100552,SUB209608,5.72,2025-06-15 09:11:18.229325,study_reward
PAY308395,P102104,SUB209609,2.24,2025-06-15 09:22:50.619073,study_reward
PAY308396,P102197,SUB209611,4.21,2025-06-15 10:25:06.766615,study_reward
PAY308397,P100376,SUB209613,5.07,2025-06-15 11:47:56.980677,study_reward
PAY308398,P101610,SUB209614,2.24,2025-06-15 12:36:43.357943,study_reward
PAY308399,P100725,SUB209616,0.55,2025-06-15 13:04:05.858994,study_reward
PAY308400,P100515,SUB209617,2.11,2025-06-15 13:31:13.694397,study_reward
PAY308401,P100046,SUB209618,1.92,2025-06-15 13:49:05.723747,study_reward
PAY308402,P102075,SUB209620,1.67,2025-06-15 15:35:30.105223,study_reward
PAY308403,P100631,SUB209621,4.43,2025-06-15 15:39:12.835369,study_reward
PAY308404,P100558,SUB209622,2.43,2025-06-15 15:41:24.112349,study_reward
PAY308405,P102916,SUB209623,4.66,2025-06-15 16:10:32.229888,study_reward
PAY308406,P101791,SUB209625,5.22,2025-06-15 17:24:13.359350,study_reward
PAY308407,P102723,SUB209626,5.27,2025-06-15 17:34:30.306036,study_reward
PAY308408,P100725,SUB209627,1.59,2025-06-15 18:04:05.858994,study_reward
PAY308409,P102251,SUB209628,1.74,2025-06-15 18:40:58.920628,study_reward
PAY308410,P101894,SUB209630,5.78,2025-06-15 19:21:01.016721,study_reward
PAY308411,P102951,,5.0,2025-06-15 19:28:54.000000,loyalty_bonus
PAY308412,P102753,SUB209632,4.22,2025-06-15 19:30:34.371813,study_reward
PAY308413,P102753,SUB209631,1.93,2025-06-15 19:30:34.371813,study_reward
PAY308414,P102247,SUB209633,5.72,2025-06-15 20:06:25.870196,study_reward
PAY308415,P100414,SUB209634,2.03,2025-06-15 20:38:53.940632,study_reward
PAY308416,P100755,SUB209635,6.57,2025-06-15 20:46:50.155461,study_reward
PAY308417,P101524,SUB209636,1.22,2025-06-15 21:19:18.289396,study_reward
PAY308418,P100854,SUB209637,2.96,2025-06-15 21:45:19.299129,study_reward
PAY308419,P102046,SUB209638,1.12,2025-06-15 22:39:26.323379,study_reward
PAY308420,P100249,SUB209639,2.23,2025-06-15 22:44:28.790293,study_reward
PAY308421,P100362,SUB209640,2.31,2025-06-15 22:53:54.856113,study_reward
PAY308422,P100012,SUB209641,4.23,2025-06-15 23:16:27.569135,study_reward
PAY308423,P102916,SUB209643,2.03,2025-06-16 00:10:32.229888,study_reward
PAY308424,P102976,SUB209644,3.0,2025-06-16 00:47:00.252851,study_reward
PAY308425,P100851,SUB209645,5.0,2025-06-16 00:57:57.675236,study_reward
PAY308426,P100749,SUB209646,1.35,2025-06-16 01:11:51.185910,study_reward
PAY308427,P100972,SUB209647,2.91,2025-06-16 01:12:27.014772,study_reward
PAY308428,P102926,SUB209648,2.96,2025-06-16 01:22:43.743516,study_reward
PAY308429,P101342,SUB209649,5.33,2025-06-16 02:32:22.040989,study_reward
PAY308430,P102685,SUB209650,4.82,2025-06-16 02:54:06.066527,study_reward
PAY308431,P100295,SUB209651,2.23,2025-06-16 03:04:15.414131,study_reward
PAY308432,P100707,SUB209652,1.98,2025-06-16 03:06:47.141215,study_reward
PAY308433,P100030,SUB209653,6.85,2025-06-16 03:23:45.456222,study_reward
PAY308434,P100092,SUB209656,6.85,2025-06-16 04:45:16.848301,study_reward
PAY308435,P102623,SUB209657,4.18,2025-06-16 05:12:20.509094,study_reward
PAY308436,P101244,SUB209658,9.33,2025-06-16 05:27:26.288305,study_reward
PAY308437,P101109,SUB209659,2.5,2025-06-16 06:02:47.975989,study_reward
PAY308438,P102541,SUB209660,2.82,2025-06-16 06:21:45.441149,study_reward
PAY308439,P101674,SUB209661,2.43,2025-06-16 07:26:03.563829,study_reward
PAY308440,P100414,SUB209662,3.44,2025-06-16 07:38:53.940632,study_reward
PAY308441,P102104,SUB209663,3.85,2025-06-16 08:22:50.619073,study_reward
PAY308442,P101599,SUB209664,1.89,2025-06-16 08:22:56.105452,study_reward
PAY308443,P101244,SUB209665,4.69,2025-06-16 08:27:26.288305,study_reward
PAY308444,P101225,SUB209666,3.05,2025-06-16 08:44:44.349542,study_reward
PAY308445,P100192,SUB209668,1.17,2025-06-16 08:55:56.001516,study_reward
PAY308446,P100279,SUB209670,2.42,2025-06-16 09:36:42.191018,study_reward
PAY308447,P102251,SUB209671,7.69,2025-06-16 09:40:58.920628,study_reward
PAY308448,P101894,SUB209672,5.74,2025-06-16 10:21:01.016721,study_reward
PAY308449,P100030,SUB209673,1.35,2025-06-16 10:23:45.456222,study_reward
PAY308450,P100645,SUB209674,7.69,2025-06-16 10:36:29.835854,study_reward
PAY308451,P102363,SUB209675,1.61,2025-06-16 11:45:47.801212,study_reward
PAY308452,P102753,SUB209677,2.82,2025-06-16 12:30:34.371813,study_reward
PAY308453,P102214,SUB209678,2.81,2025-06-16 12:31:45.532869,study_reward
PAY308454,P101353,SUB209679,2.55,2025-06-16 13:40:44.161113,study_reward
PAY308455,P101660,SUB209680,2.64,2025-06-16 15:02:40.345429,study_reward
PAY308456,P101029,SUB209681,3.74,2025-06-16 15:28:31.647798,study_reward
PAY308457,P101292,SUB209682,1.66,2025-06-16 15:41:52.455912,study_reward
PAY308458,P101292,SUB209683,2.5,2025-06-16 15:41:52.455912,study_reward
PAY308459,P101355,SUB209684,2.5,2025-06-16 16:21:22.283976,study_reward
PAY308460,P101617,SUB209685,3.04,2025-06-16 16:52:18.376137,study_reward
PAY308461,P101271,SUB209686,2.35,2025-06-16 17:12:07.674073,study_reward
PAY308462,P101617,SUB209687,1.17,2025-06-16 17:52:18.376137,study_reward
PAY308463,P102247,SUB209689,0.91,2025-06-16 18:06:25.870196,study_reward
PAY308464,P102197,SUB209690,1.84,2025-06-16 18:25:06.766615,study_reward
PAY308465,P100012,SUB209692,2.08,2025-06-16 21:16:27.569135,study_reward
PAY308466,P102541,SUB209693,2.43,2025-06-16 21:21:45.441149,study_reward
PAY308467,P100851,SUB209694,2.11,2025-06-16 21:57:57.675236,study_reward
PAY308468,P102722,SUB209695,1.75,2025-06-16 22:36:08.708914,study_reward
PAY308469,P101356,SUB209696,1.14,2025-06-16 22:43:08.643100,study_reward
PAY308470,P102976,SUB209697,2.43,2025-06-16 23:47:00.252851,study_reward
PAY308471,P100065,SUB209698,2.03,2025-06-17 00:05:21.763310,study_reward
PAY308472,P100848,SUB209699,2.3,2025-06-17 00:09:24.712006,study_reward
PAY308473,P102496,SUB209701,0.67,2025-06-17 00:31:11.895022,study_reward
PAY308474,P102748,SUB209702,5.78,2025-06-17 01:42:39.934809,study_reward
PAY308475,P100432,SUB209703,6.06,2025-06-17 02:51:57.534167,study_reward
PAY308476,P100951,SUB209704,1.52,2025-06-17 03:02:14.251078,study_reward
PAY308477,P101689,SUB209705,1.78,2025-06-17 03:46:59.152238,study_reward
PAY308478,P101618,SUB209706,5.41,2025-06-17 04:20:31.355485,study_reward
PAY308479,P101689,SUB209708,2.92,2025-06-17 04:46:59.152238,study_reward
PAY308480,P102377,SUB209709,4.22,2025-06-17 05:05:14.327957,study_reward
PAY308481,P101125,SUB209710,2.1,2025-06-17 06:13:00.918610,study_reward
PAY308482,P102326,SUB209711,0.98,2025-06-17 06:23:04.702097,study_reward
PAY308483,P101244,SUB209712,1.48,2025-06-17 06:27:26.288305,study_reward
PAY308484,P102202,SUB209713,1.35,2025-06-17 06:27:38.306088,study_reward
PAY308485,P100362,SUB209714,2.24,2025-06-17 06:53:54.856113,study_reward
PAY308486,P100877,SUB209715,14.95,2025-06-17 07:55:07.360943,study_reward
PAY308487,P102642,SUB209716,2.72,2025-06-17 08:02:06.342954,study_reward
PAY308488,P101610,SUB209717,1.35,2025-06-17 08:36:43.357943,study_reward
PAY308489,P101149,,15.0,2025-06-17 09:29:43.000000,referral_bonus
PAY308490,P100264,SUB209718,1.77,2025-06-17 09:41:55.923293,study_reward
PAY308491,P102473,SUB209719,3.95,2025-06-17 10:12:45.588871,study_reward
PAY308492,P100594,SUB209721,3.53,2025-06-17 10:32:25.013599,study_reward
PAY308493,P100897,SUB209722,3.21,2025-06-17 11:10:20.755931,study_reward
PAY308494,P101618,SUB209723,1.02,2025-06-17 11:20:31.355485,study_reward
PAY308495,P100758,SUB209724,3.12,2025-06-17 12:22:26.660681,study_reward
PAY308496,P102870,SUB209725,3.85,2025-06-17 12:24:52.708091,study_reward
PAY308497,P101769,SUB209726,1.79,2025-06-17 13:19:46.780244,study_reward
PAY308498,P101234,SUB209728,2.03,2025-06-17 14:52:56.522958,study_reward
PAY308499,P102065,SUB209729,1.83,2025-06-17 15:38:01.368896,study_reward
PAY308500,P101272,SUB209730,1.0,2025-06-17 15:49:54.889534,study_reward
PAY308501,P102322,SUB209731,1.67,2025-06-17 16:38:38.047409,study_reward
PAY308502,P102917,SUB209732,0.44,2025-06-17 17:00:24.525865,study_reward
PAY308503,P101617,SUB209733,1.54,2025-06-17 17:52:18.376137,study_reward
PAY308504,P102166,,2.5,2025-06-17 17:55:10.000000,referral_bonus
PAY308505,P101945,SUB209735,2.54,2025-06-17 18:09:45.665663,study_reward
PAY308506,P101878,SUB209737,1.19,2025-06-17 19:10:49.997613,study_reward
PAY308507,P102944,SUB209738,3.29,2025-06-17 19:17:01.719711,study_reward
PAY308508,P100683,SUB209739,2.4,2025-06-17 19:29:31.267052,study_reward
PAY308509,P102276,SUB209740,2.3,2025-06-17 19:32:11.748763,study_reward
PAY308510,P100825,SUB209741,1.71,2025-06-17 19:33:06.027806,study_reward
PAY308511,P101674,SUB209742,2.42,2025-06-17 20:26:03.563829,study_reward
PAY308512,P100570,SUB209743,1.81,2025-06-17 20:29:40.642345,study_reward
PAY308513,P100062,SUB209744,5.0,2025-06-17 20:44:26.859794,study_reward
PAY308514,P101981,SUB209745,5.85,2025-06-17 21:21:25.647623,study_reward
PAY308515,P100112,SUB209748,2.1,2025-06-17 22:15:55.214894,study_reward
PAY308516,P101981,SUB209749,7.35,2025-06-17 23:21:25.647623,study_reward
PAY308517,P100506,SUB209750,2.7,2025-06-18 00:11:56.855909,study_reward
PAY308518,P101123,SUB209751,2.32,2025-06-18 00:16:09.185295,study_reward
PAY308519,P100414,SUB209752,1.46,2025-06-18 00:38:53.940632,study_reward
PAY308520,P100570,SUB209754,8.07,2025-06-18 01:29:40.642345,study_reward
PAY308521,P100723,SUB209755,1.95,2025-06-18 01:49:49.831276,study_reward
PAY308522,P102135,SUB209756,3.95,2025-06-18 01:50:21.834150,study_reward
PAY308523,P101852,SUB209757,2.97,2025-06-18 01:51:26.776880,study_reward
PAY308524,P102501,SUB209758,5.27,2025-06-18 01:53:56.212082,study_reward
PAY308525,P101406,SUB209759,4.74,2025-06-18 01:57:57.623040,study_reward
PAY308526,P101916,SUB209760,1.02,2025-06-18 01:59:17.083324,study_reward
PAY308527,P102207,SUB209761,3.52,2025-06-18 02:00:26.548182,study_reward
PAY308528,P100920,SUB209763,3.34,2025-06-18 02:11:59.715075,study_reward
PAY308529,P101292,SUB209764,2.97,2025-06-18 02:41:52.455912,study_reward
PAY308530,P100931,SUB209765,1.7,2025-06-18 02:51:25.803193,study_reward
PAY308531,P101420,SUB209766,1.35,2025-06-18 02:58:14.456381,study_reward
PAY308532,P102425,SUB209768,4.21,2025-06-18 03:21:30.980838,study_reward
PAY308533,P101791,SUB209769,0.77,2025-06-18 03:24:13.359350,study_reward
PAY308534,P101553,SUB209770,2.42,2025-06-18 04:21:38.686243,study_reward
PAY308535,P102202,SUB209771,4.36,2025-06-18 05:27:38.306088,study_reward
PAY308536,P100891,SUB209772,2.63,2025-06-18 05:43:23.806145,study_reward
PAY308537,P102065,SUB209773,2.39,2025-06-18 07:38:01.368896,study_reward
PAY308538,P101444,SUB209775,0.77,2025-06-18 07:41:47.745268,study_reward
PAY308539,P100877,SUB209776,5.59,2025-06-18 07:55:07.360943,study_reward
PAY308540,P102571,SUB209777,3.29,2025-06-18 07:57:21.771122,study_reward
PAY308541,P100058,SUB209778,0.4,2025-06-18 08:07:29.417148,study_reward
PAY308542,P101060,SUB209779,3.57,2025-06-18 08:40:36.876937,study_reward
PAY308543,P101630,SUB209780,1.37,2025-06-18 08:48:58.136877,study_reward
PAY308544,P101307,SUB209781,2.7,2025-06-18 09:12:56.275564,study_reward
PAY308545,P101272,SUB209783,3.44,2025-06-18 09:49:54.889534,study_reward
PAY308546,P100252,SUB209784,2.92,2025-06-18 10:09:57.081103,study_reward
PAY308547,P102496,SUB209786,5.46,2025-06-18 12:31:11.895022,study_reward
PAY308548,P101123,SUB209787,5.0,2025-06-18 13:16:09.185295,study_reward
PAY308549,P101610,SUB209788,6.13,2025-06-18 13:36:43.357943,study_reward
PAY308550,P101617,SUB209789,3.93,2025-06-18 13:52:18.376137,study_reward
PAY308551,P101605,SUB209791,4.2,2025-06-18 14:50:10.630751,study_reward
PAY308552,P102324,SUB209792,1.77,2025-06-18 15:44:32.502386,study_reward
PAY308553,P100877,SUB209793,3.47,2025-06-18 15:55:07.360943,study_reward
PAY308554,P101292,SUB209794,4.21,2025-06-18 16:41:52.455912,study_reward
PAY308555,P100153,SUB209795,4.18,2025-06-18 16:57:14.114443,study_reward
PAY308556,P102137,SUB209796,3.57,2025-06-18 17:13:50.456765,study_reward
PAY308557,P101213,SUB209797,1.75,2025-06-18 17:19:58.739644,study_reward
PAY308558,P101185,SUB209798,6.13,2025-06-18 17:58:27.921137,study_reward
PAY308559,P100092,SUB209799,4.41,2025-06-18 19:45:16.848301,study_reward
PAY308560,P102552,SUB209801,2.27,2025-06-18 19:59:45.815095,study_reward
PAY308561,P102275,SUB209802,1.91,2025-06-18 20:27:58.543003,study_reward
PAY308562,P101540,SUB209803,1.35,2025-06-18 20:35:47.652850,study_reward
PAY308563,P101060,SUB209804,2.24,2025-06-18 20:40:36.876937,study_reward
PAY308564,P100931,SUB209805,1.83,2025-06-18 20:51:25.803193,study_reward
PAY308565,P102117,SUB209807,1.75,2025-06-18 21:09:07.861523,study_reward
PAY308566,P101805,SUB209808,5.07,2025-06-18 21:12:21.130800,study_reward
PAY308567,P102989,SUB209809,1.59,2025-06-18 21:23:54.491189,study_reward
PAY308568,P101706,SUB209810,2.32,2025-06-18 21:33:42.848387,study_reward
PAY308569,P101261,SUB209811,8.07,2025-06-18 21:49:57.183928,study_reward
PAY308570,P100732,SUB209812,7.69,2025-06-18 22:04:31.042817,study_reward
PAY308571,P100435,SUB209813,3.21,2025-06-18 22:10:48.145291,study_reward
PAY308572,P101178,SUB209814,2.97,2025-06-18 22:32:44.098320,study_reward
PAY308573,P100905,SUB209815,4.69,2025-06-18 22:35:58.082336,study_reward
PAY308574,P101981,SUB209816,1.81,2025-06-18 23:21:25.647623,study_reward
PAY308575,P100264,SUB209817,1.77,2025-06-19 00:41:55.923293,study_reward
PAY308576,P100897,SUB209818,2.81,2025-06-19 01:10:20.755931,study_reward
PAY308577,P100991,SUB209819,0.71,2025-06-19 01:15:33.001221,study_reward
PAY308578,P100046,SUB209820,1.53,2025-06-19 01:49:05.723747,study_reward
PAY308579,P102107,SUB209821,1.58,2025-06-19 01:55:05.751583,study_reward
PAY308580,P101186,SUB209822,1.7,2025-06-19 02:01:12.535046,study_reward
PAY308581,P101599,SUB209823,1.28,2025-06-19 02:22:56.105452,study_reward
PAY308582,P102276,SUB209825,2.63,2025-06-19 02:32:11.748763,study_reward
PAY308583,P101706,SUB209826,1.21,2025-06-19 02:33:42.848387,study_reward
PAY308584,P102175,SUB209827,0.53,2025-06-19 03:03:58.532908,study_reward
PAY308585,P100659,SUB209828,1.14,2025-06-19 03:56:17.581354,study_reward
PAY308586,P101267,SUB209829,2.4,2025-06-19 04:15:58.112595,study_reward
PAY308587,P101225,SUB209830,1.35,2025-06-19 04:44:44.349542,study_reward
PAY308588,P100755,SUB209831,1.14,2025-06-19 04:46:50.155461,study_reward
PAY308589,P100892,SUB209832,2.97,2025-06-19 05:17:55.478415,study_reward
PAY308590,P100435,SUB209833,3.79,2025-06-19 06:10:48.145291,study_reward
PAY308591,P102987,SUB209834,2.49,2025-06-19 07:14:11.706602,study_reward
PAY308592,P100137,SUB209837,2.96,2025-06-19 09:58:02.469119,study_reward
PAY308593,P102730,SUB209838,3.89,2025-06-19 11:16:07.637577,study_reward
PAY308594,P100362,SUB209839,2.98,2025-06-19 11:53:54.856113,study_reward
PAY308595,P102244,SUB209841,2.72,2025-06-19 12:13:37.680929,study_reward
PAY308596,P100891,SUB209842,3.8,2025-06-19 12:43:23.806145,study_reward
PAY308597,P101724,SUB209843,0.44,2025-06-19 12:54:07.187861,study_reward
PAY308598,P100229,SUB209844,1.88,2025-06-19 13:05:48.975219,study_reward
PAY308599,P101356,SUB209845,4.64,2025-06-19 13:43:08.643100,study_reward
PAY308600,P100192,SUB209849,5.22,2025-06-19 14:55:56.001516,study_reward
PAY308601,P102394,SUB209850,4.18,2025-06-19 15:16:59.451126,study_reward
PAY308602,P102950,SUB209851,2.55,2025-06-19 16:49:08.628177,study_reward
PAY308603,P102185,SUB209852,2.62,2025-06-19 16:54:53.420678,study_reward
PAY308604,P101225,SUB209853,2.82,2025-06-19 17:44:44.349542,study_reward
PAY308605,P101630,SUB209854,2.64,2025-06-19 17:48:58.136877,study_reward
PAY308606,P102571,SUB209855,1.75,2025-06-19 17:57:21.771122,study_reward
PAY308607,P100296,SUB209856,1.79,2025-06-19 18:59:24.039263,study_reward
PAY308608,P100774,SUB209857,3.21,2025-06-19 19:26:39.060126,study_reward
PAY308609,P100058,SUB209858,1.96,2025-06-19 20:07:29.417148,study_reward
PAY308610,P102276,SUB209859,3.01,2025-06-19 21:32:11.748763,study_reward
PAY308611,P102492,SUB209860,2.63,2025-06-19 22:10:37.449514,study_reward
PAY308612,P102276,SUB209861,5.17,2025-06-19 22:32:11.748763,study_reward
PAY308613,P102324,SUB209862,1.93,2025-06-19 22:44:32.502386,study_reward
PAY308614,P101630,SUB209863,2.97,2025-06-19 23:48:58.136877,study_reward
PAY308615,P101660,SUB209864,6.05,2025-06-20 01:02:40.345429,study_reward
PAY308616,P100828,SUB209866,9.78,2025-06-20 01:47:28.807503,study_reward
PAY308617,P101292,SUB209867,9.78,2025-06-20 02:41:52.455912,study_reward
PAY308618,P101447,SUB209868,5.07,2025-06-20 02:50:48.827689,study_reward
PAY308619,P101457,SUB209869,5.33,2025-06-20 03:01:16.576729,study_reward
PAY308620,P100683,SUB209870,1.42,2025-06-20 03:29:31.267052,study_reward
PAY308621,P102781,SUB209871,3.08,2025-06-20 03:59:40.752210,study_reward
PAY308622,P100438,SUB209872,14.95,2025-06-20 04:53:40.836139,study_reward
PAY308623,P102059,SUB209873,6.81,2025-06-20 05:17:55.234874,study_reward
PAY308624,P101355,SUB209874,2.19,2025-06-20 05:21:22.283976,study_reward
PAY308625,P100094,SUB209875,2.83,2025-06-20 05:55:35.885426,study_reward
PAY308626,P102642,SUB209876,1.96,2025-06-20 06:02:06.342954,study_reward
PAY308627,P102121,SUB209877,1.46,2025-06-20 06:36:51.306396,study_reward
PAY308628,P101630,SUB209878,1.66,2025-06-20 06:48:58.136877,study_reward
PAY308629,P100327,SUB209880,1.79,2025-06-20 07:32:36.360089,study_reward
PAY308630,P100327,SUB209881,4.41,2025-06-20 07:32:36.360089,study_reward
PAY308631,P101353,SUB209882,2.33,2025-06-20 07:40:44.161113,study_reward
PAY308632,P101151,SUB209883,0.51,2025-06-20 08:08:02.688497,study_reward
PAY308633,P101640,SUB209884,2.72,2025-06-20 08:19:14.845302,study_reward
PAY308634,P102275,SUB209885,4.07,2025-06-20 08:27:58.543003,study_reward
PAY308635,P102753,SUB209886,2.02,2025-06-20 08:30:34.371813,study_reward
PAY308636,P100453,SUB209887,4.57,2025-06-20 08:39:44.291293,study_reward
PAY308637,P100558,SUB209888,1.13,2025-06-20 08:41:24.112349,study_reward
PAY308638,P102128,SUB209889,2.39,2025-06-20 08:41:26.078859,study_reward
PAY308639,P102642,SUB209890,2.11,2025-06-20 09:02:06.342954,study_reward
PAY308640,P102410,SUB209891,5.85,2025-06-20 09:20:07.057856,study_reward
PAY308641,P102412,SUB209892,5.07,2025-06-20 10:07:34.069164,study_reward
PAY308642,P102730,SUB209893,3.21,2025-06-20 10:16:07.637577,study_reward
PAY308643,P101004,SUB209894,2.63,2025-06-20 10:32:52.367906,study_reward
PAY308644,P102685,SUB209895,3.21,2025-06-20 10:54:06.066527,study_reward
PAY308645,P102637,SUB209896,1.77,2025-06-20 12:11:09.180203,study_reward
PAY308646,P100485,SUB209897,1.9,2025-06-20 12:38:51.103254,study_reward
PAY308647,P100533,SUB209898,2.55,2025-06-20 13:12:49.427056,study_reward
PAY308648,P100683,SUB209899,0.86,2025-06-20 13:29:31.267052,study_reward
PAY308649,P102369,SUB209900,2.77,2025-06-20 13:30:17.624035,study_reward
PAY308650,P101475,SUB209901,2.03,2025-06-20 13:30:52.627009,study_reward
PAY308651,P100438,SUB209902,0.76,2025-06-20 13:53:40.836139,study_reward
PAY308652,P101872,SUB209903,5.46,2025-06-20 14:00:40.970375,study_reward
PAY308653,P101206,SUB209904,2.32,2025-06-20 14:03:36.367107,study_reward
PAY308654,P100725,SUB209905,2.43,2025-06-20 14:04:05.858994,study_reward
PAY308655,P100680,SUB209906,2.16,2025-06-20 14:07:33.630370,study_reward
PAY308656,P100552,SUB209907,4.16,2025-06-20 15:11:18.229325,study_reward
PAY308657,P100780,SUB209908,1.52,2025-06-20 15:37:04.096539,study_reward
PAY308658,P100624,SUB209910,2.03,2025-06-20 18:23:32.119254,study_reward
PAY308659,P100771,SUB209911,5.38,2025-06-20 19:44:45.928675,study_reward
PAY308660,P100570,SUB209912,5.07,2025-06-20 21:29:40.642345,study_reward
PAY308661,P100614,SUB209913,3.0,2025-06-20 21:48:09.956407,study_reward
PAY308662,P100308,SUB209914,4.1,2025-06-20 22:55:52.359778,study_reward
PAY308663,P102579,SUB209915,2.62,2025-06-20 23:48:02.970325,study_reward
PAY308664,P102815,SUB209916,2.03,2025-06-21 00:12:19.313699,study_reward
PAY308665,P101205,SUB209917,0.53,2025-06-21 00:37:49.321861,study_reward
PAY308666,P102748,,10.0,2025-06-21 01:54:45.000000,loyalty_bonus
PAY308667,P102188,SUB209918,1.79,2025-06-21 02:11:51.236907,study_reward
PAY308668,P102113,SUB209919,0.8,2025-06-21 03:05:06.826863,study_reward
PAY308669,P101894,SUB209920,1.28,2025-06-21 03:21:01.016721,study_reward
PAY308670,P102685,SUB209921,5.27,2025-06-21 03:54:06.066527,study_reward
PAY308671,P100112,SUB209922,1.89,2025-06-21 04:15:55.214894,study_reward
PAY308672,P102595,SUB209923,2.63,2025-06-21 04:40:09.800568,study_reward
PAY308673,P102121,SUB209924,1.67,2025-06-21 05:36:51.306396,study_reward
PAY308674,P100055,SUB209927,1.68,2025-06-21 06:51:19.353964,study_reward
PAY308675,P101271,SUB209928,1.68,2025-06-21 07:12:07.674073,study_reward
PAY308676,P101559,SUB209929,1.67,2025-06-21 07:40:21.241528,study_reward
PAY308677,P100165,SUB209933,1.79,2025-06-21 09:10:30.261650,study_reward
PAY308678,P101415,SUB209935,1.98,2025-06-21 10:27:40.172854,study_reward
PAY308679,P102276,SUB209936,1.75,2025-06-21 10:32:11.748763,study_reward
PAY308680,P100238,SUB209937,6.38,2025-06-21 10:43:01.467554,study_reward
PAY308681,P100854,SUB209940,7.36,2025-06-21 11:45:19.299129,study_reward
PAY308682,P100114,SUB209941,1.76,2025-06-21 12:04:39.759021,study_reward
PAY308683,P101399,SUB209942,0.88,2025-06-21 12:50:32.867459,study_reward
PAY308684,P101553,SUB209943,2.45,2025-06-21 13:21:38.686243,study_reward
PAY308685,P101406,SUB209944,4.13,2025-06-21 13:57:57.623040,study_reward
PAY308686,P100296,SUB209945,1.35,2025-06-21 13:59:24.039263,study_reward
PAY308687,P101213,SUB209946,2.96,2025-06-21 14:19:58.739644,study_reward
PAY308688,P101225,SUB209947,1.69,2025-06-21 14:44:44.349542,study_reward
PAY308689,P101878,SUB209948,1.23,2025-06-21 15:10:49.997613,study_reward
PAY308690,P100267,SUB209951,2.96,2025-06-21 16:10:54.897831,study_reward
PAY308691,P100968,SUB209952,5.67,2025-06-21 16:15:34.645273,study_reward
PAY308692,P101649,SUB209953,2.63,2025-06-21 16:18:03.612907,study_reward
PAY308693,P101589,SUB209954,2.7,2025-06-21 16:33:23.282282,study_reward
PAY308694,P101353,SUB209955,2.55,2025-06-21 16:40:44.161113,study_reward
PAY308695,P102579,SUB209956,5.65,2025-06-21 16:48:02.970325,study_reward
PAY308696,P100414,SUB209957,5.78,2025-06-21 17:38:53.940632,study_reward
PAY308697,P102976,SUB209958,2.33,2025-06-21 18:47:00.252851,study_reward
PAY308698,P102528,,5.0,2025-06-21 19:42:03.000000,loyalty_bonus
PAY308699,P100828,SUB209959,1.37,2025-06-21 21:47:28.807503,study_reward
PAY308700,P102674,SUB209960,4.21,2025-06-21 22:05:43.862179,study_reward
PAY308701,P101945,SUB209961,1.14,2025-06-21 22:09:45.665663,study_reward
PAY308702,P100972,SUB209962,3.77,2025-06-21 22:12:27.014772,study_reward
PAY308703,P101759,SUB209963,5.72,2025-06-21 22:31:07.560431,study_reward
PAY308704,P101779,SUB209964,1.53,2025-06-21 22:55:22.755869,study_reward
PAY308705,P102247,SUB209965,3.1,2025-06-21 23:06:25.870196,study_reward
PAY308706,P101662,SUB209967,1.77,2025-06-22 00:45:47.118827,study_reward
PAY308707,P102735,SUB209968,3.06,2025-06-22 00:56:36.532434,study_reward
PAY308708,P100435,SUB209969,6.13,2025-06-22 01:10:48.145291,study_reward
PAY308709,P101640,SUB209970,2.36,2025-06-22 01:19:14.845302,study_reward
PAY308710,P100351,SUB209971,5.58,2025-06-22 02:20:10.643309,study_reward
PAY308711,P101573,SUB209972,3.24,2025-06-22 03:02:57.459224,study_reward
PAY308712,P101894,SUB209973,1.59,2025-06-22 03:21:01.016721,study_reward
PAY308713,P101769,SUB209974,0.91,2025-06-22 04:19:46.780244,study_reward
PAY308714,P102723,SUB209975,3.52,2025-06-22 04:34:30.306036,study_reward
PAY308715,P101674,SUB209976,2.72,2025-06-22 06:26:03.563829,study_reward
PAY308716,P102324,SUB209978,1.23,2025-06-22 07:44:32.502386,study_reward
PAY308717,P101564,SUB209979,2.99,2025-06-22 08:27:24.401299,study_reward
PAY308718,P100229,SUB209980,4.82,2025-06-22 09:05:48.975219,study_reward
PAY308719,P101353,SUB209982,1.75,2025-06-22 09:40:44.161113,study_reward
PAY308720,P101865,SUB209983,2.75,2025-06-22 09:42:31.041703,study_reward
PAY308721,P100506,SUB209985,4.07,2025-06-22 12:11:56.855909,study_reward
PAY308722,P102475,SUB209986,3.04,2025-06-22 12:30:02.107133,study_reward
PAY308723,P102276,SUB209987,2.54,2025-06-22 12:32:11.748763,study_reward
PAY308724,P100453,SUB209988,4.0,2025-06-22 12:39:44.291293,study_reward
PAY308725,P101485,SUB209990,3.24,2025-06-22 14:52:57.389523,study_reward
PAY308726,P100279,SUB209992,3.06,2025-06-22 16:36:42.191018,study_reward
PAY308727,P100419,SUB209993,4.12,2025-06-22 17:54:36.802179,study_reward
PAY308728,P102757,SUB209994,1.52,2025-06-22 19:00:56.084593,study_reward
PAY308729,P101672,SUB209995,1.42,2025-06-22 19:52:07.548913,study_reward
PAY308730,P100972,SUB209996,1.21,2025-06-22 20:12:27.014772,study_reward
PAY308731,P102561,SUB209998,2.85,2025-06-22 21:21:33.076683,study_reward
PAY308732,P101647,SUB209999,6.85,2025-06-22 22:17:26.391723,study_reward
PAY308733,P102479,SUB210000,6.38,2025-06-22 22:35:27.134341,study_reward
PAY308734,P102496,SUB210001,9.92,2025-06-23 00:31:11.895022,study_reward
PAY308735,P102530,SUB210002,2.06,2025-06-23 00:48:48.549517,study_reward
PAY308736,P102425,SUB210003,3.53,2025-06-23 01:21:30.980838,study_reward
PAY308737,P102952,SUB210004,5.17,2025-06-23 01:40:12.776489,study_reward
PAY308738,P101552,SUB210005,1.88,2025-06-23 02:23:14.077836,study_reward
PAY308739,P101589,SUB210006,1.79,2025-06-23 02:33:23.282282,study_reward
PAY308740,P101335,SUB210007,1.59,2025-06-23 02:33:47.727433,study_reward
PAY308741,P101586,SUB210009,1.2,2025-06-23 02:57:07.440791,study_reward
PAY308742,P102754,SUB210011,0.77,2025-06-23 03:08:18.377442,study_reward
PAY308743,P102571,SUB210012,2.75,2025-06-23 03:57:21.771122,study_reward
PAY308744,P102100,SUB210013,5.51,2025-06-23 05:03:03.578514,study_reward
PAY308745,P100825,SUB210015,2.33,2025-06-23 05:33:06.027806,study_reward
PAY308746,P100376,SUB210016,0.51,2025-06-23 05:47:56.980677,study_reward
PAY308747,P100825,SUB210017,3.36,2025-06-23 07:33:06.027806,study_reward
PAY308748,P102385,SUB210018,1.52,2025-06-23 07:58:12.684853,study_reward
PAY308749,P100418,SUB210019,1.2,2025-06-23 08:01:53.585881,study_reward
PAY308750,P101475,SUB210020,1.98,2025-06-23 09:30:52.627009,study_reward
PAY308751,P100756,SUB210024,2.42,2025-06-23 11:36:50.779022,study_reward
PAY308752,P101517,SUB210025,2.11,2025-06-23 12:18:00.265539,study_reward
PAY308753,P102218,SUB210026,1.81,2025-06-23 12:25:42.211432,study_reward
PAY308754,P100429,SUB210027,3.23,2025-06-23 13:15:08.987265,study_reward
PAY308755,P101653,SUB210028,2.91,2025-06-23 13:41:23.874831,study_reward
PAY308756,P101420,SUB210029,3.77,2025-06-23 13:58:14.456381,study_reward
PAY308757,P102944,SUB210032,3.11,2025-06-23 15:17:01.719711,study_reward
PAY308758,P102949,SUB210033,1.34,2025-06-23 15:42:42.936600,study_reward
PAY308759,P102620,SUB210034,5.72,2025-06-23 15:42:55.281439,study_reward
PAY308760,P100112,SUB210035,2.13,2025-06-23 16:15:55.214894,study_reward
PAY308761,P102531,SUB210037,5.33,2025-06-23 16:44:23.867036,study_reward
PAY308762,P101236,SUB210038,0.75,2025-06-23 17:00:50.519920,study_reward
PAY308763,P102492,SUB210039,4.36,2025-06-23 17:10:37.449514,study_reward
PAY308764,P101195,SUB210040,3.77,2025-06-23 17:27:53.354733,study_reward
PAY308765,P101540,SUB210041,1.66,2025-06-23 17:35:47.652850,study_reward
PAY308766,P100854,SUB210042,2.32,2025-06-23 17:45:19.299129,study_reward
PAY308767,P100755,SUB210043,14.95,2025-06-23 17:46:50.155461,study_reward
PAY308768,P102645,SUB210044,2.61,2025-06-23 18:06:50.794589,study_reward
PAY308769,P100264,SUB210046,2.1,2025-06-23 18:41:55.923293,study_reward
PAY308770,P102473,SUB210047,5.02,2025-06-23 19:12:45.588871,study_reward
PAY308771,P100438,SUB210048,2.75,2025-06-23 20:53:40.836139,study_reward
PAY308772,P100951,SUB210049,2.63,2025-06-23 21:02:14.251078,study_reward
PAY308773,P100308,SUB210050,2.46,2025-06-23 21:55:52.359778,study_reward
PAY308774,P102788,SUB210051,2.02,2025-06-23 22:26:23.213681,study_reward
PAY308775,P100631,SUB210052,5.04,2025-06-23 22:39:12.835369,study_reward
PAY308776,P100245,SUB210053,2.11,2025-06-23 23:03:14.029205,study_reward
PAY308777,P100968,SUB210054,1.99,2025-06-23 23:15:34.645273,study_reward
PAY308778,P102197,SUB210055,0.67,2025-06-23 23:25:06.766615,study_reward
PAY308779,P102119,SUB210056,1.28,2025-06-23 23:31:14.055028,study_reward
PAY308780,P100065,SUB210057,1.6,2025-06-24 00:05:21.763310,study_reward
PAY308781,P102502,SUB210058,1.23,2025-06-24 00:08:59.346407,study_reward
PAY308782,P102621,SUB210059,1.0,2025-06-24 00:34:57.473304,study_reward
PAY308783,P100659,SUB210060,4.16,2025-06-24 00:56:17.581354,study_reward
PAY308784,P102385,SUB210061,1.17,2025-06-24 00:58:12.684853,study_reward
PAY308785,P102389,SUB210062,0.74,2025-06-24 00:58:32.803531,study_reward
PAY308786,P102113,SUB210064,3.47,2025-06-24 03:05:06.826863,study_reward
PAY308787,P102815,SUB210065,1.52,2025-06-24 03:12:19.313699,study_reward
PAY308788,P102214,SUB210066,1.77,2025-06-24 03:31:45.532869,study_reward
PAY308789,P101178,SUB210067,1.96,2025-06-24 04:32:44.098320,study_reward
PAY308790,P100364,SUB210068,3.95,2025-06-24 04:52:03.327095,study_reward
PAY308791,P100503,SUB210070,0.77,2025-06-24 05:05:31.961696,study_reward
PAY308792,P100981,SUB210071,0.51,2025-06-24 05:12:45.742116,study_reward
PAY308793,P102170,SUB210073,4.43,2025-06-24 05:43:08.254928,study_reward
PAY308794,P100715,SUB210074,2.99,2025-06-24 06:25:17.896369,study_reward
PAY308795,P100038,SUB210075,2.82,2025-06-24 06:42:44.345927,study_reward
PAY308796,P101945,SUB210077,0.63,2025-06-24 09:09:45.665663,study_reward
PAY308797,P100252,SUB210078,5.22,2025-06-24 09:09:57.081103,study_reward
PAY308798,P100137,SUB210080,1.02,2025-06-24 09:58:02.469119,study_reward
PAY308799,P101107,SUB210081,1.58,2025-06-24 10:06:22.003671,study_reward
PAY308800,P102065,SUB210082,1.98,2025-06-24 10:38:01.368896,study_reward
PAY308801,P102968,SUB210083,6.57,2025-06-24 10:39:28.869169,study_reward
PAY308802,P101878,SUB210084,3.0,2025-06-24 11:10:49.997613,study_reward
PAY308803,P100094,SUB210085,2.05,2025-06-24 11:55:35.885426,study_reward
PAY308804,P101186,SUB210086,0.86,2025-06-24 12:01:12.535046,study_reward
PAY308805,P100851,SUB210087,2.63,2025-06-24 13:57:57.675236,study_reward
PAY308806,P102473,SUB210089,5.46,2025-06-24 14:12:45.588871,study_reward
PAY308807,P102073,SUB210090,0.76,2025-06-24 15:22:56.270159,study_reward
PAY308808,P102075,SUB210091,0.85,2025-06-24 15:35:30.105223,study_reward
PAY308809,P102579,SUB210093,3.06,2025-06-24 16:48:02.970325,study_reward
PAY308810,P102143,SUB210094,3.62,2025-06-24 16:58:47.006359,study_reward
PAY308811,P101618,,2.5,2025-06-24 17:03:03.000000,loyalty_bonus
PAY308812,P100680,SUB210095,4.13,2025-06-24 17:07:33.630370,study_reward
PAY308813,P100252,SUB210096,1.13,2025-06-24 17:09:57.081103,study_reward
PAY308814,P102441,SUB210097,5.41,2025-06-24 17:19:35.355589,study_reward
PAY308815,P100192,SUB210099,5.58,2025-06-24 17:55:56.001516,study_reward
PAY308816,P102730,SUB210100,5.38,2025-06-24 19:16:07.637577,study_reward
PAY308817,P100228,SUB210101,6.57,2025-06-24 21:30:15.172155,study_reward
PAY308818,P100388,SUB210102,3.06,2025-06-24 21:45:14.680578,study_reward
PAY308819,P101102,SUB210103,1.2,2025-06-24 22:59:04.045346,study_reward
PAY308820,P101586,SUB210104,2.01,2025-06-24 23:57:07.440791,study_reward
PAY308821,P102552,SUB210105,1.13,2025-06-24 23:59:45.815095,study_reward
PAY308822,P102987,SUB210106,0.64,2025-06-25 00:14:11.706602,study_reward
PAY308823,P101052,SUB210107,1.67,2025-06-25 00:34:59.932373,study_reward
PAY308824,P100806,SUB210108,1.14,2025-06-25 00:57:14.558068,study_reward
PAY308825,P102214,SUB210109,1.92,2025-06-25 01:31:45.532869,study_reward
PAY308826,P102214,SUB210111,0.86,2025-06-25 02:31:45.532869,study_reward
PAY308827,P100385,SUB210112,1.92,2025-06-25 03:05:04.022431,study_reward
PAY308828,P100273,SUB210113,7.8,2025-06-25 03:50:07.099326,study_reward
PAY308829,P101605,SUB210114,2.16,2025-06-25 03:50:10.630751,study_reward
PAY308830,P100112,SUB210117,4.21,2025-06-25 04:15:55.214894,study_reward
PAY308831,P100758,SUB210118,2.03,2025-06-25 04:22:26.660681,study_reward
PAY308832,P101662,SUB210119,3.57,2025-06-25 04:45:47.118827,study_reward
PAY308833,P102422,SUB210120,2.81,2025-06-25 05:37:41.680592,study_reward
PAY308834,P102251,SUB210121,4.57,2025-06-25 05:40:58.920628,study_reward
PAY308835,P102753,SUB210122,2.81,2025-06-25 06:30:34.371813,study_reward
PAY308836,P101236,SUB210123,1.67,2025-06-25 07:00:50.519920,study_reward
PAY308837,P102917,SUB210124,1.14,2025-06-25 08:00:24.525865,study_reward
PAY308838,P102113,SUB210125,1.28,2025-06-25 08:05:06.826863,study_reward
PAY308839,P102412,SUB210126,3.1,2025-06-25 08:07:34.069164,study_reward
PAY308840,P101610,SUB210127,1.58,2025-06-25 08:36:43.357943,study_reward
PAY308841,P100509,SUB210128,5.75,2025-06-25 08:42:39.375446,study_reward
PAY308842,P102916,SUB210129,3.47,2025-06-25 10:10:32.229888,study_reward
PAY308843,P101125,SUB210130,1.14,2025-06-25 10:13:00.918610,study_reward
PAY308844,P102531,SUB210131,3.32,2025-06-25 10:44:23.867036,study_reward
PAY308845,P100165,SUB210132,2.98,2025-06-25 11:10:30.261650,study_reward
PAY308846,P100193,SUB210133,10.53,2025-06-25 11:24:08.199817,study_reward
PAY308847,P102735,SUB210134,4.13,2025-06-25 11:56:36.532434,study_reward
PAY308848,P100715,SUB210135,6.16,2025-06-25 12:25:17.896369,study_reward
PAY308849,P102952,SUB210136,1.58,2025-06-25 12:40:12.776489,study_reward
PAY308850,P101559,SUB210137,5.07,2025-06-25 12:40:21.241528,study_reward
PAY308851,P100388,SUB210138,10.53,2025-06-25 12:45:14.680578,study_reward
PAY308852,P100884,SUB210139,5.22,2025-06-25 13:46:41.403007,study_reward
PAY308853,P100296,SUB210140,2.75,2025-06-25 13:59:24.039263,study_reward
PAY308854,P100848,SUB210141,3.07,2025-06-25 14:09:24.712006,study_reward
PAY308855,P102501,SUB210142,2.11,2025-06-25 14:53:56.212082,study_reward
PAY308856,P101334,SUB210143,1.52,2025-06-25 14:56:16.864729,study_reward
PAY308857,P100220,SUB210144,7.36,2025-06-25 15:11:17.472849,study_reward
PAY308858,P100766,SUB210147,2.99,2025-06-25 15:48:36.350522,study_reward
PAY308859,P100931,SUB210148,1.59,2025-06-25 15:51:25.803193,study_reward
PAY308860,P101623,SUB210149,2.55,2025-06-25 16:09:41.882396,study_reward
PAY308861,P102117,SUB210151,2.63,2025-06-25 18:09:07.861523,study_reward
PAY308862,P100220,SUB210152,2.39,2025-06-25 18:11:17.472849,study_reward
PAY308863,P101052,SUB210153,6.16,2025-06-25 18:34:59.932373,study_reward
PAY308864,P102699,SUB210154,5.02,2025-06-25 19:05:15.839633,study_reward
PAY308865,P100506,SUB210155,2.63,2025-06-25 19:11:56.855909,study_reward
PAY308866,P101485,SUB210156,5.59,2025-06-25 20:52:57.389523,study_reward
PAY308867,P102983,SUB210157,1.9,2025-06-25 21:24:58.869963,study_reward
PAY308868,P101029,SUB210158,1.95,2025-06-25 21:28:31.647798,study_reward
PAY308869,P102831,SUB210159,4.54,2025-06-25 21:55:42.038774,study_reward
PAY308870,P101852,SUB210160,3.8,2025-06-25 22:51:26.776880,study_reward
PAY308871,P100114,SUB210161,2.19,2025-06-25 23:04:39.759021,study_reward
PAY308872,P102394,SUB210162,1.75,2025-06-25 23:16:59.451126,study_reward
PAY308873,P100755,SUB210164,3.85,2025-06-25 23:46:50.155461,study_reward
PAY308874,P101342,SUB210166,1.81,2025-06-26 00:32:22.040989,study_reward
PAY308875,P102434,SUB210167,2.11,2025-06-26 00:41:17.752711,study_reward
PAY308876,P101544,SUB210168,12.16,2025-06-26 00:44:48.699264,study_reward
PAY308877,P102389,SUB210169,4.13,2025-06-26 00:58:32.803531,study_reward
PAY308878,P102831,SUB210172,4.21,2025-06-26 01:55:42.038774,study_reward
PAY308879,P100114,SUB210175,1.79,2025-06-26 03:04:39.759021,study_reward
PAY308880,P101107,SUB210176,3.21,2025-06-26 03:06:22.003671,study_reward
PAY308881,P101301,SUB210178,0.76,2025-06-26 03:44:42.244159,study_reward
PAY308882,P101589,SUB210179,1.81,2025-06-26 04:33:23.282282,study_reward
PAY308883,P100418,,15.0,2025-06-26 04:35:32.000000,loyalty_bonus
PAY308884,P101110,SUB210180,2.82,2025-06-26 05:00:50.570449,study_reward
PAY308885,P102197,SUB210181,0.67,2025-06-26 05:25:06.766615,study_reward
PAY308886,P102723,SUB210182,1.9,2025-06-26 05:34:30.306036,study_reward
PAY308887,P101815,SUB210183,2.55,2025-06-26 05:45:16.641068,study_reward
PAY308888,P101151,SUB210184,4.48,2025-06-26 06:08:02.688497,study_reward
PAY308889,P100559,SUB210185,2.82,2025-06-26 06:48:41.273183,study_reward
PAY308890,P100723,SUB210186,1.3,2025-06-26 06:49:49.831276,study_reward
PAY308891,P100796,SUB210187,1.13,2025-06-26 06:57:04.809423,study_reward
PAY308892,P100951,SUB210188,3.82,2025-06-26 07:02:14.251078,study_reward
PAY308893,P102412,SUB210189,2.42,2025-06-26 07:07:34.069164,study_reward
PAY308894,P100473,SUB210190,3.85,2025-06-26 07:10:22.588829,study_reward
PAY308895,P101301,SUB210191,0.91,2025-06-26 07:44:42.244159,study_reward
PAY308896,P101242,SUB210192,1.52,2025-06-26 07:44:50.771033,study_reward
PAY308897,P102642,SUB210193,1.51,2025-06-26 08:02:06.342954,study_reward
PAY308898,P100884,SUB210194,1.83,2025-06-26 08:46:41.403007,study_reward
PAY308899,P102610,SUB210197,9.78,2025-06-26 10:42:35.718113,study_reward
PAY308900,P102073,SUB210198,2.56,2025-06-26 11:22:56.270159,study_reward
PAY308901,P101353,SUB210199,2.11,2025-06-26 11:40:44.161113,study_reward
PAY308902,P102128,SUB210201,1.61,2025-06-26 12:41:26.078859,study_reward
PAY308903,P100559,SUB210202,1.33,2025-06-26 12:48:41.273183,study_reward
PAY308904,P100385,SUB210203,6.57,2025-06-26 13:05:04.022431,study_reward
PAY308905,P102029,SUB210204,2.54,2025-06-26 13:19:21.928813,study_reward
PAY308906,P100256,SUB210205,5.04,2025-06-26 13:39:40.767861,study_reward
PAY308907,P102029,SUB210206,2.31,2025-06-26 14:19:21.928813,study_reward
PAY308908,P101462,,15.0,2025-06-26 15:45:28.000000,referral_bonus
PAY308909,P100614,SUB210207,1.13,2025-06-26 15:48:09.956407,study_reward
PAY308910,P102571,SUB210208,1.36,2025-06-26 16:57:21.771122,study_reward
PAY308911,P100295,SUB210209,3.62,2025-06-26 17:04:15.414131,study_reward
PAY308912,P100766,SUB210210,2.24,2025-06-26 17:48:36.350522,study_reward
PAY308913,P100608,SUB210211,3.79,2025-06-26 18:20:19.594766,study_reward
PAY308914,P100273,SUB210212,2.63,2025-06-26 18:50:07.099326,study_reward
PAY308915,P101485,SUB210213,6.85,2025-06-26 18:52:57.389523,study_reward
PAY308916,P100968,SUB210214,1.51,2025-06-26 19:15:34.645273,study_reward
PAY308917,P100540,SUB210215,0.82,2025-06-26 19:29:33.172413,study_reward
PAY308918,P102170,SUB210217,2.81,2025-06-26 21:43:08.254928,study_reward
PAY308919,P102207,SUB210218,2.5,2025-06-26 23:00:26.548182,study_reward
PAY308920,P100892,SUB210219,3.74,2025-06-26 23:17:55.478415,study_reward
PAY308921,P102135,SUB210221,7.36,2025-06-26 23:50:21.834150,study_reward
PAY308922,P102100,SUB210222,2.19,2025-06-27 01:03:03.578514,study_reward
PAY308923,P101004,SUB210223,5.58,2025-06-27 01:32:52.367906,study_reward
PAY308924,P100897,SUB210224,2.12,2025-06-27 02:10:20.755931,study_reward
PAY308925,P101791,SUB210225,1.7,2025-06-27 02:24:13.359350,study_reward
PAY308926,P101589,SUB210226,5.53,2025-06-27 02:33:23.282282,study_reward
PAY308927,P102121,SUB210227,2.03,2025-06-27 02:36:51.306396,study_reward
PAY308928,P102699,SUB210228,2.01,2025-06-27 03:05:15.839633,study_reward
PAY308929,P100065,SUB210229,4.46,2025-06-27 03:05:21.763310,study_reward
PAY308930,P102369,SUB210230,1.42,2025-06-27 03:30:17.624035,study_reward
PAY308931,P100905,SUB210231,2.24,2025-06-27 03:35:58.082336,study_reward
PAY308932,P100631,SUB210232,6.06,2025-06-27 03:39:12.835369,study_reward
PAY308933,P100503,SUB210235,4.18,2025-06-27 04:05:31.961696,study_reward
PAY308934,P100715,SUB210236,3.52,2025-06-27 04:25:17.896369,study_reward
PAY308935,P102065,SUB210237,1.81,2025-06-27 05:38:01.368896,study_reward
PAY308936,P100414,SUB210238,2.21,2025-06-27 05:38:53.940632,study_reward
PAY308937,P100854,SUB210239,4.91,2025-06-27 05:45:19.299129,study_reward
PAY308938,P102040,SUB210240,2.75,2025-06-27 06:30:28.582358,study_reward
PAY308939,P102722,SUB210241,4.36,2025-06-27 06:36:08.708914,study_reward
PAY308940,P101261,SUB210242,7.8,2025-06-27 07:49:57.183928,study_reward
PAY308941,P100362,SUB210243,2.85,2025-06-27 07:53:54.856113,study_reward
PAY308942,P102473,SUB210244,2.25,2025-06-27 10:12:45.588871,study_reward
PAY308943,P102166,SUB210246,5.46,2025-06-27 10:26:14.561907,study_reward
PAY308944,P102344,SUB210247,2.55,2025-06-27 11:18:02.493310,study_reward
PAY308945,P102959,SUB210248,0.51,2025-06-27 11:23:44.403799,study_reward
PAY308946,P102166,SUB210249,6.05,2025-06-27 11:26:14.561907,study_reward
PAY308947,P101475,SUB210250,3.46,2025-06-27 11:30:52.627009,study_reward
PAY308948,P101805,SUB210251,0.37,2025-06-27 12:12:21.130800,study_reward
PAY308949,P100279,SUB210253,3.03,2025-06-27 13:36:42.191018,study_reward
PAY308950,P100193,SUB210254,2.56,2025-06-27 14:24:08.199817,study_reward
PAY308951,P102555,SUB210255,1.79,2025-06-27 14:59:00.108973,study_reward
PAY308952,P100398,SUB210256,4.0,2025-06-27 15:24:20.184764,study_reward
PAY308953,P101630,SUB210257,3.29,2025-06-27 15:48:58.136877,study_reward
PAY308954,P100191,SUB210259,2.08,2025-06-27 18:06:29.388532,study_reward
PAY308955,P101981,SUB210261,5.17,2025-06-27 19:21:25.647623,study_reward
PAY308956,P101004,SUB210262,0.91,2025-06-27 19:32:52.367906,study_reward
PAY308957,P101599,SUB210263,6.81,2025-06-27 20:22:56.105452,study_reward
PAY308958,P101559,SUB210264,0.76,2025-06-27 20:40:21.241528,study_reward
PAY308959,P102210,SUB210265,2.03,2025-06-27 20:41:30.871573,study_reward
PAY308960,P102198,,10.0,2025-06-27 20:48:17.000000,referral_bonus
PAY308961,P100362,SUB210266,3.21,2025-06-27 20:53:54.856113,study_reward
PAY308962,P101101,SUB210267,2.5,2025-06-27 21:20:23.119738,study_reward
PAY308963,P100905,SUB210268,2.96,2025-06-27 21:35:58.082336,study_reward
PAY308964,P100273,SUB210269,10.53,2025-06-27 21:50:07.099326,study_reward
PAY308965,P102623,SUB210270,2.23,2025-06-27 22:12:20.509094,study_reward
PAY308966,P100766,SUB210271,3.52,2025-06-27 22:48:36.350522,study_reward
PAY308967,P101617,SUB210273,2.1,2025-06-28 00:52:18.376137,study_reward
PAY308968,P102311,SUB210274,2.64,2025-06-28 00:55:19.306918,study_reward
PAY308969,P102531,SUB210275,2.11,2025-06-28 01:44:23.867036,study_reward
PAY308970,P100552,SUB210276,2.03,2025-06-28 02:11:18.229325,study_reward
PAY308971,P102434,SUB210278,0.75,2025-06-28 02:41:17.752711,study_reward
PAY308972,P100435,SUB210279,0.53,2025-06-28 03:10:48.145291,study_reward
PAY308973,P100853,SUB210281,6.11,2025-06-28 03:44:30.031681,study_reward
PAY308974,P102872,SUB210282,1.02,2025-06-28 04:44:42.863808,study_reward
PAY308975,P102754,SUB210283,0.91,2025-06-28 05:08:18.377442,study_reward
PAY308976,P101955,SUB210284,0.41,2025-06-28 05:43:41.993611,study_reward
PAY308977,P102473,SUB210286,0.74,2025-06-28 06:12:45.588871,study_reward
PAY308978,P101195,SUB210287,5.85,2025-06-28 06:27:53.354733,study_reward
PAY308979,P100594,SUB210288,1.61,2025-06-28 06:32:25.013599,study_reward
PAY308980,P102976,SUB210289,1.99,2025-06-28 06:47:00.252851,study_reward
PAY308981,P102496,SUB210290,2.48,2025-06-28 07:31:11.895022,study_reward
PAY308982,P100485,SUB210291,1.59,2025-06-28 07:38:51.103254,study_reward
PAY308983,P102968,SUB210292,2.35,2025-06-28 07:39:28.869169,study_reward
PAY308984,P102862,SUB210293,0.75,2025-06-28 07:59:31.958164,study_reward
PAY308985,P102916,SUB210294,5.22,2025-06-28 08:10:32.229888,study_reward
PAY308986,P102389,SUB210295,0.98,2025-06-28 08:58:32.803531,study_reward
PAY308987,P101327,SUB210296,4.72,2025-06-28 09:24:40.384225,study_reward
PAY308988,P100336,SUB210297,1.2,2025-06-28 09:57:23.270789,study_reward
PAY308989,P102481,SUB210299,8.82,2025-06-28 10:28:39.362278,study_reward
PAY308990,P102247,SUB210300,1.35,2025-06-28 11:06:25.870196,study_reward
PAY308991,P101213,SUB210301,3.54,2025-06-28 11:19:58.739644,study_reward
PAY308992,P101101,SUB210302,2.25,2025-06-28 11:20:23.119738,study_reward
PAY308993,P101540,SUB210303,4.04,2025-06-28 12:35:47.652850,study_reward
PAY308994,P102311,SUB210304,1.78,2025-06-28 12:55:19.306918,study_reward
PAY308995,P102917,SUB210305,4.91,2025-06-28 13:00:24.525865,study_reward
PAY308996,P100884,SUB210306,1.66,2025-06-28 13:46:41.403007,study_reward
PAY308997,P100947,SUB210307,7.89,2025-06-28 14:48:39.533767,study_reward
PAY308998,P102494,SUB210308,1.47,2025-06-28 14:57:09.527205,study_reward
PAY308999,P102885,SUB210309,4.4,2025-06-28 15:39:35.747663,study_reward
PAY309000,P102053,SUB210310,2.25,2025-06-28 16:02:31.656615,study_reward
PAY309001,P100503,SUB210311,3.12,2025-06-28 16:05:31.961696,study_reward
PAY309002,P101996,SUB210313,2.3,2025-06-28 17:48:28.421680,study_reward
PAY309003,P101195,SUB210314,1.77,2025-06-28 18:27:53.354733,study_reward
PAY309004,P100092,SUB210315,2.75,2025-06-28 18:45:16.848301,study_reward
PAY309005,P102906,SUB210316,2.02,2025-06-28 19:05:47.163118,study_reward
PAY309006,P102820,SUB210317,4.64,2025-06-28 19:06:54.207759,study_reward
PAY309007,P100485,SUB210318,0.85,2025-06-28 20:38:51.103254,study_reward
PAY309008,P101151,SUB210319,2.22,2025-06-28 21:08:02.688497,study_reward
PAY309009,P102059,SUB210320,2.11,2025-06-28 21:17:55.234874,study_reward
PAY309010,P100522,SUB210321,5.78,2025-06-28 23:19:24.890104,study_reward
PAY309011,P101149,SUB210322,2.31,2025-06-28 23:32:45.610747,study_reward
PAY309012,P100943,SUB210326,3.85,2025-06-29 00:56:55.556807,study_reward
PAY309013,P101552,SUB210327,3.36,2025-06-29 01:23:14.077836,study_reward
PAY309014,P101485,SUB210328,6.85,2025-06-29 02:52:57.389523,study_reward
PAY309015,P100385,SUB210329,1.98,2025-06-29 04:05:04.022431,study_reward
PAY309016,P102637,SUB210330,2.06,2025-06-29 04:11:09.180203,study_reward
PAY309017,P100540,SUB210331,0.88,2025-06-29 04:29:33.172413,study_reward
PAY309018,P100386,SUB210333,1.35,2025-06-29 04:52:24.198265,study_reward
PAY309019,P100092,SUB210334,0.86,2025-06-29 05:45:16.848301,study_reward
PAY309020,P101485,SUB210335,1.69,2025-06-29 05:52:57.389523,study_reward
PAY309021,P102669,,2.5,2025-06-29 06:06:38.000000,loyalty_bonus
PAY309022,P100920,SUB210336,3.41,2025-06-29 07:11:59.715075,study_reward
PAY309023,P102623,SUB210337,1.29,2025-06-29 09:12:20.509094,study_reward
PAY309024,P102276,SUB210338,3.45,2025-06-29 09:32:11.748763,study_reward
PAY309025,P100615,SUB210339,3.47,2025-06-29 09:35:58.363918,study_reward
PAY309026,P102145,SUB210340,3.93,2025-06-29 10:25:23.368456,study_reward
PAY309027,P102121,SUB210341,4.36,2025-06-29 10:36:51.306396,study_reward
PAY309028,P101012,SUB210342,2.81,2025-06-29 10:41:53.343366,study_reward
PAY309029,P102987,SUB210343,1.42,2025-06-29 11:14:11.706602,study_reward
PAY309030,P102105,SUB210344,4.18,2025-06-29 11:23:28.625488,study_reward
PAY309031,P100558,SUB210346,1.3,2025-06-29 11:41:24.112349,study_reward
PAY309032,P101779,SUB210347,2.46,2025-06-29 11:55:22.755869,study_reward
PAY309033,P102862,SUB210348,2.35,2025-06-29 11:59:31.958164,study_reward
PAY309034,P102394,SUB210349,4.72,2025-06-29 12:16:59.451126,study_reward
PAY309035,P102392,SUB210350,1.51,2025-06-29 13:11:05.806393,study_reward
PAY309036,P100038,SUB210351,2.85,2025-06-29 13:42:44.345927,study_reward
PAY309037,P102427,SUB210352,1.12,2025-06-29 13:48:05.489704,study_reward
PAY309038,P102166,SUB210354,1.75,2025-06-29 14:26:14.561907,study_reward
PAY309039,P101553,SUB210355,4.13,2025-06-29 16:21:38.686243,study_reward
PAY309040,P100114,SUB210356,5.29,2025-06-29 17:04:39.759021,study_reward
PAY309041,P100920,SUB210357,3.93,2025-06-29 17:11:59.715075,study_reward
PAY309042,P102922,SUB210358,2.51,2025-06-29 17:20:14.300054,study_reward
PAY309043,P102872,SUB210359,1.96,2025-06-29 17:44:42.863808,study_reward
PAY309044,P101186,SUB210360,1.83,2025-06-29 18:01:12.535046,study_reward
PAY309045,P101599,SUB210361,1.23,2025-06-29 19:22:56.105452,study_reward
PAY309046,P102105,SUB210362,2.99,2025-06-29 19:23:28.625488,study_reward
PAY309047,P102723,SUB210363,1.47,2025-06-29 19:34:30.306036,study_reward
PAY309048,P102968,SUB210364,2.39,2025-06-29 19:39:28.869169,study_reward
PAY309049,P101674,SUB210365,0.51,2025-06-29 20:26:03.563829,study_reward
PAY309050,P100683,SUB210366,3.85,2025-06-29 20:29:31.267052,study_reward
PAY309051,P101178,SUB210367,1.98,2025-06-29 20:32:44.098320,study_reward
PAY309052,P100854,SUB210368,1.79,2025-06-29 20:45:19.299129,study_reward
PAY309053,P101800,SUB210369,2.85,2025-06-29 21:02:14.672906,study_reward
PAY309054,P102968,SUB210370,0.75,2025-06-29 21:39:28.869169,study_reward
PAY309055,P100107,SUB210371,1.24,2025-06-29 21:52:53.103135,study_reward
PAY309056,P101553,SUB210372,2.7,2025-06-29 23:21:38.686243,study_reward
PAY309057,P100715,SUB210373,1.95,2025-06-29 23:25:17.896369,study_reward
PAY309058,P101151,SUB210374,3.19,2025-06-30 00:08:02.688497,study_reward
PAY309059,P101103,SUB210375,1.76,2025-06-30 00:49:31.481444,study_reward
PAY309060,P100438,SUB210376,4.13,2025-06-30 00:53:40.836139,study_reward
PAY309061,P101110,SUB210377,8.52,2025-06-30 01:00:50.570449,study_reward
