submission_id,participant_id,study_id,submission_date,completion_time_minutes,status,reward_earned
SUB200000,P102604,S5188,2024-02-18 01:25:02.060249,14.0,returned,0.0
SUB200001,P102604,S5188,2024-02-19 02:25:02.060249,14.3,completed,1.52
SUB200002,P102604,S5188,2024-02-19 06:25:02.060249,11.2,completed,1.52
SUB200003,P102604,S5026,2024-02-19 23:25:02.060249,35.9,completed,6.67
SUB200004,P102604,S5026,2024-02-20 18:25:02.060249,33.6,completed,6.67
SUB200005,P102611,S5026,2024-02-21 19:40:22.177941,39.2,completed,6.67
SUB200006,P102611,S5026,2024-02-21 21:40:22.177941,29.2,completed,6.67
SUB200007,P102632,S5188,2024-02-22 20:54:53.243390,15.0,completed,1.52
SUB200008,P102632,S5026,2024-02-27 10:54:53.243390,28.1,completed,6.67
SUB200009,P102604,S5026,2024-02-29 10:25:02.060249,36.7,completed,6.67
SUB200010,P102714,S5026,2024-02-29 21:45:56.129467,28.2,completed,6.67
SUB200011,P102714,S5026,2024-03-01 05:45:56.129467,33.5,completed,6.67
SUB200012,P100128,S5026,2024-03-01 07:07:26.265763,43.2,completed,6.67
SUB200013,P102714,S5188,2024-03-01 10:45:56.129467,14.1,completed,1.52
SUB200014,P100821,S5009,2024-03-01 10:46:26.481574,41.8,completed,7.89
SUB200015,P102714,S5026,2024-03-02 17:45:56.129467,33.6,completed,6.67
SUB200016,P102632,S5188,2024-03-02 23:54:53.243390,11.5,completed,1.52
SUB200017,P102611,S5188,2024-03-03 20:40:22.177941,14.1,completed,1.52
SUB200018,P102911,S5188,2024-03-04 05:29:53.070811,10.0,completed,1.52
SUB200019,P100128,S5026,2024-03-04 18:07:26.265763,42.2,completed,6.67
SUB200020,P102294,S5026,2024-03-05 03:12:21.504970,31.4,completed,6.67
SUB200021,P100821,S5026,2024-03-05 23:46:26.481574,33.7,timed_out,0.0
SUB200022,P100128,S5188,2024-03-06 18:07:26.265763,12.4,returned,0.0
SUB200023,P102632,S5188,2024-03-07 04:54:53.243390,11.4,completed,1.52
SUB200024,P102611,S5026,2024-03-07 06:40:22.177941,28.0,completed,6.67
SUB200025,P100821,S5009,2024-03-07 18:46:26.481574,54.3,completed,7.89
SUB200026,P102294,S5009,2024-03-08 04:12:21.504970,55.4,completed,7.89
SUB200027,P102761,S5127,2024-03-08 14:19:28.337297,13.5,completed,1.9
SUB200028,P102604,S5188,2024-03-09 04:25:02.060249,12.6,completed,1.52
SUB200029,P102604,S5026,2024-03-09 08:25:02.060249,27.4,completed,6.67
SUB200030,P100128,S5009,2024-03-10 10:07:26.265763,39.3,completed,7.89
SUB200031,P102327,S5026,2024-03-11 01:48:19.973859,42.9,completed,6.67
SUB200032,P102528,S5188,2024-03-11 10:52:04.679798,10.5,completed,1.52
SUB200033,P102911,S5026,2024-03-11 19:29:53.070811,34.8,completed,6.67
SUB200034,P102632,S5026,2024-03-11 19:54:53.243390,34.3,completed,6.67
SUB200035,P102611,S5026,2024-03-11 23:40:22.177941,33.8,completed,6.67
SUB200036,P102714,S5188,2024-03-13 04:45:56.129467,11.3,completed,1.52
SUB200037,P102714,S5188,2024-03-13 20:45:56.129467,13.7,timed_out,0.0
SUB200038,P102327,S5188,2024-03-15 01:48:19.973859,14.4,completed,1.52
SUB200039,P102632,S5188,2024-03-15 10:54:53.243390,11.9,completed,1.52
SUB200040,P102714,S5026,2024-03-15 12:45:56.129467,32.2,completed,6.67
SUB200041,P102761,S5009,2024-03-15 15:19:28.337297,38.6,completed,7.89
SUB200042,P100407,S5249,2024-03-16 15:53:46.308685,21.8,completed,2.91
SUB200043,P102327,S5026,2024-03-16 19:48:19.973859,39.5,completed,6.67
SUB200044,P100407,S5249,2024-03-16 21:53:46.308685,21.2,completed,2.91
SUB200045,P102911,S5026,2024-03-17 08:29:53.070811,42.8,completed,6.67
SUB200046,P100407,S5249,2024-03-17 09:53:46.308685,18.3,completed,2.91
SUB200047,P102761,S5127,2024-03-17 15:19:28.337297,11.4,completed,1.9
SUB200048,P102528,S5009,2024-03-17 18:52:04.679798,52.7,completed,7.89
SUB200049,P100128,S5009,2024-03-18 03:07:26.265763,40.1,completed,7.89
SUB200050,P100821,S5188,2024-03-18 03:46:26.481574,12.6,completed,1.52
SUB200051,P100128,S5009,2024-03-18 20:07:26.265763,40.1,completed,7.89
SUB200052,P102611,S5231,2024-03-18 22:40:22.177941,14.1,completed,3.05
SUB200053,P102294,S5188,2024-03-19 22:12:21.504970,12.8,returned,0.0
SUB200054,P100407,S5009,2024-03-19 22:53:46.308685,37.5,completed,7.89
SUB200055,P100128,S5026,2024-03-20 22:07:26.265763,30.5,completed,6.67
SUB200056,P100128,S5026,2024-03-21 00:07:26.265763,33.4,completed,6.67
SUB200057,P102604,S5249,2024-03-21 15:25:02.060249,17.9,completed,2.91
SUB200058,P102295,S5188,2024-03-21 19:49:00.167966,10.8,completed,1.52
SUB200059,P102632,S5433,2024-03-22 03:54:53.243390,14.4,completed,2.07
SUB200060,P100945,S5188,2024-03-22 06:53:45.585919,13.9,returned,0.0
SUB200061,P102714,S5188,2024-03-22 07:45:56.129467,15.6,completed,1.52
SUB200062,P100821,S5188,2024-03-23 02:46:26.481574,11.2,completed,1.52
SUB200063,P100898,S5009,2024-03-23 14:11:27.154428,42.0,completed,7.89
SUB200064,P100945,S5127,2024-03-23 14:53:45.585919,11.1,completed,1.9
SUB200065,P100945,S5026,2024-03-24 01:53:45.585919,32.8,completed,6.67
SUB200066,P100945,S5433,2024-03-24 20:53:45.585919,11.5,completed,2.07
SUB200067,P102360,S5127,2024-03-24 22:56:44.375365,13.0,timed_out,0.0
SUB200068,P102327,S5188,2024-03-25 02:48:19.973859,9.9,returned,0.0
SUB200069,P100470,S5231,2024-03-25 06:27:18.953310,13.1,completed,3.05
SUB200070,P100128,S5026,2024-03-25 23:07:26.265763,38.7,returned,0.0
SUB200071,P102294,S5188,2024-03-25 23:12:21.504970,13.4,completed,1.52
SUB200072,P102295,S5433,2024-03-26 03:49:00.167966,11.1,completed,2.07
SUB200073,P102911,S5188,2024-03-26 05:29:53.070811,15.1,completed,1.52
SUB200074,P102761,S5188,2024-03-26 16:19:28.337297,10.6,timed_out,0.0
SUB200075,P102611,S5188,2024-03-26 20:40:22.177941,14.2,completed,1.52
SUB200076,P102714,S5188,2024-03-27 03:45:56.129467,11.6,completed,1.52
SUB200077,P102528,S5009,2024-03-27 06:52:04.679798,52.3,completed,7.89
SUB200078,P102528,S5188,2024-03-27 08:52:04.679798,11.2,completed,1.52
SUB200079,P100898,S5433,2024-03-27 09:11:27.154428,10.3,completed,2.07
SUB200080,P100205,S5249,2024-03-27 15:19:39.389944,21.1,completed,2.91
SUB200081,P100898,S5009,2024-03-28 03:11:27.154428,48.3,timed_out,0.0
SUB200082,P102714,S5188,2024-03-28 03:45:56.129467,15.5,returned,0.0
SUB200083,P100407,S5249,2024-03-28 09:53:46.308685,15.8,completed,2.91
SUB200084,P102295,S5188,2024-03-28 11:49:00.167966,14.9,returned,0.0
SUB200085,P102349,S5249,2024-03-28 12:27:33.034357,20.8,completed,2.91
SUB200086,P102632,S5026,2024-03-28 19:54:53.243390,28.9,completed,6.67
SUB200087,P102604,S5188,2024-03-29 23:25:02.060249,13.0,returned,0.0
SUB200088,P102327,S5009,2024-03-30 02:48:19.973859,36.4,completed,7.89
SUB200089,P100898,S5433,2024-04-01 09:11:27.154428,12.0,completed,2.07
SUB200090,P102714,S5231,2024-04-01 09:45:56.129467,13.4,completed,3.05
SUB200091,P101264,S5127,2024-04-01 10:15:01.056232,13.8,completed,1.9
SUB200092,P102528,S5009,2024-04-01 15:52:04.679798,36.4,completed,7.89
SUB200093,P100470,S5188,2024-04-01 16:27:18.953310,10.2,completed,1.52
SUB200094,P100945,S5433,2024-04-02 06:53:45.585919,14.1,completed,2.07
SUB200095,P101264,S5026,2024-04-02 07:15:01.056232,36.2,completed,6.67
SUB200096,P102761,S5026,2024-04-02 12:19:28.337297,38.7,completed,6.67
SUB200097,P101799,S5127,2024-04-02 12:48:08.173693,10.0,completed,1.9
SUB200098,P100128,S5231,2024-04-03 03:07:26.265763,11.9,rejected,0.0
SUB200099,P102349,S5127,2024-04-03 07:27:33.034357,14.2,completed,1.9
SUB200100,P102714,S5127,2024-04-03 14:45:56.129467,14.4,timed_out,0.0
SUB200101,P102611,S5127,2024-04-03 19:40:22.177941,12.1,completed,1.9
SUB200102,P101799,S5231,2024-04-04 13:48:08.173693,14.3,completed,3.05
SUB200103,P100407,S5231,2024-04-04 14:53:46.308685,11.3,completed,3.05
SUB200104,P100821,S5188,2024-04-04 23:46:26.481574,11.1,completed,1.52
SUB200105,P101799,S5009,2024-04-05 01:48:08.173693,47.1,completed,7.89
SUB200106,P100128,S5127,2024-04-05 11:07:26.265763,12.3,completed,1.9
SUB200107,P100821,S5009,2024-04-05 11:46:26.481574,56.9,completed,7.89
SUB200108,P101799,S5009,2024-04-05 11:48:08.173693,50.5,completed,7.89
SUB200109,P101799,S5231,2024-04-06 16:48:08.173693,14.1,completed,3.05
SUB200110,P101746,S5107,2024-04-06 21:57:57.507025,12.7,completed,1.66
SUB200111,P102528,S5433,2024-04-06 22:52:04.679798,12.9,completed,2.07
SUB200112,P102360,S5127,2024-04-07 06:56:44.375365,11.9,timed_out,0.0
SUB200113,P102714,S5127,2024-04-07 11:45:56.129467,12.8,completed,1.9
SUB200114,P101746,S5249,2024-04-08 03:57:57.507025,16.4,completed,2.91
SUB200115,P100205,S5026,2024-04-08 16:19:39.389944,35.8,completed,6.67
SUB200116,P100470,S5188,2024-04-08 23:27:18.953310,12.2,completed,1.52
SUB200117,P102224,S5009,2024-04-09 00:05:51.751612,37.6,completed,7.89
SUB200118,P101799,S5249,2024-04-09 22:48:08.173693,18.9,completed,2.91
SUB200119,P101049,S5433,2024-04-09 23:15:56.294157,9.6,completed,2.07
SUB200120,P102295,S5026,2024-04-10 04:49:00.167966,32.7,completed,6.67
SUB200121,P100945,S5231,2024-04-10 12:53:45.585919,12.3,completed,3.05
SUB200122,P100128,S5009,2024-04-10 17:07:26.265763,47.5,completed,7.89
SUB200123,P102708,S5231,2024-04-11 00:42:04.478762,11.3,completed,3.05
SUB200124,P100470,S5127,2024-04-11 02:27:18.953310,13.2,completed,1.9
SUB200125,P102632,S5188,2024-04-11 02:54:53.243390,12.2,rejected,0.0
SUB200126,P102714,S5231,2024-04-11 06:45:56.129467,12.9,completed,3.05
SUB200127,P102295,S5009,2024-04-11 14:49:00.167966,42.5,completed,7.89
SUB200128,P102611,S5249,2024-04-12 14:40:22.177941,15.0,completed,2.91
SUB200129,P100470,S5433,2024-04-12 19:27:18.953310,14.7,completed,2.07
SUB200130,P101799,S5433,2024-04-13 06:48:08.173693,13.0,completed,2.07
SUB200131,P102632,S5127,2024-04-13 08:54:53.243390,12.1,completed,1.9
SUB200132,P100925,S5231,2024-04-13 17:03:34.015547,12.1,returned,0.0
SUB200133,P102685,S5026,2024-04-14 02:54:06.066527,40.5,completed,6.67
SUB200134,P100821,S5188,2024-04-14 06:46:26.481574,15.3,completed,1.52
SUB200135,P102604,S5433,2024-04-15 05:25:02.060249,9.6,completed,2.07
SUB200136,P102604,S5249,2024-04-15 07:25:02.060249,16.6,completed,2.91
SUB200137,P101049,S5009,2024-04-15 17:15:56.294157,36.0,completed,7.89
SUB200138,P100945,S5009,2024-04-15 19:53:45.585919,44.8,completed,7.89
SUB200139,P102632,S5188,2024-04-15 20:54:53.243390,13.7,completed,1.52
SUB200140,P100640,S5071,2024-04-16 06:00:00.345736,7.5,rejected,0.0
SUB200141,P100821,S5127,2024-04-16 17:46:26.481574,13.1,completed,1.9
SUB200142,P102294,S5433,2024-04-16 19:12:21.504970,13.0,completed,2.07
SUB200143,P102295,S5071,2024-04-16 23:49:00.167966,6.7,completed,1.28
SUB200144,P101264,S5071,2024-04-17 05:15:01.056232,6.0,completed,1.28
SUB200145,P100874,S5107,2024-04-17 12:51:53.658605,12.0,completed,1.66
SUB200146,P100821,S5127,2024-04-17 20:46:26.481574,9.8,timed_out,0.0
SUB200147,P102528,S5433,2024-04-17 21:52:04.679798,12.9,completed,2.07
SUB200148,P101264,S5231,2024-04-18 05:15:01.056232,13.7,completed,3.05
SUB200149,P100128,S5188,2024-04-18 11:07:26.265763,15.4,completed,1.52
SUB200150,P100640,S5188,2024-04-18 20:00:00.345736,14.1,timed_out,0.0
SUB200151,P101049,S5107,2024-04-18 23:15:56.294157,12.9,completed,1.66
SUB200152,P100312,S5026,2024-04-19 13:19:45.213528,35.5,completed,6.67
SUB200153,P100640,S5231,2024-04-19 16:00:00.345736,10.7,completed,3.05
SUB200154,P102224,S5071,2024-04-19 16:05:51.751612,6.5,completed,1.28
SUB200155,P101049,S5249,2024-04-19 19:15:56.294157,18.6,timed_out,0.0
SUB200156,P100945,S5433,2024-04-19 19:53:45.585919,14.8,completed,2.07
SUB200157,P102224,S5071,2024-04-20 11:05:51.751612,7.9,rejected,0.0
SUB200158,P102685,S5127,2024-04-20 12:54:06.066527,10.3,completed,1.9
SUB200159,P102295,S5071,2024-04-20 18:49:00.167966,7.3,rejected,0.0
SUB200160,P102975,S5009,2024-04-20 19:23:44.618874,37.1,completed,7.89
SUB200161,P102719,S5231,2024-04-21 02:12:04.426779,15.5,completed,3.05
SUB200162,P100945,S5107,2024-04-21 02:53:45.585919,11.6,completed,1.66
SUB200163,P100128,S5433,2024-04-21 03:07:26.265763,13.6,completed,2.07
SUB200164,P102397,S5231,2024-04-21 04:06:58.590602,13.5,returned,0.0
SUB200165,P102421,S5127,2024-04-21 05:36:57.461264,14.1,completed,1.9
SUB200166,P101746,S5433,2024-04-21 11:57:57.507025,12.1,completed,2.07
SUB200167,P100925,S5433,2024-04-22 01:03:34.015547,13.0,completed,2.07
SUB200168,P101264,S5231,2024-04-22 04:15:01.056232,14.0,completed,3.05
SUB200169,P100205,S5071,2024-04-22 04:19:39.389944,7.5,completed,1.28
SUB200170,P101264,S5107,2024-04-22 05:15:01.056232,9.2,completed,1.66
SUB200171,P101696,S5009,2024-04-22 12:31:53.164533,50.7,completed,7.89
SUB200172,P102528,S5009,2024-04-22 16:52:04.679798,54.3,completed,7.89
SUB200173,P102349,S5127,2024-04-23 04:27:33.034357,11.6,completed,1.9
SUB200174,P102295,S5009,2024-04-23 04:49:00.167966,55.9,completed,7.89
SUB200175,P100312,S5231,2024-04-23 07:19:45.213528,15.3,completed,3.05
SUB200176,P100128,S5127,2024-04-23 09:07:26.265763,12.1,completed,1.9
SUB200177,P102975,S5127,2024-04-23 14:23:44.618874,11.4,completed,1.9
SUB200178,P100407,S5107,2024-04-23 14:53:46.308685,13.3,completed,1.66
SUB200179,P100640,S5127,2024-04-24 00:00:00.345736,14.8,completed,1.9
SUB200180,P101201,S5009,2024-04-24 04:29:37.458667,48.1,completed,7.89
SUB200181,P102975,S5026,2024-04-24 13:23:44.618874,39.7,completed,6.67
SUB200182,P100312,S5026,2024-04-24 16:19:45.213528,28.4,completed,6.67
SUB200183,P102611,S5107,2024-04-24 17:40:22.177941,9.4,completed,1.66
SUB200184,P100640,S5107,2024-04-25 02:00:00.345736,13.5,returned,0.0
SUB200185,P100205,S5107,2024-04-25 03:19:39.389944,10.3,timed_out,0.0
SUB200186,P100407,S5026,2024-04-25 03:53:46.308685,35.2,completed,6.67
SUB200187,P100128,S5231,2024-04-25 10:07:26.265763,14.8,completed,3.05
SUB200188,P100128,S5249,2024-04-26 01:07:26.265763,19.7,completed,2.91
SUB200189,P102714,S5231,2024-04-26 02:45:56.129467,14.2,completed,3.05
SUB200190,P101454,S5188,2024-04-26 03:19:16.557817,11.0,completed,1.52
SUB200191,P102611,S5071,2024-04-26 06:40:22.177941,7.2,completed,1.28
SUB200192,P100205,S5107,2024-04-26 09:19:39.389944,10.7,completed,1.66
SUB200193,P102397,S5026,2024-04-26 14:06:58.590602,42.1,completed,6.67
SUB200194,P100640,S5188,2024-04-26 16:00:00.345736,15.6,completed,1.52
SUB200195,P102611,S5127,2024-04-26 16:40:22.177941,14.3,completed,1.9
SUB200196,P101264,S5127,2024-04-26 18:15:01.056232,10.3,completed,1.9
SUB200197,P100945,S5188,2024-04-26 19:53:45.585919,10.7,completed,1.52
SUB200198,P102421,S5433,2024-04-26 23:36:57.461264,9.7,completed,2.07
SUB200199,P101746,S5249,2024-04-27 09:57:57.507025,19.8,completed,2.91
SUB200200,P101201,S5249,2024-04-27 10:29:37.458667,14.6,completed,2.91
SUB200201,P100515,S5188,2024-04-27 20:31:13.694397,15.9,completed,1.52
SUB200202,P100898,S5231,2024-04-28 06:11:27.154428,12.9,completed,3.05
SUB200203,P101201,S5009,2024-04-28 14:29:37.458667,54.1,completed,7.89
SUB200204,P102604,S5009,2024-04-29 01:25:02.060249,54.8,completed,7.89
SUB200205,P101454,S5188,2024-04-29 04:19:16.557817,14.5,completed,1.52
SUB200206,P101969,S5009,2024-04-29 12:53:54.250275,45.8,timed_out,0.0
SUB200207,P100128,S5297,2024-04-29 15:07:26.265763,13.6,rejected,0.0
SUB200208,P102528,S5071,2024-04-29 18:52:04.679798,7.9,completed,1.28
SUB200209,P102295,S5071,2024-04-29 22:49:00.167966,5.9,completed,1.28
SUB200210,P102397,S5127,2024-04-30 01:06:58.590602,11.1,completed,1.9
SUB200211,P101159,S5231,2024-04-30 06:24:39.104821,14.9,completed,3.05
SUB200212,P100945,S5026,2024-04-30 10:53:45.585919,30.8,completed,6.67
SUB200213,P102714,S5249,2024-04-30 12:45:56.129467,20.5,completed,2.91
SUB200214,P101159,S5433,2024-04-30 13:24:39.104821,9.5,completed,2.07
SUB200215,P100515,S5009,2024-04-30 19:31:13.694397,44.2,timed_out,0.0
SUB200216,P101813,S5071,2024-04-30 20:15:42.602866,6.9,completed,1.28
SUB200217,P102685,S5107,2024-04-30 21:54:06.066527,8.8,completed,1.66
SUB200218,P102829,S5009,2024-05-01 00:38:48.342494,46.2,completed,7.89
SUB200219,P100898,S5048,2024-05-01 01:11:27.154428,4.1,completed,0.86
SUB200220,P102611,S5071,2024-05-01 02:40:22.177941,6.1,returned,0.0
SUB200221,P100640,S5071,2024-05-01 04:00:00.345736,6.3,completed,1.28
SUB200222,P102418,S5297,2024-05-01 17:14:57.441688,16.3,completed,2.85
SUB200223,P102708,S5009,2024-05-01 19:42:04.478762,47.7,rejected,0.0
SUB200224,P102714,S5433,2024-05-01 19:45:56.129467,12.1,timed_out,0.0
SUB200225,P102685,S5107,2024-05-01 22:54:06.066527,10.6,completed,1.66
SUB200226,P100128,S5029,2024-05-02 12:07:26.265763,22.1,completed,2.96
SUB200227,P100312,S5127,2024-05-02 17:19:45.213528,12.9,completed,1.9
SUB200228,P100515,S5009,2024-05-02 17:31:13.694397,38.7,completed,7.89
SUB200229,P100821,S5009,2024-05-02 17:46:26.481574,57.0,completed,7.89
SUB200230,P100925,S5107,2024-05-03 01:03:34.015547,13.2,completed,1.66
SUB200231,P100205,S5231,2024-05-03 05:19:39.389944,11.7,timed_out,0.0
SUB200232,P102714,S5026,2024-05-03 11:45:56.129467,41.6,returned,0.0
SUB200233,P101813,S5433,2024-05-03 13:15:42.602866,10.9,completed,2.07
SUB200234,P100407,S5188,2024-05-03 13:53:46.308685,10.3,completed,1.52
SUB200235,P100470,S5249,2024-05-03 19:27:18.953310,16.5,completed,2.91
SUB200236,P102611,S5433,2024-05-03 22:40:22.177941,11.6,completed,2.07
SUB200237,P102858,S5297,2024-05-03 23:28:38.137176,13.7,completed,2.85
SUB200238,P102397,S5071,2024-05-04 07:06:58.590602,7.4,completed,1.28
SUB200239,P101435,S5029,2024-05-04 10:51:08.295330,24.6,completed,2.96
SUB200240,P102611,S5071,2024-05-04 23:40:22.177941,5.5,rejected,0.0
SUB200241,P102714,S5127,2024-05-05 01:45:56.129467,9.6,completed,1.9
SUB200242,P102604,S5231,2024-05-05 11:25:02.060249,13.0,completed,3.05
SUB200243,P102829,S5297,2024-05-05 15:38:48.342494,11.7,completed,2.85
SUB200244,P102349,S5188,2024-05-06 00:27:33.034357,10.3,completed,1.52
SUB200245,P101696,S5231,2024-05-06 04:31:53.164533,14.7,completed,3.05
SUB200246,P101264,S5009,2024-05-06 06:15:01.056232,50.3,completed,7.89
SUB200247,P102241,S5412,2024-05-06 08:50:24.702732,28.2,completed,5.45
SUB200248,P101454,S5127,2024-05-06 11:19:16.557817,11.4,completed,1.9
SUB200249,P100925,S5107,2024-05-07 00:03:34.015547,11.9,returned,0.0
SUB200250,P101233,S5297,2024-05-07 05:43:53.171631,16.2,completed,2.85
SUB200251,P102858,S5231,2024-05-07 06:28:38.137176,16.2,completed,3.05
SUB200252,P102224,S5026,2024-05-07 12:05:51.751612,29.5,completed,6.67
SUB200253,P102294,S5297,2024-05-07 13:12:21.504970,14.0,returned,0.0
SUB200254,P102349,S5188,2024-05-07 15:27:33.034357,12.6,completed,1.52
SUB200255,P101159,S5188,2024-05-07 16:24:39.104821,13.1,completed,1.52
SUB200256,P100100,S5231,2024-05-07 18:24:53.231944,12.6,completed,3.05
SUB200257,P102295,S5188,2024-05-07 18:49:00.167966,11.7,completed,1.52
SUB200258,P102685,S5029,2024-05-07 19:54:06.066527,20.4,completed,2.96
SUB200259,P102975,S5249,2024-05-07 23:23:44.618874,19.3,completed,2.91
SUB200260,P102418,S5250,2024-05-08 00:14:57.441688,6.0,completed,1.13
SUB200261,P100312,S5188,2024-05-08 01:19:45.213528,12.8,completed,1.52
SUB200262,P100874,S5071,2024-05-08 03:51:53.658605,7.5,completed,1.28
SUB200263,P101288,S5249,2024-05-08 04:48:44.901843,21.1,completed,2.91
SUB200264,P101435,S5412,2024-05-08 06:51:08.295330,27.5,completed,5.45
SUB200265,P102295,S5026,2024-05-08 07:49:00.167966,29.1,completed,6.67
SUB200266,P102858,S5029,2024-05-08 08:28:38.137176,24.6,completed,2.96
SUB200267,P100312,S5433,2024-05-08 16:19:45.213528,9.5,completed,2.07
SUB200268,P101300,S5307,2024-05-08 16:49:30.981325,34.7,completed,4.57
SUB200269,P102349,S5026,2024-05-08 17:27:33.034357,38.0,completed,6.67
SUB200270,P100874,S5433,2024-05-09 01:51:53.658605,9.6,completed,2.07
SUB200271,P101233,S5231,2024-05-09 05:43:53.171631,11.6,completed,3.05
SUB200272,P102685,S5048,2024-05-09 05:54:06.066527,4.1,returned,0.0
SUB200273,P101288,S5009,2024-05-09 10:48:44.901843,50.8,completed,7.89
SUB200274,P102349,S5071,2024-05-09 18:27:33.034357,6.7,completed,1.28
SUB200275,P102685,S5249,2024-05-09 21:54:06.066527,22.1,completed,2.91
SUB200276,P100470,S5249,2024-05-09 22:27:18.953310,18.4,completed,2.91
SUB200277,P102241,S5107,2024-05-09 23:50:24.702732,9.0,completed,1.66
SUB200278,P101416,S5188,2024-05-10 11:37:18.471647,15.8,completed,1.52
SUB200279,P102418,S5297,2024-05-10 12:14:57.441688,15.0,completed,2.85
SUB200280,P101264,S5009,2024-05-10 13:15:01.056232,56.9,completed,7.89
SUB200281,P100128,S5250,2024-05-10 14:07:26.265763,7.1,completed,1.13
SUB200282,P102708,S5250,2024-05-10 17:42:04.478762,6.2,completed,1.13
SUB200283,P101300,S5107,2024-05-10 20:49:30.981325,13.0,completed,1.66
SUB200284,P100599,S5307,2024-05-10 23:37:01.269191,24.9,completed,4.57
SUB200285,P100168,S5071,2024-05-11 03:42:35.745215,7.8,completed,1.28
SUB200286,P101969,S5127,2024-05-11 04:53:54.250275,11.3,completed,1.9
SUB200287,P100599,S5107,2024-05-11 05:37:01.269191,9.1,completed,1.66
SUB200288,P102708,S5249,2024-05-11 10:42:04.478762,14.2,completed,2.91
SUB200289,P100312,S5231,2024-05-11 14:19:45.213528,11.6,completed,3.05
SUB200290,P102528,S5250,2024-05-11 16:52:04.679798,7.7,completed,1.13
SUB200291,P101201,S5127,2024-05-11 20:29:37.458667,12.1,returned,0.0
SUB200292,P101273,S5026,2024-05-11 21:04:44.163551,27.9,returned,0.0
SUB200293,P102241,S5071,2024-05-11 22:50:24.702732,6.1,completed,1.28
SUB200294,P100312,S5009,2024-05-12 01:19:45.213528,42.4,completed,7.89
SUB200295,P102421,S5231,2024-05-12 02:36:57.461264,15.6,completed,3.05
SUB200296,P102421,S5433,2024-05-12 05:36:57.461264,11.8,completed,2.07
SUB200297,P101233,S5029,2024-05-12 09:43:53.171631,19.7,completed,2.96
SUB200298,P102224,S5107,2024-05-12 11:05:51.751612,12.0,completed,1.66
SUB200299,P102241,S5297,2024-05-12 13:50:24.702732,16.2,completed,2.85
SUB200300,P100470,S5249,2024-05-12 14:27:18.953310,20.0,completed,2.91
SUB200301,P100145,S5029,2024-05-12 18:12:45.039813,24.2,completed,2.96
SUB200302,P101233,S5026,2024-05-12 21:43:53.171631,42.4,completed,6.67
SUB200303,P102397,S5009,2024-05-12 23:06:58.590602,47.2,completed,7.89
SUB200304,P100599,S5029,2024-05-13 02:37:01.269191,19.7,completed,2.96
SUB200305,P102975,S5107,2024-05-13 05:23:44.618874,9.0,completed,1.66
SUB200306,P101159,S5250,2024-05-13 10:24:39.104821,6.3,completed,1.13
SUB200307,P101201,S5009,2024-05-13 11:29:37.458667,43.7,completed,7.89
SUB200308,P102294,S5048,2024-05-13 12:12:21.504970,5.8,completed,0.86
SUB200309,P100042,S5307,2024-05-13 12:19:25.501235,24.5,completed,4.57
SUB200310,P102858,S5107,2024-05-13 13:28:38.137176,11.1,completed,1.66
SUB200311,P102397,S5009,2024-05-13 15:06:58.590602,56.1,completed,7.89
SUB200312,P101159,S5127,2024-05-13 22:24:39.104821,11.0,completed,1.9
SUB200313,P101799,S5249,2024-05-13 23:48:08.173693,19.4,rejected,0.0
SUB200314,P102857,S5009,2024-05-14 00:01:54.796483,55.0,completed,7.89
SUB200315,P102182,S5048,2024-05-14 05:49:06.060763,4.5,completed,0.86
SUB200316,P100312,S5071,2024-05-14 07:19:45.213528,8.2,timed_out,0.0
SUB200317,P101288,S5029,2024-05-14 07:48:44.901843,20.7,completed,2.96
SUB200318,P100312,S5026,2024-05-14 23:19:45.213528,27.8,returned,0.0
SUB200319,P102528,S5433,2024-05-15 03:52:04.679798,12.1,returned,0.0
SUB200320,P101300,S5071,2024-05-15 08:49:30.981325,6.0,completed,1.28
SUB200321,P102010,S5250,2024-05-15 11:19:22.471727,5.3,completed,1.13
SUB200322,P102421,S5026,2024-05-15 13:36:57.461264,37.8,completed,6.67
SUB200323,P102714,S5009,2024-05-15 18:45:56.129467,45.2,completed,7.89
SUB200324,P102241,S5231,2024-05-15 19:50:24.702732,14.1,completed,3.05
SUB200325,P101813,S5048,2024-05-15 21:15:42.602866,5.1,completed,0.86
SUB200326,P101300,S5307,2024-05-16 05:49:30.981325,22.9,completed,4.57
SUB200327,P100100,S5297,2024-05-16 09:24:53.231944,15.8,completed,2.85
SUB200328,P100925,S5071,2024-05-16 10:03:34.015547,5.9,completed,1.28
SUB200329,P101813,S5250,2024-05-16 12:15:42.602866,7.6,completed,1.13
SUB200330,P101273,S5231,2024-05-16 20:04:44.163551,14.4,completed,3.05
SUB200331,P102528,S5250,2024-05-16 21:52:04.679798,6.0,completed,1.13
SUB200332,P102939,S5029,2024-05-16 22:10:06.972405,19.4,timed_out,0.0
SUB200333,P101300,S5307,2024-05-16 22:49:30.981325,23.6,timed_out,0.0
SUB200334,P102975,S5412,2024-05-17 03:23:44.618874,26.1,completed,5.45
SUB200335,P102611,S5249,2024-05-17 03:40:22.177941,16.8,completed,2.91
SUB200336,P102241,S5433,2024-05-17 04:50:24.702732,14.4,completed,2.07
SUB200337,P102182,S5127,2024-05-17 06:49:06.060763,13.8,timed_out,0.0
SUB200338,P100472,S5231,2024-05-17 13:46:22.700725,16.5,completed,3.05
SUB200339,P100874,S5250,2024-05-17 15:51:53.658605,6.2,completed,1.13
SUB200340,P102829,S5107,2024-05-17 18:38:48.342494,10.5,completed,1.66
SUB200341,P101813,S5029,2024-05-17 22:15:42.602866,23.1,completed,2.96
SUB200342,P100128,S5297,2024-05-17 23:07:26.265763,11.2,completed,2.85
SUB200343,P102349,S5249,2024-05-18 04:27:33.034357,18.1,returned,0.0
SUB200344,P100145,S5250,2024-05-18 14:12:45.039813,7.6,completed,1.13
SUB200345,P100205,S5071,2024-05-18 19:19:39.389944,7.8,completed,1.28
SUB200346,P101049,S5307,2024-05-18 21:15:56.294157,30.1,timed_out,0.0
SUB200347,P101233,S5107,2024-05-18 21:43:53.171631,12.7,completed,1.66
SUB200348,P101049,S5071,2024-05-19 04:15:56.294157,7.1,rejected,0.0
SUB200349,P102182,S5026,2024-05-19 04:49:06.060763,33.8,completed,6.67
SUB200350,P102182,S5231,2024-05-19 08:49:06.060763,11.9,completed,3.05
SUB200351,P100925,S5107,2024-05-19 12:03:34.015547,9.1,returned,0.0
SUB200352,P102224,S5412,2024-05-19 15:05:51.751612,32.2,timed_out,0.0
SUB200353,P101813,S5412,2024-05-19 15:15:42.602866,26.7,completed,5.45
SUB200354,P102418,S5250,2024-05-19 16:14:57.441688,5.3,completed,1.13
SUB200355,P102611,S5307,2024-05-20 00:40:22.177941,29.6,completed,4.57
SUB200356,P101072,S5107,2024-05-20 01:41:57.327102,9.2,completed,1.66
SUB200357,P102858,S5249,2024-05-20 07:28:38.137176,20.2,completed,2.91
SUB200358,P100168,S5026,2024-05-20 16:42:35.745215,35.6,completed,6.67
SUB200359,P100874,S5107,2024-05-20 16:51:53.658605,12.3,completed,1.66
SUB200360,P101288,S5297,2024-05-20 18:48:44.901843,16.5,completed,2.85
SUB200361,P101264,S5009,2024-05-21 01:15:01.056232,41.8,completed,7.89
SUB200362,P102611,S5307,2024-05-21 01:40:22.177941,28.6,completed,4.57
SUB200363,P101288,S5071,2024-05-21 03:48:44.901843,7.7,completed,1.28
SUB200364,P101826,S5029,2024-05-21 04:57:38.938281,22.2,completed,2.96
SUB200365,P102858,S5029,2024-05-21 05:28:38.137176,24.4,completed,2.96
SUB200366,P100874,S5250,2024-05-21 06:51:53.658605,5.9,completed,1.13
SUB200367,P101300,S5107,2024-05-21 07:49:30.981325,12.7,completed,1.66
SUB200368,P101416,S5297,2024-05-21 12:37:18.471647,12.6,completed,2.85
SUB200369,P100042,S5048,2024-05-21 16:19:25.501235,5.8,completed,0.86
SUB200370,P100874,S5107,2024-05-21 18:51:53.658605,13.5,completed,1.66
SUB200371,P101454,S5188,2024-05-21 21:19:16.557817,10.5,completed,1.52
SUB200372,P102939,S5029,2024-05-21 23:10:06.972405,23.6,completed,2.96
SUB200373,P102714,S5029,2024-05-22 01:45:56.129467,24.8,completed,2.96
SUB200374,P102418,S5026,2024-05-22 06:14:57.441688,38.6,completed,6.67
SUB200375,P102010,S5127,2024-05-22 10:19:22.471727,14.6,completed,1.9
SUB200376,P100312,S5127,2024-05-22 10:19:45.213528,11.3,completed,1.9
SUB200377,P101826,S5009,2024-05-22 11:57:38.938281,47.2,completed,7.89
SUB200378,P102829,S5009,2024-05-22 13:38:48.342494,50.5,completed,7.89
SUB200379,P102606,S5111,2024-05-22 19:15:51.825865,10.6,completed,1.79
SUB200380,P102714,S5026,2024-05-23 04:45:56.129467,33.0,completed,6.67
SUB200381,P102528,S5107,2024-05-23 09:52:04.679798,10.6,completed,1.66
SUB200382,P101264,S5412,2024-05-23 12:15:01.056232,24.1,returned,0.0
SUB200383,P102294,S5231,2024-05-23 14:12:21.504970,13.5,rejected,0.0
SUB200384,P100599,S5433,2024-05-23 19:37:01.269191,13.2,completed,2.07
SUB200385,P102528,S5433,2024-05-23 19:52:04.679798,13.7,completed,2.07
SUB200386,P102714,S5029,2024-05-24 00:45:56.129467,24.5,completed,2.96
SUB200387,P102685,S5026,2024-05-24 00:54:06.066527,33.9,completed,6.67
SUB200388,P101264,S5071,2024-05-24 03:15:01.056232,5.9,completed,1.28
SUB200389,P102975,S5412,2024-05-24 03:23:44.618874,23.8,completed,5.45
SUB200390,P100874,S5127,2024-05-24 13:51:53.658605,14.8,completed,1.9
SUB200391,P100168,S5071,2024-05-24 14:42:35.745215,7.7,completed,1.28
SUB200392,P102241,S5071,2024-05-24 17:50:24.702732,7.9,completed,1.28
SUB200393,P102294,S5029,2024-05-24 18:12:21.504970,24.6,completed,2.96
SUB200394,P100042,S5250,2024-05-24 19:19:25.501235,7.5,completed,1.13
SUB200395,P102182,S5127,2024-05-24 21:49:06.060763,13.7,completed,1.9
SUB200396,P102203,S5250,2024-05-24 22:28:51.749464,6.9,completed,1.13
SUB200397,P100515,S5009,2024-05-25 00:31:13.694397,35.4,completed,7.89
SUB200398,P101746,S5127,2024-05-25 01:57:57.507025,14.0,completed,1.9
SUB200399,P102829,S5048,2024-05-25 03:38:48.342494,4.0,completed,0.86
SUB200400,P102708,S5307,2024-05-25 03:42:04.478762,31.3,completed,4.57
SUB200401,P100168,S5071,2024-05-25 03:42:35.745215,7.7,completed,1.28
SUB200402,P102297,S5107,2024-05-25 03:53:17.664952,9.4,completed,1.66
SUB200403,P100515,S5029,2024-05-25 06:31:13.694397,19.5,completed,2.96
SUB200404,P102606,S5048,2024-05-25 07:15:51.825865,5.4,completed,0.86
SUB200405,P100290,S5107,2024-05-25 10:40:38.812735,13.1,timed_out,0.0
SUB200406,P100821,S5307,2024-05-25 14:46:26.481574,34.2,completed,4.57
SUB200407,P101435,S5250,2024-05-25 15:51:08.295330,6.6,timed_out,0.0
SUB200408,P100874,S5307,2024-05-25 16:51:53.658605,25.7,completed,4.57
SUB200409,P100925,S5127,2024-05-25 17:03:34.015547,10.1,completed,1.9
SUB200410,P100290,S5188,2024-05-25 23:40:38.812735,14.4,completed,1.52
SUB200411,P102857,S5412,2024-05-26 01:01:54.796483,31.9,completed,5.45
SUB200412,P100128,S5107,2024-05-26 08:07:26.265763,9.2,completed,1.66
SUB200413,P102829,S5250,2024-05-26 10:38:48.342494,5.9,completed,1.13
SUB200414,P102857,S5231,2024-05-26 11:01:54.796483,15.7,completed,3.05
SUB200415,P102528,S5107,2024-05-26 15:52:04.679798,13.0,completed,1.66
SUB200416,P100977,S5433,2024-05-26 21:20:47.956049,13.0,completed,2.07
SUB200417,P100168,S5048,2024-05-26 21:42:35.745215,3.8,completed,0.86
SUB200418,P100874,S5297,2024-05-26 22:51:53.658605,14.5,completed,2.85
SUB200419,P102231,S5307,2024-05-27 02:35:12.971495,30.8,completed,4.57
SUB200420,P102418,S5231,2024-05-27 05:14:57.441688,13.2,completed,3.05
SUB200421,P101273,S5127,2024-05-27 10:04:44.163551,14.1,completed,1.9
SUB200422,P102857,S5250,2024-05-27 14:01:54.796483,7.3,completed,1.13
SUB200423,P102780,S5009,2024-05-27 17:27:22.779877,48.6,timed_out,0.0
SUB200424,P100168,S5250,2024-05-27 17:42:35.745215,6.7,completed,1.13
SUB200425,P102858,S5071,2024-05-27 19:28:38.137176,7.7,completed,1.28
SUB200426,P102418,S5188,2024-05-27 22:14:57.441688,14.9,completed,1.52
SUB200427,P102685,S5048,2024-05-28 01:54:06.066527,4.2,completed,0.86
SUB200428,P100042,S5307,2024-05-28 03:19:25.501235,24.2,completed,4.57
SUB200429,P102606,S5009,2024-05-28 13:15:51.825865,44.3,completed,7.89
SUB200430,P101300,S5026,2024-05-28 15:49:30.981325,33.1,completed,6.67
SUB200431,P101746,S5029,2024-05-28 15:57:57.507025,23.9,completed,2.96
SUB200432,P102939,S5297,2024-05-28 16:10:06.972405,12.9,completed,2.85
SUB200433,P102231,S5048,2024-05-28 18:35:12.971495,5.9,completed,0.86
SUB200434,P101072,S5071,2024-05-28 22:41:57.327102,7.3,completed,1.28
SUB200435,P101049,S5009,2024-05-28 23:15:56.294157,44.7,completed,7.89
SUB200436,P101696,S5026,2024-05-29 00:31:53.164533,27.9,completed,6.67
SUB200437,P101233,S5071,2024-05-29 00:43:53.171631,5.4,completed,1.28
SUB200438,P102231,S5071,2024-05-29 03:35:12.971495,6.8,completed,1.28
SUB200439,P100599,S5307,2024-05-29 04:37:01.269191,27.3,completed,4.57
SUB200440,P102611,S5249,2024-05-29 05:40:22.177941,15.9,completed,2.91
SUB200441,P100925,S5188,2024-05-29 06:03:34.015547,13.2,completed,1.52
SUB200442,P100599,S5009,2024-05-29 06:37:01.269191,37.2,completed,7.89
SUB200443,P101416,S5107,2024-05-29 14:37:18.471647,12.5,completed,1.66
SUB200444,P100599,S5029,2024-05-29 23:37:01.269191,23.4,completed,2.96
SUB200445,P101072,S5250,2024-05-29 23:41:57.327102,7.2,timed_out,0.0
SUB200446,P101233,S5249,2024-05-30 01:43:53.171631,18.6,completed,2.91
SUB200447,P102939,S5048,2024-05-30 04:10:06.972405,4.3,completed,0.86
SUB200448,P100145,S5009,2024-05-30 10:12:45.039813,56.6,completed,7.89
SUB200449,P102417,S5009,2024-05-30 10:55:17.050405,41.2,completed,7.89
SUB200450,P101288,S5026,2024-05-30 11:48:44.901843,34.9,completed,6.67
SUB200451,P102601,S5029,2024-05-30 13:52:52.362413,19.9,completed,2.96
SUB200452,P101416,S5026,2024-05-30 15:37:18.471647,31.1,completed,6.67
SUB200453,P101435,S5029,2024-05-30 17:51:08.295330,24.0,completed,2.96
SUB200454,P101454,S5231,2024-05-30 20:19:16.557817,16.0,completed,3.05
SUB200455,P102562,S5107,2024-05-30 21:39:48.836070,10.1,completed,1.66
SUB200456,P101300,S5048,2024-05-31 01:49:30.981325,5.4,completed,0.86
SUB200457,P100925,S5250,2024-05-31 02:03:34.015547,6.2,completed,1.13
SUB200458,P102939,S5029,2024-05-31 02:10:06.972405,19.6,completed,2.96
SUB200459,P102611,S5307,2024-05-31 11:40:22.177941,26.4,completed,4.57
SUB200460,P100515,S5026,2024-05-31 14:31:13.694397,40.2,completed,6.67
SUB200461,P101746,S5231,2024-05-31 14:57:57.507025,12.2,completed,3.05
SUB200462,P101813,S5231,2024-05-31 15:15:42.602866,13.8,completed,3.05
SUB200463,P101813,S5433,2024-05-31 15:15:42.602866,13.5,completed,2.07
SUB200464,P102939,S5188,2024-06-01 00:10:06.972405,9.8,completed,1.52
SUB200465,P101264,S5127,2024-06-01 04:15:01.056232,12.6,completed,1.9
SUB200466,P102601,S5433,2024-06-01 04:52:52.362413,12.2,completed,2.07
SUB200467,P100290,S5188,2024-06-01 12:40:38.812735,10.7,completed,1.52
SUB200468,P102064,S5250,2024-06-01 15:34:54.314927,5.9,completed,1.13
SUB200469,P101300,S5250,2024-06-01 16:49:30.981325,7.4,returned,0.0
SUB200470,P100515,S5412,2024-06-01 18:31:13.694397,31.1,completed,5.45
SUB200471,P102064,S5037,2024-06-01 18:34:54.314927,6.5,completed,1.34
SUB200472,P102939,S5107,2024-06-01 19:10:06.972405,9.0,completed,1.66
SUB200473,P101813,S5231,2024-06-02 00:15:42.602866,13.3,timed_out,0.0
SUB200474,P100874,S5307,2024-06-02 03:51:53.658605,31.8,completed,4.57
SUB200475,P101049,S5026,2024-06-02 12:15:56.294157,38.7,completed,6.67
SUB200476,P101969,S5059,2024-06-02 15:53:54.250275,11.6,completed,2.37
SUB200477,P100128,S5376,2024-06-02 19:07:26.265763,24.9,completed,4.64
SUB200478,P101288,S5376,2024-06-02 19:48:44.901843,22.0,completed,4.64
SUB200479,P102611,S5412,2024-06-02 21:40:22.177941,28.7,returned,0.0
SUB200480,P100168,S5231,2024-06-02 23:42:35.745215,15.1,completed,3.05
SUB200481,P101826,S5433,2024-06-03 04:57:38.938281,14.3,completed,2.07
SUB200482,P101746,S5188,2024-06-03 04:57:57.507025,12.8,completed,1.52
SUB200483,P100128,S5231,2024-06-03 10:07:26.265763,13.2,completed,3.05
SUB200484,P101264,S5249,2024-06-03 14:15:01.056232,18.8,completed,2.91
SUB200485,P101826,S5231,2024-06-03 15:57:38.938281,11.0,completed,3.05
SUB200486,P102601,S5071,2024-06-03 16:52:52.362413,8.2,completed,1.28
SUB200487,P101416,S5071,2024-06-03 18:37:18.471647,8.4,completed,1.28
SUB200488,P102986,S5249,2024-06-03 21:33:51.609648,14.5,completed,2.91
SUB200489,P100290,S5029,2024-06-04 03:40:38.812735,17.9,completed,2.96
SUB200490,P100515,S5188,2024-06-04 05:31:13.694397,10.7,returned,0.0
SUB200491,P102780,S5107,2024-06-04 14:27:22.779877,12.9,completed,1.66
SUB200492,P101072,S5071,2024-06-04 19:41:57.327102,5.7,completed,1.28
SUB200493,P102182,S5382,2024-06-04 21:49:06.060763,8.2,completed,1.68
SUB200494,P101454,S5297,2024-06-04 22:19:16.557817,16.0,returned,0.0
SUB200495,P100300,S5249,2024-06-05 00:08:46.124074,19.2,completed,2.91
SUB200496,P102349,S5188,2024-06-05 02:27:33.034357,11.9,completed,1.52
SUB200497,P102182,S5048,2024-06-05 05:49:06.060763,5.6,completed,0.86
SUB200498,P101940,S5048,2024-06-05 08:49:06.981258,4.6,completed,0.86
SUB200499,P102418,S5048,2024-06-05 12:14:57.441688,5.0,completed,0.86
SUB200500,P100515,S5009,2024-06-05 15:31:13.694397,47.7,completed,7.89
SUB200501,P102418,S5026,2024-06-05 20:14:57.441688,35.5,completed,6.67
SUB200502,P101072,S5071,2024-06-06 01:41:57.327102,6.8,completed,1.28
SUB200503,P100424,S5026,2024-06-06 02:52:58.182770,41.9,completed,6.67
SUB200504,P101264,S5009,2024-06-06 03:15:01.056232,45.3,completed,7.89
SUB200505,P102562,S5048,2024-06-06 03:39:48.836070,4.6,completed,0.86
SUB200506,P101416,S5307,2024-06-06 04:37:18.471647,27.6,completed,4.57
SUB200507,P102780,S5297,2024-06-06 05:27:22.779877,15.6,completed,2.85
SUB200508,P102562,S5433,2024-06-06 10:39:48.836070,10.6,completed,2.07
SUB200509,P101435,S5009,2024-06-06 14:51:08.295330,45.0,completed,7.89
SUB200510,P102939,S5433,2024-06-06 15:10:06.972405,13.6,timed_out,0.0
SUB200511,P100128,S5009,2024-06-06 16:07:26.265763,56.4,completed,7.89
SUB200512,P100424,S5016,2024-06-07 02:52:58.182770,8.1,completed,1.61
SUB200513,P102349,S5250,2024-06-07 07:27:33.034357,6.1,timed_out,0.0
SUB200514,P100977,S5433,2024-06-07 12:20:47.956049,11.4,completed,2.07
SUB200515,P102601,S5026,2024-06-07 13:52:52.362413,41.9,completed,6.67
SUB200516,P101300,S5059,2024-06-07 18:49:30.981325,16.3,completed,2.37
SUB200517,P100977,S5127,2024-06-07 20:20:47.956049,14.4,completed,1.9
SUB200518,P102182,S5188,2024-06-07 20:49:06.060763,12.3,completed,1.52
SUB200519,P102606,S5188,2024-06-07 23:15:51.825865,10.9,completed,1.52
SUB200520,P100424,S5231,2024-06-08 01:52:58.182770,11.3,completed,3.05
SUB200521,P102611,S5231,2024-06-08 06:40:22.177941,15.1,returned,0.0
SUB200522,P100205,S5382,2024-06-08 16:19:39.389944,6.6,completed,1.68
SUB200523,P101454,S5297,2024-06-08 20:19:16.557817,17.4,completed,2.85
SUB200524,P102609,S5036,2024-06-08 22:00:59.687023,3.5,completed,0.5
SUB200525,P101826,S5412,2024-06-09 01:57:38.938281,24.5,returned,0.0
SUB200526,P100424,S5250,2024-06-09 03:52:58.182770,7.1,completed,1.13
SUB200527,P100312,S5250,2024-06-09 09:19:45.213528,7.9,completed,1.13
SUB200528,P100472,S5071,2024-06-09 14:46:22.700725,7.7,timed_out,0.0
SUB200529,P101940,S5376,2024-06-09 20:49:06.981258,23.7,completed,4.64
SUB200530,P100128,S5037,2024-06-09 22:07:26.265763,6.4,completed,1.34
SUB200531,P100290,S5127,2024-06-09 23:40:38.812735,13.2,completed,1.9
SUB200532,P100977,S5127,2024-06-10 00:20:47.956049,11.0,completed,1.9
SUB200533,P102611,S5188,2024-06-10 03:40:22.177941,14.6,rejected,0.0
SUB200534,P100290,S5048,2024-06-10 06:40:38.812735,4.3,completed,0.86
SUB200535,P100821,S5026,2024-06-10 08:46:26.481574,32.0,completed,6.67
SUB200536,P102986,S5127,2024-06-10 14:33:51.609648,15.1,completed,1.9
SUB200537,P100168,S5297,2024-06-10 14:42:35.745215,16.1,completed,2.85
SUB200538,P100874,S5026,2024-06-10 22:51:53.658605,34.3,completed,6.67
SUB200539,P102231,S5107,2024-06-11 00:35:12.971495,12.5,completed,1.66
SUB200540,P102562,S5016,2024-06-11 00:39:48.836070,11.1,completed,1.61
SUB200541,P102601,S5071,2024-06-11 00:52:52.362413,7.8,completed,1.28
SUB200542,P102601,S5107,2024-06-11 00:52:52.362413,10.0,rejected,0.0
SUB200543,P102975,S5307,2024-06-11 04:23:44.618874,29.3,completed,4.57
SUB200544,P101416,S5037,2024-06-11 06:37:18.471647,6.3,completed,1.34
SUB200545,P101746,S5029,2024-06-11 13:57:57.507025,24.4,completed,2.96
SUB200546,P100312,S5107,2024-06-11 15:19:45.213528,8.6,completed,1.66
SUB200547,P100168,S5297,2024-06-11 20:42:35.745215,12.8,completed,2.85
SUB200548,P102858,S5188,2024-06-11 21:28:38.137176,13.0,completed,1.52
SUB200549,P100821,S5433,2024-06-11 21:46:26.481574,14.9,completed,2.07
SUB200550,P102064,S5107,2024-06-11 23:34:54.314927,11.5,completed,1.66
SUB200551,P101049,S5048,2024-06-12 00:15:56.294157,4.7,completed,0.86
SUB200552,P102606,S5433,2024-06-12 06:15:51.825865,10.5,completed,2.07
SUB200553,P102241,S5376,2024-06-12 06:50:24.702732,24.6,completed,4.64
SUB200554,P102528,S5412,2024-06-12 15:52:04.679798,33.0,completed,5.45
SUB200555,P102606,S5026,2024-06-12 22:15:51.825865,34.9,completed,6.67
SUB200556,P100977,S5297,2024-06-14 05:20:47.956049,15.6,completed,2.85
SUB200557,P101799,S5250,2024-06-14 05:48:08.173693,6.4,completed,1.13
SUB200558,P102609,S5026,2024-06-14 06:00:59.687023,40.5,completed,6.67
SUB200559,P100977,S5009,2024-06-14 07:20:47.956049,56.1,completed,7.89
SUB200560,P102231,S5412,2024-06-14 07:35:12.971495,25.3,completed,5.45
SUB200561,P101969,S5071,2024-06-14 09:53:54.250275,5.6,completed,1.28
SUB200562,P101288,S5009,2024-06-14 10:48:44.901843,43.6,completed,7.89
SUB200563,P101300,S5037,2024-06-14 10:49:30.981325,9.6,completed,1.34
SUB200564,P100058,S5029,2024-06-14 13:07:29.417148,22.4,completed,2.96
SUB200565,P102231,S5059,2024-06-14 16:35:12.971495,14.2,completed,2.37
SUB200566,P101940,S5036,2024-06-14 20:49:06.981258,2.6,completed,0.5
SUB200567,P101725,S5071,2024-06-14 22:38:20.803864,7.1,completed,1.28
SUB200568,P102203,S5188,2024-06-15 00:28:51.749464,10.7,completed,1.52
SUB200569,P102224,S5048,2024-06-15 01:05:51.751612,5.5,completed,0.86
SUB200570,P100312,S5009,2024-06-15 01:19:45.213528,36.5,completed,7.89
SUB200571,P100424,S5376,2024-06-15 02:52:58.182770,19.2,completed,4.64
SUB200572,P100128,S5249,2024-06-15 03:07:26.265763,18.3,completed,2.91
SUB200573,P102606,S5048,2024-06-15 03:15:51.825865,4.5,completed,0.86
SUB200574,P100470,S5071,2024-06-15 03:27:18.953310,6.7,completed,1.28
SUB200575,P101288,S5188,2024-06-15 04:48:44.901843,10.4,completed,1.52
SUB200576,P100977,S5029,2024-06-15 06:20:47.956049,17.7,returned,0.0
SUB200577,P100925,S5307,2024-06-15 13:03:34.015547,34.4,completed,4.57
SUB200578,P102601,S5009,2024-06-15 14:52:52.362413,37.5,returned,0.0
SUB200579,P100168,S5127,2024-06-15 15:42:35.745215,9.6,timed_out,0.0
SUB200580,P102528,S5009,2024-06-15 15:52:04.679798,44.4,completed,7.89
SUB200581,P102549,S5092,2024-06-15 19:13:02.904717,11.6,completed,2.72
SUB200582,P100977,S5009,2024-06-16 01:20:47.956049,35.9,completed,7.89
SUB200583,P101273,S5307,2024-06-16 02:04:44.163551,31.8,completed,4.57
SUB200584,P102858,S5203,2024-06-16 08:28:38.137176,12.0,completed,1.75
SUB200585,P101725,S5388,2024-06-16 10:38:20.803864,13.6,completed,3.85
SUB200586,P101929,S5433,2024-06-16 11:13:35.366091,14.4,completed,2.07
SUB200587,P102609,S5071,2024-06-17 03:00:59.687023,5.6,completed,1.28
SUB200588,P101288,S5297,2024-06-17 06:48:44.901843,13.0,completed,2.85
SUB200589,P102528,S5048,2024-06-17 16:52:04.679798,5.4,completed,0.86
SUB200590,P101233,S5127,2024-06-17 20:43:53.171631,13.0,timed_out,0.0
SUB200591,P102417,S5048,2024-06-18 00:55:17.050405,4.7,timed_out,0.0
SUB200592,P100470,S5127,2024-06-18 05:27:18.953310,9.5,completed,1.9
SUB200593,P101826,S5083,2024-06-18 07:57:38.938281,7.6,completed,0.8
SUB200594,P100515,S5029,2024-06-18 08:31:13.694397,19.0,returned,0.0
SUB200595,P100704,S5382,2024-06-18 08:42:49.537938,7.4,completed,1.68
SUB200596,P102939,S5203,2024-06-18 09:10:06.972405,11.1,rejected,0.0
SUB200597,P102231,S5071,2024-06-18 10:35:12.971495,6.4,completed,1.28
SUB200598,P100925,S5048,2024-06-18 13:03:34.015547,3.7,completed,0.86
SUB200599,P102528,S5016,2024-06-18 15:52:04.679798,11.0,completed,1.61
SUB200600,P100290,S5048,2024-06-18 17:40:38.812735,4.4,completed,0.86
SUB200601,P102685,S5059,2024-06-18 22:54:06.066527,14.2,completed,2.37
SUB200602,P100290,S5376,2024-06-19 00:40:38.812735,26.6,completed,4.64
SUB200603,P101416,S5188,2024-06-19 05:37:18.471647,14.7,completed,1.52
SUB200604,P101940,S5203,2024-06-19 08:49:06.981258,12.1,completed,1.75
SUB200605,P100168,S5433,2024-06-19 09:42:35.745215,13.2,completed,2.07
SUB200606,P100704,S5016,2024-06-19 11:42:49.537938,9.8,completed,1.61
SUB200607,P102604,S5016,2024-06-19 19:25:02.060249,12.0,completed,1.61
SUB200608,P101826,S5036,2024-06-19 19:57:38.938281,2.6,completed,0.5
SUB200609,P102986,S5412,2024-06-19 22:33:51.609648,31.0,completed,5.45
SUB200610,P101940,S5037,2024-06-19 22:49:06.981258,8.5,completed,1.34
SUB200611,P100290,S5034,2024-06-19 23:40:38.812735,17.0,completed,2.11
SUB200612,P100424,S5307,2024-06-20 00:52:58.182770,22.9,completed,4.57
SUB200613,P102601,S5250,2024-06-20 04:52:52.362413,7.9,completed,1.13
SUB200614,P100128,S5009,2024-06-20 05:07:26.265763,55.4,completed,7.89
SUB200615,P101696,S5107,2024-06-20 10:31:53.164533,10.1,completed,1.66
SUB200616,P101940,S5059,2024-06-20 10:49:06.981258,14.6,completed,2.37
SUB200617,P100354,S5307,2024-06-20 14:05:11.645483,35.3,timed_out,0.0
SUB200618,P101435,S5029,2024-06-20 16:51:08.295330,25.5,completed,2.96
SUB200619,P100128,S5297,2024-06-20 17:07:26.265763,16.4,completed,2.85
SUB200620,P100436,S5433,2024-06-20 17:15:17.811715,14.0,completed,2.07
SUB200621,P100821,S5048,2024-06-20 17:46:26.481574,3.8,returned,0.0
SUB200622,P101799,S5388,2024-06-20 17:48:08.173693,15.4,completed,3.85
SUB200623,P102604,S5127,2024-06-20 18:25:02.060249,11.7,completed,1.9
SUB200624,P102609,S5376,2024-06-21 00:00:59.687023,17.1,completed,4.64
SUB200625,P100821,S5433,2024-06-21 01:46:26.481574,11.4,completed,2.07
SUB200626,P102549,S5297,2024-06-21 04:13:02.904717,16.7,completed,2.85
SUB200627,P101696,S5009,2024-06-21 04:31:53.164533,43.1,completed,7.89
SUB200628,P100925,S5034,2024-06-21 06:03:34.015547,12.3,rejected,0.0
SUB200629,P101049,S5107,2024-06-21 11:15:56.294157,9.0,returned,0.0
SUB200630,P100515,S5350,2024-06-21 17:31:13.694397,18.8,completed,3.08
SUB200631,P100128,S5048,2024-06-21 20:07:26.265763,4.4,completed,0.86
SUB200632,P102246,S5127,2024-06-21 20:45:44.630850,12.8,completed,1.9
SUB200633,P100290,S5307,2024-06-21 21:40:38.812735,31.8,completed,4.57
SUB200634,P100290,S5029,2024-06-22 05:40:38.812735,18.7,completed,2.96
SUB200635,P102246,S5009,2024-06-22 05:45:44.630850,54.6,completed,7.89
SUB200636,P101716,S5009,2024-06-22 12:00:31.906413,44.7,completed,7.89
SUB200637,P102939,S5092,2024-06-22 13:10:06.972405,15.1,completed,2.72
SUB200638,P100599,S5059,2024-06-22 15:37:01.269191,13.0,completed,2.37
SUB200639,P101038,S5111,2024-06-22 16:58:05.344178,8.0,completed,1.79
SUB200640,P100290,S5034,2024-06-22 17:40:38.812735,14.3,completed,2.11
SUB200641,P101725,S5009,2024-06-22 21:38:20.803864,44.7,completed,7.89
SUB200642,P101940,S5107,2024-06-22 23:49:06.981258,10.0,completed,1.66
SUB200643,P101997,S5037,2024-06-22 23:55:45.280561,7.5,completed,1.34
SUB200644,P101826,S5071,2024-06-23 00:57:38.938281,7.1,completed,1.28
SUB200645,P101038,S5034,2024-06-23 08:58:05.344178,12.9,completed,2.11
SUB200646,P100586,S5307,2024-06-23 13:06:55.476984,33.3,timed_out,0.0
SUB200647,P100290,S5034,2024-06-23 20:40:38.812735,13.8,completed,2.11
SUB200648,P100128,S5231,2024-06-23 21:07:26.265763,15.9,completed,3.05
SUB200649,P100424,S5203,2024-06-24 03:52:58.182770,11.0,completed,1.75
SUB200650,P102780,S5092,2024-06-24 07:27:22.779877,16.9,returned,0.0
SUB200651,P100515,S5092,2024-06-24 07:31:13.694397,16.4,completed,2.72
SUB200652,P100354,S5433,2024-06-24 09:05:11.645483,12.5,completed,2.07
SUB200653,P102604,S5009,2024-06-24 10:25:02.060249,46.0,completed,7.89
SUB200654,P100599,S5231,2024-06-24 11:37:01.269191,15.5,completed,3.05
SUB200655,P102939,S5036,2024-06-24 14:10:06.972405,2.5,timed_out,0.0
SUB200656,P102182,S5127,2024-06-24 14:49:06.060763,14.3,completed,1.9
SUB200657,P101300,S5016,2024-06-24 15:49:30.981325,11.4,completed,1.61
SUB200658,P102685,S5412,2024-06-24 15:54:06.066527,29.8,completed,5.45
SUB200659,P101187,S5026,2024-06-24 17:58:49.852639,30.3,completed,6.67
SUB200660,P102417,S5203,2024-06-24 19:55:17.050405,8.1,completed,1.75
SUB200661,P101049,S5059,2024-06-25 01:15:56.294157,11.3,completed,2.37
SUB200662,P100850,S5433,2024-06-25 02:57:05.862661,10.2,completed,2.07
SUB200663,P101493,S5016,2024-06-25 07:18:31.502131,10.9,completed,1.61
SUB200664,P102417,S5281,2024-06-25 10:55:17.050405,9.9,completed,1.47
SUB200665,P100515,S5250,2024-06-25 12:31:13.694397,6.7,completed,1.13
SUB200666,P101187,S5412,2024-06-25 13:58:49.852639,33.6,completed,5.45
SUB200667,P101264,S5203,2024-06-25 14:15:01.056232,11.8,completed,1.75
SUB200668,P100599,S5250,2024-06-25 14:37:01.269191,7.6,completed,1.13
SUB200669,P102046,S5016,2024-06-25 19:39:26.323379,10.0,completed,1.61
SUB200670,P102241,S5376,2024-06-25 21:50:24.702732,17.3,returned,0.0
SUB200671,P102246,S5297,2024-06-25 23:45:44.630850,11.4,completed,2.85
SUB200672,P100128,S5376,2024-06-26 01:07:26.265763,25.6,completed,4.64
SUB200673,P100599,S5433,2024-06-26 04:37:01.269191,9.8,completed,2.07
SUB200674,P101493,S5250,2024-06-26 05:18:31.502131,5.7,completed,1.13
SUB200675,P101264,S5388,2024-06-26 10:15:01.056232,13.6,completed,3.85
SUB200676,P100290,S5231,2024-06-26 14:40:38.812735,14.8,completed,3.05
SUB200677,P101725,S5376,2024-06-26 17:38:20.803864,17.0,completed,4.64
SUB200678,P100168,S5048,2024-06-27 06:42:35.745215,5.8,completed,0.86
SUB200679,P101826,S5048,2024-06-27 08:57:38.938281,5.7,completed,0.86
SUB200680,P102604,S5231,2024-06-27 11:25:02.060249,16.0,completed,3.05
SUB200681,P101716,S5203,2024-06-27 18:00:31.906413,11.9,completed,1.75
SUB200682,P101985,S5127,2024-06-27 18:04:24.990148,11.9,completed,1.9
SUB200683,P102081,S5026,2024-06-27 21:55:39.977120,37.5,returned,0.0
SUB200684,P102081,S5231,2024-06-27 22:55:39.977120,12.5,completed,3.05
SUB200685,P101929,S5388,2024-06-28 00:13:35.366091,16.5,completed,3.85
SUB200686,P100168,S5016,2024-06-28 01:42:35.745215,10.3,completed,1.61
SUB200687,P101676,S5438,2024-06-28 01:54:01.745861,20.7,completed,3.47
SUB200688,P101725,S5036,2024-06-28 03:38:20.803864,2.9,completed,0.5
SUB200689,P100311,S5433,2024-06-28 04:56:51.135510,9.8,completed,2.07
SUB200690,P101799,S5107,2024-06-28 05:48:08.173693,8.5,completed,1.66
SUB200691,P101940,S5307,2024-06-28 07:49:06.981258,34.5,completed,4.57
SUB200692,P102562,S5297,2024-06-28 09:39:48.836070,13.3,completed,2.85
SUB200693,P100874,S5231,2024-06-28 09:51:53.658605,14.9,completed,3.05
SUB200694,P101826,S5036,2024-06-28 09:57:38.938281,2.9,timed_out,0.0
SUB200695,P102203,S5029,2024-06-28 10:28:51.749464,18.2,completed,2.96
SUB200696,P102046,S5297,2024-06-28 11:39:26.323379,15.7,completed,2.85
SUB200697,P101233,S5203,2024-06-28 13:43:53.171631,11.2,completed,1.75
SUB200698,P102081,S5249,2024-06-28 13:55:39.977120,20.5,completed,2.91
SUB200699,P101746,S5250,2024-06-28 13:57:57.507025,7.9,completed,1.13
SUB200700,P102606,S5026,2024-06-28 20:15:51.825865,27.1,completed,6.67
SUB200701,P102796,S5250,2024-06-29 03:10:36.658253,5.2,completed,1.13
SUB200702,P101696,S5059,2024-06-29 05:31:53.164533,14.1,completed,2.37
SUB200703,P101300,S5037,2024-06-29 09:49:30.981325,9.3,completed,1.34
SUB200704,P101416,S5111,2024-06-29 13:37:18.471647,11.7,completed,1.79
SUB200705,P100599,S5350,2024-06-29 14:37:01.269191,16.7,completed,3.08
SUB200706,P101493,S5026,2024-06-29 19:18:31.502131,28.3,completed,6.67
SUB200707,P102939,S5029,2024-06-29 20:10:06.972405,21.5,completed,2.96
SUB200708,P102604,S5034,2024-06-29 22:25:02.060249,14.6,completed,2.11
SUB200709,P101264,S5388,2024-06-30 06:15:01.056232,19.4,completed,3.85
SUB200710,P101416,S5297,2024-06-30 07:37:18.471647,16.4,completed,2.85
SUB200711,P101233,S5107,2024-06-30 07:43:53.171631,12.7,completed,1.66
SUB200712,P101416,S5127,2024-06-30 10:37:18.471647,12.3,completed,1.9
SUB200713,P102046,S5231,2024-06-30 17:39:26.323379,12.3,completed,3.05
SUB200714,P101746,S5037,2024-06-30 20:57:57.507025,6.9,completed,1.34
SUB200715,P101187,S5026,2024-07-01 01:58:49.852639,35.3,timed_out,0.0
SUB200716,P101725,S5048,2024-07-01 07:38:20.803864,4.7,completed,0.86
SUB200717,P100515,S5382,2024-07-01 09:31:13.694397,7.3,timed_out,0.0
SUB200718,P100068,S5111,2024-07-01 12:04:09.404687,8.3,completed,1.79
SUB200719,P101985,S5092,2024-07-01 16:04:24.990148,12.3,completed,2.72
SUB200720,P101265,S5249,2024-07-01 17:35:24.387082,18.4,completed,2.91
SUB200721,P101049,S5307,2024-07-01 21:15:56.294157,24.3,completed,4.57
SUB200722,P101265,S5111,2024-07-01 21:35:24.387082,9.6,completed,1.79
SUB200723,P102601,S5029,2024-07-01 21:52:52.362413,18.3,completed,2.96
SUB200724,P101985,S5433,2024-07-01 23:04:24.990148,15.0,completed,2.07
SUB200725,P100436,S5297,2024-07-02 02:15:17.811715,13.2,completed,2.85
SUB200726,P100290,S5188,2024-07-02 04:40:38.812735,12.7,completed,1.52
SUB200727,P102417,S5188,2024-07-02 04:55:17.050405,9.9,completed,1.52
SUB200728,P102609,S5281,2024-07-02 05:00:59.687023,6.4,completed,1.47
SUB200729,P100436,S5433,2024-07-02 11:15:17.811715,11.9,returned,0.0
SUB200730,P101454,S5350,2024-07-02 11:19:16.557817,18.0,timed_out,0.0
SUB200731,P100701,S5083,2024-07-02 11:42:01.203346,6.6,completed,0.8
SUB200732,P100424,S5127,2024-07-02 14:52:58.182770,12.3,completed,1.9
SUB200733,P100701,S5059,2024-07-02 20:42:01.203346,12.9,completed,2.37
SUB200734,P100145,S5016,2024-07-02 21:12:45.039813,10.5,completed,1.61
SUB200735,P101265,S5029,2024-07-02 22:35:24.387082,18.0,completed,2.96
SUB200736,P101391,S5376,2024-07-02 22:59:45.178010,23.4,completed,4.64
SUB200737,P102246,S5433,2024-07-02 23:45:44.630850,12.2,completed,2.07
SUB200738,P102081,S5111,2024-07-02 23:55:39.977120,7.8,completed,1.79
SUB200739,P102349,S5111,2024-07-03 01:27:33.034357,8.3,completed,1.79
SUB200740,P102609,S5231,2024-07-03 04:00:59.687023,11.4,completed,3.05
SUB200741,P100925,S5376,2024-07-03 05:03:34.015547,21.1,completed,4.64
SUB200742,P100874,S5388,2024-07-03 07:51:53.658605,17.0,rejected,0.0
SUB200743,P100205,S5433,2024-07-03 08:19:39.389944,11.1,completed,2.07
SUB200744,P100472,S5412,2024-07-03 08:46:22.700725,30.4,timed_out,0.0
SUB200745,P102081,S5231,2024-07-03 08:55:39.977120,12.5,completed,3.05
SUB200746,P100603,S5036,2024-07-03 11:50:58.409247,3.8,completed,0.5
SUB200747,P102081,S5433,2024-07-03 11:55:39.977120,12.6,completed,2.07
SUB200748,P102932,S5376,2024-07-03 13:40:17.740480,23.5,completed,4.64
SUB200749,P100436,S5083,2024-07-03 14:15:17.811715,7.6,completed,0.8
SUB200750,P102401,S5092,2024-07-03 15:23:38.337321,14.2,returned,0.0
SUB200751,P102780,S5036,2024-07-03 16:27:22.779877,2.6,completed,0.5
SUB200752,P102081,S5037,2024-07-03 18:55:39.977120,7.6,timed_out,0.0
SUB200753,P101049,S5009,2024-07-03 21:15:56.294157,50.4,completed,7.89
SUB200754,P100168,S5433,2024-07-03 21:42:35.745215,13.2,completed,2.07
SUB200755,P101950,S5026,2024-07-03 23:16:27.219006,41.9,completed,6.67
SUB200756,P101725,S5037,2024-07-04 01:38:20.803864,6.9,completed,1.34
SUB200757,P100472,S5307,2024-07-04 07:46:22.700725,28.1,completed,4.57
SUB200758,P101454,S5026,2024-07-04 08:19:16.557817,30.7,completed,6.67
SUB200759,P101049,S5376,2024-07-04 09:15:56.294157,23.0,completed,4.64
SUB200760,P101454,S5231,2024-07-04 09:19:16.557817,13.2,completed,3.05
SUB200761,P102601,S5250,2024-07-04 09:52:52.362413,7.7,completed,1.13
SUB200762,P101233,S5092,2024-07-04 10:43:53.171631,14.1,completed,2.72
SUB200763,P101049,S5249,2024-07-04 12:15:56.294157,22.3,completed,2.91
SUB200764,P100077,S5297,2024-07-04 14:04:18.431132,11.0,completed,2.85
SUB200765,P101696,S5016,2024-07-04 18:31:53.164533,10.2,completed,1.61
SUB200766,P100603,S5438,2024-07-04 18:50:58.409247,20.5,completed,3.47
SUB200767,P101416,S5071,2024-07-05 01:37:18.471647,7.2,completed,1.28
SUB200768,P102609,S5009,2024-07-05 03:00:59.687023,55.0,completed,7.89
SUB200769,P100925,S5111,2024-07-05 03:03:34.015547,11.1,completed,1.79
SUB200770,P100874,S5059,2024-07-05 06:51:53.658605,16.1,completed,2.37
SUB200771,P101049,S5016,2024-07-05 13:15:56.294157,11.4,completed,1.61
SUB200772,P102606,S5350,2024-07-05 15:15:51.825865,16.3,completed,3.08
SUB200773,P101286,S5281,2024-07-05 16:02:47.784290,9.4,completed,1.47
SUB200774,P100586,S5143,2024-07-05 17:06:55.476984,15.8,completed,2.39
SUB200775,P102241,S5048,2024-07-05 18:50:24.702732,4.7,completed,0.86
SUB200776,P101454,S5083,2024-07-05 20:19:16.557817,7.6,completed,0.8
SUB200777,P101454,S5083,2024-07-06 00:19:16.557817,5.5,timed_out,0.0
SUB200778,P100300,S5034,2024-07-06 02:08:46.124074,16.2,completed,2.11
SUB200779,P101454,S5083,2024-07-06 02:19:16.557817,7.6,completed,0.8
SUB200780,P100850,S5412,2024-07-06 03:57:05.862661,22.8,timed_out,0.0
SUB200781,P100704,S5026,2024-07-06 06:42:49.537938,43.4,completed,6.67
SUB200782,P102171,S5412,2024-07-06 13:27:06.805561,22.5,completed,5.45
SUB200783,P102528,S5350,2024-07-06 13:52:04.679798,19.5,completed,3.08
SUB200784,P101034,S5037,2024-07-06 15:40:59.951968,8.2,rejected,0.0
SUB200785,P100354,S5083,2024-07-06 21:05:11.645483,7.9,completed,0.8
SUB200786,P100701,S5083,2024-07-07 02:42:01.203346,8.3,completed,0.8
SUB200787,P100586,S5297,2024-07-07 05:06:55.476984,12.8,completed,2.85
SUB200788,P102932,S5250,2024-07-07 05:40:17.740480,7.4,rejected,0.0
SUB200789,P101273,S5307,2024-07-07 06:04:44.163551,24.5,completed,4.57
SUB200790,P102939,S5231,2024-07-07 07:10:06.972405,11.5,returned,0.0
SUB200791,P101435,S5059,2024-07-07 08:51:08.295330,15.8,completed,2.37
SUB200792,P101696,S5249,2024-07-07 09:31:53.164533,17.5,completed,2.91
SUB200793,P100168,S5059,2024-07-07 09:42:35.745215,16.4,completed,2.37
SUB200794,P102342,S5071,2024-07-07 13:36:40.966367,6.6,completed,1.28
SUB200795,P100290,S5350,2024-07-07 14:40:38.812735,17.8,completed,3.08
SUB200796,P100472,S5092,2024-07-07 14:46:22.700725,12.5,completed,2.72
SUB200797,P100925,S5034,2024-07-07 18:03:34.015547,14.7,completed,2.11
SUB200798,P102401,S5231,2024-07-08 01:23:38.337321,16.3,completed,3.05
SUB200799,P101969,S5083,2024-07-08 03:53:54.250275,7.4,completed,0.8
SUB200800,P100300,S5083,2024-07-08 04:08:46.124074,7.8,completed,0.8
SUB200801,P101799,S5111,2024-07-08 05:48:08.173693,9.6,returned,0.0
SUB200802,P100300,S5026,2024-07-08 14:08:46.124074,33.0,completed,6.67
SUB200803,P100424,S5203,2024-07-08 19:52:58.182770,11.2,completed,1.75
SUB200804,P101716,S5231,2024-07-08 20:00:31.906413,11.3,completed,3.05
SUB200805,P101034,S5297,2024-07-08 22:40:59.951968,13.1,completed,2.85
SUB200806,P102528,S5412,2024-07-08 23:52:04.679798,26.5,completed,5.45
SUB200807,P100925,S5026,2024-07-09 05:03:34.015547,35.6,returned,0.0
SUB200808,P100290,S5107,2024-07-09 10:40:38.812735,11.8,completed,1.66
SUB200809,P102609,S5071,2024-07-09 11:00:59.687023,7.4,completed,1.28
SUB200810,P102528,S5107,2024-07-09 11:52:04.679798,13.0,completed,1.66
SUB200811,P102562,S5037,2024-07-09 15:39:48.836070,9.2,timed_out,0.0
SUB200812,P102780,S5307,2024-07-09 16:27:22.779877,36.2,completed,4.57
SUB200813,P102417,S5026,2024-07-09 16:55:17.050405,37.4,completed,6.67
SUB200814,P101391,S5048,2024-07-09 19:59:45.178010,4.6,completed,0.86
SUB200815,P100515,S5009,2024-07-09 21:31:13.694397,56.5,completed,7.89
SUB200816,P101300,S5026,2024-07-09 23:49:30.981325,31.9,completed,6.67
SUB200817,P100449,S5440,2024-07-10 01:01:51.164662,18.2,completed,2.63
SUB200818,P100190,S5026,2024-07-10 01:52:25.321987,32.1,completed,6.67
SUB200819,P102827,S5382,2024-07-10 04:23:34.630879,9.1,completed,1.68
SUB200820,P101435,S5382,2024-07-10 04:51:08.295330,7.0,completed,1.68
SUB200821,P102939,S5107,2024-07-10 07:10:06.972405,12.1,completed,1.66
SUB200822,P100515,S5307,2024-07-10 12:31:13.694397,28.2,completed,4.57
SUB200823,P102528,S5433,2024-07-10 16:52:04.679798,12.8,completed,2.07
SUB200824,P101273,S5350,2024-07-10 17:04:44.163551,18.1,completed,3.08
SUB200825,P101132,S5433,2024-07-10 18:36:08.348416,12.8,completed,2.07
SUB200826,P101391,S5438,2024-07-10 20:59:45.178010,15.2,completed,3.47
SUB200827,P100586,S5029,2024-07-11 03:06:55.476984,16.8,timed_out,0.0
SUB200828,P102796,S5127,2024-07-11 04:10:36.658253,14.8,returned,0.0
SUB200829,P101985,S5203,2024-07-11 06:04:24.990148,12.1,completed,1.75
SUB200830,P100201,S5185,2024-07-11 07:34:40.327837,33.3,completed,5.65
SUB200831,P100311,S5412,2024-07-11 08:56:51.135510,26.3,completed,5.45
SUB200832,P101454,S5127,2024-07-11 10:19:16.557817,13.8,completed,1.9
SUB200833,P102246,S5059,2024-07-11 11:45:44.630850,12.8,completed,2.37
SUB200834,P102246,S5297,2024-07-11 12:45:44.630850,15.7,completed,2.85
SUB200835,P100515,S5009,2024-07-11 15:31:13.694397,52.8,completed,7.89
SUB200836,P100168,S5143,2024-07-11 15:42:35.745215,14.8,completed,2.39
SUB200837,P101038,S5026,2024-07-11 18:58:05.344178,32.6,completed,6.67
SUB200838,P101795,S5036,2024-07-11 20:16:36.267571,2.6,completed,0.5
SUB200839,P100515,S5071,2024-07-11 20:31:13.694397,7.0,completed,1.28
SUB200840,P102604,S5388,2024-07-11 21:25:02.060249,19.2,completed,3.85
SUB200841,P101696,S5034,2024-07-11 23:31:53.164533,12.0,completed,2.11
SUB200842,P102241,S5231,2024-07-12 01:50:24.702732,13.7,completed,3.05
SUB200843,P101454,S5048,2024-07-12 02:19:16.557817,4.4,completed,0.86
SUB200844,P101265,S5388,2024-07-12 04:35:24.387082,14.9,completed,3.85
SUB200845,P102827,S5048,2024-07-12 06:23:34.630879,5.6,completed,0.86
SUB200846,P102046,S5281,2024-07-12 07:39:26.323379,9.1,completed,1.47
SUB200847,P100436,S5281,2024-07-12 10:15:17.811715,6.8,completed,1.47
SUB200848,P101493,S5048,2024-07-12 11:18:31.502131,5.2,completed,0.86
SUB200849,P101441,S5438,2024-07-12 12:38:05.484956,17.9,completed,3.47
SUB200850,P102118,S5083,2024-07-12 13:16:22.225478,5.8,completed,0.8
SUB200851,P101286,S5059,2024-07-12 14:02:47.784290,15.3,completed,2.37
SUB200852,P101575,S5137,2024-07-12 15:33:18.073797,38.5,completed,6.57
SUB200853,P102418,S5036,2024-07-12 16:14:57.441688,3.1,completed,0.5
SUB200854,P101300,S5071,2024-07-12 16:49:30.981325,5.6,completed,1.28
SUB200855,P101493,S5297,2024-07-12 18:18:31.502131,11.5,completed,2.85
SUB200856,P100168,S5029,2024-07-12 18:42:35.745215,20.5,completed,2.96
SUB200857,P102732,S5137,2024-07-13 00:43:09.766957,38.0,completed,6.57
SUB200858,P102604,S5036,2024-07-13 02:25:02.060249,3.4,completed,0.5
SUB200859,P101795,S5143,2024-07-13 06:16:36.267571,12.7,completed,2.39
SUB200860,P102606,S5281,2024-07-13 10:15:51.825865,6.2,completed,1.47
SUB200861,P102604,S5127,2024-07-13 11:25:02.060249,15.1,completed,1.9
SUB200862,P102604,S5026,2024-07-13 15:25:02.060249,31.1,completed,6.67
SUB200863,P100515,S5026,2024-07-13 17:31:13.694397,34.4,completed,6.67
SUB200864,P100515,S5388,2024-07-13 18:31:13.694397,17.7,completed,3.85
SUB200865,P100586,S5188,2024-07-13 19:06:55.476984,10.0,completed,1.52
SUB200866,P100603,S5036,2024-07-13 19:50:58.409247,2.9,completed,0.5
SUB200867,P100190,S5438,2024-07-13 19:52:25.321987,22.4,completed,3.47
SUB200868,P100436,S5107,2024-07-13 20:15:17.811715,12.6,completed,1.66
SUB200869,P100701,S5127,2024-07-13 20:42:01.203346,12.6,completed,1.9
SUB200870,P101716,S5092,2024-07-13 22:00:31.906413,16.7,returned,0.0
SUB200871,P102609,S5216,2024-07-13 23:00:59.687023,18.0,completed,2.13
SUB200872,P101300,S5127,2024-07-13 23:49:30.981325,15.0,returned,0.0
SUB200873,P101391,S5127,2024-07-13 23:59:45.178010,13.5,completed,1.9
SUB200874,P100354,S5036,2024-07-14 00:05:11.645483,3.1,completed,0.5
SUB200875,P100300,S5382,2024-07-14 01:08:46.124074,6.6,completed,1.68
SUB200876,P101723,S5440,2024-07-14 07:58:33.927638,19.3,completed,2.63
SUB200877,P102222,S5258,2024-07-14 08:16:59.236423,21.1,completed,2.75
SUB200878,P100515,S5029,2024-07-14 08:31:13.694397,17.8,completed,2.96
SUB200879,P100476,S5143,2024-07-14 13:44:38.223887,11.4,completed,2.39
SUB200880,P102417,S5250,2024-07-14 16:55:17.050405,7.7,completed,1.13
SUB200881,P101233,S5231,2024-07-14 17:43:53.171631,11.5,completed,3.05
SUB200882,P101746,S5048,2024-07-14 17:57:57.507025,5.9,completed,0.86
SUB200883,P102796,S5412,2024-07-14 19:10:36.658253,25.4,completed,5.45
SUB200884,P102342,S5107,2024-07-14 19:36:40.966367,11.3,completed,1.66
SUB200885,P101826,S5029,2024-07-14 19:57:38.938281,24.7,completed,2.96
SUB200886,P101723,S5250,2024-07-14 19:58:33.927638,7.0,completed,1.13
SUB200887,P101441,S5143,2024-07-14 21:38:05.484956,14.2,completed,2.39
SUB200888,P101187,S5412,2024-07-14 23:58:49.852639,21.8,completed,5.45
SUB200889,P102046,S5059,2024-07-15 02:39:26.323379,16.9,completed,2.37
SUB200890,P102544,S5412,2024-07-15 03:03:05.526619,27.0,completed,5.45
SUB200891,P101644,S5229,2024-07-15 04:53:08.988693,55.4,completed,7.54
SUB200892,P102417,S5249,2024-07-15 05:55:17.050405,18.5,returned,0.0
SUB200893,P102609,S5111,2024-07-15 13:00:59.687023,10.7,completed,1.79
SUB200894,P102558,S5397,2024-07-15 20:35:05.000081,21.9,completed,2.96
SUB200895,P102601,S5111,2024-07-16 00:52:52.362413,8.1,completed,1.79
SUB200896,P102222,S5203,2024-07-16 01:16:59.236423,10.6,completed,1.75
SUB200897,P100168,S5307,2024-07-16 02:42:35.745215,35.4,completed,4.57
SUB200898,P102601,S5433,2024-07-16 02:52:52.362413,12.2,completed,2.07
SUB200899,P101575,S5281,2024-07-16 14:33:18.073797,8.9,completed,1.47
SUB200900,P101286,S5071,2024-07-16 15:02:47.784290,5.8,timed_out,0.0
SUB200901,P101116,S5016,2024-07-16 17:00:37.338665,9.6,completed,1.61
SUB200902,P101441,S5229,2024-07-16 20:38:05.484956,48.9,completed,7.54
SUB200903,P102246,S5092,2024-07-16 20:45:44.630850,17.5,completed,2.72
SUB200904,P101746,S5026,2024-07-16 20:57:57.507025,41.4,completed,6.67
SUB200905,P102118,S5256,2024-07-16 22:16:22.225478,20.0,completed,4.49
SUB200906,P100168,S5376,2024-07-17 02:42:35.745215,18.5,completed,4.64
SUB200907,P100300,S5092,2024-07-17 03:08:46.124074,11.4,completed,2.72
SUB200908,P101597,S5036,2024-07-17 16:22:41.676558,3.0,completed,0.5
SUB200909,P100424,S5216,2024-07-17 19:52:58.182770,16.0,completed,2.13
SUB200910,P101493,S5412,2024-07-17 20:18:31.502131,21.0,completed,5.45
SUB200911,P102241,S5029,2024-07-17 21:50:24.702732,16.6,returned,0.0
SUB200912,P100311,S5376,2024-07-18 01:56:51.135510,16.6,completed,4.64
SUB200913,P102118,S5143,2024-07-18 02:16:22.225478,14.3,completed,2.39
SUB200914,P101286,S5188,2024-07-18 04:02:47.784290,10.1,timed_out,0.0
SUB200915,P102780,S5250,2024-07-18 06:27:22.779877,5.9,completed,1.13
SUB200916,P101950,S5397,2024-07-18 07:16:27.219006,17.7,completed,2.96
SUB200917,P101493,S5143,2024-07-18 08:18:31.502131,13.8,completed,2.39
SUB200918,P102171,S5376,2024-07-18 08:27:06.805561,19.7,completed,4.64
SUB200919,P102732,S5129,2024-07-18 09:43:09.766957,8.4,completed,1.59
SUB200920,P102136,S5036,2024-07-18 16:49:15.129736,2.4,completed,0.5
SUB200921,P101318,S5092,2024-07-18 19:46:11.338238,12.7,completed,2.72
SUB200922,P101286,S5137,2024-07-19 01:02:47.784290,26.5,completed,6.57
SUB200923,P102046,S5127,2024-07-19 01:39:26.323379,13.6,completed,1.9
SUB200924,P100672,S5016,2024-07-19 03:04:45.822848,7.8,returned,0.0
SUB200925,P101265,S5438,2024-07-19 07:35:24.387082,19.9,completed,3.47
SUB200926,P101187,S5213,2024-07-19 07:58:49.852639,10.1,completed,1.08
SUB200927,P101187,S5132,2024-07-19 07:58:49.852639,19.7,completed,4.18
SUB200928,P102118,S5016,2024-07-19 12:16:22.225478,8.7,completed,1.61
SUB200929,P101746,S5297,2024-07-19 14:57:57.507025,15.8,completed,2.85
SUB200930,P101300,S5036,2024-07-19 16:49:30.981325,2.4,completed,0.5
SUB200931,P100068,S5382,2024-07-19 19:04:09.404687,8.9,completed,1.68
SUB200932,P101929,S5213,2024-07-20 03:13:35.366091,8.1,returned,0.0
SUB200933,P101264,S5220,2024-07-20 06:15:01.056232,7.0,timed_out,0.0
SUB200934,P101300,S5213,2024-07-20 11:49:30.981325,10.2,completed,1.08
SUB200935,P100311,S5281,2024-07-20 11:56:51.135510,6.5,completed,1.47
SUB200936,P101929,S5083,2024-07-20 18:13:35.366091,7.5,completed,0.8
SUB200937,P100982,S5127,2024-07-20 19:15:15.016495,12.3,completed,1.9
SUB200938,P101187,S5034,2024-07-20 20:58:49.852639,14.8,completed,2.11
SUB200939,P102203,S5258,2024-07-20 21:28:51.749464,22.9,completed,2.75
SUB200940,P100300,S5388,2024-07-20 22:08:46.124074,14.5,completed,3.85
SUB200941,P100409,S5350,2024-07-21 01:40:04.382716,13.4,rejected,0.0
SUB200942,P102246,S5132,2024-07-21 01:45:44.630850,23.1,completed,4.18
SUB200943,P100372,S5188,2024-07-21 01:54:43.073541,15.2,completed,1.52
SUB200944,P102528,S5127,2024-07-21 02:52:04.679798,12.5,completed,1.9
SUB200945,P101273,S5143,2024-07-21 08:04:44.163551,17.1,completed,2.39
SUB200946,P101318,S5037,2024-07-21 09:46:11.338238,9.0,completed,1.34
SUB200947,P101132,S5388,2024-07-21 11:36:08.348416,18.3,completed,3.85
SUB200948,P102780,S5412,2024-07-21 21:27:22.779877,24.1,completed,5.45
SUB200949,P102528,S5440,2024-07-22 07:52:04.679798,18.7,completed,2.63
SUB200950,P101799,S5256,2024-07-22 08:48:08.173693,24.2,timed_out,0.0
SUB200951,P100515,S5194,2024-07-22 09:31:13.694397,25.7,completed,3.46
SUB200952,P101575,S5249,2024-07-22 09:33:18.073797,18.7,completed,2.91
SUB200953,P102780,S5229,2024-07-22 12:27:22.779877,62.7,completed,7.54
SUB200954,P101575,S5203,2024-07-22 15:33:18.073797,8.1,returned,0.0
SUB200955,P101391,S5188,2024-07-22 15:59:45.178010,11.4,completed,1.52
SUB200956,P100077,S5412,2024-07-22 16:04:18.431132,27.4,completed,5.45
SUB200957,P102827,S5036,2024-07-22 16:23:34.630879,2.6,completed,0.5
SUB200958,P100400,S5376,2024-07-22 18:41:46.146077,23.2,rejected,0.0
SUB200959,P100283,S5036,2024-07-22 20:28:25.369629,3.6,completed,0.5
SUB200960,P102046,S5213,2024-07-22 21:39:26.323379,11.0,completed,1.08
SUB200961,P102601,S5107,2024-07-23 02:52:52.362413,11.9,timed_out,0.0
SUB200962,P100977,S5143,2024-07-23 05:20:47.956049,10.9,completed,2.39
SUB200963,P100676,S5213,2024-07-23 08:48:59.333318,10.1,completed,1.08
SUB200964,P100634,S5250,2024-07-23 09:02:47.436605,5.8,completed,1.13
SUB200965,P101286,S5350,2024-07-23 09:02:47.784290,12.6,completed,3.08
SUB200966,P102528,S5107,2024-07-23 10:52:04.679798,10.3,completed,1.66
SUB200967,P100676,S5016,2024-07-23 13:48:59.333318,11.9,returned,0.0
SUB200968,P102528,S5143,2024-07-23 15:52:04.679798,17.2,completed,2.39
SUB200969,P101391,S5037,2024-07-23 16:59:45.178010,7.5,completed,1.34
SUB200970,P101826,S5185,2024-07-23 17:57:38.938281,30.4,completed,5.65
SUB200971,P100472,S5016,2024-07-23 22:46:22.700725,8.8,completed,1.61
SUB200972,P101493,S5297,2024-07-24 00:18:31.502131,16.3,completed,2.85
SUB200973,P102780,S5137,2024-07-24 01:27:22.779877,28.8,completed,6.57
SUB200974,P101318,S5071,2024-07-24 08:46:11.338238,6.9,returned,0.0
SUB200975,P100701,S5092,2024-07-24 09:42:01.203346,17.2,completed,2.72
SUB200976,P100925,S5350,2024-07-24 13:03:34.015547,19.2,completed,3.08
SUB200977,P100701,S5249,2024-07-24 17:42:01.203346,13.9,completed,2.91
SUB200978,P100454,S5249,2024-07-24 18:02:31.997318,19.9,completed,2.91
SUB200979,P100676,S5412,2024-07-25 01:48:59.333318,27.5,completed,5.45
SUB200980,P100099,S5038,2024-07-25 03:25:08.653689,27.3,completed,4.91
SUB200981,P100925,S5111,2024-07-25 04:03:34.015547,9.8,completed,1.79
SUB200982,P102046,S5188,2024-07-25 04:39:26.323379,13.6,completed,1.52
SUB200983,P102306,S5083,2024-07-25 05:19:52.683359,7.2,timed_out,0.0
SUB200984,P100672,S5341,2024-07-25 10:04:45.822848,19.1,timed_out,0.0
SUB200985,P102136,S5231,2024-07-25 11:49:15.129736,13.8,completed,3.05
SUB200986,P101435,S5111,2024-07-25 12:51:08.295330,11.3,completed,1.79
SUB200987,P102046,S5281,2024-07-25 20:39:26.323379,6.9,completed,1.47
SUB200988,P102528,S5026,2024-07-25 23:52:04.679798,33.1,rejected,0.0
SUB200989,P101593,S5382,2024-07-26 05:01:19.660615,9.8,completed,1.68
SUB200990,P101286,S5111,2024-07-26 08:02:47.784290,10.6,completed,1.79
SUB200991,P100436,S5297,2024-07-26 15:15:17.811715,15.8,returned,0.0
SUB200992,P101462,S5137,2024-07-26 16:40:59.481595,38.5,completed,6.57
SUB200993,P101286,S5307,2024-07-26 17:02:47.784290,26.0,completed,4.57
SUB200994,P102544,S5016,2024-07-26 21:03:05.526619,9.7,completed,1.61
SUB200995,P100476,S5111,2024-07-26 23:44:38.223887,9.7,rejected,0.0
SUB200996,P100899,S5107,2024-07-27 06:16:13.498333,13.4,timed_out,0.0
SUB200997,P101264,S5103,2024-07-27 07:15:01.056232,19.7,completed,3.8
SUB200998,P102046,S5127,2024-07-27 08:39:26.323379,10.1,completed,1.9
SUB200999,P101286,S5143,2024-07-27 11:02:47.784290,16.3,completed,2.39
SUB201000,P100068,S5203,2024-07-27 11:04:09.404687,11.1,completed,1.75
SUB201001,P101435,S5071,2024-07-27 11:51:08.295330,6.0,completed,1.28
SUB201002,P102046,S5156,2024-07-27 12:39:26.323379,12.4,completed,1.7
SUB201003,P101762,S5412,2024-07-27 14:39:23.716494,33.2,rejected,0.0
SUB201004,P102118,S5048,2024-07-27 20:16:22.225478,5.9,completed,0.86
SUB201005,P101264,S5258,2024-07-27 23:15:01.056232,18.7,completed,2.75
SUB201006,P100701,S5107,2024-07-28 01:42:01.203346,11.7,completed,1.66
SUB201007,P100515,S5438,2024-07-28 02:31:13.694397,20.5,completed,3.47
SUB201008,P101300,S5281,2024-07-28 05:49:30.981325,8.0,completed,1.47
SUB201009,P101797,S5371,2024-07-28 06:59:49.918770,7.7,completed,1.32
SUB201010,P101286,S5433,2024-07-28 09:02:47.784290,14.5,completed,2.07
SUB201011,P101985,S5324,2024-07-28 11:04:24.990148,13.3,completed,2.12
SUB201012,P100515,S5026,2024-07-28 12:31:13.694397,39.9,completed,6.67
SUB201013,P102562,S5059,2024-07-28 12:39:48.836070,15.3,timed_out,0.0
SUB201014,P100145,S5256,2024-07-28 14:12:45.039813,24.9,timed_out,0.0
SUB201015,P100283,S5250,2024-07-28 18:28:25.369629,7.6,completed,1.13
SUB201016,P100400,S5440,2024-07-28 18:41:46.146077,17.6,completed,2.63
SUB201017,P100333,S5433,2024-07-28 21:14:13.080183,11.0,completed,2.07
SUB201018,P101273,S5071,2024-07-29 00:04:44.163551,6.8,completed,1.28
SUB201019,P101795,S5281,2024-07-29 00:16:36.267571,7.1,completed,1.47
SUB201020,P102544,S5433,2024-07-29 01:03:05.526619,12.1,completed,2.07
SUB201021,P102796,S5083,2024-07-29 05:10:36.658253,5.8,timed_out,0.0
SUB201022,P100190,S5297,2024-07-29 06:52:25.321987,13.5,completed,2.85
SUB201023,P101723,S5036,2024-07-29 06:58:33.927638,3.3,completed,0.5
SUB201024,P101286,S5433,2024-07-29 07:02:47.784290,10.5,completed,2.07
SUB201025,P102562,S5111,2024-07-29 09:39:48.836070,11.3,completed,1.79
SUB201026,P102298,S5034,2024-07-29 09:56:05.564878,12.8,completed,2.11
SUB201027,P101799,S5059,2024-07-29 13:48:08.173693,12.0,completed,2.37
SUB201028,P101318,S5440,2024-07-29 17:46:11.338238,23.2,completed,2.63
SUB201029,P101286,S5397,2024-07-29 19:02:47.784290,17.8,completed,2.96
SUB201030,P102118,S5111,2024-07-29 19:16:22.225478,10.3,completed,1.79
SUB201031,P100201,S5143,2024-07-29 20:34:40.327837,12.9,returned,0.0
SUB201032,P100068,S5129,2024-07-29 23:04:09.404687,10.4,rejected,0.0
SUB201033,P102306,S5250,2024-07-30 01:19:52.683359,7.2,completed,1.13
SUB201034,P102171,S5433,2024-07-30 01:27:06.805561,12.4,completed,2.07
SUB201035,P102298,S5048,2024-07-30 01:56:05.564878,4.3,completed,0.86
SUB201036,P101300,S5376,2024-07-30 08:49:30.981325,26.1,completed,4.64
SUB201037,P100168,S5026,2024-07-30 10:42:35.745215,27.6,completed,6.67
SUB201038,P102298,S5143,2024-07-30 12:56:05.564878,15.8,returned,0.0
SUB201039,P100099,S5129,2024-07-30 16:25:08.653689,9.3,completed,1.59
SUB201040,P101762,S5220,2024-07-30 16:39:23.716494,8.4,completed,1.0
SUB201041,P101264,S5132,2024-07-30 18:15:01.056232,21.0,completed,4.18
SUB201042,P100068,S5371,2024-07-30 19:04:09.404687,7.4,completed,1.32
SUB201043,P101593,S5137,2024-07-30 20:01:19.660615,36.7,completed,6.57
SUB201044,P101746,S5185,2024-07-30 21:57:57.507025,25.7,completed,5.65
SUB201045,P101265,S5137,2024-07-30 22:35:24.387082,36.5,completed,6.57
SUB201046,P102306,S5256,2024-07-30 23:19:52.683359,28.3,returned,0.0
SUB201047,P101985,S5071,2024-07-31 04:04:24.990148,7.5,returned,0.0
SUB201048,P102832,S5016,2024-07-31 07:39:42.681837,9.0,completed,1.61
SUB201049,P100476,S5043,2024-07-31 11:44:38.223887,13.2,completed,2.61
SUB201050,P102306,S5026,2024-07-31 15:19:52.683359,32.6,completed,6.67
SUB201051,P101762,S5382,2024-07-31 21:39:23.716494,10.4,completed,1.68
SUB201052,P102222,S5036,2024-07-31 22:16:59.236423,3.1,completed,0.5
SUB201053,P101575,S5250,2024-07-31 23:33:18.073797,5.8,completed,1.13
SUB201054,P102562,S5111,2024-08-01 03:39:48.836070,11.1,completed,1.79
SUB201055,P102049,S5107,2024-08-01 03:44:31.465560,9.9,completed,1.66
SUB201056,P101746,S5350,2024-08-01 04:57:57.507025,19.5,completed,3.08
SUB201057,P102222,S5256,2024-08-01 08:16:59.236423,28.0,completed,4.49
SUB201058,P101795,S5307,2024-08-01 09:16:36.267571,23.7,completed,4.57
SUB201059,P102118,S5048,2024-08-01 17:16:22.225478,3.7,completed,0.86
SUB201060,P102827,S5256,2024-08-01 22:23:34.630879,19.4,completed,4.49
SUB201061,P101435,S5203,2024-08-01 22:51:08.295330,12.4,completed,1.75
SUB201062,P101593,S5137,2024-08-02 00:01:19.660615,30.3,returned,0.0
SUB201063,P102780,S5231,2024-08-02 00:27:22.779877,11.7,completed,3.05
SUB201064,P100925,S5059,2024-08-02 02:03:34.015547,15.0,completed,2.37
SUB201065,P102604,S5071,2024-08-02 02:25:02.060249,5.8,completed,1.28
SUB201066,P102796,S5171,2024-08-02 09:10:36.658253,2.4,completed,0.44
SUB201067,P102222,S5026,2024-08-02 10:16:59.236423,35.7,completed,6.67
SUB201068,P100400,S5107,2024-08-02 10:41:46.146077,11.9,completed,1.66
SUB201069,P102832,S5137,2024-08-02 11:39:42.681837,39.1,completed,6.57
SUB201070,P100460,S5281,2024-08-02 15:09:31.098146,7.5,completed,1.47
SUB201071,P102246,S5281,2024-08-02 16:45:44.630850,8.5,completed,1.47
SUB201072,P102604,S5376,2024-08-02 18:25:02.060249,17.4,completed,4.64
SUB201073,P100400,S5129,2024-08-03 01:41:46.146077,10.7,completed,1.59
SUB201074,P101435,S5249,2024-08-03 01:51:08.295330,17.4,completed,2.91
SUB201075,P102222,S5433,2024-08-03 02:16:59.236423,9.7,returned,0.0
SUB201076,P100168,S5250,2024-08-03 04:42:35.745215,7.6,completed,1.13
SUB201077,P102171,S5036,2024-08-03 05:27:06.805561,3.7,completed,0.5
SUB201078,P101795,S5137,2024-08-03 07:16:36.267571,34.6,completed,6.57
SUB201079,P101416,S5036,2024-08-03 10:37:18.471647,3.6,timed_out,0.0
SUB201080,P100283,S5231,2024-08-03 11:28:25.369629,12.3,completed,3.05
SUB201081,P101575,S5258,2024-08-03 11:33:18.073797,17.9,rejected,0.0
SUB201082,P102306,S5111,2024-08-03 12:19:52.683359,10.7,completed,1.79
SUB201083,P102171,S5038,2024-08-03 12:27:06.805561,22.1,completed,4.91
SUB201084,P102685,S5438,2024-08-03 12:54:06.066527,19.7,completed,3.47
SUB201085,P101493,S5137,2024-08-03 15:18:31.502131,40.7,completed,6.57
SUB201086,P102562,S5040,2024-08-03 16:39:48.836070,35.5,timed_out,0.0
SUB201087,P102732,S5382,2024-08-03 17:43:09.766957,7.4,completed,1.68
SUB201088,P101593,S5438,2024-08-04 07:01:19.660615,14.8,completed,3.47
SUB201089,P100145,S5229,2024-08-04 07:12:45.039813,60.0,completed,7.54
SUB201090,P100676,S5440,2024-08-04 09:48:59.333318,17.5,completed,2.63
SUB201091,P100925,S5111,2024-08-04 10:03:34.015547,8.4,completed,1.79
SUB201092,P102562,S5185,2024-08-04 17:39:48.836070,38.0,completed,5.65
SUB201093,P102796,S5016,2024-08-04 19:10:36.658253,8.6,rejected,0.0
SUB201094,P100476,S5071,2024-08-04 19:44:38.223887,8.0,completed,1.28
SUB201095,P101723,S5034,2024-08-04 19:58:33.927638,18.0,completed,2.11
SUB201096,P100099,S5438,2024-08-04 20:25:08.653689,17.9,completed,3.47
SUB201097,P101746,S5382,2024-08-05 02:57:57.507025,6.9,completed,1.68
SUB201098,P102298,S5440,2024-08-05 05:56:05.564878,20.1,completed,2.63
SUB201099,P100068,S5203,2024-08-05 07:04:09.404687,9.6,completed,1.75
SUB201100,P101668,S5231,2024-08-05 08:59:16.237574,13.1,completed,3.05
SUB201101,P100459,S5048,2024-08-05 10:06:33.453258,4.7,completed,0.86
SUB201102,P102832,S5256,2024-08-05 16:39:42.681837,25.2,completed,4.49
SUB201103,P100409,S5127,2024-08-05 20:40:04.382716,10.1,completed,1.9
SUB201104,P101493,S5388,2024-08-05 21:18:31.502131,20.9,completed,3.85
SUB201105,P102246,S5382,2024-08-05 21:45:44.630850,7.2,completed,1.68
SUB201106,P102171,S5231,2024-08-05 23:27:06.805561,14.1,completed,3.05
SUB201107,P102478,S5220,2024-08-06 03:03:36.820788,6.1,completed,1.0
SUB201108,P101668,S5171,2024-08-06 08:59:16.237574,2.4,completed,0.44
SUB201109,P101265,S5229,2024-08-06 10:35:24.387082,61.3,completed,7.54
SUB201110,P102796,S5433,2024-08-06 13:10:36.658253,12.8,completed,2.07
SUB201111,P101535,S5107,2024-08-06 19:02:22.798175,13.2,completed,1.66
SUB201112,P100938,S5371,2024-08-06 19:51:42.659185,7.4,returned,0.0
SUB201113,P101441,S5433,2024-08-06 21:38:05.484956,9.9,returned,0.0
SUB201114,P101318,S5213,2024-08-06 21:46:11.338238,10.0,completed,1.08
SUB201115,P100460,S5120,2024-08-07 00:09:31.098146,18.9,completed,3.32
SUB201116,P101187,S5059,2024-08-07 01:58:49.852639,11.2,returned,0.0
SUB201117,P102544,S5349,2024-08-07 02:03:05.526619,10.7,completed,2.02
SUB201118,P100068,S5188,2024-08-07 04:04:09.404687,14.9,completed,1.52
SUB201119,P100472,S5129,2024-08-07 04:46:22.700725,10.3,completed,1.59
SUB201120,P102246,S5026,2024-08-07 08:45:44.630850,41.4,completed,6.67
SUB201121,P101187,S5026,2024-08-07 08:58:49.852639,33.8,completed,6.67
SUB201122,P100472,S5382,2024-08-07 10:46:22.700725,9.2,completed,1.68
SUB201123,P100925,S5127,2024-08-07 13:03:34.015547,11.2,completed,1.9
SUB201124,P102478,S5388,2024-08-07 14:03:36.820788,13.6,completed,3.85
SUB201125,P101762,S5038,2024-08-07 15:39:23.716494,29.6,completed,4.91
SUB201126,P102355,S5171,2024-08-07 19:04:27.616861,2.5,completed,0.44
SUB201127,P101297,S5216,2024-08-07 23:42:23.467436,18.5,completed,2.13
SUB201128,P100982,S5203,2024-08-08 01:15:15.016495,10.9,completed,1.75
SUB201129,P101929,S5009,2024-08-08 03:13:35.366091,56.2,completed,7.89
SUB201130,P100037,S5433,2024-08-08 03:58:00.670475,15.1,completed,2.07
SUB201131,P100436,S5016,2024-08-08 04:15:17.811715,10.0,returned,0.0
SUB201132,P102342,S5038,2024-08-08 04:36:40.966367,20.3,completed,4.91
SUB201133,P101795,S5438,2024-08-08 06:16:36.267571,18.9,returned,0.0
SUB201134,P101723,S5412,2024-08-08 07:58:33.927638,33.5,completed,5.45
SUB201135,P100429,S5250,2024-08-08 18:15:08.987265,8.4,completed,1.13
SUB201136,P102780,S5071,2024-08-08 19:27:22.779877,7.5,completed,1.28
SUB201137,P102241,S5103,2024-08-08 20:50:24.702732,22.1,rejected,0.0
SUB201138,P101391,S5194,2024-08-08 20:59:45.178010,17.8,completed,3.46
SUB201139,P101762,S5382,2024-08-08 21:39:23.716494,10.3,completed,1.68
SUB201140,P100701,S5016,2024-08-08 22:42:01.203346,11.5,completed,1.61
SUB201141,P100079,S5213,2024-08-09 00:07:42.415842,7.5,completed,1.08
SUB201142,P102401,S5029,2024-08-09 00:23:38.337321,17.2,timed_out,0.0
SUB201143,P102604,S5397,2024-08-09 00:25:02.060249,24.6,completed,2.96
SUB201144,P100460,S5037,2024-08-09 01:09:31.098146,9.7,timed_out,0.0
SUB201145,P100460,S5220,2024-08-09 07:09:31.098146,6.2,rejected,0.0
SUB201146,P102338,S5129,2024-08-09 07:21:41.297043,8.0,completed,1.59
SUB201147,P102049,S5009,2024-08-09 07:44:31.465560,46.7,completed,7.89
SUB201148,P101676,S5341,2024-08-09 07:54:01.745861,20.9,completed,3.95
SUB201149,P101668,S5129,2024-08-09 15:59:16.237574,8.1,completed,1.59
SUB201150,P100454,S5037,2024-08-09 18:02:31.997318,8.8,completed,1.34
SUB201151,P101435,S5388,2024-08-09 18:51:08.295330,14.7,completed,3.85
SUB201152,P102796,S5037,2024-08-09 19:10:36.658253,7.7,completed,1.34
SUB201153,P101187,S5258,2024-08-09 19:58:49.852639,18.5,completed,2.75
SUB201154,P101119,S5438,2024-08-09 23:24:40.491676,14.8,completed,3.47
SUB201155,P101416,S5220,2024-08-10 05:37:18.471647,8.9,completed,1.0
SUB201156,P100472,S5256,2024-08-10 05:46:22.700725,25.1,completed,4.49
SUB201157,P100079,S5059,2024-08-10 06:07:42.415842,11.6,completed,2.37
SUB201158,P101668,S5026,2024-08-10 16:59:16.237574,27.9,completed,6.67
SUB201159,P100634,S5433,2024-08-10 18:02:47.436605,10.3,completed,2.07
SUB201160,P100436,S5026,2024-08-10 20:15:17.811715,35.8,rejected,0.0
SUB201161,P101762,S5111,2024-08-10 23:39:23.716494,11.5,completed,1.79
SUB201162,P102858,S5250,2024-08-11 00:28:38.137176,6.5,completed,1.13
SUB201163,P102706,S5038,2024-08-11 01:23:30.968825,27.0,completed,4.91
SUB201164,P100604,S5035,2024-08-11 04:16:12.549842,5.7,completed,1.11
SUB201165,P101826,S5111,2024-08-11 06:57:38.938281,8.2,completed,1.79
SUB201166,P101592,S5026,2024-08-11 07:05:10.547461,34.8,rejected,0.0
SUB201167,P100546,S5156,2024-08-11 10:43:28.477352,12.4,completed,1.7
SUB201168,P102118,S5071,2024-08-11 13:16:22.225478,7.3,completed,1.28
SUB201169,P100515,S5376,2024-08-11 18:31:13.694397,23.8,rejected,0.0
SUB201170,P102136,S5120,2024-08-11 19:49:15.129736,28.7,completed,3.32
SUB201171,P102732,S5341,2024-08-11 20:43:09.766957,19.2,returned,0.0
SUB201172,P101416,S5258,2024-08-11 21:37:18.471647,23.7,completed,2.75
SUB201173,P101318,S5043,2024-08-11 22:46:11.338238,16.2,completed,2.61
SUB201174,P102858,S5059,2024-08-11 23:28:38.137176,13.0,completed,2.37
SUB201175,P101435,S5071,2024-08-12 01:51:08.295330,6.8,completed,1.28
SUB201176,P101391,S5412,2024-08-12 01:59:45.178010,26.9,completed,5.45
SUB201177,P101493,S5092,2024-08-12 02:18:31.502131,13.2,completed,2.72
SUB201178,P102118,S5132,2024-08-12 03:16:22.225478,18.0,completed,4.18
SUB201179,P101797,S5026,2024-08-12 04:59:49.918770,29.4,completed,6.67
SUB201180,P101697,S5350,2024-08-12 06:21:50.828030,17.5,completed,3.08
SUB201181,P100604,S5249,2024-08-12 07:16:12.549842,21.9,rejected,0.0
SUB201182,P100539,S5103,2024-08-12 07:58:39.812912,17.6,completed,3.8
SUB201183,P101416,S5231,2024-08-12 09:37:18.471647,14.8,completed,3.05
SUB201184,P102562,S5281,2024-08-12 09:39:48.836070,6.7,completed,1.47
SUB201185,P101233,S5171,2024-08-12 10:43:53.171631,2.6,completed,0.44
SUB201186,P101233,S5341,2024-08-12 11:43:53.171631,24.7,completed,3.95
SUB201187,P101799,S5129,2024-08-12 12:48:08.173693,11.1,completed,1.59
SUB201188,P101797,S5297,2024-08-12 13:59:49.918770,16.6,returned,0.0
SUB201189,P100546,S5071,2024-08-12 14:43:28.477352,5.4,completed,1.28
SUB201190,P101746,S5307,2024-08-12 14:57:57.507025,35.5,rejected,0.0
SUB201191,P101795,S5156,2024-08-12 19:16:36.267571,17.0,completed,1.7
SUB201192,P101286,S5129,2024-08-12 20:02:47.784290,11.3,completed,1.59
SUB201193,P101985,S5092,2024-08-12 20:04:24.990148,17.6,completed,2.72
SUB201194,P100634,S5281,2024-08-12 21:02:47.436605,6.8,returned,0.0
SUB201195,P101391,S5083,2024-08-13 02:59:45.178010,5.8,completed,0.8
SUB201196,P101593,S5438,2024-08-13 05:01:19.660615,18.9,returned,0.0
SUB201197,P102046,S5103,2024-08-13 05:39:26.323379,17.0,completed,3.8
SUB201198,P101821,S5026,2024-08-13 08:01:42.644088,30.3,completed,6.67
SUB201199,P100925,S5297,2024-08-13 12:03:34.015547,11.3,completed,2.85
SUB201200,P101697,S5071,2024-08-13 14:21:50.828030,7.4,completed,1.28
SUB201201,P100938,S5137,2024-08-13 15:51:42.659185,39.3,completed,6.57
SUB201202,P101668,S5388,2024-08-13 18:59:16.237574,19.2,completed,3.85
SUB201203,P101723,S5071,2024-08-13 21:58:33.927638,8.0,completed,1.28
SUB201204,P101493,S5297,2024-08-13 23:18:31.502131,14.5,completed,2.85
SUB201205,P100460,S5188,2024-08-14 00:09:31.098146,10.7,completed,1.52
SUB201206,P102685,S5111,2024-08-14 01:54:06.066527,9.4,completed,1.79
SUB201207,P102222,S5198,2024-08-14 02:16:59.236423,18.5,completed,1.92
SUB201208,P100429,S5258,2024-08-14 04:15:08.987265,21.8,completed,2.75
SUB201209,P100460,S5229,2024-08-14 06:09:31.098146,58.0,completed,7.54
SUB201210,P101297,S5107,2024-08-14 10:42:23.467436,9.0,completed,1.66
SUB201211,P102201,S5188,2024-08-14 12:55:07.248462,12.3,completed,1.52
SUB201212,P101795,S5307,2024-08-14 14:16:36.267571,35.7,completed,4.57
SUB201213,P100099,S5203,2024-08-14 14:25:08.653689,11.8,completed,1.75
SUB201214,P101265,S5324,2024-08-14 15:35:24.387082,14.3,completed,2.12
SUB201215,P100168,S5185,2024-08-14 15:42:35.745215,34.0,returned,0.0
SUB201216,P101187,S5029,2024-08-14 15:58:49.852639,20.9,completed,2.96
SUB201217,P101199,S5382,2024-08-14 16:11:04.190570,9.3,completed,1.68
SUB201218,P102203,S5194,2024-08-14 18:28:51.749464,22.9,completed,3.46
SUB201219,P102796,S5440,2024-08-15 02:10:36.658253,15.1,completed,2.63
SUB201220,P102298,S5059,2024-08-15 03:56:05.564878,12.4,completed,2.37
SUB201221,P101416,S5111,2024-08-15 05:37:18.471647,8.9,completed,1.79
SUB201222,P101416,S5256,2024-08-15 10:37:18.471647,18.5,completed,4.49
SUB201223,P102222,S5256,2024-08-15 14:16:59.236423,23.3,completed,4.49
SUB201224,P102558,S5143,2024-08-15 14:35:05.000081,12.2,completed,2.39
SUB201225,P100925,S5231,2024-08-15 18:03:34.015547,16.0,completed,3.05
SUB201226,P101286,S5440,2024-08-15 21:02:47.784290,19.5,completed,2.63
SUB201227,P102678,S5371,2024-08-15 22:06:51.608948,5.6,completed,1.32
SUB201228,P102241,S5258,2024-08-15 22:50:24.702732,20.7,completed,2.75
SUB201229,P102685,S5026,2024-08-15 23:54:06.066527,27.7,timed_out,0.0
SUB201230,P100400,S5231,2024-08-16 00:41:46.146077,13.3,completed,3.05
SUB201231,P102528,S5034,2024-08-16 00:52:04.679798,15.8,completed,2.11
SUB201232,P102678,S5231,2024-08-16 03:06:51.608948,11.0,completed,3.05
SUB201233,P101799,S5220,2024-08-16 04:48:08.173693,9.4,completed,1.0
SUB201234,P101723,S5397,2024-08-16 07:58:33.927638,24.5,completed,2.96
SUB201235,P101646,S5043,2024-08-16 09:50:25.422685,15.3,completed,2.61
SUB201236,P102110,S5037,2024-08-16 11:16:51.294470,6.3,completed,1.34
SUB201237,P100429,S5231,2024-08-16 12:15:08.987265,11.5,returned,0.0
SUB201238,P101300,S5438,2024-08-16 12:49:30.981325,16.9,completed,3.47
SUB201239,P102118,S5382,2024-08-16 15:16:22.225478,9.2,completed,1.68
SUB201240,P102241,S5350,2024-08-16 15:50:24.702732,18.5,completed,3.08
SUB201241,P102476,S5171,2024-08-16 21:30:51.891223,3.0,completed,0.44
SUB201242,P102046,S5412,2024-08-16 23:39:26.323379,32.8,completed,5.45
SUB201243,P102136,S5249,2024-08-17 16:49:15.129736,14.1,completed,2.91
SUB201244,P101441,S5397,2024-08-17 18:38:05.484956,17.5,completed,2.96
SUB201245,P102528,S5249,2024-08-17 19:52:04.679798,15.4,completed,2.91
SUB201246,P100832,S5171,2024-08-17 21:49:38.564646,2.8,completed,0.44
SUB201247,P101821,S5213,2024-08-17 23:01:42.644088,10.3,completed,1.08
SUB201248,P101119,S5127,2024-08-18 02:24:40.491676,12.4,returned,0.0
SUB201249,P101187,S5231,2024-08-18 02:58:49.852639,11.4,completed,3.05
SUB201250,P102832,S5037,2024-08-18 04:39:42.681837,9.2,completed,1.34
SUB201251,P102476,S5216,2024-08-18 05:30:51.891223,19.4,completed,2.13
SUB201252,P102832,S5220,2024-08-18 05:39:42.681837,7.3,timed_out,0.0
SUB201253,P101696,S5009,2024-08-18 06:31:53.164533,43.2,completed,7.89
SUB201254,P101696,S5059,2024-08-18 09:31:53.164533,11.3,completed,2.37
SUB201255,P100701,S5107,2024-08-18 10:42:01.203346,10.1,completed,1.66
SUB201256,P102049,S5092,2024-08-18 13:44:31.465560,15.1,completed,2.72
SUB201257,P100726,S5137,2024-08-18 15:34:27.086381,38.0,completed,6.57
SUB201258,P102241,S5127,2024-08-18 17:50:24.702732,10.1,completed,1.9
SUB201259,P101265,S5297,2024-08-18 18:35:24.387082,16.5,completed,2.85
SUB201260,P100459,S5171,2024-08-18 20:06:33.453258,2.8,completed,0.44
SUB201261,P101119,S5350,2024-08-18 20:24:40.491676,14.1,completed,3.08
SUB201262,P100588,S5203,2024-08-18 20:45:06.155373,10.0,completed,1.75
SUB201263,P101297,S5307,2024-08-19 00:42:23.467436,27.1,completed,4.57
SUB201264,P101119,S5035,2024-08-19 01:24:40.491676,8.0,completed,1.11
SUB201265,P101797,S5350,2024-08-19 02:59:49.918770,19.9,completed,3.08
SUB201266,P102609,S5250,2024-08-19 06:00:59.687023,6.2,completed,1.13
SUB201267,P101592,S5341,2024-08-19 10:05:10.547461,25.0,completed,3.95
SUB201268,P102832,S5220,2024-08-19 12:39:42.681837,7.7,completed,1.0
SUB201269,P101593,S5397,2024-08-19 16:01:19.660615,23.6,completed,2.96
SUB201270,P102306,S5016,2024-08-19 18:19:52.683359,12.0,completed,1.61
SUB201271,P101676,S5107,2024-08-19 18:54:01.745861,11.0,completed,1.66
SUB201272,P102478,S5324,2024-08-19 19:03:36.820788,14.8,returned,0.0
SUB201273,P101985,S5009,2024-08-19 20:04:24.990148,37.1,completed,7.89
SUB201274,P101300,S5037,2024-08-19 22:49:30.981325,9.8,completed,1.34
SUB201275,P100701,S5111,2024-08-19 23:42:01.203346,8.1,completed,1.79
SUB201276,P101132,S5016,2024-08-20 00:36:08.348416,11.5,completed,1.61
SUB201277,P101985,S5103,2024-08-20 05:04:24.990148,23.6,completed,3.8
SUB201278,P101297,S5120,2024-08-20 05:42:23.467436,20.1,completed,3.32
SUB201279,P101644,S5185,2024-08-20 05:53:08.988693,32.7,completed,5.65
SUB201280,P102685,S5256,2024-08-20 05:54:06.066527,20.5,timed_out,0.0
SUB201281,P102136,S5127,2024-08-20 06:49:15.129736,12.8,completed,1.9
SUB201282,P101644,S5281,2024-08-20 06:53:08.988693,7.9,completed,1.47
SUB201283,P102118,S5029,2024-08-20 07:16:22.225478,23.0,completed,2.96
SUB201284,P102359,S5161,2024-08-20 08:24:22.094471,18.7,completed,1.91
SUB201285,P102246,S5438,2024-08-20 10:45:44.630850,18.4,completed,3.47
SUB201286,P100090,S5397,2024-08-20 12:13:55.119792,15.9,completed,2.96
SUB201287,P101119,S5009,2024-08-20 14:24:40.491676,50.8,completed,7.89
SUB201288,P101416,S5040,2024-08-20 15:37:18.471647,29.5,completed,5.02
SUB201289,P101535,S5071,2024-08-20 17:02:22.798175,7.6,completed,1.28
SUB201290,P101387,S5083,2024-08-20 17:34:04.479938,7.9,completed,0.8
SUB201291,P102562,S5111,2024-08-20 19:39:48.836070,8.0,completed,1.79
SUB201292,P100672,S5043,2024-08-20 20:04:45.822848,18.3,completed,2.61
SUB201293,P102049,S5029,2024-08-20 23:44:31.465560,17.4,completed,2.96
SUB201294,P101286,S5231,2024-08-21 04:02:47.784290,12.4,completed,3.05
SUB201295,P102401,S5198,2024-08-21 04:23:38.337321,14.6,timed_out,0.0
SUB201296,P100283,S5127,2024-08-21 04:28:25.369629,14.5,completed,1.9
SUB201297,P100066,S5038,2024-08-21 08:58:33.438206,23.0,completed,4.91
SUB201298,P100409,S5016,2024-08-21 12:40:04.382716,11.4,completed,1.61
SUB201299,P100925,S5120,2024-08-21 16:03:34.015547,24.4,completed,3.32
SUB201300,P100515,S5026,2024-08-21 18:31:13.694397,35.1,completed,6.67
SUB201301,P100068,S5213,2024-08-21 19:04:09.404687,8.3,completed,1.08
SUB201302,P101119,S5092,2024-08-21 21:24:40.491676,16.6,completed,2.72
SUB201303,P101300,S5198,2024-08-21 23:49:30.981325,14.3,completed,1.92
SUB201304,P102706,S5038,2024-08-22 00:23:30.968825,20.4,completed,4.91
SUB201305,P101391,S5040,2024-08-22 00:59:45.178010,24.4,completed,5.02
SUB201306,P100938,S5258,2024-08-22 01:51:42.659185,16.3,rejected,0.0
SUB201307,P101391,S5038,2024-08-22 02:59:45.178010,30.8,completed,4.91
SUB201308,P101132,S5034,2024-08-22 03:36:08.348416,14.4,returned,0.0
SUB201309,P100066,S5188,2024-08-22 04:58:33.438206,9.9,completed,1.52
SUB201310,P101435,S5037,2024-08-22 05:51:08.295330,9.1,completed,1.34
SUB201311,P101067,S5016,2024-08-22 05:56:25.568477,10.9,completed,1.61
SUB201312,P102562,S5059,2024-08-22 06:39:48.836070,12.4,timed_out,0.0
SUB201313,P100726,S5111,2024-08-22 08:34:27.086381,7.4,completed,1.79
SUB201314,P102049,S5220,2024-08-22 09:44:31.465560,9.3,completed,1.0
SUB201315,P102685,S5103,2024-08-22 11:54:06.066527,22.7,completed,3.8
SUB201316,P100588,S5249,2024-08-22 13:45:06.155373,16.0,completed,2.91
SUB201317,P100090,S5185,2024-08-22 17:13:55.119792,24.9,completed,5.65
SUB201318,P102478,S5040,2024-08-22 19:03:36.820788,31.3,completed,5.02
SUB201319,P102858,S5388,2024-08-22 19:28:38.137176,20.0,rejected,0.0
SUB201320,P100546,S5143,2024-08-22 20:43:28.477352,12.0,completed,2.39
SUB201321,P100460,S5382,2024-08-22 23:09:31.098146,10.0,completed,1.68
SUB201322,P101795,S5371,2024-08-22 23:16:36.267571,7.0,completed,1.32
SUB201323,P102046,S5438,2024-08-22 23:39:26.323379,16.5,completed,3.47
SUB201324,P101187,S5048,2024-08-23 00:58:49.852639,4.2,completed,0.86
SUB201325,P100460,S5256,2024-08-23 05:09:31.098146,22.4,completed,4.49
SUB201326,P101697,S5203,2024-08-23 05:21:50.828030,10.5,completed,1.75
SUB201327,P102118,S5029,2024-08-23 06:16:22.225478,24.1,completed,2.96
SUB201328,P102476,S5071,2024-08-23 07:30:51.891223,5.3,completed,1.28
SUB201329,P102685,S5216,2024-08-23 07:54:06.066527,16.8,completed,2.13
SUB201330,P100460,S5258,2024-08-23 08:09:31.098146,19.8,completed,2.75
SUB201331,P101265,S5137,2024-08-23 09:35:24.387082,37.4,completed,6.57
SUB201332,P102685,S5249,2024-08-23 09:54:06.066527,20.5,completed,2.91
SUB201333,P100604,S5107,2024-08-23 10:16:12.549842,13.0,completed,1.66
SUB201334,P101723,S5229,2024-08-23 10:58:33.927638,52.0,completed,7.54
SUB201335,P102609,S5281,2024-08-23 11:00:59.687023,8.4,completed,1.47
SUB201336,P101929,S5297,2024-08-23 12:13:35.366091,16.7,completed,2.85
SUB201337,P101233,S5397,2024-08-23 15:43:53.171631,24.4,completed,2.96
SUB201338,P102246,S5438,2024-08-23 16:45:44.630850,16.4,rejected,0.0
SUB201339,P101300,S5213,2024-08-23 16:49:30.981325,10.4,completed,1.08
SUB201340,P101391,S5194,2024-08-23 16:59:45.178010,19.3,completed,3.46
SUB201341,P100925,S5171,2024-08-23 17:03:34.015547,3.0,completed,0.44
SUB201342,P101950,S5188,2024-08-23 17:16:27.219006,10.6,completed,1.52
SUB201343,P101644,S5016,2024-08-23 19:53:08.988693,8.7,completed,1.61
SUB201344,P101795,S5281,2024-08-24 04:16:36.267571,6.9,completed,1.47
SUB201345,P100409,S5194,2024-08-24 06:40:04.382716,24.8,completed,3.46
SUB201346,P101644,S5198,2024-08-24 06:53:08.988693,18.7,completed,1.92
SUB201347,P101434,S5107,2024-08-24 07:25:21.429850,11.3,completed,1.66
SUB201348,P100472,S5120,2024-08-24 07:46:22.700725,26.5,completed,3.32
SUB201349,P101109,S5376,2024-08-24 16:02:47.975989,22.0,completed,4.64
SUB201350,P101161,S5111,2024-08-24 16:09:31.815930,7.6,completed,1.79
SUB201351,P100866,S5143,2024-08-24 18:00:17.158213,16.6,completed,2.39
SUB201352,P101286,S5440,2024-08-24 19:02:47.784290,20.5,completed,2.63
SUB201353,P100459,S5433,2024-08-24 19:06:33.453258,9.9,completed,2.07
SUB201354,P102551,S5083,2024-08-24 20:23:37.117919,5.8,completed,0.8
SUB201355,P101297,S5083,2024-08-24 23:42:23.467436,6.8,completed,0.8
SUB201356,P101300,S5137,2024-08-25 11:49:30.981325,37.0,completed,6.57
SUB201357,P102203,S5281,2024-08-25 16:28:51.749464,8.6,completed,1.47
SUB201358,P101646,S5297,2024-08-25 16:50:25.422685,12.3,returned,0.0
SUB201359,P100168,S5156,2024-08-25 19:42:35.745215,16.6,completed,1.7
SUB201360,P102678,S5034,2024-08-26 02:06:51.608948,13.8,completed,2.11
SUB201361,P102858,S5256,2024-08-26 02:28:38.137176,22.7,completed,4.49
SUB201362,P101462,S5440,2024-08-26 04:40:59.481595,18.2,completed,2.63
SUB201363,P101746,S5137,2024-08-26 05:57:57.507025,35.7,completed,6.57
SUB201364,P100190,S5440,2024-08-26 08:52:25.321987,17.4,completed,2.63
SUB201365,P101929,S5307,2024-08-26 09:13:35.366091,33.8,returned,0.0
SUB201366,P102455,S5412,2024-08-26 11:00:47.301646,27.2,completed,5.45
SUB201367,P101585,S5040,2024-08-26 13:03:41.909621,25.2,completed,5.02
SUB201368,P101109,S5107,2024-08-26 14:02:47.975989,9.5,completed,1.66
SUB201369,P101391,S5350,2024-08-26 17:59:45.178010,19.3,completed,3.08
SUB201370,P100066,S5040,2024-08-26 18:58:33.438206,23.5,completed,5.02
SUB201371,P100454,S5388,2024-08-26 19:02:31.997318,15.3,completed,3.85
SUB201372,P100312,S5249,2024-08-26 19:19:45.213528,17.5,completed,2.91
SUB201373,P102046,S5258,2024-08-26 22:39:26.323379,15.6,completed,2.75
SUB201374,P101161,S5220,2024-08-26 23:09:31.815930,6.3,completed,1.0
SUB201375,P101535,S5059,2024-08-27 00:02:22.798175,15.9,timed_out,0.0
SUB201376,P102306,S5324,2024-08-27 00:19:52.683359,12.3,completed,2.12
SUB201377,P100539,S5440,2024-08-27 01:58:39.812912,15.1,completed,2.63
SUB201378,P102706,S5143,2024-08-27 02:23:30.968825,13.9,completed,2.39
SUB201379,P101593,S5071,2024-08-27 03:01:19.660615,5.6,completed,1.28
SUB201380,P102359,S5036,2024-08-27 04:24:22.094471,2.7,completed,0.5
SUB201381,P102528,S5307,2024-08-27 04:52:04.679798,32.3,completed,4.57
SUB201382,P101109,S5107,2024-08-27 05:02:47.975989,12.8,completed,1.66
SUB201383,P102246,S5341,2024-08-27 05:45:44.630850,25.0,completed,3.95
SUB201384,P100760,S5307,2024-08-27 10:29:02.000458,29.8,completed,4.57
SUB201385,P101132,S5034,2024-08-27 10:36:08.348416,11.7,returned,0.0
SUB201386,P101697,S5103,2024-08-27 11:21:50.828030,19.5,completed,3.8
SUB201387,P100190,S5129,2024-08-27 11:52:25.321987,9.9,returned,0.0
SUB201388,P102355,S5388,2024-08-27 12:04:27.616861,20.3,completed,3.85
SUB201389,P101187,S5220,2024-08-27 15:58:49.852639,8.2,completed,1.0
SUB201390,P102528,S5281,2024-08-27 17:52:04.679798,7.6,completed,1.47
SUB201391,P101265,S5016,2024-08-27 21:35:24.387082,11.5,completed,1.61
SUB201392,P101265,S5350,2024-08-27 23:35:24.387082,17.9,completed,3.08
SUB201393,P100701,S5048,2024-08-28 00:42:01.203346,3.8,completed,0.86
SUB201394,P100283,S5412,2024-08-28 01:28:25.369629,30.6,completed,5.45
SUB201395,P100066,S5048,2024-08-28 02:58:33.438206,5.2,completed,0.86
SUB201396,P102551,S5008,2024-08-28 04:23:37.117919,43.1,completed,9.33
SUB201397,P102306,S5297,2024-08-28 05:19:52.683359,17.4,completed,2.85
SUB201398,P100472,S5048,2024-08-28 07:46:22.700725,5.6,completed,0.86
SUB201399,P102118,S5250,2024-08-28 11:16:22.225478,8.0,completed,1.13
SUB201400,P102476,S5371,2024-08-28 11:30:51.891223,6.7,completed,1.32
SUB201401,P101300,S5388,2024-08-28 11:49:30.981325,18.7,returned,0.0
SUB201402,P102355,S5137,2024-08-28 14:04:27.616861,27.5,completed,6.57
SUB201403,P102359,S5059,2024-08-28 14:24:22.094471,13.2,completed,2.37
SUB201404,P100409,S5092,2024-08-28 17:40:04.382716,13.4,completed,2.72
SUB201405,P100454,S5048,2024-08-28 21:02:31.997318,5.8,completed,0.86
SUB201406,P101493,S5297,2024-08-28 21:18:31.502131,15.9,completed,2.85
SUB201407,P102537,S5008,2024-08-28 22:18:11.943058,46.2,completed,9.33
SUB201408,P101725,S5029,2024-08-28 22:38:20.803864,20.7,completed,2.96
SUB201409,P101950,S5059,2024-08-29 00:16:27.219006,14.3,completed,2.37
SUB201410,P100090,S5111,2024-08-29 01:13:55.119792,8.4,timed_out,0.0
SUB201411,P102359,S5009,2024-08-29 08:24:22.094471,48.5,completed,7.89
SUB201412,P100515,S5350,2024-08-29 10:31:13.694397,19.1,returned,0.0
SUB201413,P100946,S5114,2024-08-29 12:04:05.184147,39.2,completed,6.95
SUB201414,P102732,S5016,2024-08-29 17:43:09.766957,11.7,completed,1.61
SUB201415,P101462,S5220,2024-08-29 18:40:59.481595,6.8,completed,1.0
SUB201416,P101493,S5198,2024-08-29 22:18:31.502131,16.6,completed,1.92
SUB201417,P100938,S5216,2024-08-30 00:51:42.659185,19.6,completed,2.13
SUB201418,P101723,S5185,2024-08-30 00:58:33.927638,27.2,completed,5.65
SUB201419,P101265,S5256,2024-08-30 03:35:24.387082,22.3,completed,4.49
SUB201420,P101985,S5043,2024-08-30 04:04:24.990148,12.5,completed,2.61
SUB201421,P100090,S5036,2024-08-30 04:13:55.119792,3.3,completed,0.5
SUB201422,P101950,S5307,2024-08-30 05:16:27.219006,23.4,completed,4.57
SUB201423,P100283,S5203,2024-08-30 05:28:25.369629,12.5,completed,1.75
SUB201424,P101119,S5129,2024-08-30 17:24:40.491676,11.1,completed,1.59
SUB201425,P100168,S5143,2024-08-30 18:42:35.745215,12.4,completed,2.39
SUB201426,P102241,S5156,2024-08-30 18:50:24.702732,14.6,completed,1.7
SUB201427,P101593,S5103,2024-08-30 19:01:19.660615,18.9,completed,3.8
SUB201428,P102478,S5048,2024-08-30 21:03:36.820788,5.7,completed,0.86
SUB201429,P101462,S5256,2024-08-30 22:40:59.481595,22.2,completed,4.49
SUB201430,P100068,S5440,2024-08-30 23:04:09.404687,18.0,completed,2.63
SUB201431,P100698,S5129,2024-08-30 23:12:09.596034,8.1,completed,1.59
SUB201432,P101233,S5382,2024-08-31 00:43:53.171631,7.9,completed,1.68
SUB201433,P100515,S5297,2024-08-31 03:31:13.694397,12.8,completed,2.85
SUB201434,P102747,S5441,2024-08-31 07:31:38.749638,25.3,returned,0.0
SUB201435,P101441,S5198,2024-08-31 07:38:05.484956,18.8,completed,1.92
SUB201436,P101697,S5376,2024-08-31 08:21:50.828030,18.4,completed,4.64
SUB201437,P100760,S5341,2024-08-31 08:29:02.000458,19.3,completed,3.95
SUB201438,P100925,S5092,2024-08-31 11:03:34.015547,14.6,completed,2.72
SUB201439,P102604,S5048,2024-08-31 11:25:02.060249,5.3,completed,0.86
SUB201440,P101441,S5194,2024-08-31 11:38:05.484956,24.2,completed,3.46
SUB201441,P100589,S5083,2024-08-31 11:54:41.612919,6.8,completed,0.8
SUB201442,P101929,S5143,2024-08-31 12:13:35.366091,15.4,completed,2.39
SUB201443,P102298,S5127,2024-08-31 13:56:05.564878,9.4,completed,1.9
SUB201444,P102455,S5203,2024-08-31 15:00:47.301646,11.4,completed,1.75
SUB201445,P100066,S5137,2024-08-31 15:58:33.438206,31.5,completed,6.57
SUB201446,P101119,S5111,2024-08-31 17:24:40.491676,10.5,completed,1.79
SUB201447,P101821,S5412,2024-08-31 19:01:42.644088,21.8,completed,5.45
SUB201448,P102359,S5213,2024-08-31 21:24:22.094471,7.7,completed,1.08
SUB201449,P100589,S5048,2024-08-31 21:54:41.612919,3.8,completed,0.86
SUB201450,P100283,S5250,2024-08-31 22:28:25.369629,5.7,completed,1.13
SUB201451,P102858,S5441,2024-08-31 22:28:38.137176,20.0,timed_out,0.0
SUB201452,P101723,S5132,2024-08-31 22:58:33.927638,26.0,completed,4.18
SUB201453,P101790,S5016,2024-09-01 00:52:07.028919,9.5,completed,1.61
SUB201454,P101265,S5297,2024-09-01 03:35:24.387082,12.3,completed,2.85
SUB201455,P102544,S5388,2024-09-01 05:03:05.526619,17.1,completed,3.85
SUB201456,P101233,S5412,2024-09-01 06:43:53.171631,22.6,completed,5.45
SUB201457,P102747,S5433,2024-09-01 07:31:38.749638,10.2,completed,2.07
SUB201458,P100472,S5129,2024-09-01 07:46:22.700725,11.7,completed,1.59
SUB201459,P102136,S5229,2024-09-01 13:49:15.129736,60.7,completed,7.54
SUB201460,P102544,S5281,2024-09-01 14:03:05.526619,8.2,completed,1.47
SUB201461,P100515,S5220,2024-09-01 19:31:13.694397,8.2,completed,1.0
SUB201462,P101585,S5009,2024-09-01 20:03:41.909621,49.8,completed,7.89
SUB201463,P101161,S5009,2024-09-02 00:09:31.815930,53.9,completed,7.89
SUB201464,P101067,S5016,2024-09-02 01:56:25.568477,11.5,completed,1.61
SUB201465,P100866,S5263,2024-09-02 02:00:17.158213,26.2,completed,5.29
SUB201466,P100589,S5048,2024-09-02 03:54:41.612919,4.5,completed,0.86
SUB201467,P100312,S5263,2024-09-02 05:19:45.213528,25.3,rejected,0.0
SUB201468,P102807,S5198,2024-09-02 06:49:17.957037,17.9,completed,1.92
SUB201469,P102355,S5438,2024-09-02 09:04:27.616861,14.0,returned,0.0
SUB201470,P102246,S5188,2024-09-02 11:45:44.630850,15.0,completed,1.52
SUB201471,P100946,S5059,2024-09-02 12:04:05.184147,12.6,completed,2.37
SUB201472,P102401,S5040,2024-09-02 12:23:38.337321,24.0,completed,5.02
SUB201473,P100589,S5250,2024-09-02 12:54:41.612919,7.3,completed,1.13
SUB201474,P101644,S5132,2024-09-02 13:53:08.988693,23.0,completed,4.18
SUB201475,P101199,S5029,2024-09-02 14:11:04.190570,24.4,completed,2.96
SUB201476,P101821,S5198,2024-09-02 15:01:42.644088,14.6,completed,1.92
SUB201477,P100068,S5341,2024-09-02 15:04:09.404687,25.9,timed_out,0.0
SUB201478,P102136,S5388,2024-09-02 16:49:15.129736,14.0,timed_out,0.0
SUB201479,P101462,S5137,2024-09-02 17:40:59.481595,33.2,completed,6.57
SUB201480,P100589,S5132,2024-09-02 17:54:41.612919,18.5,completed,4.18
SUB201481,P100472,S5059,2024-09-02 20:46:22.700725,11.4,completed,2.37
SUB201482,P101109,S5198,2024-09-02 21:02:47.975989,13.9,completed,1.92
SUB201483,P101493,S5156,2024-09-02 21:18:31.502131,14.4,completed,1.7
SUB201484,P100556,S5143,2024-09-02 22:59:20.265969,17.5,timed_out,0.0
SUB201485,P102136,S5231,2024-09-03 00:49:15.129736,12.6,completed,3.05
SUB201486,P101199,S5341,2024-09-03 01:11:04.190570,18.6,completed,3.95
SUB201487,P100866,S5040,2024-09-03 03:00:17.158213,35.6,completed,5.02
SUB201488,P102110,S5350,2024-09-03 07:16:51.294470,15.3,completed,3.08
SUB201489,P102609,S5137,2024-09-03 17:00:59.687023,28.7,completed,6.57
SUB201490,P102102,S5388,2024-09-03 17:29:53.581426,19.8,completed,3.85
SUB201491,P101416,S5026,2024-09-03 17:37:18.471647,30.1,completed,6.67
SUB201492,P100589,S5341,2024-09-03 23:54:41.612919,26.9,completed,3.95
SUB201493,P100589,S5037,2024-09-03 23:54:41.612919,7.2,completed,1.34
SUB201494,P101723,S5008,2024-09-03 23:58:33.927638,47.9,completed,9.33
SUB201495,P101867,S5297,2024-09-04 00:11:26.841623,14.7,completed,2.85
SUB201496,P101416,S5127,2024-09-04 02:37:18.471647,13.7,returned,0.0
SUB201497,P102604,S5307,2024-09-04 03:25:02.060249,33.8,completed,4.57
SUB201498,P102306,S5026,2024-09-04 07:19:52.683359,27.0,completed,6.67
SUB201499,P101821,S5038,2024-09-04 10:01:42.644088,22.7,completed,4.91
SUB201500,P102604,S5048,2024-09-04 10:25:02.060249,5.3,completed,0.86
SUB201501,P102996,S5440,2024-09-04 11:28:24.975382,17.7,completed,2.63
SUB201502,P102401,S5043,2024-09-04 12:23:38.337321,12.0,completed,2.61
SUB201503,P101725,S5143,2024-09-04 13:38:20.803864,14.1,completed,2.39
SUB201504,P102298,S5438,2024-09-04 13:56:05.564878,16.3,completed,3.47
SUB201505,P101493,S5324,2024-09-04 15:18:31.502131,16.4,completed,2.12
SUB201506,P100576,S5388,2024-09-04 16:29:19.654622,16.6,completed,3.85
SUB201507,P102298,S5103,2024-09-04 22:56:05.564878,18.7,timed_out,0.0
SUB201508,P101199,S5198,2024-09-04 23:11:04.190570,15.2,timed_out,0.0
SUB201509,P102241,S5185,2024-09-05 01:50:24.702732,25.5,completed,5.65
SUB201510,P102136,S5231,2024-09-05 02:49:15.129736,11.5,completed,3.05
SUB201511,P100168,S5036,2024-09-05 03:42:35.745215,2.3,completed,0.5
SUB201512,P102298,S5229,2024-09-05 04:56:05.564878,62.8,completed,7.54
SUB201513,P100311,S5258,2024-09-05 04:56:51.135510,17.2,completed,2.75
SUB201514,P102678,S5083,2024-09-05 06:06:51.608948,5.5,completed,0.8
SUB201515,P100409,S5382,2024-09-05 07:40:04.382716,8.0,completed,1.68
SUB201516,P101441,S5349,2024-09-05 08:38:05.484956,14.4,returned,0.0
SUB201517,P101441,S5371,2024-09-05 11:38:05.484956,6.1,completed,1.32
SUB201518,P100128,S5106,2024-09-05 12:07:26.265763,25.7,completed,5.46
SUB201519,P101762,S5111,2024-09-05 17:39:23.716494,8.7,completed,1.79
SUB201520,P101593,S5040,2024-09-05 18:01:19.660615,29.9,completed,5.02
SUB201521,P102609,S5139,2024-09-05 19:00:59.687023,35.6,completed,6.16
SUB201522,P101585,S5216,2024-09-05 19:03:41.909621,18.8,completed,2.13
SUB201523,P102996,S5205,2024-09-05 19:28:24.975382,17.7,timed_out,0.0
SUB201524,P102858,S5139,2024-09-05 19:28:38.137176,28.1,completed,6.16
SUB201525,P102391,S5297,2024-09-05 19:30:21.363214,12.8,rejected,0.0
SUB201526,P101697,S5083,2024-09-05 23:21:50.828030,6.9,completed,0.8
SUB201527,P102241,S5203,2024-09-06 00:50:24.702732,10.5,completed,1.75
SUB201528,P101233,S5371,2024-09-06 01:43:53.171631,7.4,completed,1.32
SUB201529,P101585,S5281,2024-09-06 03:03:41.909621,8.4,completed,1.47
SUB201530,P102832,S5397,2024-09-06 04:39:42.681837,22.6,completed,2.96
SUB201531,P101392,S5297,2024-09-06 05:20:53.183781,16.3,completed,2.85
SUB201532,P101265,S5263,2024-09-06 07:35:24.387082,33.8,completed,5.29
SUB201533,P100333,S5397,2024-09-06 09:14:13.080183,23.7,rejected,0.0
SUB201534,P100459,S5156,2024-09-06 10:06:33.453258,14.6,completed,1.7
SUB201535,P102391,S5071,2024-09-06 11:30:21.363214,6.4,completed,1.28
SUB201536,P102537,S5038,2024-09-06 13:18:11.943058,20.0,completed,4.91
SUB201537,P101233,S5059,2024-09-06 13:43:53.171631,13.9,completed,2.37
SUB201538,P101799,S5258,2024-09-06 13:48:08.173693,24.0,completed,2.75
SUB201539,P100454,S5350,2024-09-06 14:02:31.997318,18.2,completed,3.08
SUB201540,P101884,S5161,2024-09-06 14:57:23.269972,19.4,completed,1.91
SUB201541,P101087,S5346,2024-09-06 18:34:38.617092,54.0,completed,10.53
SUB201542,P101199,S5156,2024-09-06 19:11:04.190570,16.6,timed_out,0.0
SUB201543,P101985,S5040,2024-09-06 21:04:24.990148,32.6,completed,5.02
SUB201544,P100946,S5111,2024-09-06 22:04:05.184147,11.1,completed,1.79
SUB201545,P101696,S5040,2024-09-06 22:31:53.164533,32.0,completed,5.02
SUB201546,P100409,S5132,2024-09-06 22:40:04.382716,17.6,completed,4.18
SUB201547,P101233,S5213,2024-09-07 04:43:53.171631,10.6,completed,1.08
SUB201548,P102203,S5388,2024-09-07 07:28:51.749464,19.3,timed_out,0.0
SUB201549,P101156,S5048,2024-09-07 09:47:51.147785,4.6,completed,0.86
SUB201550,P101392,S5382,2024-09-07 16:20:53.183781,9.2,completed,1.68
SUB201551,P100600,S5358,2024-09-07 18:19:41.290341,8.0,completed,0.91
SUB201552,P100283,S5220,2024-09-08 00:28:25.369629,6.8,returned,0.0
SUB201553,P100515,S5307,2024-09-08 02:31:13.694397,31.8,completed,4.57
SUB201554,P100283,S5188,2024-09-08 03:28:25.369629,13.1,completed,1.52
SUB201555,P100997,S5341,2024-09-08 05:24:22.562930,19.6,completed,3.95
SUB201556,P102996,S5035,2024-09-08 05:28:24.975382,8.4,returned,0.0
SUB201557,P101985,S5371,2024-09-08 07:04:24.990148,5.9,returned,0.0
SUB201558,P100454,S5376,2024-09-08 11:02:31.997318,26.0,completed,4.64
SUB201559,P102046,S5440,2024-09-08 15:39:26.323379,20.2,timed_out,0.0
SUB201560,P101762,S5263,2024-09-08 16:39:23.716494,33.2,completed,5.29
SUB201561,P101585,S5297,2024-09-08 20:03:41.909621,13.6,returned,0.0
SUB201562,P101265,S5156,2024-09-08 20:35:24.387082,14.7,completed,1.7
SUB201563,P102685,S5127,2024-09-08 20:54:06.066527,12.0,completed,1.9
SUB201564,P102246,S5161,2024-09-08 21:45:44.630850,16.6,completed,1.91
SUB201565,P102391,S5229,2024-09-08 22:30:21.363214,57.5,completed,7.54
SUB201566,P100311,S5358,2024-09-08 23:56:51.135510,8.3,completed,0.91
SUB201567,P102439,S5171,2024-09-08 23:59:57.389886,3.7,completed,0.44
SUB201568,P101867,S5036,2024-09-09 00:11:26.841623,3.6,completed,0.5
SUB201569,P100866,S5194,2024-09-09 01:00:17.158213,18.8,completed,3.46
SUB201570,P102551,S5043,2024-09-09 02:23:37.117919,18.1,completed,2.61
SUB201571,P101725,S5043,2024-09-09 02:38:20.803864,12.0,completed,2.61
SUB201572,P101593,S5341,2024-09-09 03:01:19.660615,23.5,completed,3.95
SUB201573,P100068,S5263,2024-09-09 03:04:09.404687,32.5,completed,5.29
SUB201574,P100832,S5029,2024-09-09 05:49:38.564646,16.2,completed,2.96
SUB201575,P101678,S5008,2024-09-09 07:03:53.722025,40.2,completed,9.33
SUB201576,P102551,S5258,2024-09-09 08:23:37.117919,18.0,completed,2.75
SUB201577,P102604,S5249,2024-09-09 08:25:02.060249,17.0,completed,2.91
SUB201578,P101762,S5008,2024-09-09 10:39:23.716494,52.1,completed,9.33
SUB201579,P102046,S5016,2024-09-09 13:39:26.323379,12.3,completed,1.61
SUB201580,P101585,S5083,2024-09-09 14:03:41.909621,7.0,completed,0.8
SUB201581,P102558,S5346,2024-09-09 14:35:05.000081,55.9,completed,10.53
SUB201582,P100068,S5120,2024-09-09 15:04:09.404687,25.4,completed,3.32
SUB201583,P102110,S5016,2024-09-09 15:16:51.294470,11.1,completed,1.61
SUB201584,P100505,S5441,2024-09-09 16:24:36.791357,18.8,completed,5.78
SUB201585,P100726,S5111,2024-09-09 18:34:27.086381,10.1,returned,0.0
SUB201586,P100128,S5137,2024-09-09 22:07:26.265763,34.6,completed,6.57
SUB201587,P100515,S5034,2024-09-09 22:31:13.694397,11.9,completed,2.11
SUB201588,P101416,S5397,2024-09-09 23:37:18.471647,23.4,completed,2.96
SUB201589,P102306,S5220,2024-09-10 00:19:52.683359,6.4,completed,1.0
SUB201590,P101392,S5171,2024-09-10 00:20:53.183781,2.8,completed,0.44
SUB201591,P102391,S5114,2024-09-10 01:30:21.363214,32.7,completed,6.95
SUB201592,P102609,S5043,2024-09-10 05:00:59.687023,15.2,completed,2.61
SUB201593,P100168,S5092,2024-09-10 05:42:35.745215,15.9,completed,2.72
SUB201594,P100066,S5016,2024-09-10 05:58:33.438206,10.0,completed,1.61
SUB201595,P100576,S5034,2024-09-10 07:29:19.654622,11.9,timed_out,0.0
SUB201596,P100168,S5213,2024-09-10 08:42:35.745215,10.5,completed,1.08
SUB201597,P101119,S5341,2024-09-10 09:24:40.491676,26.8,completed,3.95
SUB201598,P101095,S5249,2024-09-10 13:04:59.871460,21.3,completed,2.91
SUB201599,P100128,S5071,2024-09-10 14:07:26.265763,5.5,completed,1.28
SUB201600,P100409,S5297,2024-09-10 14:40:04.382716,16.2,completed,2.85
SUB201601,P100589,S5369,2024-09-10 16:54:41.612919,4.0,completed,0.67
SUB201602,P101690,S5381,2024-09-10 19:53:19.391737,14.0,completed,2.26
SUB201603,P100801,S5026,2024-09-10 20:21:41.704462,41.8,completed,6.67
SUB201604,P101392,S5137,2024-09-10 23:20:53.183781,31.6,completed,6.57
SUB201605,P101790,S5258,2024-09-11 01:52:07.028919,15.6,completed,2.75
SUB201606,P100459,S5188,2024-09-11 02:06:33.453258,14.7,timed_out,0.0
SUB201607,P101161,S5281,2024-09-11 02:09:31.815930,9.4,completed,1.47
SUB201608,P100576,S5213,2024-09-11 06:29:19.654622,8.8,returned,0.0
SUB201609,P100312,S5043,2024-09-11 08:19:45.213528,11.9,completed,2.61
SUB201610,P100576,S5016,2024-09-11 09:29:19.654622,8.0,completed,1.61
SUB201611,P101585,S5229,2024-09-11 11:03:41.909621,59.7,completed,7.54
SUB201612,P102935,S5103,2024-09-11 11:19:26.567221,21.5,completed,3.8
SUB201613,P100409,S5388,2024-09-11 13:40:04.382716,13.6,timed_out,0.0
SUB201614,P101762,S5281,2024-09-11 19:39:23.716494,9.0,completed,1.47
SUB201615,P101109,S5229,2024-09-11 22:02:47.975989,44.7,completed,7.54
SUB201616,P100801,S5132,2024-09-11 23:21:41.704462,25.8,completed,4.18
SUB201617,P101119,S5106,2024-09-12 04:24:40.491676,35.7,completed,5.46
SUB201618,P101095,S5137,2024-09-12 05:04:59.871460,36.2,completed,6.57
SUB201619,P101434,S5349,2024-09-12 06:25:21.429850,13.9,completed,2.02
SUB201620,P101592,S5139,2024-09-12 08:05:10.547461,27.7,completed,6.16
SUB201621,P102298,S5281,2024-09-12 10:56:05.564878,7.8,completed,1.47
SUB201622,P101109,S5071,2024-09-12 12:02:47.975989,7.8,completed,1.28
SUB201623,P102747,S5250,2024-09-12 13:31:38.749638,8.2,rejected,0.0
SUB201624,P101884,S5441,2024-09-12 13:57:23.269972,26.8,completed,5.78
SUB201625,P101723,S5213,2024-09-12 13:58:33.927638,9.2,completed,1.08
SUB201626,P102747,S5016,2024-09-12 14:31:38.749638,10.2,completed,1.61
SUB201627,P102359,S5103,2024-09-12 15:24:22.094471,18.9,completed,3.8
SUB201628,P101318,S5139,2024-09-12 15:46:11.338238,35.8,completed,6.16
SUB201629,P102455,S5132,2024-09-12 16:00:47.301646,22.2,completed,4.18
SUB201630,P101799,S5107,2024-09-12 17:48:08.173693,8.7,completed,1.66
SUB201631,P101592,S5043,2024-09-12 22:05:10.547461,13.7,completed,2.61
SUB201632,P101799,S5120,2024-09-12 23:48:08.173693,23.1,completed,3.32
SUB201633,P100079,S5388,2024-09-13 05:07:42.415842,17.7,completed,3.85
SUB201634,P100701,S5281,2024-09-13 09:42:01.203346,6.8,completed,1.47
SUB201635,P101392,S5369,2024-09-13 12:20:53.183781,3.6,completed,0.67
SUB201636,P102439,S5397,2024-09-13 14:59:57.389886,17.4,completed,2.96
SUB201637,P101592,S5111,2024-09-13 18:05:10.547461,10.8,completed,1.79
SUB201638,P100556,S5026,2024-09-13 18:59:20.265969,41.4,completed,6.67
SUB201639,P101799,S5137,2024-09-13 19:48:08.173693,27.5,completed,6.57
SUB201640,P101884,S5358,2024-09-13 19:57:23.269972,5.5,completed,0.91
SUB201641,P100997,S5297,2024-09-13 20:24:22.562930,11.7,completed,2.85
SUB201642,P102858,S5341,2024-09-13 20:28:38.137176,22.1,completed,3.95
SUB201643,P101624,S5412,2024-09-13 20:55:51.460989,24.3,completed,5.45
SUB201644,P101199,S5349,2024-09-14 00:11:04.190570,16.2,completed,2.02
SUB201645,P100239,S5043,2024-09-14 01:46:21.508654,18.4,completed,2.61
SUB201646,P102551,S5358,2024-09-14 03:23:37.117919,6.0,completed,0.91
SUB201647,P101392,S5229,2024-09-14 04:20:53.183781,46.8,completed,7.54
SUB201648,P100505,S5040,2024-09-14 06:24:36.791357,36.8,completed,5.02
SUB201649,P100952,S5037,2024-09-14 07:22:05.617507,9.5,completed,1.34
SUB201650,P101265,S5059,2024-09-14 07:35:24.387082,11.6,completed,2.37
SUB201651,P100925,S5103,2024-09-14 09:03:34.015547,22.4,completed,3.8
SUB201652,P101199,S5350,2024-09-14 09:11:04.190570,20.0,completed,3.08
SUB201653,P101690,S5083,2024-09-14 09:53:19.391737,6.7,completed,0.8
SUB201654,P100946,S5256,2024-09-14 13:04:05.184147,27.6,completed,4.49
SUB201655,P101592,S5343,2024-09-14 14:05:10.547461,32.4,completed,5.58
SUB201656,P100090,S5114,2024-09-14 14:13:55.119792,42.1,completed,6.95
SUB201657,P100312,S5127,2024-09-14 14:19:45.213528,12.5,completed,1.9
SUB201658,P100760,S5346,2024-09-14 14:29:02.000458,60.4,completed,10.53
SUB201659,P101725,S5256,2024-09-14 14:38:20.803864,22.5,completed,4.49
SUB201660,P102222,S5071,2024-09-14 16:16:59.236423,5.4,timed_out,0.0
SUB201661,P102832,S5438,2024-09-14 17:39:42.681837,15.7,completed,3.47
SUB201662,P101441,S5143,2024-09-14 21:38:05.484956,17.1,timed_out,0.0
SUB201663,P102439,S5188,2024-09-15 01:59:57.389886,12.8,completed,1.52
SUB201664,P101199,S5171,2024-09-15 03:11:04.190570,2.6,completed,0.44
SUB201665,P100454,S5034,2024-09-15 06:02:31.997318,13.3,completed,2.11
SUB201666,P102201,S5397,2024-09-15 09:55:07.248462,18.8,completed,2.96
SUB201667,P100576,S5263,2024-09-15 12:29:19.654622,24.5,completed,5.29
SUB201668,P100409,S5064,2024-09-15 12:40:04.382716,14.8,completed,1.98
SUB201669,P101265,S5036,2024-09-15 13:35:24.387082,3.1,completed,0.5
SUB201670,P101723,S5037,2024-09-15 13:58:33.927638,7.2,rejected,0.0
SUB201671,P100202,S5185,2024-09-15 15:22:20.134729,27.7,completed,5.65
SUB201672,P101725,S5412,2024-09-15 16:38:20.803864,28.2,completed,5.45
SUB201673,P101087,S5249,2024-09-15 22:34:38.617092,21.6,completed,2.91
SUB201674,P101725,S5250,2024-09-15 22:38:20.803864,7.5,completed,1.13
SUB201675,P101095,S5250,2024-09-15 23:04:59.871460,7.8,completed,1.13
SUB201676,P100472,S5438,2024-09-16 00:46:22.700725,20.6,completed,3.47
SUB201677,P102678,S5107,2024-09-16 01:06:51.608948,9.9,completed,1.66
SUB201678,P101493,S5137,2024-09-16 04:18:31.502131,34.3,completed,6.57
SUB201679,P101297,S5281,2024-09-16 04:42:23.467436,7.5,completed,1.47
SUB201680,P102879,S5229,2024-09-16 07:46:13.775568,48.7,completed,7.54
SUB201681,P100175,S5203,2024-09-16 08:21:41.742141,9.5,completed,1.75
SUB201682,P100505,S5440,2024-09-16 09:24:36.791357,20.8,completed,2.63
SUB201683,P101387,S5213,2024-09-16 11:34:04.479938,10.2,completed,1.08
SUB201684,P100934,S5092,2024-09-16 14:17:52.310304,15.2,returned,0.0
SUB201685,P101723,S5420,2024-09-16 14:58:33.927638,39.0,completed,7.8
SUB201686,P101265,S5064,2024-09-16 15:35:24.387082,13.7,completed,1.98
SUB201687,P101392,S5258,2024-09-16 16:20:53.183781,21.0,completed,2.75
SUB201688,P100576,S5103,2024-09-16 19:29:19.654622,21.7,completed,3.8
SUB201689,P101723,S5256,2024-09-16 23:58:33.927638,23.8,completed,4.49
SUB201690,P100515,S5249,2024-09-17 02:31:13.694397,14.3,completed,2.91
SUB201691,P100730,S5343,2024-09-17 03:41:41.484152,23.9,completed,5.58
SUB201692,P100068,S5440,2024-09-17 04:04:09.404687,17.4,completed,2.63
SUB201693,P101993,S5412,2024-09-17 04:33:00.883519,31.8,completed,5.45
SUB201694,P102832,S5382,2024-09-17 04:39:42.681837,9.5,timed_out,0.0
SUB201695,P102609,S5281,2024-09-17 09:00:59.687023,9.5,completed,1.47
SUB201696,P100515,S5388,2024-09-17 11:31:13.694397,20.0,completed,3.85
SUB201697,P102201,S5203,2024-09-17 13:55:07.248462,11.0,completed,1.75
SUB201698,P102118,S5027,2024-09-17 15:16:22.225478,41.2,completed,7.63
SUB201699,P102832,S5048,2024-09-17 16:39:42.681837,5.0,completed,0.86
SUB201700,P100589,S5307,2024-09-17 18:54:41.612919,26.4,completed,4.57
SUB201701,P101462,S5156,2024-09-17 19:40:59.481595,16.6,completed,1.7
SUB201702,P102935,S5371,2024-09-17 22:19:26.567221,6.8,completed,1.32
SUB201703,P101725,S5034,2024-09-17 22:38:20.803864,17.8,completed,2.11
SUB201704,P100760,S5250,2024-09-18 00:29:02.000458,7.2,completed,1.13
SUB201705,P101723,S5350,2024-09-18 00:58:33.927638,16.0,completed,3.08
SUB201706,P101821,S5216,2024-09-18 01:01:42.644088,12.7,completed,2.13
SUB201707,P100472,S5071,2024-09-18 01:46:22.700725,5.9,completed,1.28
SUB201708,P100721,S5273,2024-09-18 02:06:21.040220,11.8,completed,1.67
SUB201709,P102879,S5307,2024-09-18 02:46:13.775568,28.5,completed,4.57
SUB201710,P102455,S5376,2024-09-18 03:00:47.301646,18.2,completed,4.64
SUB201711,P102393,S5132,2024-09-18 03:23:26.891493,25.4,completed,4.18
SUB201712,P101105,S5376,2024-09-18 03:43:43.886534,18.0,completed,4.64
SUB201713,P101318,S5332,2024-09-18 03:46:11.338238,8.4,completed,1.23
SUB201714,P100885,S5258,2024-09-18 04:48:02.142018,22.4,completed,2.75
SUB201715,P100701,S5129,2024-09-18 06:42:01.203346,12.0,completed,1.59
SUB201716,P101265,S5048,2024-09-18 08:35:24.387082,5.8,completed,0.86
SUB201717,P101821,S5036,2024-09-18 09:01:42.644088,2.8,completed,0.5
SUB201718,P102678,S5016,2024-09-18 09:06:51.608948,8.6,returned,0.0
SUB201719,P100676,S5083,2024-09-18 09:48:59.333318,6.0,timed_out,0.0
SUB201720,P100128,S5188,2024-09-18 10:07:26.265763,10.9,completed,1.52
SUB201721,P102391,S5249,2024-09-18 10:30:21.363214,17.7,completed,2.91
SUB201722,P100588,S5107,2024-09-18 17:45:06.155373,12.7,rejected,0.0
SUB201723,P101095,S5420,2024-09-18 19:04:59.871460,41.2,completed,7.8
SUB201724,P102203,S5139,2024-09-18 19:28:51.749464,32.1,completed,6.16
SUB201725,P101723,S5129,2024-09-18 20:58:33.927638,10.6,completed,1.59
SUB201726,P101095,S5029,2024-09-18 22:04:59.871460,23.8,completed,2.96
SUB201727,P100505,S5388,2024-09-19 00:24:36.791357,16.6,completed,3.85
SUB201728,P102102,S5071,2024-09-19 00:29:53.581426,8.4,completed,1.28
SUB201729,P101690,S5107,2024-09-19 00:53:19.391737,13.1,completed,1.66
SUB201730,P101105,S5250,2024-09-19 01:43:43.886534,6.3,returned,0.0
SUB201731,P101109,S5156,2024-09-19 07:02:47.975989,12.0,completed,1.7
SUB201732,P102858,S5185,2024-09-19 12:28:38.137176,35.3,completed,5.65
SUB201733,P100515,S5382,2024-09-19 12:31:13.694397,7.7,completed,1.68
SUB201734,P101723,S5026,2024-09-19 14:58:33.927638,38.2,completed,6.67
SUB201735,P100925,S5371,2024-09-19 17:03:34.015547,5.9,rejected,0.0
SUB201736,P100493,S5297,2024-09-19 17:55:09.076824,17.1,completed,2.85
SUB201737,P101387,S5107,2024-09-19 18:34:04.479938,11.1,completed,1.66
SUB201738,P100588,S5036,2024-09-19 21:45:06.155373,3.6,timed_out,0.0
SUB201739,P101993,S5197,2024-09-20 03:33:00.883519,12.4,completed,1.83
SUB201740,P100589,S5258,2024-09-20 07:54:41.612919,21.4,timed_out,0.0
SUB201741,P102685,S5092,2024-09-20 14:54:06.066527,15.1,completed,2.72
SUB201742,P100111,S5263,2024-09-20 17:46:45.845240,35.7,completed,5.29
SUB201743,P101592,S5026,2024-09-20 21:05:10.547461,28.9,completed,6.67
SUB201744,P101536,S5412,2024-09-20 21:09:24.252261,24.0,completed,5.45
SUB201745,P102246,S5092,2024-09-20 22:45:44.630850,17.8,returned,0.0
SUB201746,P102241,S5341,2024-09-20 22:50:24.702732,23.7,completed,3.95
SUB201747,P100175,S5038,2024-09-20 23:21:41.742141,31.3,completed,4.91
SUB201748,P100459,S5036,2024-09-21 01:06:33.453258,2.9,completed,0.5
SUB201749,P101585,S5369,2024-09-21 02:03:41.909621,3.2,completed,0.67
SUB201750,P101821,S5198,2024-09-21 05:01:42.644088,16.0,completed,1.92
SUB201751,P100730,S5132,2024-09-21 06:41:41.484152,24.9,completed,4.18
SUB201752,P101233,S5216,2024-09-21 08:43:53.171631,19.1,completed,2.13
SUB201753,P100588,S5103,2024-09-21 08:45:06.155373,19.3,completed,3.8
SUB201754,P101493,S5311,2024-09-21 09:18:31.502131,37.8,completed,6.06
SUB201755,P102455,S5026,2024-09-21 10:00:47.301646,28.4,completed,6.67
SUB201756,P102391,S5369,2024-09-21 10:30:21.363214,4.1,completed,0.67
SUB201757,P102241,S5307,2024-09-21 11:50:24.702732,31.0,completed,4.57
SUB201758,P100925,S5036,2024-09-21 12:03:34.015547,2.8,rejected,0.0
SUB201759,P100556,S5412,2024-09-21 12:59:20.265969,23.9,completed,5.45
SUB201760,P102858,S5440,2024-09-21 16:28:38.137176,21.3,completed,2.63
SUB201761,P100556,S5188,2024-09-21 17:59:20.265969,11.9,completed,1.52
SUB201762,P101493,S5115,2024-09-21 18:18:31.502131,2.6,completed,0.64
SUB201763,P102102,S5220,2024-09-21 20:29:53.581426,7.5,completed,1.0
SUB201764,P100730,S5350,2024-09-22 00:41:41.484152,17.8,timed_out,0.0
SUB201765,P100175,S5213,2024-09-22 01:21:41.742141,10.8,completed,1.08
SUB201766,P102685,S5438,2024-09-22 01:54:06.066527,18.7,completed,3.47
SUB201767,P102478,S5332,2024-09-22 07:03:36.820788,7.9,completed,1.23
SUB201768,P100934,S5433,2024-09-22 07:17:52.310304,15.1,timed_out,0.0
SUB201769,P102401,S5397,2024-09-22 08:23:38.337321,16.1,completed,2.96
SUB201770,P102391,S5343,2024-09-22 10:30:21.363214,29.0,completed,5.58
SUB201771,P102455,S5376,2024-09-22 11:00:47.301646,20.3,completed,4.64
SUB201772,P102551,S5106,2024-09-22 11:23:37.117919,32.7,completed,5.46
SUB201773,P102832,S5441,2024-09-22 13:39:42.681837,21.5,completed,5.78
SUB201774,P101416,S5281,2024-09-22 14:37:18.471647,6.6,completed,1.47
SUB201775,P100721,S5324,2024-09-22 15:06:21.040220,19.5,completed,2.12
SUB201776,P100333,S5249,2024-09-22 16:14:13.080183,19.3,completed,2.91
SUB201777,P102859,S5371,2024-09-22 16:18:36.864306,8.4,completed,1.32
SUB201778,P100202,S5035,2024-09-22 17:22:20.134729,9.0,completed,1.11
SUB201779,P100505,S5388,2024-09-22 18:24:36.791357,14.1,completed,3.85
SUB201780,P101536,S5139,2024-09-22 19:09:24.252261,26.8,completed,6.16
SUB201781,P102879,S5188,2024-09-22 21:46:13.775568,13.7,completed,1.52
SUB201782,P100600,S5349,2024-09-23 00:19:41.290341,13.4,completed,2.02
SUB201783,P100128,S5035,2024-09-23 03:07:26.265763,6.9,completed,1.11
SUB201784,P102222,S5198,2024-09-23 05:16:59.236423,13.7,completed,1.92
SUB201785,P100934,S5332,2024-09-23 11:17:52.310304,7.7,completed,1.23
SUB201786,P102102,S5111,2024-09-23 11:29:53.581426,8.3,completed,1.79
SUB201787,P102558,S5324,2024-09-23 13:35:05.000081,18.9,completed,2.12
SUB201788,P100946,S5055,2024-09-23 16:04:05.184147,12.4,completed,2.11
SUB201789,P101535,S5229,2024-09-23 18:02:22.798175,60.5,completed,7.54
SUB201790,P100946,S5229,2024-09-23 19:04:05.184147,60.5,completed,7.54
SUB201791,P102222,S5198,2024-09-23 19:16:59.236423,12.7,completed,1.92
SUB201792,P101585,S5009,2024-09-23 20:03:41.909621,50.8,completed,7.89
SUB201793,P102551,S5016,2024-09-23 20:23:37.117919,11.1,completed,1.61
SUB201794,P101416,S5040,2024-09-24 01:37:18.471647,29.8,completed,5.02
SUB201795,P100784,S5038,2024-09-24 02:17:00.791259,24.5,completed,4.91
SUB201796,P101416,S5064,2024-09-24 02:37:18.471647,12.8,completed,1.98
SUB201797,P101109,S5071,2024-09-24 04:02:47.975989,7.5,completed,1.28
SUB201798,P101697,S5188,2024-09-24 05:21:50.828030,12.9,completed,1.52
SUB201799,P100556,S5229,2024-09-24 05:59:20.265969,55.9,completed,7.54
SUB201800,P100866,S5035,2024-09-24 07:00:17.158213,7.6,completed,1.11
SUB201801,P102558,S5185,2024-09-24 07:35:05.000081,25.6,completed,5.65
SUB201802,P102478,S5092,2024-09-24 09:03:36.820788,14.2,completed,2.72
SUB201803,P101862,S5111,2024-09-24 09:07:05.904687,9.4,completed,1.79
SUB201804,P101161,S5198,2024-09-24 10:09:31.815930,19.5,completed,1.92
SUB201805,P100721,S5171,2024-09-24 11:06:21.040220,3.2,completed,0.44
SUB201806,P101862,S5420,2024-09-24 11:07:05.904687,33.0,completed,7.8
SUB201807,P101678,S5103,2024-09-24 12:03:53.722025,16.3,completed,3.8
SUB201808,P100409,S5258,2024-09-24 12:40:04.382716,23.4,completed,2.75
SUB201809,P102996,S5016,2024-09-24 16:28:24.975382,8.5,completed,1.61
SUB201810,P101156,S5048,2024-09-24 17:47:51.147785,4.7,completed,0.86
SUB201811,P101212,S5083,2024-09-24 18:35:08.764101,6.1,completed,0.8
SUB201812,P100066,S5043,2024-09-24 19:58:33.438206,13.4,completed,2.61
SUB201813,P101199,S5205,2024-09-24 20:11:04.190570,24.5,completed,3.34
SUB201814,P102551,S5194,2024-09-24 20:23:37.117919,17.1,timed_out,0.0
SUB201815,P101646,S5114,2024-09-24 20:50:25.422685,33.3,completed,6.95
SUB201816,P102118,S5382,2024-09-24 22:16:22.225478,9.0,completed,1.68
SUB201817,P102558,S5097,2024-09-24 23:35:05.000081,12.4,completed,2.1
SUB201818,P101762,S5229,2024-09-24 23:39:23.716494,59.0,completed,7.54
SUB201819,P102066,S5307,2024-09-25 00:05:55.579005,24.0,completed,4.57
SUB201820,P102066,S5188,2024-09-25 00:05:55.579005,14.5,completed,1.52
SUB201821,P102118,S5371,2024-09-25 03:16:22.225478,8.0,timed_out,0.0
SUB201822,P100202,S5297,2024-09-25 03:22:20.134729,16.6,completed,2.85
SUB201823,P100505,S5026,2024-09-25 04:24:36.791357,34.1,completed,6.67
SUB201824,P101690,S5438,2024-09-25 04:53:19.391737,18.5,completed,3.47
SUB201825,P102551,S5297,2024-09-25 08:23:37.117919,16.4,completed,2.85
SUB201826,P100701,S5258,2024-09-25 13:42:01.203346,18.4,completed,2.75
SUB201827,P102747,S5143,2024-09-25 15:31:38.749638,15.7,completed,2.39
SUB201828,P100576,S5008,2024-09-25 17:29:19.654622,36.8,completed,9.33
SUB201829,P100090,S5273,2024-09-25 20:13:55.119792,11.6,completed,1.67
SUB201830,P100057,S5343,2024-09-25 21:11:48.472250,35.3,completed,5.58
SUB201831,P101592,S5036,2024-09-26 00:05:10.547461,2.5,completed,0.5
SUB201832,P100111,S5350,2024-09-26 00:46:45.845240,19.3,completed,3.08
SUB201833,P101980,S5349,2024-09-26 01:03:50.229535,11.6,completed,2.02
SUB201834,P100111,S5127,2024-09-26 01:46:45.845240,14.2,completed,1.9
SUB201835,P100600,S5349,2024-09-26 02:19:41.290341,13.5,completed,2.02
SUB201836,P101535,S5161,2024-09-26 04:02:22.798175,13.4,completed,1.91
SUB201837,P102391,S5433,2024-09-26 04:30:21.363214,12.5,completed,2.07
SUB201838,P101087,S5350,2024-09-26 06:34:38.617092,13.1,timed_out,0.0
SUB201839,P101690,S5412,2024-09-26 06:53:19.391737,31.5,completed,5.45
SUB201840,P101095,S5349,2024-09-26 10:04:59.871460,15.7,completed,2.02
SUB201841,P101416,S5433,2024-09-26 10:37:18.471647,12.5,completed,2.07
SUB201842,P102478,S5350,2024-09-26 13:03:36.820788,19.2,completed,3.08
SUB201843,P101592,S5441,2024-09-26 16:05:10.547461,28.6,completed,5.78
SUB201844,P102685,S5026,2024-09-26 16:54:06.066527,36.5,completed,6.67
SUB201845,P101514,S5148,2024-09-26 17:33:33.385242,16.7,completed,2.06
SUB201846,P101536,S5376,2024-09-26 20:09:24.252261,23.1,returned,0.0
SUB201847,P102859,S5107,2024-09-26 20:18:36.864306,10.6,completed,1.66
SUB201848,P102551,S5161,2024-09-26 20:23:37.117919,15.7,returned,0.0
SUB201849,P102455,S5279,2024-09-26 21:00:47.301646,8.9,completed,1.83
SUB201850,P100128,S5048,2024-09-26 22:07:26.265763,5.4,completed,0.86
SUB201851,P101678,S5198,2024-09-26 23:03:53.722025,16.1,completed,1.92
SUB201852,P102832,S5343,2024-09-26 23:39:42.681837,32.6,completed,5.58
SUB201853,P101690,S5256,2024-09-27 00:53:19.391737,29.0,completed,4.49
SUB201854,P102102,S5008,2024-09-27 01:29:53.581426,38.2,completed,9.33
SUB201855,P101212,S5143,2024-09-27 01:35:08.764101,14.3,completed,2.39
SUB201856,P100588,S5324,2024-09-27 04:45:06.155373,12.4,completed,2.12
SUB201857,P100676,S5156,2024-09-27 05:48:59.333318,11.8,timed_out,0.0
SUB201858,P101646,S5035,2024-09-27 05:50:25.422685,6.4,completed,1.11
SUB201859,P101199,S5358,2024-09-27 06:11:04.190570,5.3,completed,0.91
SUB201860,P100175,S5249,2024-09-27 06:21:41.742141,21.4,rejected,0.0
SUB201861,P102678,S5343,2024-09-27 07:06:51.608948,31.5,completed,5.58
SUB201862,P101690,S5397,2024-09-27 08:53:19.391737,18.4,returned,0.0
SUB201863,P101535,S5216,2024-09-27 09:02:22.798175,13.7,completed,2.13
SUB201864,P100885,S5229,2024-09-27 10:48:02.142018,49.3,completed,7.54
SUB201865,P102551,S5097,2024-09-27 12:23:37.117919,16.3,completed,2.1
SUB201866,P102222,S5038,2024-09-27 17:16:59.236423,20.6,returned,0.0
SUB201867,P102960,S5441,2024-09-27 18:00:12.611403,22.1,completed,5.78
SUB201868,P101678,S5332,2024-09-27 18:03:53.722025,9.1,completed,1.23
SUB201869,P100589,S5114,2024-09-27 19:54:41.612919,29.6,returned,0.0
SUB201870,P100556,S5346,2024-09-27 20:59:20.265969,60.4,completed,10.53
SUB201871,P102066,S5009,2024-09-27 22:05:55.579005,38.8,completed,7.89
SUB201872,P101678,S5038,2024-09-28 00:03:53.722025,31.8,timed_out,0.0
SUB201873,P101161,S5279,2024-09-28 01:09:31.815930,8.7,completed,1.83
SUB201874,P100128,S5106,2024-09-28 03:07:26.265763,34.3,completed,5.46
SUB201875,P100576,S5055,2024-09-28 04:29:19.654622,14.9,completed,2.11
SUB201876,P102747,S5397,2024-09-28 05:31:38.749638,20.3,completed,2.96
SUB201877,P100701,S5441,2024-09-28 15:42:01.203346,29.6,completed,5.78
SUB201878,P101016,S5097,2024-09-28 16:17:40.486200,13.4,completed,2.1
SUB201879,P100493,S5249,2024-09-28 17:55:09.076824,14.9,completed,2.91
SUB201880,P101862,S5213,2024-09-28 20:07:05.904687,11.1,completed,1.08
SUB201881,P101821,S5263,2024-09-28 21:01:42.644088,22.6,completed,5.29
SUB201882,P102030,S5346,2024-09-29 05:21:44.467844,55.9,completed,10.53
SUB201883,P102859,S5026,2024-09-29 08:18:36.864306,35.9,completed,6.67
SUB201884,P101336,S5231,2024-09-29 09:04:44.473317,13.7,completed,3.05
SUB201885,P101690,S5111,2024-09-29 12:53:19.391737,10.6,completed,1.79
SUB201886,P100057,S5115,2024-09-29 14:11:48.472250,3.0,completed,0.64
SUB201887,P101737,S5029,2024-09-29 14:49:01.687178,19.7,completed,2.96
SUB201888,P101862,S5048,2024-09-29 18:07:05.904687,4.0,completed,0.86
SUB201889,P100576,S5311,2024-09-29 18:29:19.654622,34.1,timed_out,0.0
SUB201890,P100588,S5350,2024-09-29 18:45:06.155373,12.7,completed,3.08
SUB201891,P101161,S5358,2024-09-29 20:09:31.815930,7.6,timed_out,0.0
SUB201892,P101762,S5349,2024-09-29 21:39:23.716494,14.3,returned,0.0
SUB201893,P100854,S5064,2024-09-29 21:45:19.299129,11.6,completed,1.98
SUB201894,P101318,S5071,2024-09-29 22:46:11.338238,7.8,returned,0.0
SUB201895,P100515,S5350,2024-09-29 23:31:13.694397,16.1,completed,3.08
SUB201896,P102455,S5043,2024-09-30 00:00:47.301646,13.4,rejected,0.0
SUB201897,P100576,S5048,2024-09-30 00:29:19.654622,4.0,completed,0.86
SUB201898,P102832,S5036,2024-09-30 02:39:42.681837,2.8,completed,0.5
SUB201899,P101392,S5307,2024-09-30 05:20:53.183781,30.0,completed,4.57
SUB201900,P102879,S5064,2024-09-30 06:46:13.775568,9.7,completed,1.98
SUB201901,P102996,S5250,2024-09-30 08:28:24.975382,6.3,completed,1.13
SUB201902,P100493,S5358,2024-09-30 08:55:09.076824,5.3,completed,0.91
SUB201903,P101592,S5129,2024-09-30 12:05:10.547461,9.1,completed,1.59
SUB201904,P101862,S5256,2024-09-30 12:07:05.904687,22.6,completed,4.49
SUB201905,P101161,S5034,2024-09-30 12:09:31.815930,15.6,completed,2.11
SUB201906,P102127,S5038,2024-09-30 13:08:12.069731,19.8,completed,4.91
SUB201907,P101212,S5029,2024-09-30 13:35:08.764101,18.9,completed,2.96
SUB201908,P102960,S5382,2024-09-30 14:00:12.611403,8.8,returned,0.0
SUB201909,P101392,S5263,2024-09-30 15:20:53.183781,35.8,completed,5.29
SUB201910,P100934,S5231,2024-09-30 16:17:52.310304,14.0,completed,3.05
SUB201911,P100515,S5129,2024-09-30 18:31:13.694397,10.1,timed_out,0.0
SUB201912,P100760,S5369,2024-09-30 19:29:02.000458,4.4,completed,0.67
SUB201913,P102102,S5106,2024-09-30 19:29:53.581426,33.2,completed,5.46
SUB201914,P100589,S5139,2024-09-30 20:54:41.612919,36.1,rejected,0.0
SUB201915,P102391,S5256,2024-09-30 21:30:21.363214,18.6,completed,4.49
SUB201916,P100925,S5071,2024-09-30 22:03:34.015547,5.2,completed,1.28
SUB201917,P102306,S5114,2024-09-30 22:19:52.683359,35.4,completed,6.95
SUB201918,P100333,S5139,2024-09-30 23:14:13.080183,35.1,completed,6.16
SUB201919,P102102,S5148,2024-10-01 00:29:53.581426,16.1,completed,2.06
SUB201920,P100515,S5107,2024-10-01 00:31:13.694397,10.7,completed,1.66
SUB201921,P102030,S5127,2024-10-01 03:21:44.467844,9.7,completed,1.9
SUB201922,P100676,S5047,2024-10-01 04:48:59.333318,21.5,completed,2.56
SUB201923,P101690,S5213,2024-10-01 04:53:19.391737,8.3,completed,1.08
SUB201924,P102127,S5220,2024-10-01 05:08:12.069731,7.5,completed,1.0
SUB201925,P100600,S5029,2024-10-01 05:19:41.290341,19.7,completed,2.96
SUB201926,P101585,S5107,2024-10-01 06:03:41.909621,9.4,completed,1.66
SUB201927,P101109,S5203,2024-10-01 09:02:47.975989,8.9,completed,1.75
SUB201928,P100472,S5029,2024-10-01 10:46:22.700725,20.6,rejected,0.0
SUB201929,P102779,S5397,2024-10-01 15:34:02.963682,21.5,completed,2.96
SUB201930,P102066,S5297,2024-10-01 16:05:55.579005,15.9,completed,2.85
SUB201931,P101821,S5185,2024-10-01 18:01:42.644088,34.6,completed,5.65
SUB201932,P101434,S5043,2024-10-01 18:25:21.429850,11.6,completed,2.61
SUB201933,P100902,S5440,2024-10-01 19:16:03.591287,15.6,completed,2.63
SUB201934,P102747,S5440,2024-10-01 21:31:38.749638,22.9,completed,2.63
SUB201935,P101536,S5441,2024-10-02 02:09:24.252261,27.0,completed,5.78
SUB201936,P102102,S5263,2024-10-02 03:29:53.581426,25.2,completed,5.29
SUB201937,P100175,S5097,2024-10-02 04:21:41.742141,16.6,completed,2.1
SUB201938,P102858,S5369,2024-10-02 06:28:38.137176,3.6,completed,0.67
SUB201939,P100409,S5433,2024-10-02 06:40:04.382716,11.7,completed,2.07
SUB201940,P102338,S5332,2024-10-02 08:21:41.297043,9.0,completed,1.23
SUB201941,P102807,S5111,2024-10-02 09:49:17.957037,10.5,completed,1.79
SUB201942,P102478,S5092,2024-10-02 12:03:36.820788,12.5,completed,2.72
SUB201943,P102401,S5034,2024-10-02 14:23:38.337321,15.9,timed_out,0.0
SUB201944,P101862,S5250,2024-10-02 16:07:05.904687,6.2,completed,1.13
SUB201945,P100854,S5183,2024-10-02 19:45:19.299129,9.2,completed,1.35
SUB201946,P100854,S5205,2024-10-02 20:45:19.299129,16.8,completed,3.34
SUB201947,P100117,S5097,2024-10-02 23:11:03.816411,13.2,completed,2.1
SUB201948,P101646,S5071,2024-10-02 23:50:25.422685,5.2,completed,1.28
SUB201949,P101592,S5198,2024-10-03 02:05:10.547461,13.1,completed,1.92
SUB201950,P101109,S5037,2024-10-03 03:02:47.975989,7.1,completed,1.34
SUB201951,P102747,S5008,2024-10-03 04:31:38.749638,39.9,completed,9.33
SUB201952,P101585,S5188,2024-10-03 05:03:41.909621,15.7,completed,1.52
SUB201953,P102241,S5148,2024-10-03 05:50:24.702732,16.1,completed,2.06
SUB201954,P101884,S5040,2024-10-03 05:57:23.269972,31.6,returned,0.0
SUB201955,P101119,S5341,2024-10-03 06:24:40.491676,19.0,completed,3.95
SUB201956,P100066,S5307,2024-10-03 06:58:33.438206,28.3,completed,4.57
SUB201957,P101441,S5297,2024-10-03 07:38:05.484956,12.6,completed,2.85
SUB201958,P101095,S5064,2024-10-03 09:04:59.871460,13.2,completed,1.98
SUB201959,P102747,S5216,2024-10-03 09:31:38.749638,15.2,completed,2.13
SUB201960,P100854,S5047,2024-10-03 09:45:19.299129,22.1,completed,2.56
SUB201961,P101985,S5263,2024-10-03 13:04:24.990148,22.7,rejected,0.0
SUB201962,P100698,S5194,2024-10-03 13:12:09.596034,17.4,completed,3.46
SUB201963,P101697,S5256,2024-10-03 14:21:50.828030,18.3,returned,0.0
SUB201964,P100066,S5083,2024-10-03 14:58:33.438206,7.6,completed,0.8
SUB201965,P102879,S5185,2024-10-03 16:46:13.775568,27.9,completed,5.65
SUB201966,P101156,S5036,2024-10-03 16:47:51.147785,3.0,completed,0.5
SUB201967,P101725,S5349,2024-10-03 17:38:20.803864,15.5,completed,2.02
SUB201968,P101585,S5139,2024-10-03 18:03:41.909621,39.0,returned,0.0
SUB201969,P102338,S5129,2024-10-03 18:21:41.297043,10.2,completed,1.59
SUB201970,P100128,S5346,2024-10-03 19:07:26.265763,59.8,completed,10.53
SUB201971,P102222,S5420,2024-10-03 19:16:59.236423,35.5,returned,0.0
SUB201972,P101109,S5009,2024-10-03 20:02:47.975989,47.4,completed,7.89
SUB201973,P101514,S5198,2024-10-03 20:33:33.385242,13.0,completed,1.92
SUB201974,P102858,S5324,2024-10-03 21:28:38.137176,14.1,completed,2.12
SUB201975,P100057,S5137,2024-10-04 01:11:48.472250,28.9,completed,6.57
SUB201976,P100175,S5438,2024-10-04 01:21:41.742141,14.9,completed,3.47
SUB201977,P102807,S5183,2024-10-04 02:49:17.957037,6.3,completed,1.35
SUB201978,P101156,S5376,2024-10-04 03:47:51.147785,23.2,completed,4.64
SUB201979,P100676,S5371,2024-10-04 03:48:59.333318,6.9,completed,1.32
SUB201980,P101199,S5048,2024-10-04 07:11:04.190570,5.3,returned,0.0
SUB201981,P100801,S5097,2024-10-04 07:21:41.704462,11.3,completed,2.1
SUB201982,P100721,S5048,2024-10-04 08:06:21.040220,5.7,completed,0.86
SUB201983,P101862,S5412,2024-10-04 08:07:05.904687,21.9,completed,5.45
SUB201984,P101624,S5188,2024-10-04 09:55:51.460989,13.8,completed,1.52
SUB201985,P102879,S5220,2024-10-04 12:46:13.775568,8.1,completed,1.0
SUB201986,P102960,S5194,2024-10-04 13:00:12.611403,16.3,completed,3.46
SUB201987,P102111,S5324,2024-10-04 13:36:18.289752,19.4,timed_out,0.0
SUB201988,P101199,S5034,2024-10-04 14:11:04.190570,14.9,completed,2.11
SUB201989,P100066,S5143,2024-10-04 14:58:33.438206,17.0,completed,2.39
SUB201990,P100175,S5083,2024-10-04 19:21:41.742141,6.2,completed,0.8
SUB201991,P101697,S5037,2024-10-04 19:21:50.828030,9.2,timed_out,0.0
SUB201992,P100885,S5194,2024-10-04 19:48:02.142018,22.3,completed,3.46
SUB201993,P102241,S5376,2024-10-04 21:50:24.702732,16.6,completed,4.64
SUB201994,P101434,S5156,2024-10-04 23:25:21.429850,12.2,timed_out,0.0
SUB201995,P100721,S5358,2024-10-05 03:06:21.040220,6.4,completed,0.91
SUB201996,P101762,S5111,2024-10-05 03:39:23.716494,9.4,completed,1.79
SUB201997,P101585,S5205,2024-10-05 04:03:41.909621,20.0,completed,3.34
SUB201998,P100175,S5438,2024-10-05 07:21:41.742141,17.1,completed,3.47
SUB201999,P102879,S5127,2024-10-05 08:46:13.775568,10.0,completed,1.9
SUB202000,P102859,S5349,2024-10-05 12:18:36.864306,15.9,completed,2.02
SUB202001,P101265,S5438,2024-10-05 13:35:24.387082,18.0,completed,3.47
SUB202002,P102201,S5220,2024-10-05 16:55:07.248462,9.4,completed,1.0
SUB202003,P100801,S5397,2024-10-05 18:21:41.704462,23.1,completed,2.96
SUB202004,P101697,S5092,2024-10-05 19:21:50.828030,17.2,completed,2.72
SUB202005,P101239,S5092,2024-10-06 01:57:24.890824,11.2,completed,2.72
SUB202006,P101493,S5103,2024-10-06 02:18:31.502131,22.9,timed_out,0.0
SUB202007,P102779,S5397,2024-10-06 02:34:02.963682,15.9,completed,2.96
SUB202008,P101690,S5009,2024-10-06 02:53:19.391737,56.1,completed,7.89
SUB202009,P100333,S5008,2024-10-06 04:14:13.080183,50.4,completed,9.33
SUB202010,P101585,S5064,2024-10-06 05:03:41.909621,10.1,completed,1.98
SUB202011,P102455,S5382,2024-10-06 10:00:47.301646,7.4,completed,1.68
SUB202012,P101725,S5115,2024-10-06 11:38:20.803864,3.4,completed,0.64
SUB202013,P102222,S5035,2024-10-06 12:16:59.236423,6.8,timed_out,0.0
SUB202014,P102990,S5026,2024-10-06 14:30:49.561164,42.9,completed,6.67
SUB202015,P102551,S5281,2024-10-06 22:23:37.117919,8.1,completed,1.47
SUB202016,P101690,S5258,2024-10-06 22:53:19.391737,18.7,completed,2.75
SUB202017,P100066,S5059,2024-10-06 22:58:33.438206,15.5,completed,2.37
SUB202018,P100701,S5040,2024-10-07 03:42:01.203346,26.6,completed,5.02
SUB202019,P102747,S5381,2024-10-07 05:31:38.749638,9.6,completed,2.26
SUB202020,P102455,S5009,2024-10-07 07:00:47.301646,46.6,completed,7.89
SUB202021,P101265,S5035,2024-10-07 08:35:24.387082,8.8,completed,1.11
SUB202022,P100588,S5332,2024-10-07 11:45:06.155373,11.0,completed,1.23
SUB202023,P102558,S5048,2024-10-07 15:35:05.000081,4.8,completed,0.86
SUB202024,P102779,S5220,2024-10-07 16:34:02.963682,6.5,completed,1.0
SUB202025,P100387,S5256,2024-10-07 19:37:10.612955,26.0,completed,4.49
SUB202026,P101067,S5349,2024-10-07 21:56:25.568477,10.3,completed,2.02
SUB202027,P102306,S5059,2024-10-08 02:19:52.683359,15.3,rejected,0.0
SUB202028,P101087,S5127,2024-10-08 02:34:38.617092,13.4,completed,1.9
SUB202029,P102092,S5220,2024-10-08 05:12:39.793324,9.1,completed,1.0
SUB202030,P101980,S5071,2024-10-08 06:03:50.229535,7.0,completed,1.28
SUB202031,P102292,S5111,2024-10-08 07:38:12.391490,9.7,completed,1.79
SUB202032,P100784,S5132,2024-10-08 11:17:00.791259,25.7,completed,4.18
SUB202033,P101105,S5273,2024-10-08 11:43:43.886534,10.8,completed,1.67
SUB202034,P101985,S5055,2024-10-08 12:04:24.990148,13.4,completed,2.11
SUB202035,P102858,S5273,2024-10-08 13:28:38.137176,14.3,completed,1.67
SUB202036,P100866,S5279,2024-10-08 15:00:17.158213,11.0,completed,1.83
SUB202037,P101980,S5040,2024-10-08 18:03:50.229535,32.5,completed,5.02
SUB202038,P100026,S5059,2024-10-08 18:06:21.732929,12.4,completed,2.37
SUB202039,P101109,S5297,2024-10-09 00:02:47.975989,14.3,completed,2.85
SUB202040,P100760,S5229,2024-10-09 01:29:02.000458,52.4,completed,7.54
SUB202041,P102741,S5043,2024-10-09 01:41:28.807531,16.7,completed,2.61
SUB202042,P102662,S5029,2024-10-09 02:14:24.765637,22.6,completed,2.96
SUB202043,P101336,S5311,2024-10-09 04:04:44.473317,26.4,completed,6.06
SUB202044,P100895,S5381,2024-10-09 05:02:59.956389,13.8,completed,2.26
SUB202045,P100879,S5055,2024-10-09 09:15:26.506499,15.1,completed,2.11
SUB202046,P102111,S5120,2024-10-09 11:36:18.289752,27.3,completed,3.32
SUB202047,P100866,S5273,2024-10-09 12:00:17.158213,11.3,completed,1.67
SUB202048,P102960,S5311,2024-10-09 17:00:12.611403,33.5,completed,6.06
SUB202049,P102241,S5194,2024-10-09 17:50:24.702732,20.6,completed,3.46
SUB202050,P101950,S5040,2024-10-09 18:16:27.219006,26.4,completed,5.02
SUB202051,P102491,S5143,2024-10-09 19:34:04.845145,14.9,completed,2.39
SUB202052,P101723,S5040,2024-10-09 19:58:33.927638,36.7,completed,5.02
SUB202053,P100515,S5092,2024-10-09 20:31:13.694397,11.6,completed,2.72
SUB202054,P102222,S5213,2024-10-10 01:16:59.236423,9.1,completed,1.08
SUB202055,P101690,S5433,2024-10-10 04:53:19.391737,13.7,rejected,0.0
SUB202056,P101862,S5307,2024-10-10 07:07:05.904687,25.6,completed,4.57
SUB202057,P100128,S5388,2024-10-10 07:07:26.265763,18.3,completed,3.85
SUB202058,P100493,S5064,2024-10-10 08:55:09.076824,12.8,completed,1.98
SUB202059,P101109,S5220,2024-10-10 10:02:47.975989,6.2,completed,1.0
SUB202060,P102504,S5346,2024-10-10 11:43:25.877486,61.3,returned,0.0
SUB202061,P102338,S5358,2024-10-10 12:21:41.297043,7.5,completed,0.91
SUB202062,P102662,S5281,2024-10-10 13:14:24.765637,7.5,completed,1.47
SUB202063,P101493,S5258,2024-10-10 16:18:31.502131,24.3,completed,2.75
SUB202064,P100297,S5055,2024-10-10 16:59:32.896357,11.3,completed,2.11
SUB202065,P101232,S5036,2024-10-10 17:11:30.147814,2.9,completed,0.5
SUB202066,P102455,S5388,2024-10-10 19:00:47.301646,17.6,completed,3.85
SUB202067,P101078,S5172,2024-10-10 19:34:33.670145,10.4,completed,1.58
SUB202068,P101016,S5027,2024-10-10 20:17:40.486200,48.6,completed,7.63
SUB202069,P102551,S5188,2024-10-10 21:23:37.117919,15.0,timed_out,0.0
SUB202070,P101434,S5101,2024-10-10 23:25:21.429850,7.8,completed,1.24
SUB202071,P102241,S5139,2024-10-10 23:50:24.702732,25.8,completed,6.16
SUB202072,P101980,S5194,2024-10-11 01:03:50.229535,21.3,completed,3.46
SUB202073,P101762,S5376,2024-10-11 01:39:23.716494,19.2,completed,4.64
SUB202074,P100515,S5346,2024-10-11 03:31:13.694397,42.4,completed,10.53
SUB202075,P100515,S5229,2024-10-11 03:31:13.694397,60.0,completed,7.54
SUB202076,P101762,S5143,2024-10-11 03:39:23.716494,11.5,completed,2.39
SUB202077,P102401,S5381,2024-10-11 04:23:38.337321,13.8,completed,2.26
SUB202078,P102741,S5332,2024-10-11 04:41:28.807531,9.5,completed,1.23
SUB202079,P102907,S5035,2024-10-11 06:51:52.427299,7.1,completed,1.11
SUB202080,P100066,S5231,2024-10-11 06:58:33.438206,11.4,completed,3.05
SUB202081,P100760,S5016,2024-10-11 08:29:02.000458,11.4,completed,1.61
SUB202082,P102558,S5008,2024-10-11 09:35:05.000081,38.0,completed,9.33
SUB202083,P101690,S5035,2024-10-11 10:53:19.391737,8.7,completed,1.11
SUB202084,P102030,S5324,2024-10-11 13:21:44.467844,12.6,completed,2.12
SUB202085,P102241,S5327,2024-10-11 13:50:24.702732,31.8,completed,4.13
SUB202086,P100429,S5297,2024-10-11 15:15:08.987265,15.1,completed,2.85
SUB202087,P102391,S5034,2024-10-11 15:30:21.363214,18.3,completed,2.11
SUB202088,P100698,S5083,2024-10-11 16:12:09.596034,7.4,timed_out,0.0
SUB202089,P100515,S5382,2024-10-11 17:31:13.694397,9.8,completed,1.68
SUB202090,P102102,S5026,2024-10-11 20:29:53.581426,41.9,completed,6.67
SUB202091,P100726,S5107,2024-10-11 20:34:27.086381,9.2,completed,1.66
SUB202092,P100472,S5161,2024-10-11 21:46:22.700725,14.3,completed,1.91
SUB202093,P101985,S5026,2024-10-11 22:04:24.990148,39.3,completed,6.67
SUB202094,P102066,S5256,2024-10-11 23:05:55.579005,25.4,rejected,0.0
SUB202095,P100784,S5412,2024-10-12 01:17:00.791259,33.9,completed,5.45
SUB202096,P102241,S5188,2024-10-12 02:50:24.702732,11.8,completed,1.52
SUB202097,P101016,S5281,2024-10-12 05:17:40.486200,7.3,completed,1.47
SUB202098,P101862,S5139,2024-10-12 07:07:05.904687,26.6,completed,6.16
SUB202099,P102222,S5371,2024-10-12 07:16:59.236423,8.4,rejected,0.0
SUB202100,P102030,S5156,2024-10-12 08:21:44.467844,14.5,completed,1.7
SUB202101,P100117,S5349,2024-10-12 12:11:03.816411,10.2,completed,2.02
SUB202102,P101265,S5297,2024-10-12 14:35:24.387082,16.4,completed,2.85
SUB202103,P102779,S5026,2024-10-12 16:34:02.963682,41.3,returned,0.0
SUB202104,P100852,S5035,2024-10-12 16:50:38.024849,8.6,rejected,0.0
SUB202105,P100854,S5369,2024-10-12 22:45:19.299129,4.3,completed,0.67
SUB202106,P101295,S5376,2024-10-12 22:47:41.272075,23.2,completed,4.64
SUB202107,P101095,S5279,2024-10-13 00:04:59.871460,12.8,completed,1.83
SUB202108,P101109,S5256,2024-10-13 01:02:47.975989,22.8,completed,4.49
SUB202109,P102401,S5132,2024-10-13 01:23:38.337321,20.4,rejected,0.0
SUB202110,P101010,S5029,2024-10-13 02:24:20.738984,23.4,completed,2.96
SUB202111,P102338,S5220,2024-10-13 03:21:41.297043,6.9,completed,1.0
SUB202112,P101985,S5027,2024-10-13 05:04:24.990148,31.7,completed,7.63
SUB202113,P101212,S5263,2024-10-13 06:35:08.764101,23.2,completed,5.29
SUB202114,P102292,S5203,2024-10-13 06:38:12.391490,9.1,completed,1.75
SUB202115,P102504,S5083,2024-10-13 10:43:25.877486,5.5,completed,0.8
SUB202116,P100946,S5120,2024-10-13 13:04:05.184147,18.4,completed,3.32
SUB202117,P101493,S5311,2024-10-13 14:18:31.502131,32.7,completed,6.06
SUB202118,P102066,S5009,2024-10-13 17:05:55.579005,52.9,completed,7.89
SUB202119,P102907,S5183,2024-10-13 18:51:52.427299,7.6,completed,1.35
SUB202120,P101119,S5343,2024-10-13 21:24:40.491676,31.1,completed,5.58
SUB202121,P100854,S5036,2024-10-13 21:45:19.299129,2.4,completed,0.5
SUB202122,P102832,S5273,2024-10-14 01:39:42.681837,10.9,completed,1.67
SUB202123,P102779,S5071,2024-10-14 02:34:02.963682,6.2,completed,1.28
SUB202124,P100934,S5139,2024-10-14 06:17:52.310304,40.0,timed_out,0.0
SUB202125,P102241,S5329,2024-10-14 06:50:24.702732,13.5,completed,2.64
SUB202126,P100946,S5139,2024-10-14 08:04:05.184147,39.0,timed_out,0.0
SUB202127,P100854,S5139,2024-10-14 08:45:19.299129,36.8,completed,6.16
SUB202128,P102780,S5250,2024-10-14 09:27:22.779877,6.9,completed,1.13
SUB202129,P102747,S5250,2024-10-14 09:31:38.749638,7.4,completed,1.13
SUB202130,P102491,S5059,2024-10-14 09:34:04.845145,11.8,completed,2.37
SUB202131,P102879,S5139,2024-10-14 11:46:13.775568,31.3,returned,0.0
SUB202132,P100885,S5332,2024-10-14 12:48:02.142018,9.6,completed,1.23
SUB202133,P101095,S5286,2024-10-14 21:04:59.871460,36.3,completed,6.85
SUB202134,P102662,S5143,2024-10-14 21:14:24.765637,14.7,completed,2.39
SUB202135,P101847,S5281,2024-10-14 23:28:12.847321,7.9,completed,1.47
SUB202136,P101232,S5101,2024-10-15 00:11:30.147814,8.8,completed,1.24
SUB202137,P100128,S5311,2024-10-15 02:07:26.265763,32.5,completed,6.06
SUB202138,P101095,S5249,2024-10-15 03:04:59.871460,19.5,completed,2.91
SUB202139,P100895,S5148,2024-10-15 04:02:59.956389,16.3,completed,2.06
SUB202140,P101133,S5148,2024-10-15 05:54:54.494792,14.3,completed,2.06
SUB202141,P101156,S5137,2024-10-15 06:47:51.147785,37.0,completed,6.57
SUB202142,P100895,S5097,2024-10-15 07:02:59.956389,15.6,completed,2.1
SUB202143,P102338,S5220,2024-10-15 08:21:41.297043,8.0,returned,0.0
SUB202144,P100175,S5343,2024-10-15 08:21:41.742141,37.7,completed,5.58
SUB202145,P101295,S5197,2024-10-15 08:47:41.272075,12.8,completed,1.83
SUB202146,P101336,S5256,2024-10-15 10:04:44.473317,24.3,completed,4.49
SUB202147,P100589,S5329,2024-10-15 14:54:41.612919,13.7,completed,2.64
SUB202148,P102201,S5097,2024-10-15 14:55:07.248462,13.9,completed,2.1
SUB202149,P102066,S5008,2024-10-15 15:05:55.579005,35.9,completed,9.33
SUB202150,P100885,S5440,2024-10-15 16:48:02.142018,17.8,completed,2.63
SUB202151,P101690,S5424,2024-10-15 17:53:19.391737,18.2,completed,2.82
SUB202152,P101737,S5115,2024-10-15 18:49:01.687178,2.5,completed,0.64
SUB202153,P101078,S5256,2024-10-15 23:34:33.670145,22.8,completed,4.49
SUB202154,P100429,S5327,2024-10-16 03:15:08.987265,23.1,completed,4.13
SUB202155,P101862,S5132,2024-10-16 05:07:05.904687,23.9,completed,4.18
SUB202156,P100026,S5412,2024-10-16 06:06:21.732929,32.9,completed,5.45
SUB202157,P101862,S5311,2024-10-16 06:07:05.904687,26.3,completed,6.06
SUB202158,P102066,S5034,2024-10-16 10:05:55.579005,17.8,completed,2.11
SUB202159,P102030,S5156,2024-10-16 10:21:44.467844,14.1,timed_out,0.0
SUB202160,P100934,S5263,2024-10-16 13:17:52.310304,31.2,completed,5.29
SUB202161,P101725,S5205,2024-10-16 16:38:20.803864,19.9,completed,3.34
SUB202162,P100175,S5139,2024-10-16 18:21:41.742141,32.5,completed,6.16
SUB202163,P101295,S5038,2024-10-16 20:47:41.272075,25.5,completed,4.91
SUB202164,P101095,S5143,2024-10-16 21:04:59.871460,11.8,completed,2.39
SUB202165,P102537,S5311,2024-10-16 23:18:11.943058,24.4,timed_out,0.0
SUB202166,P101985,S5083,2024-10-17 00:04:24.990148,6.6,completed,0.8
SUB202167,P100128,S5043,2024-10-17 04:07:26.265763,17.7,completed,2.61
SUB202168,P101010,S5047,2024-10-17 05:24:20.738984,15.8,completed,2.56
SUB202169,P101950,S5286,2024-10-17 06:16:27.219006,27.9,completed,6.85
SUB202170,P101441,S5106,2024-10-17 06:38:05.484956,35.0,completed,5.46
SUB202171,P102239,S5055,2024-10-17 07:15:34.099992,14.5,completed,2.11
SUB202172,P101862,S5327,2024-10-17 08:07:05.904687,30.7,completed,4.13
SUB202173,P100895,S5071,2024-10-17 11:02:59.956389,6.0,completed,1.28
SUB202174,P102914,S5250,2024-10-17 12:34:05.746353,6.3,completed,1.13
SUB202175,P102780,S5183,2024-10-17 13:27:22.779877,8.9,completed,1.35
SUB202176,P102391,S5286,2024-10-17 14:30:21.363214,24.9,completed,6.85
SUB202177,P100158,S5009,2024-10-17 15:11:33.880967,50.4,completed,7.89
SUB202178,P102879,S5115,2024-10-17 17:46:13.775568,3.1,completed,0.64
SUB202179,P100852,S5038,2024-10-17 17:50:38.024849,26.1,completed,4.91
SUB202180,P102779,S5132,2024-10-17 18:34:02.963682,20.7,completed,4.18
SUB202181,P101071,S5220,2024-10-17 18:42:31.244162,7.6,timed_out,0.0
SUB202182,P101295,S5171,2024-10-17 18:47:41.272075,3.7,completed,0.44
SUB202183,P101199,S5273,2024-10-17 19:11:04.190570,10.4,completed,1.67
SUB202184,P101095,S5161,2024-10-17 21:04:59.871460,19.2,completed,1.91
SUB202185,P102678,S5332,2024-10-17 21:06:51.608948,9.3,completed,1.23
SUB202186,P100576,S5197,2024-10-17 22:29:19.654622,12.3,completed,1.83
SUB202187,P102102,S5440,2024-10-17 22:29:53.581426,17.3,completed,2.63
SUB202188,P102201,S5129,2024-10-17 22:55:07.248462,9.6,completed,1.59
SUB202189,P100515,S5107,2024-10-17 23:31:13.694397,8.7,completed,1.66
SUB202190,P101592,S5203,2024-10-18 01:05:10.547461,7.9,completed,1.75
SUB202191,P101690,S5381,2024-10-18 05:53:19.391737,14.6,completed,2.26
SUB202192,P102222,S5418,2024-10-18 06:16:59.236423,8.5,completed,1.77
SUB202193,P101239,S5341,2024-10-18 06:57:24.890824,22.9,completed,3.95
SUB202194,P102292,S5047,2024-10-18 07:38:12.391490,21.2,completed,2.56
SUB202195,P101462,S5397,2024-10-18 07:40:59.481595,15.5,completed,2.96
SUB202196,P100387,S5037,2024-10-18 08:37:10.612955,8.9,completed,1.34
SUB202197,P101462,S5198,2024-10-18 08:40:59.481595,12.2,returned,0.0
SUB202198,P102807,S5009,2024-10-18 08:49:17.957037,52.2,completed,7.89
SUB202199,P102785,S5171,2024-10-18 13:15:50.029321,2.6,completed,0.44
SUB202200,P102990,S5380,2024-10-18 15:30:49.561164,39.2,completed,9.78
SUB202201,P101199,S5263,2024-10-18 21:11:04.190570,32.7,completed,5.29
SUB202202,P101441,S5213,2024-10-18 21:38:05.484956,9.5,completed,1.08
SUB202203,P102658,S5008,2024-10-18 23:27:19.422832,47.0,returned,0.0
SUB202204,P101071,S5343,2024-10-19 00:42:31.244162,27.5,completed,5.58
SUB202205,P100885,S5115,2024-10-19 01:48:02.142018,2.7,timed_out,0.0
SUB202206,P101847,S5382,2024-10-19 02:28:12.847321,7.0,completed,1.68
SUB202207,P100117,S5010,2024-10-19 03:11:03.816411,23.6,completed,3.21
SUB202208,P100784,S5324,2024-10-19 05:17:00.791259,16.8,completed,2.12
SUB202209,P101790,S5197,2024-10-19 06:52:07.028919,12.7,rejected,0.0
SUB202210,P100879,S5103,2024-10-19 07:15:26.506499,21.4,returned,0.0
SUB202211,P101950,S5161,2024-10-19 09:16:27.219006,13.0,completed,1.91
SUB202212,P102858,S5258,2024-10-19 13:28:38.137176,18.6,completed,2.75
SUB202213,P102066,S5055,2024-10-19 15:05:55.579005,13.2,timed_out,0.0
SUB202214,P100505,S5198,2024-10-19 17:24:36.791357,14.3,completed,1.92
SUB202215,P102785,S5440,2024-10-19 20:15:50.029321,20.9,completed,2.63
SUB202216,P100606,S5332,2024-10-19 20:21:32.016215,7.9,completed,1.23
SUB202217,P102879,S5397,2024-10-19 20:46:13.775568,17.7,returned,0.0
SUB202218,P100202,S5064,2024-10-19 21:22:20.134729,15.2,completed,1.98
SUB202219,P101369,S5433,2024-10-19 21:35:19.515166,11.4,completed,2.07
SUB202220,P102306,S5008,2024-10-20 00:19:52.683359,33.6,completed,9.33
SUB202221,P101078,S5183,2024-10-20 00:34:33.670145,6.9,completed,1.35
SUB202222,P100175,S5009,2024-10-20 05:21:41.742141,40.0,completed,7.89
SUB202223,P101087,S5263,2024-10-20 06:34:38.617092,30.1,completed,5.29
SUB202224,P101087,S5433,2024-10-20 08:34:38.617092,9.7,rejected,0.0
SUB202225,P102223,S5229,2024-10-20 08:39:58.804614,54.6,completed,7.54
SUB202226,P100057,S5358,2024-10-20 09:11:48.472250,7.1,completed,0.91
SUB202227,P102741,S5346,2024-10-20 12:41:28.807531,52.5,completed,10.53
SUB202228,P102241,S5350,2024-10-20 13:50:24.702732,14.8,completed,3.08
SUB202229,P101232,S5273,2024-10-20 14:11:30.147814,14.6,timed_out,0.0
SUB202230,P102767,S5035,2024-10-20 15:15:07.721749,7.1,completed,1.11
SUB202231,P102455,S5307,2024-10-20 16:00:47.301646,31.2,completed,4.57
SUB202232,P102574,S5380,2024-10-20 17:17:33.603340,38.9,completed,9.78
SUB202233,P100026,S5197,2024-10-20 18:06:21.732929,13.6,completed,1.83
SUB202234,P102203,S5263,2024-10-20 18:28:51.749464,35.3,completed,5.29
SUB202235,P102102,S5156,2024-10-20 18:29:53.581426,11.0,completed,1.7
SUB202236,P101109,S5034,2024-10-20 23:02:47.975989,11.8,completed,2.11
SUB202237,P100698,S5297,2024-10-21 00:12:09.596034,16.7,completed,2.85
SUB202238,P102821,S5139,2024-10-21 03:15:13.547037,36.6,completed,6.16
SUB202239,P100852,S5148,2024-10-21 03:50:38.024849,16.0,returned,0.0
SUB202240,P102785,S5341,2024-10-21 04:15:50.029321,25.6,returned,0.0
SUB202241,P101753,S5097,2024-10-21 04:25:09.153126,11.3,completed,2.1
SUB202242,P102747,S5263,2024-10-21 04:31:38.749638,25.9,completed,5.29
SUB202243,P102767,S5009,2024-10-21 05:15:07.721749,37.2,completed,7.89
SUB202244,P102076,S5027,2024-10-21 06:27:32.623214,44.7,completed,7.63
SUB202245,P100173,S5382,2024-10-21 06:34:04.575848,9.1,completed,1.68
SUB202246,P100852,S5289,2024-10-21 06:50:38.024849,34.6,completed,6.11
SUB202247,P101678,S5216,2024-10-21 08:03:53.722025,16.0,completed,2.13
SUB202248,P100784,S5101,2024-10-21 10:17:00.791259,9.4,completed,1.24
SUB202249,P101493,S5307,2024-10-21 11:18:31.502131,34.1,completed,4.57
SUB202250,P100189,S5420,2024-10-21 11:42:46.224420,37.1,completed,7.8
SUB202251,P101276,S5350,2024-10-21 13:11:07.674197,17.8,completed,3.08
SUB202252,P100013,S5216,2024-10-21 14:48:59.260023,16.3,completed,2.13
SUB202253,P101374,S5043,2024-10-21 22:21:46.204053,16.5,rejected,0.0
SUB202254,P101071,S5137,2024-10-22 00:42:31.244162,41.4,completed,6.57
SUB202255,P100013,S5281,2024-10-22 00:48:59.260023,9.0,completed,1.47
SUB202256,P100202,S5043,2024-10-22 06:22:20.134729,17.3,completed,2.61
SUB202257,P102767,S5097,2024-10-22 07:15:07.721749,10.5,rejected,0.0
SUB202258,P100760,S5281,2024-10-22 07:29:02.000458,6.5,timed_out,0.0
SUB202259,P100895,S5250,2024-10-22 10:02:59.956389,6.0,completed,1.13
SUB202260,P100108,S5071,2024-10-22 11:12:17.443271,8.0,completed,1.28
SUB202261,P101369,S5441,2024-10-22 12:35:19.515166,27.9,completed,5.78
SUB202262,P100387,S5350,2024-10-22 13:37:10.612955,19.4,rejected,0.0
SUB202263,P101690,S5249,2024-10-22 13:53:19.391737,15.7,completed,2.91
SUB202264,P101753,S5381,2024-10-22 16:25:09.153126,10.8,completed,2.26
SUB202265,P102338,S5101,2024-10-22 18:21:41.297043,10.1,timed_out,0.0
SUB202266,P101493,S5010,2024-10-22 20:18:31.502131,24.2,completed,3.21
SUB202267,P100854,S5036,2024-10-22 22:45:19.299129,3.6,rejected,0.0
SUB202268,P100387,S5092,2024-10-23 00:37:10.612955,13.6,completed,2.72
SUB202269,P100934,S5035,2024-10-23 01:17:52.310304,7.3,completed,1.11
SUB202270,P100726,S5349,2024-10-23 01:34:27.086381,11.7,completed,2.02
SUB202271,P100880,S5229,2024-10-23 03:18:29.430743,41.5,completed,7.54
SUB202272,P101133,S5197,2024-10-23 04:54:54.494792,10.1,completed,1.83
SUB202273,P101199,S5071,2024-10-23 05:11:04.190570,7.8,completed,1.28
SUB202274,P100784,S5220,2024-10-23 05:17:00.791259,8.9,completed,1.0
SUB202275,P101592,S5008,2024-10-23 06:05:10.547461,52.9,completed,9.33
SUB202276,P101678,S5220,2024-10-23 07:03:53.722025,7.6,timed_out,0.0
SUB202277,P100879,S5343,2024-10-23 07:15:26.506499,31.7,completed,5.58
SUB202278,P102990,S5092,2024-10-23 08:30:49.561164,14.8,completed,2.72
SUB202279,P102858,S5332,2024-10-23 09:28:38.137176,8.3,completed,1.23
SUB202280,P101723,S5264,2024-10-23 09:58:33.927638,5.0,completed,0.77
SUB202281,P101862,S5048,2024-10-23 10:07:05.904687,4.7,completed,0.86
SUB202282,P100158,S5311,2024-10-23 10:11:33.880967,29.7,completed,6.06
SUB202283,P102981,S5139,2024-10-23 11:38:10.855766,28.8,completed,6.16
SUB202284,P101119,S5388,2024-10-23 12:24:40.491676,20.6,completed,3.85
SUB202285,P100854,S5047,2024-10-23 13:45:19.299129,17.0,completed,2.56
SUB202286,P101095,S5107,2024-10-23 14:04:59.871460,12.1,completed,1.66
SUB202287,P102338,S5341,2024-10-23 14:21:41.297043,22.8,completed,3.95
SUB202288,P100880,S5027,2024-10-23 15:18:29.430743,40.9,completed,7.63
SUB202289,P100854,S5216,2024-10-23 16:45:19.299129,12.9,completed,2.13
SUB202290,P102821,S5034,2024-10-23 17:15:13.547037,13.8,completed,2.11
SUB202291,P101071,S5358,2024-10-23 17:42:31.244162,5.5,completed,0.91
SUB202292,P100854,S5016,2024-10-23 17:45:19.299129,11.4,completed,1.61
SUB202293,P102338,S5412,2024-10-23 20:21:41.297043,32.7,completed,5.45
SUB202294,P100013,S5071,2024-10-24 01:48:59.260023,8.1,completed,1.28
SUB202295,P101862,S5397,2024-10-24 03:07:05.904687,23.7,completed,2.96
SUB202296,P102491,S5101,2024-10-24 03:34:04.845145,7.2,completed,1.24
SUB202297,P100681,S5424,2024-10-24 03:56:31.269634,14.1,completed,2.82
SUB202298,P101078,S5286,2024-10-24 04:34:33.670145,36.5,completed,6.85
SUB202299,P101239,S5229,2024-10-24 04:57:24.890824,49.2,completed,7.54
SUB202300,P102779,S5132,2024-10-24 06:34:02.963682,25.1,completed,4.18
SUB202301,P101276,S5263,2024-10-24 08:11:07.674197,26.7,completed,5.29
SUB202302,P100784,S5420,2024-10-24 08:17:00.791259,28.7,completed,7.8
SUB202303,P102879,S5358,2024-10-24 10:46:13.775568,6.0,completed,0.91
SUB202304,P101441,S5172,2024-10-24 11:38:05.484956,11.0,completed,1.58
SUB202305,P102821,S5382,2024-10-24 15:15:13.547037,10.0,completed,1.68
SUB202306,P101690,S5358,2024-10-24 15:53:19.391737,6.6,completed,0.91
SUB202307,P101592,S5424,2024-10-24 16:05:10.547461,16.2,returned,0.0
SUB202308,P101608,S5397,2024-10-24 17:31:43.436852,20.7,timed_out,0.0
SUB202309,P100108,S5194,2024-10-24 18:12:17.443271,20.2,completed,3.46
SUB202310,P102092,S5059,2024-10-24 18:12:39.793324,14.7,completed,2.37
SUB202311,P101276,S5197,2024-10-24 20:11:07.674197,11.4,completed,1.83
SUB202312,P101392,S5358,2024-10-24 20:20:53.183781,7.8,completed,0.91
SUB202313,P100131,S5433,2024-10-24 20:27:51.352651,11.3,completed,2.07
SUB202314,P102338,S5371,2024-10-24 21:21:41.297043,8.0,completed,1.32
SUB202315,P101374,S5205,2024-10-25 00:21:46.204053,19.2,completed,3.34
SUB202316,P100934,S5281,2024-10-25 03:17:52.310304,6.6,completed,1.47
SUB202317,P102741,S5343,2024-10-25 03:41:28.807531,29.8,completed,5.58
SUB202318,P100173,S5281,2024-10-25 10:34:04.575848,7.0,completed,1.47
SUB202319,P101862,S5369,2024-10-25 11:07:05.904687,4.8,completed,0.67
SUB202320,P100429,S5229,2024-10-25 14:15:08.987265,58.7,completed,7.54
SUB202321,P101608,S5083,2024-10-25 14:31:43.436852,5.8,completed,0.8
SUB202322,P100885,S5273,2024-10-25 16:48:02.142018,11.0,returned,0.0
SUB202323,P101845,S5376,2024-10-25 18:10:13.885508,25.5,completed,4.64
SUB202324,P100090,S5143,2024-10-25 18:13:55.119792,14.8,completed,2.39
SUB202325,P101095,S5376,2024-10-25 20:04:59.871460,16.6,completed,4.64
SUB202326,P102990,S5346,2024-10-25 22:30:49.561164,60.3,completed,10.53
SUB202327,P102914,S5231,2024-10-25 22:34:05.746353,12.8,completed,3.05
SUB202328,P102030,S5311,2024-10-25 23:21:44.467844,27.3,completed,6.06
SUB202329,P101608,S5129,2024-10-25 23:31:43.436852,8.3,completed,1.59
SUB202330,P101199,S5438,2024-10-26 04:11:04.190570,22.2,completed,3.47
SUB202331,P100329,S5203,2024-10-26 04:22:47.454170,8.8,completed,1.75
SUB202332,P102662,S5040,2024-10-26 05:14:24.765637,36.9,completed,5.02
SUB202333,P100505,S5185,2024-10-26 05:24:36.791357,27.0,returned,0.0
SUB202334,P102858,S5376,2024-10-26 07:28:38.137176,18.5,completed,4.64
SUB202335,P102292,S5156,2024-10-26 10:38:12.391490,14.6,completed,1.7
SUB202336,P100600,S5132,2024-10-26 12:19:41.290341,24.8,completed,4.18
SUB202337,P102747,S5139,2024-10-26 12:31:38.749638,35.5,completed,6.16
SUB202338,P100776,S5172,2024-10-26 13:48:27.405316,11.9,completed,1.58
SUB202339,P100297,S5412,2024-10-26 13:59:32.896357,23.1,completed,5.45
SUB202340,P102067,S5438,2024-10-26 14:18:42.798694,19.2,returned,0.0
SUB202341,P100880,S5397,2024-10-26 16:18:29.430743,21.6,completed,2.96
SUB202342,P101762,S5127,2024-10-26 17:39:23.716494,12.2,rejected,0.0
SUB202343,P101392,S5101,2024-10-26 18:20:53.183781,10.1,completed,1.24
SUB202344,P100629,S5107,2024-10-26 20:13:38.888479,13.3,completed,1.66
SUB202345,P100588,S5156,2024-10-26 21:45:06.155373,13.4,completed,1.7
SUB202346,P101340,S5183,2024-10-26 22:01:24.612005,8.8,completed,1.35
SUB202347,P100880,S5129,2024-10-26 22:18:29.430743,12.0,completed,1.59
SUB202348,P100387,S5071,2024-10-27 00:37:10.612955,8.3,completed,1.28
SUB202349,P101239,S5412,2024-10-27 02:57:24.890824,30.4,returned,0.0
SUB202350,P102241,S5329,2024-10-27 04:50:24.702732,13.9,completed,2.64
SUB202351,P101847,S5346,2024-10-27 05:28:12.847321,54.2,completed,10.53
SUB202352,P102338,S5371,2024-10-27 09:21:41.297043,5.4,rejected,0.0
SUB202353,P100606,S5156,2024-10-27 10:21:32.016215,17.0,completed,1.7
SUB202354,P101690,S5143,2024-10-27 11:53:19.391737,16.3,completed,2.39
SUB202355,P102338,S5216,2024-10-27 12:21:41.297043,15.5,completed,2.13
SUB202356,P100852,S5029,2024-10-27 13:50:38.024849,16.6,completed,2.96
SUB202357,P102981,S5111,2024-10-27 15:38:10.855766,8.5,completed,1.79
SUB202358,P100175,S5139,2024-10-27 16:21:41.742141,27.2,returned,0.0
SUB202359,P101087,S5350,2024-10-27 18:34:38.617092,12.8,completed,3.08
SUB202360,P101723,S5307,2024-10-27 21:58:33.927638,27.3,completed,4.57
SUB202361,P102810,S5035,2024-10-28 01:53:18.647092,8.4,completed,1.11
SUB202362,P101493,S5161,2024-10-28 02:18:31.502131,15.4,completed,1.91
SUB202363,P102239,S5307,2024-10-28 04:15:34.099992,34.9,completed,4.57
SUB202364,P102102,S5085,2024-10-28 05:29:53.581426,23.2,completed,3.89
SUB202365,P101008,S5382,2024-10-28 06:55:06.591931,9.5,completed,1.68
SUB202366,P102728,S5152,2024-10-28 10:15:52.181374,25.2,completed,2.63
SUB202367,P101392,S5412,2024-10-28 10:20:53.183781,29.7,completed,5.45
SUB202368,P101340,S5263,2024-10-28 11:01:24.612005,24.6,completed,5.29
SUB202369,P102203,S5297,2024-10-28 12:28:51.749464,12.2,returned,0.0
SUB202370,P102793,S5420,2024-10-28 14:30:45.859493,31.6,completed,7.8
SUB202371,P100184,S5071,2024-10-28 14:39:17.603748,7.2,returned,0.0
SUB202372,P101119,S5029,2024-10-28 15:24:40.491676,18.5,completed,2.96
SUB202373,P101119,S5111,2024-10-28 15:24:40.491676,8.3,completed,1.79
SUB202374,P102268,S5148,2024-10-28 19:32:56.464215,12.2,completed,2.06
SUB202375,P101536,S5055,2024-10-28 20:09:24.252261,11.4,completed,2.11
SUB202376,P100429,S5034,2024-10-28 21:15:08.987265,15.1,timed_out,0.0
SUB202377,P100934,S5382,2024-10-29 02:17:52.310304,8.1,completed,1.68
SUB202378,P100202,S5106,2024-10-29 02:22:20.134729,26.3,completed,5.46
SUB202379,P102223,S5231,2024-10-29 02:39:58.804614,15.4,completed,3.05
SUB202380,P101690,S5172,2024-10-29 03:53:19.391737,10.5,completed,1.58
SUB202381,P101985,S5441,2024-10-29 06:04:24.990148,18.8,completed,5.78
SUB202382,P100880,S5048,2024-10-29 06:18:29.430743,6.0,completed,0.86
SUB202383,P101392,S5083,2024-10-29 07:20:53.183781,5.6,completed,0.8
SUB202384,P101374,S5198,2024-10-29 09:21:46.204053,18.5,completed,1.92
SUB202385,P101847,S5092,2024-10-29 09:28:12.847321,17.4,completed,2.72
SUB202386,P101493,S5324,2024-10-29 10:18:31.502131,18.7,timed_out,0.0
SUB202387,P102810,S5388,2024-10-29 13:53:18.647092,16.9,timed_out,0.0
SUB202388,P101199,S5349,2024-10-29 14:11:04.190570,12.8,completed,2.02
SUB202389,P100895,S5009,2024-10-29 16:02:59.956389,46.9,completed,7.89
SUB202390,P102851,S5286,2024-10-29 16:34:44.622313,28.4,completed,6.85
SUB202391,P100885,S5103,2024-10-29 18:48:02.142018,23.7,completed,3.8
SUB202392,P100515,S5092,2024-10-29 19:31:13.694397,17.6,completed,2.72
SUB202393,P101723,S5016,2024-10-29 20:58:33.927638,7.7,completed,1.61
SUB202394,P101536,S5156,2024-10-29 21:09:24.252261,15.5,timed_out,0.0
SUB202395,P101847,S5341,2024-10-29 22:28:12.847321,27.0,completed,3.95
SUB202396,P100908,S5438,2024-10-30 01:14:17.469458,16.4,completed,3.47
SUB202397,P101723,S5010,2024-10-30 03:58:33.927638,19.8,completed,3.21
SUB202398,P102673,S5297,2024-10-30 04:20:32.282809,14.2,completed,2.85
SUB202399,P102574,S5037,2024-10-30 06:17:33.603340,7.2,completed,1.34
SUB202400,P100128,S5059,2024-10-30 08:07:26.265763,12.8,completed,2.37
SUB202401,P101071,S5127,2024-10-30 08:42:31.244162,9.6,completed,1.9
SUB202402,P100852,S5010,2024-10-30 09:50:38.024849,21.3,returned,0.0
SUB202403,P101109,S5220,2024-10-30 10:02:47.975989,8.0,completed,1.0
SUB202404,P102767,S5229,2024-10-30 12:15:07.721749,50.8,completed,7.54
SUB202405,P100429,S5441,2024-10-30 12:15:08.987265,27.4,completed,5.78
SUB202406,P100576,S5103,2024-10-30 13:29:19.654622,18.7,completed,3.8
SUB202407,P100429,S5249,2024-10-30 16:15:08.987265,19.8,completed,2.91
SUB202408,P102455,S5324,2024-10-30 17:00:47.301646,19.0,completed,2.12
SUB202409,P100854,S5083,2024-10-30 17:45:19.299129,6.2,completed,0.8
SUB202410,P102455,S5327,2024-10-30 20:00:47.301646,21.8,rejected,0.0
SUB202411,P102306,S5311,2024-10-30 21:19:52.683359,24.1,completed,6.06
SUB202412,P101678,S5382,2024-10-31 03:03:53.722025,10.2,completed,1.68
SUB202413,P101276,S5418,2024-10-31 03:11:07.674197,9.0,returned,0.0
SUB202414,P102747,S5127,2024-10-31 03:31:38.749638,12.7,completed,1.9
SUB202415,P101119,S5213,2024-10-31 04:24:40.491676,9.3,completed,1.08
SUB202416,P100515,S5156,2024-10-31 05:31:13.694397,16.5,completed,1.7
SUB202417,P101652,S5009,2024-10-31 06:17:39.250030,38.2,completed,7.89
SUB202418,P102851,S5037,2024-10-31 06:34:44.622313,7.1,completed,1.34
SUB202419,P102728,S5188,2024-10-31 07:15:52.181374,14.4,completed,1.52
SUB202420,P101514,S5047,2024-10-31 08:33:33.385242,19.7,completed,2.56
SUB202421,P101071,S5343,2024-10-31 09:42:31.244162,36.0,timed_out,0.0
SUB202422,P102455,S5077,2024-10-31 13:00:47.301646,11.7,completed,2.08
SUB202423,P100784,S5106,2024-10-31 13:17:00.791259,27.0,completed,5.46
SUB202424,P100057,S5064,2024-10-31 14:11:48.472250,14.1,completed,1.98
SUB202425,P100429,S5026,2024-10-31 14:15:08.987265,40.6,completed,6.67
SUB202426,P101072,S5139,2024-10-31 16:41:57.327102,30.6,completed,6.16
SUB202427,P101340,S5381,2024-10-31 18:01:24.612005,13.7,timed_out,0.0
SUB202428,P100202,S5311,2024-10-31 20:22:20.134729,32.9,completed,6.06
SUB202429,P101199,S5281,2024-10-31 21:11:04.190570,7.5,completed,1.47
SUB202430,P101652,S5111,2024-10-31 21:17:39.250030,10.1,completed,1.79
SUB202431,P101199,S5327,2024-10-31 23:11:04.190570,26.6,completed,4.13
SUB202432,P101753,S5101,2024-10-31 23:25:09.153126,8.2,completed,1.24
SUB202433,P101109,S5369,2024-11-01 00:02:47.975989,3.9,completed,0.67
SUB202434,P101295,S5358,2024-11-01 00:47:41.272075,8.3,completed,0.91
SUB202435,P101678,S5433,2024-11-01 04:03:53.722025,13.3,completed,2.07
SUB202436,P100776,S5412,2024-11-01 04:48:27.405316,32.5,completed,5.45
SUB202437,P101111,S5332,2024-11-01 08:32:54.061118,9.1,completed,1.23
SUB202438,P100866,S5388,2024-11-01 10:00:17.158213,17.9,completed,3.85
SUB202439,P101862,S5263,2024-11-01 11:07:05.904687,27.0,returned,0.0
SUB202440,P100600,S5026,2024-11-01 13:19:41.290341,41.5,completed,6.67
SUB202441,P102102,S5324,2024-11-01 13:29:53.581426,16.8,completed,2.12
SUB202442,P101608,S5340,2024-11-01 14:31:43.436852,9.8,completed,2.31
SUB202443,P100908,S5369,2024-11-01 17:14:17.469458,4.5,completed,0.67
SUB202444,P101434,S5327,2024-11-01 17:25:21.429850,31.1,timed_out,0.0
SUB202445,P101374,S5440,2024-11-01 18:21:46.204053,19.9,completed,2.63
SUB202446,P100726,S5382,2024-11-01 20:34:27.086381,6.8,completed,1.68
SUB202447,P102306,S5097,2024-11-01 21:19:52.683359,11.8,completed,2.1
SUB202448,P102190,S5197,2024-11-01 21:57:56.767916,12.0,completed,1.83
SUB202449,P100409,S5350,2024-11-01 22:40:04.382716,13.1,completed,3.08
SUB202450,P102102,S5438,2024-11-01 23:29:53.581426,15.8,completed,3.47
SUB202451,P102025,S5008,2024-11-02 00:25:45.692070,42.4,completed,9.33
SUB202452,P101111,S5120,2024-11-02 05:32:54.061118,18.7,completed,3.32
SUB202453,P102728,S5048,2024-11-02 06:15:52.181374,3.9,completed,0.86
SUB202454,P101950,S5329,2024-11-02 07:16:27.219006,14.4,completed,2.64
SUB202455,P102455,S5424,2024-11-02 09:00:47.301646,18.1,completed,2.82
SUB202456,P101678,S5037,2024-11-02 10:03:53.722025,6.5,returned,0.0
SUB202457,P101596,S5016,2024-11-02 10:46:25.737073,8.5,rejected,0.0
SUB202458,P100158,S5264,2024-11-02 12:11:33.880967,5.1,completed,0.77
SUB202459,P102239,S5027,2024-11-02 15:15:34.099992,31.3,completed,7.63
SUB202460,P102767,S5156,2024-11-02 16:15:07.721749,16.4,completed,1.7
SUB202461,P101109,S5350,2024-11-02 19:02:47.975989,13.4,completed,3.08
SUB202462,P101441,S5097,2024-11-02 20:38:05.484956,12.4,completed,2.1
SUB202463,P101762,S5027,2024-11-02 23:39:23.716494,39.3,completed,7.63
SUB202464,P101652,S5256,2024-11-03 01:17:39.250030,19.7,completed,4.49
SUB202465,P100908,S5043,2024-11-03 02:14:17.469458,15.4,completed,2.61
SUB202466,P102076,S5114,2024-11-03 04:27:32.623214,45.8,rejected,0.0
SUB202467,P100676,S5115,2024-11-03 07:48:59.333318,3.6,completed,0.64
SUB202468,P101596,S5350,2024-11-03 09:46:25.737073,19.3,completed,3.08
SUB202469,P100387,S5036,2024-11-03 14:37:10.612955,3.0,completed,0.5
SUB202470,P102741,S5047,2024-11-03 15:41:28.807531,16.0,completed,2.56
SUB202471,P102203,S5171,2024-11-03 17:28:51.749464,3.0,completed,0.44
SUB202472,P100409,S5129,2024-11-03 18:40:04.382716,9.2,completed,1.59
SUB202473,P101008,S5279,2024-11-03 23:55:06.591931,11.6,completed,1.83
SUB202474,P101095,S5092,2024-11-04 00:04:59.871460,12.2,completed,2.72
SUB202475,P101441,S5161,2024-11-04 00:38:05.484956,16.7,completed,1.91
SUB202476,P102268,S5213,2024-11-04 01:32:56.464215,8.8,returned,0.0
SUB202477,P100879,S5249,2024-11-04 02:15:26.506499,19.3,completed,2.91
SUB202478,P100600,S5008,2024-11-04 02:19:41.290341,33.7,timed_out,0.0
SUB202479,P102066,S5205,2024-11-04 04:05:55.579005,16.5,completed,3.34
SUB202480,P101862,S5341,2024-11-04 04:07:05.904687,24.3,completed,3.95
SUB202481,P102306,S5369,2024-11-04 04:19:52.683359,4.2,completed,0.67
SUB202482,P100776,S5198,2024-11-04 04:48:27.405316,12.5,completed,1.92
SUB202483,P101383,S5273,2024-11-04 08:21:27.404953,13.6,completed,1.67
SUB202484,P101109,S5115,2024-11-04 10:02:47.975989,2.7,rejected,0.0
SUB202485,P100676,S5009,2024-11-04 11:48:59.333318,36.8,completed,7.89
SUB202486,P101536,S5188,2024-11-04 13:09:24.252261,11.2,completed,1.52
SUB202487,P100617,S5350,2024-11-04 13:10:58.538283,13.7,completed,3.08
SUB202488,P101493,S5132,2024-11-04 13:18:31.502131,21.2,returned,0.0
SUB202489,P101265,S5249,2024-11-04 13:35:24.387082,21.3,completed,2.91
SUB202490,P100726,S5027,2024-11-04 14:34:27.086381,36.6,completed,7.63
SUB202491,P101790,S5397,2024-11-04 14:52:07.028919,18.8,completed,2.96
SUB202492,P101690,S5433,2024-11-04 14:53:19.391737,12.7,completed,2.07
SUB202493,P102239,S5198,2024-11-04 15:15:34.099992,16.1,completed,1.92
SUB202494,P100297,S5064,2024-11-04 16:59:32.896357,13.7,completed,1.98
SUB202495,P100013,S5120,2024-11-04 17:48:59.260023,23.3,completed,3.32
SUB202496,P101434,S5438,2024-11-04 21:25:21.429850,15.1,completed,3.47
SUB202497,P102767,S5327,2024-11-05 00:15:07.721749,30.7,completed,4.13
SUB202498,P100131,S5148,2024-11-05 00:27:51.352651,16.0,completed,2.06
SUB202499,P101997,S5035,2024-11-05 03:55:45.280561,7.1,rejected,0.0
SUB202500,P102728,S5307,2024-11-05 08:15:52.181374,26.6,completed,4.57
SUB202501,P102222,S5059,2024-11-05 08:16:59.236423,10.8,completed,2.37
SUB202502,P102673,S5120,2024-11-05 08:20:32.282809,28.1,completed,3.32
SUB202503,P101441,S5111,2024-11-05 09:38:05.484956,8.4,completed,1.79
SUB202504,P100057,S5148,2024-11-05 11:11:48.472250,12.5,completed,2.06
SUB202505,P100184,S5106,2024-11-05 13:39:17.603748,27.9,completed,5.46
SUB202506,P101219,S5071,2024-11-05 15:15:08.852858,5.2,completed,1.28
SUB202507,P101156,S5156,2024-11-05 18:47:51.147785,14.6,completed,1.7
SUB202508,P102004,S5216,2024-11-05 19:44:54.195967,13.7,completed,2.13
SUB202509,P100776,S5371,2024-11-05 23:48:27.405316,5.7,completed,1.32
SUB202510,P101340,S5263,2024-11-06 00:01:24.612005,30.1,completed,5.29
SUB202511,P102102,S5329,2024-11-06 01:29:53.581426,10.9,completed,2.64
SUB202512,P102879,S5188,2024-11-06 08:46:13.775568,10.1,completed,1.52
SUB202513,P102222,S5027,2024-11-06 09:16:59.236423,33.5,completed,7.63
SUB202514,P100576,S5009,2024-11-06 09:29:19.654622,35.3,completed,7.89
SUB202515,P102292,S5289,2024-11-06 12:38:12.391490,40.1,completed,6.11
SUB202516,P101156,S5101,2024-11-06 14:47:51.147785,6.7,completed,1.24
SUB202517,P100687,S5183,2024-11-06 15:28:40.044502,9.7,completed,1.35
SUB202518,P102004,S5115,2024-11-06 20:44:54.195967,3.6,completed,0.64
SUB202519,P101997,S5297,2024-11-07 02:55:45.280561,11.0,rejected,0.0
SUB202520,P100131,S5340,2024-11-07 03:27:51.352651,14.6,completed,2.31
SUB202521,P100184,S5034,2024-11-07 03:39:17.603748,18.1,completed,2.11
SUB202522,P100885,S5412,2024-11-07 05:48:02.142018,26.6,completed,5.45
SUB202523,P101514,S5083,2024-11-07 06:33:33.385242,6.2,completed,0.8
SUB202524,P101561,S5048,2024-11-07 07:21:25.764288,4.8,completed,0.86
SUB202525,P102807,S5161,2024-11-07 07:49:17.957037,15.5,completed,1.91
SUB202526,P102833,S5346,2024-11-07 09:08:10.233362,42.4,completed,10.53
SUB202527,P101295,S5381,2024-11-07 09:47:41.272075,9.3,completed,2.26
SUB202528,P100926,S5263,2024-11-07 11:17:37.029989,25.8,completed,5.29
SUB202529,P102268,S5349,2024-11-07 11:32:56.464215,14.5,completed,2.02
SUB202530,P101219,S5115,2024-11-07 12:15:08.852858,3.3,completed,0.64
SUB202531,P101008,S5441,2024-11-07 12:55:06.591931,21.3,rejected,0.0
SUB202532,P102658,S5059,2024-11-07 13:27:19.422832,12.7,timed_out,0.0
SUB202533,P101514,S5341,2024-11-07 16:33:33.385242,28.6,completed,3.95
SUB202534,P102455,S5092,2024-11-07 17:00:47.301646,13.1,completed,2.72
SUB202535,P100131,S5258,2024-11-07 18:27:51.352651,17.4,completed,2.75
SUB202536,P102066,S5115,2024-11-07 21:05:55.579005,2.7,completed,0.64
SUB202537,P102102,S5185,2024-11-08 01:29:53.581426,28.5,completed,5.65
SUB202538,P101369,S5008,2024-11-08 01:35:19.515166,38.4,timed_out,0.0
SUB202539,P102201,S5132,2024-11-08 03:55:07.248462,25.5,completed,4.18
SUB202540,P101156,S5038,2024-11-08 04:47:51.147785,23.4,completed,4.91
SUB202541,P101514,S5350,2024-11-08 05:33:33.385242,15.4,completed,3.08
SUB202542,P102537,S5343,2024-11-08 06:18:11.943058,30.0,completed,5.58
SUB202543,P101374,S5029,2024-11-08 06:21:46.204053,17.2,completed,2.96
SUB202544,P102102,S5205,2024-11-08 09:29:53.581426,23.5,completed,3.34
SUB202545,P100726,S5264,2024-11-08 09:34:27.086381,5.0,completed,0.77
SUB202546,P102102,S5083,2024-11-08 12:29:53.581426,6.1,completed,0.8
SUB202547,P102779,S5438,2024-11-08 12:34:02.963682,20.4,completed,3.47
SUB202548,P102306,S5143,2024-11-08 13:19:52.683359,14.2,completed,2.39
SUB202549,P101778,S5258,2024-11-08 19:20:30.783901,22.6,completed,2.75
SUB202550,P101010,S5397,2024-11-08 19:24:20.738984,23.3,completed,2.96
SUB202551,P101536,S5008,2024-11-08 21:09:24.252261,36.1,completed,9.33
SUB202552,P101778,S5120,2024-11-08 22:20:30.783901,24.8,completed,3.32
SUB202553,P100776,S5059,2024-11-09 01:48:27.405316,13.1,completed,2.37
SUB202554,P102833,S5041,2024-11-09 02:08:10.233362,21.9,completed,2.54
SUB202555,P101493,S5184,2024-11-09 02:18:31.502131,4.7,completed,1.05
SUB202556,P102190,S5420,2024-11-09 03:57:56.767916,33.0,completed,7.8
SUB202557,P101493,S5059,2024-11-09 04:18:31.502131,13.4,completed,2.37
SUB202558,P100117,S5277,2024-11-09 05:11:03.816411,5.1,completed,0.88
SUB202559,P102859,S5382,2024-11-09 06:18:36.864306,8.5,completed,1.68
SUB202560,P102981,S5172,2024-11-09 06:38:10.855766,14.4,completed,1.58
SUB202561,P101008,S5264,2024-11-09 06:55:06.591931,5.5,returned,0.0
SUB202562,P102174,S5433,2024-11-09 07:51:35.388935,12.5,completed,2.07
SUB202563,P100387,S5264,2024-11-09 08:37:10.612955,4.4,completed,0.77
SUB202564,P100784,S5009,2024-11-09 09:17:00.791259,35.4,completed,7.89
SUB202565,P102868,S5048,2024-11-09 10:18:52.357108,4.7,completed,0.86
SUB202566,P102201,S5279,2024-11-09 11:55:07.248462,9.8,returned,0.0
SUB202567,P100726,S5213,2024-11-09 14:34:27.086381,8.3,completed,1.08
SUB202568,P102807,S5085,2024-11-09 14:49:17.957037,21.0,completed,3.89
SUB202569,P102741,S5263,2024-11-09 17:41:28.807531,24.1,completed,5.29
SUB202570,P100601,S5048,2024-11-09 20:15:39.431886,3.8,completed,0.86
SUB202571,P100224,S5016,2024-11-09 23:17:37.325626,10.9,returned,0.0
SUB202572,P102574,S5380,2024-11-10 00:17:33.603340,51.2,completed,9.78
SUB202573,P101133,S5249,2024-11-10 00:54:54.494792,21.0,completed,2.91
SUB202574,P101596,S5324,2024-11-10 01:46:25.737073,17.1,completed,2.12
SUB202575,P101265,S5097,2024-11-10 02:35:24.387082,14.4,completed,2.1
SUB202576,P101129,S5371,2024-11-10 02:57:31.590452,7.8,completed,1.32
SUB202577,P100871,S5220,2024-11-10 05:18:48.846147,8.4,completed,1.0
SUB202578,P100515,S5220,2024-11-10 07:31:13.694397,6.6,completed,1.0
SUB202579,P102914,S5071,2024-11-10 11:34:05.746353,5.4,completed,1.28
SUB202580,P100992,S5077,2024-11-10 13:49:51.105326,13.7,returned,0.0
SUB202581,P100975,S5341,2024-11-10 15:35:17.896481,27.5,completed,3.95
SUB202582,P101596,S5092,2024-11-10 15:46:25.737073,15.6,completed,2.72
SUB202583,P101608,S5037,2024-11-10 16:31:43.436852,8.8,completed,1.34
SUB202584,P101458,S5103,2024-11-10 16:58:19.747721,15.7,timed_out,0.0
SUB202585,P101678,S5008,2024-11-10 17:03:53.722025,46.0,completed,9.33
SUB202586,P102832,S5381,2024-11-10 21:39:42.681837,14.7,timed_out,0.0
SUB202587,P102596,S5346,2024-11-10 22:03:33.885342,47.4,completed,10.53
SUB202588,P102940,S5376,2024-11-10 22:58:39.537366,20.0,completed,4.64
SUB202589,P102832,S5220,2024-11-10 23:39:42.681837,7.2,completed,1.0
SUB202590,P101847,S5083,2024-11-11 00:28:12.847321,6.2,completed,0.8
SUB202591,P100297,S5097,2024-11-11 00:59:32.896357,12.7,completed,2.1
SUB202592,P101219,S5168,2024-11-11 02:15:08.852858,7.0,completed,1.46
SUB202593,P102537,S5205,2024-11-11 03:18:11.943058,19.2,completed,3.34
SUB202594,P101678,S5048,2024-11-11 04:03:53.722025,4.4,completed,0.86
SUB202595,P100866,S5034,2024-11-11 06:00:17.158213,17.0,completed,2.11
SUB202596,P100926,S5037,2024-11-11 08:17:37.029989,7.9,completed,1.34
SUB202597,P100975,S5197,2024-11-11 08:35:17.896481,11.9,completed,1.83
SUB202598,P102298,S5008,2024-11-11 09:56:05.564878,42.0,completed,9.33
SUB202599,P101265,S5213,2024-11-11 11:35:24.387082,7.1,completed,1.08
SUB202600,P102833,S5289,2024-11-11 12:08:10.233362,33.0,completed,6.11
SUB202601,P101525,S5198,2024-11-11 12:08:13.367203,15.4,completed,1.92
SUB202602,P100589,S5129,2024-11-11 12:54:41.612919,9.7,completed,1.59
SUB202603,P100879,S5161,2024-11-11 13:15:26.506499,19.8,returned,0.0
SUB202604,P100387,S5143,2024-11-11 13:37:10.612955,17.1,completed,2.39
SUB202605,P102833,S5198,2024-11-11 14:08:10.233362,18.6,completed,1.92
SUB202606,P100601,S5128,2024-11-11 15:15:39.431886,22.0,completed,4.88
SUB202607,P102833,S5208,2024-11-11 16:08:10.233362,5.5,completed,0.85
SUB202608,P102537,S5332,2024-11-11 17:18:11.943058,10.9,completed,1.23
SUB202609,P101493,S5172,2024-11-11 17:18:31.502131,11.3,completed,1.58
SUB202610,P100110,S5332,2024-11-11 17:20:00.863141,7.5,completed,1.23
SUB202611,P100409,S5211,2024-11-11 18:40:04.382716,18.5,completed,3.62
SUB202612,P102025,S5074,2024-11-11 21:25:45.692070,18.9,completed,3.1
SUB202613,P100852,S5143,2024-11-11 21:50:38.024849,17.2,completed,2.39
SUB202614,P100128,S5211,2024-11-11 22:07:26.265763,20.0,completed,3.62
SUB202615,P101790,S5231,2024-11-11 22:52:07.028919,12.0,completed,3.05
SUB202616,P101652,S5289,2024-11-11 23:17:39.250030,38.8,completed,6.11
SUB202617,P100158,S5346,2024-11-12 00:11:33.880967,39.7,completed,10.53
SUB202618,P102747,S5167,2024-11-12 00:31:38.749638,18.2,completed,2.09
SUB202619,P100908,S5008,2024-11-12 03:14:17.469458,40.1,completed,9.33
SUB202620,P101608,S5198,2024-11-12 03:31:43.436852,14.3,completed,1.92
SUB202621,P102004,S5175,2024-11-12 04:44:54.195967,8.4,completed,1.17
SUB202622,P100297,S5376,2024-11-12 05:59:32.896357,22.5,completed,4.64
SUB202623,P101493,S5008,2024-11-12 07:18:31.502131,49.0,timed_out,0.0
SUB202624,P101778,S5043,2024-11-12 07:20:30.783901,12.3,completed,2.61
SUB202625,P101753,S5034,2024-11-12 13:25:09.153126,18.0,returned,0.0
SUB202626,P100057,S5120,2024-11-12 14:11:48.472250,24.1,completed,3.32
SUB202627,P102537,S5441,2024-11-12 16:18:11.943058,24.9,completed,5.78
SUB202628,P100579,S5184,2024-11-12 16:50:07.753510,4.7,completed,1.05
SUB202629,P100184,S5103,2024-11-12 18:39:17.603748,21.4,completed,3.8
SUB202630,P100589,S5369,2024-11-12 18:54:41.612919,4.2,completed,0.67
SUB202631,P100926,S5327,2024-11-12 19:17:37.029989,26.3,completed,4.13
SUB202632,P101778,S5026,2024-11-12 20:20:30.783901,32.7,completed,6.67
SUB202633,P101340,S5071,2024-11-12 21:01:24.612005,6.5,completed,1.28
SUB202634,P101232,S5433,2024-11-12 22:11:30.147814,11.9,completed,2.07
SUB202635,P102747,S5438,2024-11-12 23:31:38.749638,17.2,returned,0.0
SUB202636,P101525,S5256,2024-11-13 02:08:13.367203,23.6,completed,4.49
SUB202637,P102316,S5055,2024-11-13 05:06:03.873399,13.0,completed,2.11
SUB202638,P100175,S5055,2024-11-13 05:21:41.742141,14.5,completed,2.11
SUB202639,P101690,S5184,2024-11-13 07:53:19.391737,6.6,completed,1.05
SUB202640,P102821,S5279,2024-11-13 14:15:13.547037,11.3,completed,1.83
SUB202641,P102680,S5048,2024-11-13 15:40:42.411507,4.1,completed,0.86
SUB202642,P101434,S5203,2024-11-13 16:25:21.429850,8.9,completed,1.75
SUB202643,P101269,S5034,2024-11-13 16:48:29.079483,15.1,completed,2.11
SUB202644,P102298,S5071,2024-11-13 16:56:05.564878,7.8,completed,1.28
SUB202645,P100173,S5048,2024-11-13 18:34:04.575848,4.2,completed,0.86
SUB202646,P100992,S5286,2024-11-13 18:49:51.105326,29.0,completed,6.85
SUB202647,P100175,S5199,2024-11-13 19:21:41.742141,14.1,completed,2.43
SUB202648,P102537,S5213,2024-11-13 20:18:11.943058,7.9,completed,1.08
SUB202649,P100110,S5440,2024-11-13 23:20:00.863141,22.8,completed,2.63
SUB202650,P102338,S5148,2024-11-14 00:21:41.297043,14.3,completed,2.06
SUB202651,P102190,S5026,2024-11-14 00:57:56.767916,33.6,completed,6.67
SUB202652,P100386,S5312,2024-11-14 03:52:24.198265,13.0,completed,2.82
SUB202653,P102174,S5433,2024-11-14 07:51:35.388935,9.6,rejected,0.0
SUB202654,P101997,S5106,2024-11-14 07:55:45.280561,33.0,completed,5.46
SUB202655,P100110,S5282,2024-11-14 08:20:00.863141,25.0,completed,3.47
SUB202656,P100175,S5369,2024-11-14 11:21:41.742141,3.7,completed,0.67
SUB202657,P100505,S5034,2024-11-14 11:24:36.791357,15.8,completed,2.11
SUB202658,P100975,S5010,2024-11-14 12:35:17.896481,20.4,completed,3.21
SUB202659,P102662,S5205,2024-11-14 13:14:24.765637,25.9,completed,3.34
SUB202660,P102747,S5172,2024-11-14 13:31:38.749638,12.9,completed,1.58
SUB202661,P100108,S5286,2024-11-14 14:12:17.443271,26.9,completed,6.85
SUB202662,P101493,S5115,2024-11-14 14:18:31.502131,2.5,completed,0.64
SUB202663,P100387,S5343,2024-11-14 15:37:10.612955,37.3,completed,5.58
SUB202664,P101269,S5103,2024-11-14 15:48:29.079483,19.4,completed,3.8
SUB202665,P100190,S5106,2024-11-14 16:52:25.321987,26.9,completed,5.46
SUB202666,P101129,S5194,2024-11-14 18:57:31.590452,24.6,completed,3.46
SUB202667,P102391,S5168,2024-11-14 20:30:21.363214,6.4,completed,1.46
SUB202668,P100916,S5440,2024-11-15 01:22:47.687344,16.9,completed,2.63
SUB202669,P102004,S5327,2024-11-15 02:44:54.195967,25.8,completed,4.13
SUB202670,P101845,S5231,2024-11-15 06:10:13.885508,14.2,timed_out,0.0
SUB202671,P100329,S5346,2024-11-15 06:22:47.454170,39.1,returned,0.0
SUB202672,P101383,S5380,2024-11-15 09:21:27.404953,47.6,completed,9.78
SUB202673,P101070,S5148,2024-11-15 09:21:31.500126,11.6,completed,2.06
SUB202674,P102292,S5297,2024-11-15 09:38:12.391490,17.5,returned,0.0
SUB202675,P100676,S5197,2024-11-15 10:48:59.333318,14.1,completed,1.83
SUB202676,P102066,S5040,2024-11-15 11:05:55.579005,33.8,returned,0.0
SUB202677,P102725,S5233,2024-11-15 11:12:03.378661,10.1,completed,1.99
SUB202678,P100108,S5137,2024-11-15 11:12:17.443271,33.7,timed_out,0.0
SUB202679,P102673,S5048,2024-11-15 11:20:32.282809,5.2,returned,0.0
SUB202680,P101950,S5277,2024-11-15 13:16:27.219006,3.4,completed,0.88
SUB202681,P102030,S5161,2024-11-15 14:21:44.467844,17.2,returned,0.0
SUB202682,P102752,S5341,2024-11-15 15:35:25.985211,26.2,completed,3.95
SUB202683,P100964,S5040,2024-11-15 15:52:57.606661,37.5,completed,5.02
SUB202684,P101778,S5129,2024-11-15 16:20:30.783901,11.5,completed,1.59
SUB202685,P102832,S5171,2024-11-15 17:39:42.681837,2.6,completed,0.44
SUB202686,P100224,S5127,2024-11-15 18:17:37.325626,12.6,completed,1.9
SUB202687,P100681,S5307,2024-11-15 18:56:31.269634,33.9,completed,4.57
SUB202688,P100173,S5380,2024-11-15 19:34:04.575848,52.2,timed_out,0.0
SUB202689,P101690,S5203,2024-11-15 20:53:19.391737,8.4,completed,1.75
SUB202690,P102291,S5026,2024-11-15 20:53:19.688739,27.9,completed,6.67
SUB202691,P101514,S5412,2024-11-15 23:33:33.385242,29.0,returned,0.0
SUB202692,P102268,S5307,2024-11-16 00:32:56.464215,28.8,completed,4.57
SUB202693,P102076,S5099,2024-11-16 01:27:32.623214,24.7,completed,2.46
SUB202694,P102942,S5029,2024-11-16 02:12:50.970007,23.9,completed,2.96
SUB202695,P102868,S5343,2024-11-16 03:18:52.357108,27.2,rejected,0.0
SUB202696,P102752,S5183,2024-11-16 03:35:25.985211,6.7,completed,1.35
SUB202697,P100202,S5324,2024-11-16 04:22:20.134729,17.3,rejected,0.0
SUB202698,P102298,S5008,2024-11-16 04:56:05.564878,46.9,completed,9.33
SUB202699,P102673,S5071,2024-11-16 05:20:32.282809,6.3,completed,1.28
SUB202700,P102662,S5433,2024-11-16 06:14:24.765637,11.7,completed,2.07
SUB202701,P101676,S5188,2024-11-16 08:54:01.745861,15.6,completed,1.52
SUB202702,P101850,S5220,2024-11-16 09:48:19.394174,6.6,completed,1.0
SUB202703,P102617,S5194,2024-11-16 11:39:45.604805,19.2,completed,3.46
SUB202704,P100589,S5083,2024-11-16 12:54:41.612919,7.8,completed,0.8
SUB202705,P101536,S5114,2024-11-16 14:09:24.252261,36.3,completed,6.95
SUB202706,P102450,S5097,2024-11-16 15:51:14.980486,16.4,completed,2.1
SUB202707,P101652,S5199,2024-11-16 17:17:39.250030,15.4,returned,0.0
SUB202708,P101286,S5444,2024-11-16 18:02:47.784290,2.3,completed,0.33
SUB202709,P100505,S5107,2024-11-16 18:24:36.791357,11.0,rejected,0.0
SUB202710,P100879,S5194,2024-11-16 20:15:26.506499,20.0,completed,3.46
SUB202711,P100885,S5340,2024-11-16 20:48:02.142018,11.6,timed_out,0.0
SUB202712,P100128,S5332,2024-11-16 22:07:26.265763,9.5,timed_out,0.0
SUB202713,P102851,S5027,2024-11-17 00:34:44.622313,48.9,completed,7.63
SUB202714,P101219,S5152,2024-11-17 03:15:08.852858,16.7,completed,2.63
SUB202715,P100601,S5115,2024-11-17 03:15:39.431886,2.8,completed,0.64
SUB202716,P102752,S5107,2024-11-17 03:35:25.985211,8.6,completed,1.66
SUB202717,P102914,S5258,2024-11-17 04:34:05.746353,18.8,completed,2.75
SUB202718,P100297,S5346,2024-11-17 04:59:32.896357,46.6,completed,10.53
SUB202719,P101208,S5099,2024-11-17 09:14:31.023995,21.6,completed,2.46
SUB202720,P100992,S5139,2024-11-17 09:49:51.105326,25.1,completed,6.16
SUB202721,P100866,S5115,2024-11-17 13:00:17.158213,2.5,completed,0.64
SUB202722,P102596,S5200,2024-11-17 13:03:33.885342,17.5,completed,2.77
SUB202723,P102298,S5194,2024-11-17 13:56:05.564878,23.2,completed,3.46
SUB202724,P100908,S5194,2024-11-17 14:14:17.469458,19.7,completed,3.46
SUB202725,P102066,S5213,2024-11-17 17:05:55.579005,8.7,completed,1.08
SUB202726,P100760,S5010,2024-11-17 17:29:02.000458,23.3,completed,3.21
SUB202727,P100854,S5085,2024-11-17 18:45:19.299129,20.9,completed,3.89
SUB202728,P102174,S5203,2024-11-17 19:51:35.388935,12.3,completed,1.75
SUB202729,P101095,S5309,2024-11-17 20:04:59.871460,28.1,completed,3.84
SUB202730,P100527,S5440,2024-11-17 22:00:02.939918,18.9,completed,2.63
SUB202731,P100158,S5208,2024-11-17 22:11:33.880967,5.3,completed,0.85
SUB202732,P101219,S5381,2024-11-17 22:15:08.852858,13.1,completed,2.26
SUB202733,P101269,S5077,2024-11-17 22:48:29.079483,13.4,completed,2.08
SUB202734,P100108,S5139,2024-11-17 23:12:17.443271,29.9,completed,6.16
SUB202735,P101536,S5200,2024-11-18 01:09:24.252261,19.7,completed,2.77
SUB202736,P102111,S5327,2024-11-18 01:36:18.289752,30.8,completed,4.13
SUB202737,P100019,S5161,2024-11-18 03:15:00.452941,16.2,completed,1.91
SUB202738,P101008,S5369,2024-11-18 04:55:06.591931,3.9,rejected,0.0
SUB202739,P100141,S5167,2024-11-18 05:14:18.586296,18.9,completed,2.09
SUB202740,P100387,S5103,2024-11-18 05:37:10.612955,15.8,completed,3.8
SUB202741,P102914,S5184,2024-11-18 08:34:05.746353,5.0,completed,1.05
SUB202742,P100224,S5074,2024-11-18 10:17:37.325626,21.6,timed_out,0.0
SUB202743,P101078,S5175,2024-11-18 13:34:33.670145,8.7,completed,1.17
SUB202744,P100527,S5161,2024-11-18 15:00:02.939918,12.8,completed,1.91
SUB202745,P101070,S5211,2024-11-18 15:21:31.500126,22.1,completed,3.62
SUB202746,P100269,S5329,2024-11-18 19:02:21.109742,9.5,completed,2.64
SUB202747,P102662,S5297,2024-11-18 19:14:24.765637,14.1,completed,2.85
SUB202748,P101878,S5281,2024-11-18 20:10:49.997613,9.3,completed,1.47
SUB202749,P102067,S5092,2024-11-18 21:18:42.798694,16.1,completed,2.72
SUB202750,P100527,S5188,2024-11-18 23:00:02.939918,12.1,returned,0.0
SUB202751,P102549,S5309,2024-11-18 23:13:02.904717,19.8,completed,3.84
SUB202752,P102391,S5418,2024-11-19 00:30:21.363214,9.0,completed,1.77
SUB202753,P100964,S5256,2024-11-19 00:52:57.606661,23.1,completed,4.49
SUB202754,P102532,S5156,2024-11-19 01:16:58.842903,13.2,completed,1.7
SUB202755,P100784,S5107,2024-11-19 03:17:00.791259,9.1,completed,1.66
SUB202756,P101071,S5356,2024-11-19 04:42:31.244162,8.5,completed,1.33
SUB202757,P100505,S5220,2024-11-19 05:24:36.791357,7.5,timed_out,0.0
SUB202758,P102362,S5371,2024-11-19 05:41:44.967570,6.3,completed,1.32
SUB202759,P100880,S5341,2024-11-19 06:18:29.430743,21.3,completed,3.95
SUB202760,P101276,S5279,2024-11-19 09:11:07.674197,8.9,completed,1.83
SUB202761,P102914,S5332,2024-11-19 10:34:05.746353,9.1,completed,1.23
SUB202762,P100527,S5175,2024-11-19 11:00:02.939918,8.6,completed,1.17
SUB202763,P100601,S5016,2024-11-19 11:15:39.431886,10.6,completed,1.61
SUB202764,P101678,S5026,2024-11-19 13:03:53.722025,33.7,completed,6.67
SUB202765,P101070,S5388,2024-11-19 13:21:31.500126,13.5,completed,3.85
SUB202766,P100852,S5055,2024-11-19 13:50:38.024849,12.3,completed,2.11
SUB202767,P101133,S5264,2024-11-19 15:54:54.494792,5.9,timed_out,0.0
SUB202768,P102532,S5350,2024-11-19 16:16:58.842903,14.8,completed,3.08
SUB202769,P101265,S5064,2024-11-19 18:35:24.387082,12.0,completed,1.98
SUB202770,P102067,S5047,2024-11-19 21:18:42.798694,16.0,rejected,0.0
SUB202771,P102102,S5203,2024-11-19 22:29:53.581426,11.4,completed,1.75
SUB202772,P102741,S5203,2024-11-19 22:41:28.807531,9.2,completed,1.75
SUB202773,P102821,S5200,2024-11-20 02:15:13.547037,19.2,completed,2.77
SUB202774,P100880,S5349,2024-11-20 02:18:29.430743,15.8,returned,0.0
SUB202775,P102292,S5286,2024-11-20 03:38:12.391490,27.4,completed,6.85
SUB202776,P102596,S5128,2024-11-20 04:03:33.885342,25.9,completed,4.88
SUB202777,P101514,S5027,2024-11-20 04:33:33.385242,41.4,completed,7.63
SUB202778,P102785,S5188,2024-11-20 05:15:50.029321,13.7,rejected,0.0
SUB202779,P101383,S5074,2024-11-20 05:21:27.404953,14.5,completed,3.1
SUB202780,P102767,S5346,2024-11-20 07:15:07.721749,40.8,completed,10.53
SUB202781,P100269,S5064,2024-11-20 09:02:21.109742,13.7,returned,0.0
SUB202782,P101702,S5263,2024-11-20 09:35:35.145666,27.5,completed,5.29
SUB202783,P100854,S5041,2024-11-20 10:45:19.299129,17.9,completed,2.54
SUB202784,P102291,S5382,2024-11-20 10:53:19.688739,6.6,completed,1.68
SUB202785,P100852,S5231,2024-11-20 12:50:38.024849,13.4,completed,3.05
SUB202786,P102665,S5376,2024-11-20 13:51:01.898315,20.3,completed,4.64
SUB202787,P102942,S5188,2024-11-20 14:12:50.970007,15.6,completed,1.52
SUB202788,P100184,S5340,2024-11-20 15:39:17.603748,11.3,completed,2.31
SUB202789,P100934,S5324,2024-11-20 16:17:52.310304,13.7,completed,2.12
SUB202790,P102785,S5279,2024-11-20 17:15:50.029321,13.2,completed,1.83
SUB202791,P102102,S5143,2024-11-20 18:29:53.581426,14.2,completed,2.39
SUB202792,P101070,S5168,2024-11-20 19:21:31.500126,6.5,completed,1.46
SUB202793,P102229,S5038,2024-11-20 20:12:39.250004,28.7,completed,4.91
SUB202794,P101232,S5175,2024-11-20 23:11:30.147814,6.9,completed,1.17
SUB202795,P102574,S5427,2024-11-20 23:17:33.603340,22.9,completed,3.87
SUB202796,P101845,S5346,2024-11-21 00:10:13.885508,58.2,timed_out,0.0
SUB202797,P100269,S5213,2024-11-21 01:02:21.109742,8.1,completed,1.08
SUB202798,P100896,S5341,2024-11-21 02:13:17.817717,19.9,completed,3.95
SUB202799,P100601,S5324,2024-11-21 02:15:39.431886,19.2,rejected,0.0
SUB202800,P101525,S5273,2024-11-21 03:08:13.367203,15.4,timed_out,0.0
SUB202801,P100601,S5220,2024-11-21 03:15:39.431886,6.1,completed,1.0
SUB202802,P100854,S5216,2024-11-21 05:45:19.299129,12.8,completed,2.13
SUB202803,P100975,S5038,2024-11-21 06:35:17.896481,23.2,returned,0.0
SUB202804,P100189,S5197,2024-11-21 06:42:46.224420,12.6,completed,1.83
SUB202805,P101156,S5059,2024-11-21 06:47:51.147785,12.0,completed,2.37
SUB202806,P102833,S5297,2024-11-21 07:08:10.233362,11.6,completed,2.85
SUB202807,P102108,S5343,2024-11-21 07:12:37.693173,23.4,completed,5.58
SUB202808,P100224,S5132,2024-11-21 10:17:37.325626,17.5,returned,0.0
SUB202809,P100250,S5037,2024-11-21 10:50:49.677380,8.2,completed,1.34
SUB202810,P102025,S5441,2024-11-21 11:25:45.692070,22.3,returned,0.0
SUB202811,P102183,S5092,2024-11-21 11:28:41.003522,13.7,completed,2.72
SUB202812,P101651,S5149,2024-11-21 11:45:31.708634,5.2,completed,1.19
SUB202813,P100202,S5371,2024-11-21 12:22:20.134729,6.9,completed,1.32
SUB202814,P102291,S5171,2024-11-21 12:53:19.688739,2.6,completed,0.44
SUB202815,P102025,S5099,2024-11-21 14:25:45.692070,18.8,completed,2.46
SUB202816,P101070,S5231,2024-11-21 15:21:31.500126,13.4,returned,0.0
SUB202817,P100926,S5297,2024-11-21 16:17:37.029989,13.8,completed,2.85
SUB202818,P100386,S5183,2024-11-21 16:52:24.198265,9.9,returned,0.0
SUB202819,P100175,S5350,2024-11-21 17:21:41.742141,16.5,completed,3.08
SUB202820,P101530,S5092,2024-11-21 18:12:51.787348,15.1,completed,2.72
SUB202821,P101156,S5198,2024-11-21 18:47:51.147785,14.1,rejected,0.0
SUB202822,P100693,S5256,2024-11-21 19:04:53.195421,21.7,completed,4.49
SUB202823,P100269,S5282,2024-11-21 21:02:21.109742,18.8,returned,0.0
SUB202824,P100173,S5183,2024-11-21 21:34:04.575848,7.1,completed,1.35
SUB202825,P101276,S5380,2024-11-22 01:11:07.674197,48.7,completed,9.78
SUB202826,P101652,S5324,2024-11-22 01:17:39.250030,17.7,timed_out,0.0
SUB202827,P102598,S5129,2024-11-22 03:33:07.992162,11.9,completed,1.59
SUB202828,P100589,S5152,2024-11-22 04:54:41.612919,22.8,completed,2.63
SUB202829,P100885,S5433,2024-11-22 06:48:02.142018,14.3,returned,0.0
SUB202830,P102662,S5343,2024-11-22 07:14:24.765637,25.5,completed,5.58
SUB202831,P101383,S5059,2024-11-22 07:21:27.404953,11.8,rejected,0.0
SUB202832,P100128,S5211,2024-11-22 09:07:26.265763,20.3,completed,3.62
SUB202833,P100784,S5156,2024-11-22 13:17:00.791259,14.9,completed,1.7
SUB202834,P101133,S5093,2024-11-22 15:54:54.494792,21.0,completed,2.24
SUB202835,P100617,S5037,2024-11-22 16:10:58.538283,6.7,completed,1.34
SUB202836,P101878,S5041,2024-11-22 19:10:49.997613,23.4,completed,2.54
SUB202837,P101212,S5327,2024-11-22 19:35:08.764101,31.4,rejected,0.0
SUB202838,P101514,S5127,2024-11-22 20:33:33.385242,13.3,rejected,0.0
SUB202839,P100288,S5161,2024-11-22 20:55:21.031799,15.5,completed,1.91
SUB202840,P101651,S5397,2024-11-22 21:45:31.708634,17.8,rejected,0.0
SUB202841,P101129,S5041,2024-11-22 21:57:31.590452,18.1,returned,0.0
SUB202842,P100409,S5197,2024-11-22 22:40:04.382716,9.5,completed,1.83
SUB202843,P102785,S5114,2024-11-22 23:15:50.029321,32.8,completed,6.95
SUB202844,P100202,S5009,2024-11-23 00:22:20.134729,51.1,completed,7.89
SUB202845,P101232,S5312,2024-11-23 01:11:30.147814,9.9,completed,2.82
SUB202846,P102549,S5444,2024-11-23 01:13:02.904717,2.6,completed,0.33
SUB202847,P100687,S5185,2024-11-23 01:28:40.044502,30.9,completed,5.65
SUB202848,P102102,S5120,2024-11-23 01:29:53.581426,26.0,completed,3.32
SUB202849,P101071,S5198,2024-11-23 02:42:31.244162,15.9,returned,0.0
SUB202850,P100128,S5129,2024-11-23 05:07:26.265763,11.6,completed,1.59
SUB202851,P101652,S5188,2024-11-23 05:17:39.250030,10.2,rejected,0.0
SUB202852,P100852,S5438,2024-11-23 05:50:38.024849,20.5,completed,3.47
SUB202853,P102076,S5085,2024-11-23 10:27:32.623214,19.5,completed,3.89
SUB202854,P102004,S5184,2024-11-23 11:44:54.195967,5.5,completed,1.05
SUB202855,P101458,S5440,2024-11-23 11:58:19.747721,21.8,completed,2.63
SUB202856,P102174,S5229,2024-11-23 12:51:35.388935,54.3,completed,7.54
SUB202857,P100617,S5256,2024-11-23 15:10:58.538283,18.3,completed,4.49
SUB202858,P102832,S5185,2024-11-23 19:39:42.681837,30.1,rejected,0.0
SUB202859,P100975,S5029,2024-11-23 21:35:17.896481,20.1,completed,2.96
SUB202860,P101208,S5027,2024-11-23 22:14:31.023995,45.4,completed,7.63
SUB202861,P102940,S5327,2024-11-23 23:58:39.537366,25.5,completed,4.13
SUB202862,P100784,S5229,2024-11-24 01:17:00.791259,40.3,completed,7.54
SUB202863,P102725,S5250,2024-11-24 02:12:03.378661,8.3,completed,1.13
SUB202864,P102662,S5168,2024-11-24 02:14:24.765637,7.6,completed,1.46
SUB202865,P101878,S5249,2024-11-24 04:10:49.997613,15.3,completed,2.91
SUB202866,P101862,S5382,2024-11-24 06:07:05.904687,9.4,completed,1.68
SUB202867,P101262,S5010,2024-11-24 07:35:16.844124,24.3,returned,0.0
SUB202868,P100895,S5175,2024-11-24 11:02:59.956389,7.2,completed,1.17
SUB202869,P102658,S5041,2024-11-24 11:27:19.422832,24.3,completed,2.54
SUB202870,P102640,S5143,2024-11-24 13:13:09.422831,16.6,completed,2.39
SUB202871,P102598,S5311,2024-11-24 13:33:07.992162,35.3,completed,6.06
SUB202872,P100190,S5026,2024-11-24 15:52:25.321987,35.1,returned,0.0
SUB202873,P102741,S5009,2024-11-24 17:41:28.807531,48.3,timed_out,0.0
SUB202874,P101592,S5281,2024-11-24 18:05:10.547461,6.5,completed,1.47
SUB202875,P102741,S5382,2024-11-24 18:41:28.807531,9.4,completed,1.68
SUB202876,P102229,S5309,2024-11-24 21:12:39.250004,20.1,completed,3.84
SUB202877,P101530,S5277,2024-11-24 21:12:51.787348,3.7,completed,0.88
SUB202878,P102450,S5229,2024-11-24 21:51:14.980486,41.5,completed,7.54
SUB202879,P102298,S5038,2024-11-24 21:56:05.564878,20.8,completed,4.91
SUB202880,P100019,S5350,2024-11-24 22:15:00.452941,15.0,completed,3.08
SUB202881,P101071,S5167,2024-11-24 23:42:31.244162,16.1,completed,2.09
SUB202882,P101690,S5264,2024-11-25 01:53:19.391737,6.8,completed,0.77
SUB202883,P102767,S5297,2024-11-25 03:15:07.721749,11.0,completed,2.85
SUB202884,P102391,S5010,2024-11-25 03:30:21.363214,20.0,rejected,0.0
SUB202885,P101129,S5016,2024-11-25 03:57:31.590452,11.5,completed,1.61
SUB202886,P102076,S5418,2024-11-25 08:27:32.623214,9.8,completed,1.77
SUB202887,P100250,S5369,2024-11-25 09:50:49.677380,4.1,completed,0.67
SUB202888,P102940,S5055,2024-11-25 11:58:39.537366,15.3,completed,2.11
SUB202889,P101276,S5329,2024-11-25 12:11:07.674197,13.4,completed,2.64
SUB202890,P101070,S5127,2024-11-25 12:21:31.500126,13.1,completed,1.9
SUB202891,P102338,S5026,2024-11-25 12:21:41.297043,39.8,completed,6.67
SUB202892,P102640,S5233,2024-11-25 14:13:09.422831,13.4,returned,0.0
SUB202893,P102832,S5064,2024-11-25 14:39:42.681837,13.8,completed,1.98
SUB202894,P102183,S5132,2024-11-25 15:28:41.003522,17.7,completed,4.18
SUB202895,P101008,S5010,2024-11-25 15:55:06.591931,19.9,completed,3.21
SUB202896,P101862,S5128,2024-11-25 16:07:05.904687,21.9,completed,4.88
SUB202897,P101690,S5161,2024-11-25 17:53:19.391737,13.6,completed,1.91
SUB202898,P102680,S5064,2024-11-25 20:40:42.411507,14.5,completed,1.98
SUB202899,P100175,S5101,2024-11-25 21:21:41.742141,6.9,completed,1.24
SUB202900,P101536,S5184,2024-11-25 23:09:24.252261,5.5,completed,1.05
SUB202901,P100329,S5263,2024-11-26 00:22:47.454170,30.7,completed,5.29
SUB202902,P102391,S5137,2024-11-26 02:30:21.363214,29.7,completed,6.57
SUB202903,P101133,S5289,2024-11-26 02:54:54.494792,39.7,completed,6.11
SUB202904,P100617,S5343,2024-11-26 03:10:58.538283,33.1,completed,5.58
SUB202905,P100057,S5381,2024-11-26 05:11:48.472250,12.8,completed,2.26
SUB202906,P100687,S5213,2024-11-26 06:28:40.044502,9.2,timed_out,0.0
SUB202907,P102183,S5412,2024-11-26 07:28:41.003522,21.7,returned,0.0
SUB202908,P102298,S5149,2024-11-26 09:56:05.564878,6.9,completed,1.19
SUB202909,P102868,S5161,2024-11-26 11:18:52.357108,12.6,completed,1.91
SUB202910,P102998,S5156,2024-11-26 11:47:49.163777,12.6,completed,1.7
SUB202911,P102879,S5137,2024-11-26 13:46:13.775568,30.6,completed,6.57
SUB202912,P100760,S5099,2024-11-26 14:29:02.000458,18.4,completed,2.46
SUB202913,P102879,S5041,2024-11-26 15:46:13.775568,21.1,returned,0.0
SUB202914,P101078,S5041,2024-11-26 19:34:33.670145,16.8,completed,2.54
SUB202915,P100579,S5388,2024-11-26 19:50:07.753510,15.7,completed,3.85
SUB202916,P101845,S5026,2024-11-26 21:10:13.885508,27.6,completed,6.67
SUB202917,P101527,S5233,2024-11-26 21:35:36.453836,13.9,completed,1.99
SUB202918,P100019,S5376,2024-11-26 23:15:00.452941,25.8,completed,4.64
SUB202919,P100916,S5382,2024-11-26 23:22:47.687344,7.2,completed,1.68
SUB202920,P100964,S5199,2024-11-26 23:52:57.606661,16.5,completed,2.43
SUB202921,P100871,S5216,2024-11-27 00:18:48.846147,12.4,completed,2.13
SUB202922,P100288,S5040,2024-11-27 00:55:21.031799,32.8,completed,5.02
SUB202923,P100895,S5026,2024-11-27 01:02:59.956389,35.4,completed,6.67
SUB202924,P101008,S5009,2024-11-27 01:55:06.591931,37.5,completed,7.89
SUB202925,P100527,S5085,2024-11-27 02:00:02.939918,22.2,completed,3.89
SUB202926,P101340,S5064,2024-11-27 07:01:24.612005,13.8,returned,0.0
SUB202927,P102785,S5111,2024-11-27 07:15:50.029321,10.4,completed,1.79
SUB202928,P101262,S5077,2024-11-27 08:35:16.844124,14.9,completed,2.08
SUB202929,P102669,S5171,2024-11-27 13:34:46.795358,2.7,completed,0.44
SUB202930,P102662,S5420,2024-11-27 14:14:24.765637,42.8,completed,7.8
SUB202931,P100916,S5139,2024-11-27 14:22:47.687344,29.9,completed,6.16
SUB202932,P102105,S5205,2024-11-27 14:23:28.625488,18.8,completed,3.34
SUB202933,P102190,S5099,2024-11-27 15:57:56.767916,17.7,completed,2.46
SUB202934,P101070,S5111,2024-11-27 17:21:31.500126,7.6,completed,1.79
SUB202935,P101592,S5037,2024-11-27 19:05:10.547461,6.4,completed,1.34
SUB202936,P100964,S5008,2024-11-27 19:52:57.606661,48.4,completed,9.33
SUB202937,P100926,S5111,2024-11-27 20:17:37.029989,9.1,completed,1.79
SUB202938,P101109,S5038,2024-11-27 21:02:47.975989,26.9,completed,4.91
SUB202939,P101592,S5312,2024-11-27 21:05:10.547461,9.4,completed,2.82
SUB202940,P101778,S5388,2024-11-27 21:20:30.783901,15.9,returned,0.0
SUB202941,P100760,S5114,2024-11-27 22:29:02.000458,39.2,completed,6.95
SUB202942,P101803,S5128,2024-11-27 23:50:56.214442,24.6,rejected,0.0
SUB202943,P102105,S5121,2024-11-28 00:23:28.625488,30.5,completed,4.46
SUB202944,P101208,S5256,2024-11-28 01:14:31.023995,20.7,returned,0.0
SUB202945,P100879,S5115,2024-11-28 01:15:26.506499,3.6,completed,0.64
SUB202946,P101592,S5183,2024-11-28 02:05:10.547461,6.2,completed,1.35
SUB202947,P100417,S5120,2024-11-28 03:20:19.783555,20.0,completed,3.32
SUB202948,P100022,S5441,2024-11-28 06:40:24.273709,29.5,completed,5.78
SUB202949,P101208,S5009,2024-11-28 07:14:31.023995,42.1,timed_out,0.0
SUB202950,P101652,S5381,2024-11-28 08:17:39.250030,10.8,completed,2.26
SUB202951,P101219,S5016,2024-11-28 09:15:08.852858,8.9,completed,1.61
SUB202952,P102807,S5208,2024-11-28 09:49:17.957037,4.0,completed,0.85
SUB202953,P102174,S5346,2024-11-28 10:51:35.388935,44.5,completed,10.53
SUB202954,P102532,S5311,2024-11-28 11:16:58.842903,31.2,completed,6.06
SUB202955,P100681,S5106,2024-11-28 13:56:31.269634,30.2,completed,5.46
SUB202956,P102143,S5198,2024-11-28 14:58:47.006359,17.6,completed,1.92
SUB202957,P101188,S5418,2024-11-28 15:23:12.402576,9.6,completed,1.77
SUB202958,P101527,S5184,2024-11-28 17:35:36.453836,6.3,completed,1.05
SUB202959,P102223,S5183,2024-11-28 18:39:58.804614,9.3,completed,1.35
SUB202960,P102105,S5358,2024-11-28 19:23:28.625488,6.0,completed,0.91
SUB202961,P101010,S5388,2024-11-28 20:24:20.738984,20.9,completed,3.85
SUB202962,P102223,S5059,2024-11-28 20:39:58.804614,14.5,returned,0.0
SUB202963,P100189,S5297,2024-11-28 23:42:46.224420,17.4,completed,2.85
SUB202964,P100061,S5101,2024-11-28 23:52:53.643612,9.0,completed,1.24
SUB202965,P100216,S5168,2024-11-29 00:55:53.862026,5.6,returned,0.0
SUB202966,P102076,S5233,2024-11-29 01:27:32.623214,13.5,completed,1.99
SUB202967,P100019,S5438,2024-11-29 05:15:00.452941,16.3,completed,3.47
SUB202968,P102998,S5198,2024-11-29 05:47:49.163777,13.0,completed,1.92
SUB202969,P102066,S5076,2024-11-29 06:05:55.579005,7.4,completed,0.74
SUB202970,P102728,S5047,2024-11-29 10:15:52.181374,22.7,completed,2.56
SUB202971,P102537,S5397,2024-11-29 12:18:11.943058,19.8,completed,2.96
SUB202972,P100801,S5300,2024-11-29 12:21:41.704462,33.5,completed,6.19
SUB202973,P102942,S5208,2024-11-29 13:12:50.970007,4.6,completed,0.85
SUB202974,P101010,S5249,2024-11-29 13:24:20.738984,15.5,completed,2.91
SUB202975,P100190,S5264,2024-11-29 15:52:25.321987,6.2,returned,0.0
SUB202976,P100643,S5121,2024-11-29 17:06:12.877962,35.5,completed,4.46
SUB202977,P102868,S5171,2024-11-29 18:18:52.357108,2.4,timed_out,0.0
SUB202978,P102183,S5111,2024-11-29 18:28:41.003522,8.5,completed,1.79
SUB202979,P101369,S5107,2024-11-29 18:35:19.515166,11.4,completed,1.66
SUB202980,P102143,S5277,2024-11-29 18:58:47.006359,4.0,completed,0.88
SUB202981,P100057,S5099,2024-11-29 20:11:48.472250,22.3,completed,2.46
SUB202982,P100885,S5168,2024-11-29 20:48:02.142018,5.8,completed,1.46
SUB202983,P102102,S5412,2024-11-29 21:29:53.581426,31.5,timed_out,0.0
SUB202984,P100158,S5286,2024-11-30 01:11:33.880967,26.3,completed,6.85
SUB202985,P102785,S5047,2024-11-30 01:15:50.029321,19.3,rejected,0.0
SUB202986,P101847,S5175,2024-11-30 03:28:12.847321,9.2,completed,1.17
SUB202987,P100108,S5327,2024-11-30 04:12:17.443271,31.6,returned,0.0
SUB202988,P100687,S5129,2024-11-30 06:28:40.044502,12.0,returned,0.0
SUB202989,P101070,S5281,2024-11-30 07:21:31.500126,7.9,rejected,0.0
SUB202990,P102942,S5380,2024-11-30 09:12:50.970007,41.6,completed,9.78
SUB202991,P102572,S5114,2024-11-30 09:51:14.230357,37.5,completed,6.95
SUB202992,P100934,S5097,2024-11-30 10:17:52.310304,12.1,completed,2.1
SUB202993,P102105,S5222,2024-11-30 12:23:28.625488,37.1,completed,7.62
SUB202994,P102143,S5175,2024-11-30 13:58:47.006359,8.4,timed_out,0.0
SUB202995,P100253,S5071,2024-11-30 15:05:16.459681,5.5,completed,1.28
SUB202996,P101118,S5188,2024-11-30 15:51:10.684797,12.4,returned,0.0
SUB202997,P101340,S5037,2024-11-30 17:01:24.612005,8.6,completed,1.34
SUB202998,P101219,S5273,2024-11-30 17:15:08.852858,10.7,completed,1.67
SUB202999,P100527,S5327,2024-11-30 19:00:02.939918,23.5,completed,4.13
SUB203000,P102549,S5111,2024-11-30 19:13:02.904717,7.5,completed,1.79
SUB203001,P101118,S5035,2024-11-30 19:51:10.684797,7.0,completed,1.11
SUB203002,P102596,S5127,2024-11-30 20:03:33.885342,13.8,completed,1.9
SUB203003,P102108,S5038,2024-11-30 20:12:37.693173,32.1,completed,4.91
SUB203004,P101608,S5099,2024-11-30 20:31:43.436852,22.5,completed,2.46
SUB203005,P101284,S5380,2024-11-30 23:07:21.003957,53.1,completed,9.78
SUB203006,P101845,S5156,2024-11-30 23:10:13.885508,17.2,completed,1.7
SUB203007,P100019,S5229,2024-12-01 00:15:00.452941,60.6,completed,7.54
SUB203008,P101527,S5438,2024-12-01 00:35:36.453836,18.2,rejected,0.0
SUB203009,P100190,S5199,2024-12-01 00:52:25.321987,17.6,completed,2.43
SUB203010,P100409,S5441,2024-12-01 01:40:04.382716,19.4,completed,5.78
SUB203011,P102190,S5407,2024-12-01 01:57:56.767916,7.7,completed,1.37
SUB203012,P100329,S5200,2024-12-01 02:22:47.454170,25.6,completed,2.77
SUB203013,P101690,S5034,2024-12-01 04:53:19.391737,15.1,completed,2.11
SUB203014,P100784,S5167,2024-12-01 05:17:00.791259,15.7,returned,0.0
SUB203015,P100022,S5034,2024-12-01 07:40:24.273709,15.1,completed,2.11
SUB203016,P101803,S5064,2024-12-01 08:50:56.214442,11.4,completed,1.98
SUB203017,P102914,S5038,2024-12-01 11:34:05.746353,29.3,timed_out,0.0
SUB203018,P100250,S5209,2024-12-01 11:50:49.677380,27.0,completed,4.12
SUB203019,P100404,S5003,2024-12-01 12:19:30.302507,7.5,completed,1.74
SUB203020,P100895,S5277,2024-12-01 13:02:59.956389,4.4,completed,0.88
SUB203021,P100224,S5343,2024-12-01 14:17:37.325626,27.1,completed,5.58
SUB203022,P101070,S5043,2024-12-01 16:21:31.500126,14.9,timed_out,0.0
SUB203023,P102391,S5167,2024-12-01 17:30:21.363214,19.3,completed,2.09
SUB203024,P101503,S5441,2024-12-01 17:34:43.796299,19.9,completed,5.78
SUB203025,P101232,S5037,2024-12-01 18:11:30.147814,6.3,completed,1.34
SUB203026,P102832,S5343,2024-12-01 18:39:42.681837,27.6,timed_out,0.0
SUB203027,P100329,S5009,2024-12-01 19:22:47.454170,53.9,completed,7.89
SUB203028,P100760,S5048,2024-12-01 20:29:02.000458,5.4,completed,0.86
SUB203029,P101109,S5034,2024-12-01 22:02:47.975989,15.3,completed,2.11
SUB203030,P101803,S5003,2024-12-01 23:50:56.214442,11.5,completed,1.74
SUB203031,P102821,S5213,2024-12-02 00:15:13.547037,10.1,completed,1.08
SUB203032,P102669,S5118,2024-12-02 00:34:46.795358,9.3,completed,1.89
SUB203033,P100046,S5279,2024-12-02 00:49:05.723747,12.1,completed,1.83
SUB203034,P101069,S5085,2024-12-02 01:23:47.023641,23.6,returned,0.0
SUB203035,P100141,S5198,2024-12-02 02:14:18.586296,19.1,completed,1.92
SUB203036,P102793,S5427,2024-12-02 02:30:45.859493,20.0,timed_out,0.0
SUB203037,P100801,S5273,2024-12-02 05:21:41.704462,13.4,completed,1.67
SUB203038,P100687,S5026,2024-12-02 05:28:40.044502,31.2,rejected,0.0
SUB203039,P102868,S5107,2024-12-02 07:18:52.357108,9.5,completed,1.66
SUB203040,P102728,S5431,2024-12-02 08:15:52.181374,10.6,rejected,0.0
SUB203041,P101071,S5064,2024-12-02 09:42:31.244162,13.5,completed,1.98
SUB203042,P100019,S5312,2024-12-02 11:15:00.452941,13.2,completed,2.82
SUB203043,P101284,S5380,2024-12-02 12:07:21.003957,55.0,completed,9.78
SUB203044,P100926,S5371,2024-12-02 12:17:37.029989,5.5,completed,1.32
SUB203045,P101652,S5216,2024-12-02 12:17:39.250030,16.0,completed,2.13
SUB203046,P101536,S5048,2024-12-02 15:09:24.252261,5.1,completed,0.86
SUB203047,P101095,S5111,2024-12-02 17:04:59.871460,9.6,completed,1.79
SUB203048,P102640,S5441,2024-12-02 17:13:09.422831,26.1,completed,5.78
SUB203049,P100175,S5137,2024-12-02 18:21:41.742141,42.1,completed,6.57
SUB203050,P101340,S5003,2024-12-02 22:01:24.612005,8.6,completed,1.74
SUB203051,P100019,S5263,2024-12-02 22:15:00.452941,29.1,completed,5.29
SUB203052,P102108,S5185,2024-12-03 00:12:37.693173,24.7,completed,5.65
SUB203053,P101133,S5152,2024-12-03 01:54:54.494792,20.4,completed,2.63
SUB203054,P100681,S5311,2024-12-03 01:56:31.269634,37.1,rejected,0.0
SUB203055,P101109,S5297,2024-12-03 04:02:47.975989,16.2,completed,2.85
SUB203056,P100880,S5093,2024-12-03 04:18:29.430743,15.5,timed_out,0.0
SUB203057,P100387,S5205,2024-12-03 04:37:10.612955,20.7,completed,3.34
SUB203058,P102596,S5420,2024-12-03 07:03:33.885342,37.0,completed,7.8
SUB203059,P100189,S5258,2024-12-03 07:42:46.224420,21.6,timed_out,0.0
SUB203060,P100057,S5300,2024-12-03 08:11:48.472250,30.0,completed,6.19
SUB203061,P100173,S5040,2024-12-03 08:34:04.575848,23.9,completed,5.02
SUB203062,P102291,S5213,2024-12-03 09:53:19.688739,10.3,completed,1.08
SUB203063,P101608,S5380,2024-12-03 10:31:43.436852,49.4,completed,9.78
SUB203064,P100141,S5371,2024-12-03 13:14:18.586296,6.6,completed,1.32
SUB203065,P102362,S5341,2024-12-03 13:41:44.967570,27.4,completed,3.95
SUB203066,P100141,S5055,2024-12-03 14:14:18.586296,16.0,completed,2.11
SUB203067,P102076,S5203,2024-12-03 14:27:32.623214,12.2,completed,1.75
SUB203068,P101601,S5197,2024-12-03 15:10:25.063948,12.0,timed_out,0.0
SUB203069,P102574,S5203,2024-12-03 15:17:33.603340,10.3,completed,1.75
SUB203070,P101878,S5183,2024-12-03 16:10:49.997613,8.1,returned,0.0
SUB203071,P100854,S5311,2024-12-03 16:45:19.299129,38.9,timed_out,0.0
SUB203072,P100329,S5092,2024-12-03 17:22:47.454170,11.9,completed,2.72
SUB203073,P102669,S5048,2024-12-03 17:34:46.795358,4.0,completed,0.86
SUB203074,P102810,S5092,2024-12-03 17:53:18.647092,13.7,timed_out,0.0
SUB203075,P101232,S5412,2024-12-03 18:11:30.147814,27.1,completed,5.45
SUB203076,P102785,S5213,2024-12-03 19:15:50.029321,9.8,completed,1.08
SUB203077,P102229,S5346,2024-12-03 20:12:39.250004,45.7,completed,10.53
SUB203078,P101441,S5307,2024-12-03 20:38:05.484956,31.6,completed,4.57
SUB203079,P101474,S5341,2024-12-03 20:46:37.512746,20.2,completed,3.95
SUB203080,P102728,S5418,2024-12-03 21:15:52.181374,8.9,completed,1.77
SUB203081,P102537,S5099,2024-12-03 21:18:11.943058,17.7,completed,2.46
SUB203082,P100189,S5111,2024-12-03 21:42:46.224420,9.1,returned,0.0
SUB203083,P102669,S5183,2024-12-03 23:34:46.795358,7.0,completed,1.35
SUB203084,P102833,S5289,2024-12-04 02:08:10.233362,31.9,completed,6.11
SUB203085,P102102,S5213,2024-12-04 03:29:53.581426,7.2,completed,1.08
SUB203086,P101071,S5433,2024-12-04 05:42:31.244162,11.0,completed,2.07
SUB203087,P102669,S5258,2024-12-04 06:34:46.795358,21.6,completed,2.75
SUB203088,P100141,S5300,2024-12-04 07:14:18.586296,33.7,completed,6.19
SUB203089,P101675,S5381,2024-12-04 08:01:01.408973,9.6,completed,2.26
SUB203090,P102879,S5324,2024-12-04 08:46:13.775568,17.2,completed,2.12
SUB203091,P102108,S5114,2024-12-04 09:12:37.693173,41.3,timed_out,0.0
SUB203092,P100852,S5048,2024-12-04 09:50:38.024849,5.8,completed,0.86
SUB203093,P102291,S5343,2024-12-04 09:53:19.688739,31.9,completed,5.58
SUB203094,P102183,S5048,2024-12-04 13:28:41.003522,4.3,completed,0.86
SUB203095,P102574,S5199,2024-12-04 15:17:33.603340,13.4,completed,2.43
SUB203096,P102728,S5440,2024-12-04 16:15:52.181374,20.6,completed,2.63
SUB203097,P100896,S5008,2024-12-04 17:13:17.817717,47.1,returned,0.0
SUB203098,P102067,S5010,2024-12-04 17:18:42.798694,21.0,completed,3.21
SUB203099,P101790,S5114,2024-12-04 17:52:07.028919,38.5,completed,6.95
SUB203100,P100895,S5048,2024-12-04 18:02:59.956389,3.8,completed,0.86
SUB203101,P100926,S5279,2024-12-04 18:17:37.029989,8.6,timed_out,0.0
SUB203102,P102810,S5273,2024-12-04 18:53:18.647092,11.3,completed,1.67
SUB203103,P100102,S5184,2024-12-04 19:08:10.436620,5.2,completed,1.05
SUB203104,P100202,S5055,2024-12-04 21:22:20.134729,15.4,completed,2.11
SUB203105,P101232,S5427,2024-12-04 22:11:30.147814,23.2,completed,3.87
SUB203106,P100387,S5327,2024-12-04 22:37:10.612955,24.8,completed,4.13
SUB203107,P100184,S5397,2024-12-04 23:39:17.603748,15.4,returned,0.0
SUB203108,P102298,S5382,2024-12-05 00:56:05.564878,10.3,completed,1.68
SUB203109,P101129,S5092,2024-12-05 01:57:31.590452,16.1,completed,2.72
SUB203110,P102728,S5427,2024-12-05 03:15:52.181374,21.2,completed,3.87
SUB203111,P100926,S5085,2024-12-05 03:17:37.029989,24.2,completed,3.89
SUB203112,P101652,S5382,2024-12-05 04:17:39.250030,10.5,returned,0.0
SUB203113,P101608,S5407,2024-12-05 05:31:43.436852,12.2,completed,1.37
SUB203114,P101369,S5168,2024-12-05 07:35:19.515166,5.6,completed,1.46
SUB203115,P101474,S5438,2024-12-05 07:46:37.512746,18.3,completed,3.47
SUB203116,P102291,S5099,2024-12-05 07:53:19.688739,20.6,completed,2.46
SUB203117,P102298,S5418,2024-12-05 08:56:05.564878,8.8,completed,1.77
SUB203118,P102807,S5213,2024-12-05 09:49:17.957037,8.7,completed,1.08
SUB203119,P101790,S5307,2024-12-05 09:52:07.028919,36.4,completed,4.57
SUB203120,P102879,S5205,2024-12-05 11:46:13.775568,16.8,completed,3.34
SUB203121,P100269,S5103,2024-12-05 14:02:21.109742,21.6,completed,3.8
SUB203122,P100202,S5085,2024-12-05 14:22:20.134729,17.5,completed,3.89
SUB203123,P100288,S5216,2024-12-05 14:55:21.031799,16.2,completed,2.13
SUB203124,P100269,S5346,2024-12-05 15:02:21.109742,58.8,completed,10.53
SUB203125,P101651,S5264,2024-12-05 15:45:31.708634,4.6,completed,0.77
SUB203126,P102537,S5382,2024-12-05 16:18:11.943058,6.6,completed,1.68
SUB203127,P101078,S5041,2024-12-05 16:34:33.670145,20.6,completed,2.54
SUB203128,P102450,S5040,2024-12-05 16:51:14.980486,26.9,completed,5.02
SUB203129,P101601,S5008,2024-12-05 20:10:25.063948,51.2,completed,9.33
SUB203130,P100643,S5197,2024-12-06 00:06:12.877962,10.2,completed,1.83
SUB203131,P101420,S5149,2024-12-06 00:58:14.456381,6.1,returned,0.0
SUB203132,P101652,S5071,2024-12-06 02:17:39.250030,6.2,completed,1.28
SUB203133,P100687,S5198,2024-12-06 04:28:40.044502,17.1,completed,1.92
SUB203134,P100269,S5340,2024-12-06 06:02:21.109742,14.3,completed,2.31
SUB203135,P102362,S5038,2024-12-06 06:41:44.967570,25.3,completed,4.91
SUB203136,P101845,S5048,2024-12-06 07:10:13.885508,5.3,rejected,0.0
SUB203137,P101675,S5219,2024-12-06 08:01:01.408973,40.2,completed,5.27
SUB203138,P100184,S5055,2024-12-06 08:39:17.603748,12.1,completed,2.11
SUB203139,P102998,S5035,2024-12-06 09:47:49.163777,7.8,completed,1.11
SUB203140,P102450,S5008,2024-12-06 09:51:14.980486,44.8,completed,9.33
SUB203141,P100190,S5077,2024-12-06 12:52:25.321987,13.3,completed,2.08
SUB203142,P102810,S5438,2024-12-06 12:53:18.647092,14.2,completed,3.47
SUB203143,P100908,S5263,2024-12-06 13:14:17.469458,24.0,completed,5.29
SUB203144,P100760,S5341,2024-12-06 13:29:02.000458,19.8,completed,3.95
SUB203145,P102596,S5036,2024-12-06 14:03:33.885342,3.2,completed,0.5
SUB203146,P101072,S5097,2024-12-06 16:41:57.327102,15.6,completed,2.1
SUB203147,P102292,S5209,2024-12-06 17:38:12.391490,31.2,timed_out,0.0
SUB203148,P101596,S5441,2024-12-06 17:46:25.737073,19.8,completed,5.78
SUB203149,P101069,S5092,2024-12-06 18:23:47.023641,16.1,completed,2.72
SUB203150,P101269,S5332,2024-12-06 19:48:29.079483,8.1,completed,1.23
SUB203151,P102174,S5161,2024-12-06 20:51:35.388935,12.4,completed,1.91
SUB203152,P102596,S5077,2024-12-06 21:03:33.885342,15.8,completed,2.08
SUB203153,P102223,S5249,2024-12-06 21:39:58.804614,16.8,completed,2.91
SUB203154,P100871,S5208,2024-12-06 22:18:48.846147,3.8,completed,0.85
SUB203155,P100046,S5152,2024-12-06 23:49:05.723747,16.3,completed,2.63
SUB203156,P102832,S5038,2024-12-07 00:39:42.681837,25.4,completed,4.91
SUB203157,P101072,S5083,2024-12-07 00:41:57.327102,5.5,completed,0.8
SUB203158,P101803,S5000,2024-12-07 00:50:56.214442,25.4,completed,6.05
SUB203159,P101129,S5424,2024-12-07 00:57:31.590452,17.4,timed_out,0.0
SUB203160,P100190,S5397,2024-12-07 01:52:25.321987,15.3,completed,2.96
SUB203161,P102785,S5168,2024-12-07 04:15:50.029321,5.9,completed,1.46
SUB203162,P100880,S5249,2024-12-07 05:18:29.430743,19.7,completed,2.91
SUB203163,P101850,S5037,2024-12-07 07:48:19.394174,7.3,completed,1.34
SUB203164,P101675,S5441,2024-12-07 08:01:01.408973,22.6,timed_out,0.0
SUB203165,P100046,S5037,2024-12-07 10:49:05.723747,7.5,completed,1.34
SUB203166,P102174,S5097,2024-12-07 13:51:35.388935,13.0,completed,2.1
SUB203167,P102942,S5213,2024-12-07 15:12:50.970007,7.1,completed,1.08
SUB203168,P101071,S5143,2024-12-07 15:42:31.244162,11.5,completed,2.39
SUB203169,P102323,S5312,2024-12-07 17:18:29.084577,13.4,completed,2.82
SUB203170,P100975,S5137,2024-12-07 17:35:17.896481,36.5,completed,6.57
SUB203171,P100110,S5220,2024-12-07 18:20:00.863141,8.4,completed,1.0
SUB203172,P101503,S5250,2024-12-07 19:34:43.796299,7.8,completed,1.13
SUB203173,P101651,S5137,2024-12-07 19:45:31.708634,38.7,completed,6.57
SUB203174,P102258,S5327,2024-12-07 20:54:32.963582,21.5,completed,4.13
SUB203175,P101286,S5356,2024-12-07 21:02:47.784290,7.3,completed,1.33
SUB203176,P100253,S5107,2024-12-07 21:05:16.459681,9.2,completed,1.66
SUB203177,P101503,S5040,2024-12-07 22:34:43.796299,35.5,completed,5.02
SUB203178,P102391,S5099,2024-12-07 23:30:21.363214,17.2,completed,2.46
SUB203179,P101262,S5382,2024-12-07 23:35:16.844124,8.8,completed,1.68
SUB203180,P101850,S5167,2024-12-07 23:48:19.394174,17.2,completed,2.09
SUB203181,P102537,S5420,2024-12-08 01:18:11.943058,30.8,timed_out,0.0
SUB203182,P101803,S5250,2024-12-08 03:50:56.214442,7.7,completed,1.13
SUB203183,P101188,S5029,2024-12-08 04:23:12.402576,24.1,completed,2.96
SUB203184,P100253,S5168,2024-12-08 07:05:16.459681,5.9,completed,1.46
SUB203185,P101847,S5340,2024-12-08 07:28:12.847321,12.0,completed,2.31
SUB203186,P100128,S5152,2024-12-08 08:07:26.265763,16.2,completed,2.63
SUB203187,P102914,S5115,2024-12-08 08:34:05.746353,2.9,completed,0.64
SUB203188,P101474,S5139,2024-12-08 08:46:37.512746,32.5,completed,6.16
SUB203189,P101219,S5279,2024-12-08 09:15:08.852858,12.8,timed_out,0.0
SUB203190,P102793,S5208,2024-12-08 09:30:45.859493,3.9,completed,0.85
SUB203191,P101790,S5048,2024-12-08 09:52:07.028919,3.8,completed,0.86
SUB203192,P102810,S5263,2024-12-08 11:53:18.647092,23.8,completed,5.29
SUB203193,P100879,S5038,2024-12-08 13:15:26.506499,29.6,completed,4.91
SUB203194,P102715,S5346,2024-12-08 15:06:15.427140,60.7,completed,10.53
SUB203195,P101525,S5167,2024-12-08 17:08:13.367203,15.1,completed,2.09
SUB203196,P102942,S5358,2024-12-08 18:12:50.970007,6.9,completed,0.91
SUB203197,P100879,S5431,2024-12-08 18:15:26.506499,13.2,completed,2.03
SUB203198,P100687,S5027,2024-12-08 18:28:40.044502,40.8,returned,0.0
SUB203199,P100593,S5216,2024-12-08 18:37:12.207885,14.4,completed,2.13
SUB203200,P102572,S5273,2024-12-08 18:51:14.230357,12.6,completed,1.67
SUB203201,P100102,S5026,2024-12-08 19:08:10.436620,32.7,completed,6.67
SUB203202,P100879,S5038,2024-12-08 19:15:26.506499,22.4,completed,4.91
SUB203203,P100180,S5438,2024-12-08 19:28:15.560223,19.2,completed,3.47
SUB203204,P101133,S5129,2024-12-08 19:54:54.494792,7.4,completed,1.59
SUB203205,P102880,S5311,2024-12-08 20:49:08.291233,24.2,returned,0.0
SUB203206,P101862,S5047,2024-12-08 21:07:05.904687,17.5,completed,2.56
SUB203207,P102183,S5249,2024-12-08 23:28:41.003522,13.9,returned,0.0
SUB203208,P100975,S5388,2024-12-09 00:35:17.896481,19.7,completed,3.85
SUB203209,P102105,S5043,2024-12-09 02:23:28.625488,11.5,completed,2.61
SUB203210,P102449,S5161,2024-12-09 03:37:20.068947,15.2,completed,1.91
SUB203211,P102557,S5412,2024-12-09 03:48:17.818998,33.3,completed,5.45
SUB203212,P102574,S5307,2024-12-09 05:17:33.603340,34.6,completed,4.57
SUB203213,P102879,S5074,2024-12-09 08:46:13.775568,21.7,completed,3.1
SUB203214,P101071,S5038,2024-12-09 09:42:31.244162,32.1,completed,4.91
SUB203215,P101651,S5307,2024-12-09 09:45:31.708634,24.4,timed_out,0.0
SUB203216,P101678,S5332,2024-12-09 10:03:53.722025,7.3,completed,1.23
SUB203217,P100404,S5220,2024-12-09 10:19:30.302507,6.2,completed,1.0
SUB203218,P102169,S5047,2024-12-09 12:34:00.766391,19.4,completed,2.56
SUB203219,P100250,S5010,2024-12-09 12:50:49.677380,19.3,completed,3.21
SUB203220,P101129,S5258,2024-12-09 12:57:31.590452,22.8,completed,2.75
SUB203221,P102450,S5444,2024-12-09 14:51:14.980486,2.4,completed,0.33
SUB203222,P101286,S5418,2024-12-09 15:02:47.784290,11.3,completed,1.77
SUB203223,P102076,S5380,2024-12-09 15:27:32.623214,34.6,completed,9.78
SUB203224,P102793,S5071,2024-12-09 15:30:45.859493,8.0,completed,1.28
SUB203225,P100784,S5041,2024-12-09 16:17:00.791259,16.4,completed,2.54
SUB203226,P101072,S5103,2024-12-09 16:41:57.327102,15.6,completed,3.8
SUB203227,P101850,S5188,2024-12-09 19:48:19.394174,13.4,completed,1.52
SUB203228,P102785,S5444,2024-12-09 20:15:50.029321,2.6,completed,0.33
SUB203229,P102323,S5074,2024-12-09 20:18:29.084577,21.5,rejected,0.0
SUB203230,P100417,S5167,2024-12-09 20:20:19.783555,16.3,completed,2.09
SUB203231,P100019,S5128,2024-12-09 21:15:00.452941,20.8,timed_out,0.0
SUB203232,P101010,S5010,2024-12-09 22:24:20.738984,24.2,completed,3.21
SUB203233,P101845,S5281,2024-12-10 00:10:13.885508,8.3,completed,1.47
SUB203234,P102362,S5055,2024-12-10 00:41:44.967570,14.7,completed,2.11
SUB203235,P101133,S5286,2024-12-10 00:54:54.494792,26.0,timed_out,0.0
SUB203236,P102807,S5115,2024-12-10 01:49:17.957037,3.1,completed,0.64
SUB203237,P100760,S5003,2024-12-10 02:29:02.000458,10.9,completed,1.74
SUB203238,P102067,S5043,2024-12-10 04:18:42.798694,14.9,completed,2.61
SUB203239,P100687,S5043,2024-12-10 04:28:40.044502,14.9,completed,2.61
SUB203240,P101845,S5381,2024-12-10 05:10:13.885508,11.1,timed_out,0.0
SUB203241,P101608,S5213,2024-12-10 06:31:43.436852,10.4,completed,1.08
SUB203242,P102292,S5249,2024-12-10 06:38:12.391490,17.0,completed,2.91
SUB203243,P102174,S5194,2024-12-10 07:51:35.388935,18.6,completed,3.46
SUB203244,P102537,S5420,2024-12-10 09:18:11.943058,37.5,completed,7.8
SUB203245,P100175,S5200,2024-12-10 09:21:41.742141,25.0,completed,2.77
SUB203246,P100916,S5327,2024-12-10 12:22:47.687344,23.1,completed,4.13
SUB203247,P102449,S5167,2024-12-10 15:37:20.068947,14.2,completed,2.09
SUB203248,P102258,S5047,2024-12-10 17:54:32.963582,20.1,completed,2.56
SUB203249,P102810,S5016,2024-12-10 18:53:18.647092,11.0,completed,1.61
SUB203250,P102728,S5071,2024-12-10 19:15:52.181374,7.6,completed,1.28
SUB203251,P102258,S5397,2024-12-10 19:54:32.963582,24.7,completed,2.96
SUB203252,P102108,S5050,2024-12-10 22:12:37.693173,30.3,completed,3.96
SUB203253,P101340,S5277,2024-12-10 23:01:24.612005,5.3,rejected,0.0
SUB203254,P102174,S5071,2024-12-11 00:51:35.388935,7.9,completed,1.28
SUB203255,P102767,S5092,2024-12-11 01:15:07.721749,17.0,completed,2.72
SUB203256,P102880,S5223,2024-12-11 01:49:08.291233,11.4,completed,1.76
SUB203257,P100184,S5309,2024-12-11 03:39:17.603748,26.9,completed,3.84
SUB203258,P102793,S5380,2024-12-11 06:30:45.859493,41.9,returned,0.0
SUB203259,P100066,S5427,2024-12-11 06:58:33.438206,27.1,returned,0.0
SUB203260,P101631,S5231,2024-12-11 07:24:18.650926,11.8,completed,3.05
SUB203261,P102537,S5208,2024-12-11 08:18:11.943058,4.2,completed,0.85
SUB203262,P102391,S5048,2024-12-11 09:30:21.363214,4.2,completed,0.86
SUB203263,P102102,S5441,2024-12-11 11:29:53.581426,27.5,completed,5.78
SUB203264,P101530,S5371,2024-12-11 12:12:51.787348,5.7,completed,1.32
SUB203265,P100250,S5213,2024-12-11 12:50:49.677380,7.9,returned,0.0
SUB203266,P102229,S5281,2024-12-11 14:12:39.250004,9.3,completed,1.47
SUB203267,P100253,S5185,2024-12-11 16:05:16.459681,25.2,rejected,0.0
SUB203268,P101862,S5424,2024-12-11 18:07:05.904687,16.0,completed,2.82
SUB203269,P102291,S5366,2024-12-11 18:53:19.688739,19.2,completed,4.22
SUB203270,P100180,S5382,2024-12-11 19:28:15.560223,8.9,completed,1.68
SUB203271,P101118,S5200,2024-12-11 19:51:10.684797,19.2,completed,2.77
SUB203272,P100975,S5263,2024-12-11 21:35:17.896481,29.0,completed,5.29
SUB203273,P101340,S5197,2024-12-11 23:01:24.612005,11.5,completed,1.83
SUB203274,P101850,S5307,2024-12-11 23:48:19.394174,25.3,completed,4.57
SUB203275,P102323,S5200,2024-12-12 01:18:29.084577,24.3,completed,2.77
SUB203276,P101276,S5047,2024-12-12 02:11:07.674197,22.9,completed,2.56
SUB203277,P100022,S5407,2024-12-12 03:40:24.273709,12.1,completed,1.37
SUB203278,P101678,S5034,2024-12-12 06:03:53.722025,13.5,completed,2.11
SUB203279,P102450,S5198,2024-12-12 09:51:14.980486,14.3,completed,1.92
SUB203280,P100801,S5397,2024-12-12 10:21:41.704462,15.3,completed,2.96
SUB203281,P102449,S5258,2024-12-12 12:37:20.068947,16.7,completed,2.75
SUB203282,P100539,S5211,2024-12-12 13:58:39.812912,19.3,completed,3.62
SUB203283,P101394,S5118,2024-12-12 15:39:44.216382,9.0,completed,1.89
SUB203284,P102557,S5184,2024-12-12 17:48:17.818998,6.7,completed,1.05
SUB203285,P101601,S5064,2024-12-12 18:10:25.063948,10.6,completed,1.98
SUB203286,P100880,S5273,2024-12-12 18:18:29.430743,13.4,completed,1.67
SUB203287,P102291,S5349,2024-12-12 21:53:19.688739,12.4,completed,2.02
SUB203288,P100690,S5346,2024-12-12 23:17:32.619972,47.4,completed,10.53
SUB203289,P101690,S5203,2024-12-12 23:53:19.391737,8.2,completed,1.75
SUB203290,P102728,S5000,2024-12-13 00:15:52.181374,32.4,completed,6.05
SUB203291,P100975,S5083,2024-12-13 01:35:17.896481,5.9,completed,0.8
SUB203292,P102391,S5004,2024-12-13 03:30:21.363214,15.4,completed,2.25
SUB203293,P100269,S5264,2024-12-13 05:02:21.109742,6.7,completed,0.77
SUB203294,P100202,S5222,2024-12-13 05:22:20.134729,37.7,completed,7.62
SUB203295,P101678,S5185,2024-12-13 07:03:53.722025,33.6,completed,5.65
SUB203296,P100916,S5234,2024-12-13 07:22:47.687344,29.8,completed,3.29
SUB203297,P101847,S5197,2024-12-13 09:28:12.847321,11.5,completed,1.83
SUB203298,P100895,S5309,2024-12-13 10:02:59.956389,27.4,completed,3.84
SUB203299,P100022,S5114,2024-12-13 13:40:24.273709,31.2,completed,6.95
SUB203300,P102753,S5262,2024-12-13 14:30:34.371813,11.9,completed,2.3
SUB203301,P102669,S5114,2024-12-13 15:34:46.795358,28.7,completed,6.95
SUB203302,P102229,S5332,2024-12-13 16:12:39.250004,8.4,completed,1.23
SUB203303,P100329,S5127,2024-12-13 18:22:47.454170,12.1,completed,1.9
SUB203304,P101845,S5209,2024-12-13 20:10:13.885508,31.9,completed,4.12
SUB203305,P102879,S5168,2024-12-13 20:46:13.775568,8.9,completed,1.46
SUB203306,P101008,S5148,2024-12-13 20:55:06.591931,13.9,completed,2.06
SUB203307,P100916,S5447,2024-12-13 21:22:47.687344,8.7,completed,1.56
SUB203308,P102291,S5097,2024-12-13 21:53:19.688739,11.5,completed,2.1
SUB203309,P101596,S5004,2024-12-13 22:46:25.737073,16.9,completed,2.25
SUB203310,P102574,S5279,2024-12-13 23:17:33.603340,13.1,completed,1.83
SUB203311,P101608,S5027,2024-12-13 23:31:43.436852,38.9,completed,7.63
SUB203312,P101474,S5208,2024-12-13 23:46:37.512746,5.2,completed,0.85
SUB203313,P100158,S5249,2024-12-14 00:11:33.880967,19.8,completed,2.91
SUB203314,P102879,S5234,2024-12-14 01:46:13.775568,31.7,completed,3.29
SUB203315,P102223,S5171,2024-12-14 03:39:58.804614,2.8,completed,0.44
SUB203316,P102316,S5143,2024-12-14 04:06:03.873399,13.3,completed,2.39
SUB203317,P101525,S5127,2024-12-14 05:08:13.367203,13.6,completed,1.9
SUB203318,P100690,S5000,2024-12-14 06:17:32.619972,31.5,completed,6.05
SUB203319,P101276,S5183,2024-12-14 12:11:07.674197,6.6,completed,1.35
SUB203320,P102558,S5026,2024-12-14 14:35:05.000081,32.8,timed_out,0.0
SUB203321,P102376,S5175,2024-12-14 15:01:34.409845,7.4,completed,1.17
SUB203322,P100819,S5093,2024-12-14 15:11:22.451224,13.9,timed_out,0.0
SUB203323,P101181,S5250,2024-12-14 15:20:38.307143,6.1,completed,1.13
SUB203324,P100593,S5356,2024-12-14 15:37:12.207885,8.4,returned,0.0
SUB203325,P102323,S5168,2024-12-14 16:18:29.084577,8.3,completed,1.46
SUB203326,P102753,S5188,2024-12-14 16:30:34.371813,10.9,returned,0.0
SUB203327,P102832,S5050,2024-12-14 17:39:42.681837,33.5,completed,3.96
SUB203328,P100128,S5041,2024-12-14 18:07:26.265763,18.1,completed,2.54
SUB203329,P101845,S5249,2024-12-14 18:10:13.885508,16.8,completed,2.91
SUB203330,P101340,S5037,2024-12-14 19:01:24.612005,8.5,completed,1.34
SUB203331,P101262,S5092,2024-12-14 19:35:16.844124,11.2,completed,2.72
SUB203332,P102596,S5156,2024-12-14 20:03:33.885342,13.6,completed,1.7
SUB203333,P100417,S5097,2024-12-14 21:20:19.783555,14.6,completed,2.1
SUB203334,P100180,S5424,2024-12-14 21:28:15.560223,16.6,completed,2.82
SUB203335,P101690,S5412,2024-12-14 22:53:19.391737,31.8,completed,5.45
SUB203336,P102767,S5438,2024-12-15 05:15:07.721749,16.2,completed,3.47
SUB203337,P102076,S5381,2024-12-15 05:27:32.623214,12.0,completed,2.26
SUB203338,P102183,S5188,2024-12-15 05:28:41.003522,10.4,returned,0.0
SUB203339,P102914,S5118,2024-12-15 05:34:05.746353,10.7,completed,1.89
SUB203340,P101596,S5027,2024-12-15 05:46:25.737073,36.9,returned,0.0
SUB203341,P100854,S5264,2024-12-15 06:45:19.299129,4.4,completed,0.77
SUB203342,P102066,S5099,2024-12-15 07:05:55.579005,22.4,completed,2.46
SUB203343,P100687,S5365,2024-12-15 07:28:40.044502,9.5,completed,1.75
SUB203344,P101845,S5139,2024-12-15 10:10:13.885508,29.9,completed,6.16
SUB203345,P101561,S5149,2024-12-15 10:21:25.764288,4.8,completed,1.19
SUB203346,P101394,S5127,2024-12-15 10:39:44.216382,13.1,completed,1.9
SUB203347,P101608,S5397,2024-12-15 14:31:43.436852,16.6,completed,2.96
SUB203348,P100801,S5000,2024-12-15 15:21:41.704462,31.1,completed,6.05
SUB203349,P101614,S5233,2024-12-15 15:51:42.877811,11.3,completed,1.99
SUB203350,P102362,S5220,2024-12-15 16:41:44.967570,8.3,completed,1.0
SUB203351,P102807,S5171,2024-12-15 19:49:17.957037,3.1,completed,0.44
SUB203352,P100180,S5115,2024-12-15 20:28:15.560223,3.2,completed,0.64
SUB203353,P102740,S5009,2024-12-15 22:11:34.998927,36.9,completed,7.89
SUB203354,P101378,S5340,2024-12-15 22:26:27.825286,10.0,completed,2.31
SUB203355,P100022,S5407,2024-12-15 22:40:24.273709,9.1,rejected,0.0
SUB203356,P100819,S5182,2024-12-15 23:11:22.451224,11.6,completed,2.14
SUB203357,P100784,S5424,2024-12-15 23:17:00.791259,14.0,completed,2.82
SUB203358,P100066,S5226,2024-12-16 02:58:33.438206,27.1,completed,4.72
SUB203359,P101181,S5307,2024-12-16 03:20:38.307143,29.0,completed,4.57
SUB203360,P100643,S5216,2024-12-16 04:06:12.877962,14.2,completed,2.13
SUB203361,P102557,S5185,2024-12-16 05:48:17.818998,32.1,timed_out,0.0
SUB203362,P102572,S5010,2024-12-16 08:51:14.230357,16.3,completed,3.21
SUB203363,P100964,S5161,2024-12-16 08:52:57.606661,19.1,completed,1.91
SUB203364,P100141,S5268,2024-12-16 09:14:18.586296,24.9,completed,4.16
SUB203365,P100281,S5312,2024-12-16 10:07:19.576028,14.1,completed,2.82
SUB203366,P102537,S5281,2024-12-16 10:18:11.943058,6.3,completed,1.47
SUB203367,P100250,S5444,2024-12-16 10:50:49.677380,2.1,completed,0.33
SUB203368,P102016,S5365,2024-12-16 11:09:33.608229,11.8,completed,1.75
SUB203369,P102652,S5008,2024-12-16 11:35:09.147372,38.6,completed,9.33
SUB203370,P101133,S5350,2024-12-16 11:54:54.494792,13.2,completed,3.08
SUB203371,P102169,S5320,2024-12-16 12:34:00.766391,14.0,completed,3.5
SUB203372,P100175,S5114,2024-12-16 13:21:41.742141,43.7,completed,6.95
SUB203373,P102391,S5120,2024-12-16 13:30:21.363214,22.9,completed,3.32
SUB203374,P100224,S5175,2024-12-16 14:17:37.325626,6.4,completed,1.17
SUB203375,P102807,S5233,2024-12-16 14:49:17.957037,15.5,rejected,0.0
SUB203376,P102532,S5229,2024-12-16 15:16:58.842903,54.2,completed,7.54
SUB203377,P100386,S5074,2024-12-16 15:52:24.198265,14.2,completed,3.1
SUB203378,P101525,S5183,2024-12-16 16:08:13.367203,10.1,completed,1.35
SUB203379,P102323,S5438,2024-12-16 16:18:29.084577,18.4,completed,3.47
SUB203380,P102572,S5213,2024-12-16 17:51:14.230357,10.1,completed,1.08
SUB203381,P100852,S5327,2024-12-16 19:50:38.024849,21.2,returned,0.0
SUB203382,P101847,S5213,2024-12-16 21:28:12.847321,11.1,completed,1.08
SUB203383,P101068,S5231,2024-12-16 21:56:11.559144,15.1,completed,3.05
SUB203384,P100879,S5183,2024-12-17 02:15:26.506499,8.9,completed,1.35
SUB203385,P100023,S5222,2024-12-17 03:55:33.503424,29.5,completed,7.62
SUB203386,P101219,S5026,2024-12-17 06:15:08.852858,31.1,completed,6.67
SUB203387,P102728,S5118,2024-12-17 06:15:52.181374,9.6,returned,0.0
SUB203388,P100687,S5447,2024-12-17 07:28:40.044502,8.7,completed,1.56
SUB203389,P101070,S5097,2024-12-17 11:21:31.500126,12.9,timed_out,0.0
SUB203390,P102549,S5077,2024-12-17 12:13:02.904717,11.6,completed,2.08
SUB203391,P101652,S5213,2024-12-17 12:17:39.250030,9.4,completed,1.08
SUB203392,P100253,S5279,2024-12-17 13:05:16.459681,8.9,completed,1.83
SUB203393,P101525,S5358,2024-12-17 14:08:13.367203,8.1,completed,0.91
SUB203394,P100019,S5143,2024-12-17 14:15:00.452941,11.6,completed,2.39
SUB203395,P101651,S5132,2024-12-17 15:45:31.708634,22.0,completed,4.18
SUB203396,P100443,S5038,2024-12-17 18:00:28.658566,26.6,completed,4.91
SUB203397,P100180,S5103,2024-12-17 18:28:15.560223,21.4,returned,0.0
SUB203398,P100852,S5093,2024-12-17 19:50:38.024849,19.7,completed,2.24
SUB203399,P100934,S5233,2024-12-17 20:17:52.310304,15.5,completed,1.99
SUB203400,P101068,S5040,2024-12-17 21:56:11.559144,33.1,completed,5.02
SUB203401,P100975,S5412,2024-12-17 22:35:17.896481,23.1,completed,5.45
SUB203402,P100657,S5219,2024-12-17 22:43:38.540436,36.5,completed,5.27
SUB203403,P102076,S5009,2024-12-17 23:27:32.623214,55.1,completed,7.89
SUB203404,P100569,S5103,2024-12-17 23:45:57.343327,25.0,completed,3.8
SUB203405,P100784,S5334,2024-12-18 00:17:00.791259,18.9,completed,3.44
SUB203406,P101070,S5447,2024-12-18 00:21:31.500126,7.4,completed,1.56
SUB203407,P101188,S5149,2024-12-18 01:23:12.402576,5.0,completed,1.19
SUB203408,P100687,S5282,2024-12-18 01:28:40.044502,16.7,completed,3.47
SUB203409,P102105,S5074,2024-12-18 02:23:28.625488,19.8,completed,3.1
SUB203410,P102449,S5010,2024-12-18 02:37:20.068947,21.8,rejected,0.0
SUB203411,P100329,S5441,2024-12-18 04:22:47.454170,28.9,completed,5.78
SUB203412,P102102,S5161,2024-12-18 05:29:53.581426,15.6,completed,1.91
SUB203413,P102617,S5307,2024-12-18 06:39:45.604805,27.4,rejected,0.0
SUB203414,P102652,S5268,2024-12-18 08:35:09.147372,29.5,completed,4.16
SUB203415,P101923,S5316,2024-12-18 09:58:41.347614,8.0,completed,1.21
SUB203416,P100417,S5388,2024-12-18 10:20:19.783555,13.8,completed,3.85
SUB203417,P102291,S5035,2024-12-18 14:53:19.688739,5.7,completed,1.11
SUB203418,P100019,S5279,2024-12-18 15:15:00.452941,10.8,completed,1.83
SUB203419,P100926,S5312,2024-12-18 15:17:37.029989,13.2,completed,2.82
SUB203420,P100180,S5183,2024-12-18 15:28:15.560223,7.4,timed_out,0.0
SUB203421,P102229,S5152,2024-12-18 17:12:39.250004,25.1,completed,2.63
SUB203422,P102558,S5103,2024-12-18 17:35:05.000081,20.3,completed,3.8
SUB203423,P100819,S5132,2024-12-18 18:11:22.451224,19.8,completed,4.18
SUB203424,P102105,S5055,2024-12-18 18:23:28.625488,12.5,completed,2.11
SUB203425,P100871,S5440,2024-12-18 19:18:48.846147,20.9,returned,0.0
SUB203426,P101078,S5216,2024-12-18 19:34:33.670145,14.5,completed,2.13
SUB203427,P100046,S5128,2024-12-18 20:49:05.723747,29.4,completed,4.88
SUB203428,P101878,S5169,2024-12-18 21:10:49.997613,20.2,completed,2.64
SUB203429,P100926,S5172,2024-12-18 22:17:37.029989,12.8,returned,0.0
SUB203430,P101702,S5188,2024-12-18 22:35:35.145666,13.2,completed,1.52
SUB203431,P101269,S5226,2024-12-18 23:48:29.079483,27.9,completed,4.72
SUB203432,P101690,S5206,2024-12-19 01:53:19.391737,12.1,completed,1.88
SUB203433,P102298,S5097,2024-12-19 01:56:05.564878,13.8,completed,2.1
SUB203434,P100879,S5420,2024-12-19 02:15:26.506499,39.7,completed,7.8
SUB203435,P100046,S5184,2024-12-19 02:49:05.723747,5.7,completed,1.05
SUB203436,P101923,S5037,2024-12-19 02:58:41.347614,8.3,completed,1.34
SUB203437,P100253,S5093,2024-12-19 04:05:16.459681,16.1,completed,2.24
SUB203438,P100216,S5376,2024-12-19 04:55:53.862026,20.5,completed,4.64
SUB203439,P100253,S5035,2024-12-19 05:05:16.459681,7.6,completed,1.11
SUB203440,P102532,S5115,2024-12-19 05:16:58.842903,3.0,completed,0.64
SUB203441,P101070,S5427,2024-12-19 05:21:31.500126,26.6,completed,3.87
SUB203442,P102807,S5029,2024-12-19 06:49:17.957037,23.2,completed,2.96
SUB203443,P101008,S5281,2024-12-19 07:55:06.591931,7.0,completed,1.47
SUB203444,P101109,S5300,2024-12-19 09:02:47.975989,39.5,completed,6.19
SUB203445,P100687,S5249,2024-12-19 09:28:40.044502,18.0,completed,2.91
SUB203446,P100108,S5183,2024-12-19 10:12:17.443271,7.7,completed,1.35
SUB203447,P100690,S5402,2024-12-19 10:17:32.619972,7.2,completed,1.21
SUB203448,P101474,S5273,2024-12-19 10:46:37.512746,13.8,completed,1.67
SUB203449,P102755,S5083,2024-12-19 12:02:33.644691,8.3,completed,0.8
SUB203450,P101561,S5312,2024-12-19 14:21:25.764288,13.7,timed_out,0.0
SUB203451,P101525,S5222,2024-12-19 15:08:13.367203,37.5,completed,7.62
SUB203452,P100019,S5156,2024-12-19 16:15:00.452941,16.0,completed,1.7
SUB203453,P102147,S5334,2024-12-19 16:59:52.997067,25.8,completed,3.44
SUB203454,P102669,S5282,2024-12-19 17:34:46.795358,24.1,completed,3.47
SUB203455,P100687,S5365,2024-12-19 18:28:40.044502,10.1,completed,1.75
SUB203456,P102338,S5143,2024-12-19 19:21:41.297043,14.4,completed,2.39
SUB203457,P102868,S5040,2024-12-19 21:18:52.357108,24.2,completed,5.02
SUB203458,P101527,S5106,2024-12-19 21:35:36.453836,26.4,completed,5.46
SUB203459,P101232,S5121,2024-12-19 22:11:30.147814,31.8,timed_out,0.0
SUB203460,P102532,S5279,2024-12-19 23:16:58.842903,11.1,completed,1.83
SUB203461,P101596,S5184,2024-12-19 23:46:25.737073,5.4,completed,1.05
SUB203462,P100768,S5029,2024-12-20 01:07:03.356789,16.3,completed,2.96
SUB203463,P100141,S5418,2024-12-20 02:14:18.586296,11.2,completed,1.77
SUB203464,P100202,S5198,2024-12-20 03:22:20.134729,18.9,completed,1.92
SUB203465,P100281,S5118,2024-12-20 04:07:19.576028,10.8,completed,1.89
SUB203466,P101010,S5256,2024-12-20 04:24:20.738984,24.6,completed,4.49
SUB203467,P100895,S5229,2024-12-20 06:02:59.956389,53.2,rejected,0.0
SUB203468,P102066,S5132,2024-12-20 08:05:55.579005,22.4,completed,4.18
SUB203469,P102338,S5309,2024-12-20 08:21:41.297043,25.7,completed,3.84
SUB203470,P102550,S5099,2024-12-20 08:45:54.426749,20.5,completed,2.46
SUB203471,P101601,S5149,2024-12-20 09:10:25.063948,4.9,completed,1.19
SUB203472,P100066,S5172,2024-12-20 09:58:33.438206,11.8,completed,1.58
SUB203473,P101678,S5059,2024-12-20 10:03:53.722025,15.8,rejected,0.0
SUB203474,P101070,S5213,2024-12-20 10:21:31.500126,8.5,completed,1.08
SUB203475,P100879,S5027,2024-12-20 11:15:26.506499,48.7,completed,7.63
SUB203476,P100690,S5203,2024-12-20 13:17:32.619972,11.4,completed,1.75
SUB203477,P102832,S5077,2024-12-20 14:39:42.681837,11.1,completed,2.08
SUB203478,P102291,S5207,2024-12-20 14:53:19.688739,11.8,completed,1.78
SUB203479,P101394,S5207,2024-12-20 15:39:44.216382,12.6,completed,1.78
SUB203480,P100964,S5371,2024-12-20 15:52:57.606661,5.3,completed,1.32
SUB203481,P100593,S5316,2024-12-20 18:37:12.207885,5.8,completed,1.21
SUB203482,P102229,S5168,2024-12-20 19:12:39.250004,5.7,completed,1.46
SUB203483,P101295,S5264,2024-12-20 19:47:41.272075,5.8,completed,0.77
SUB203484,P101907,S5316,2024-12-20 19:50:00.715462,6.8,completed,1.21
SUB203485,P100128,S5092,2024-12-20 20:07:26.265763,16.5,completed,2.72
SUB203486,P102376,S5327,2024-12-20 21:01:34.409845,28.6,completed,4.13
SUB203487,P100224,S5000,2024-12-20 23:17:37.325626,35.3,completed,6.05
SUB203488,P100224,S5332,2024-12-21 01:17:37.325626,7.9,returned,0.0
SUB203489,P101702,S5307,2024-12-21 01:35:35.145666,36.5,completed,4.57
SUB203490,P101790,S5041,2024-12-21 01:52:07.028919,23.4,completed,2.54
SUB203491,P100896,S5185,2024-12-21 08:13:17.817717,32.6,completed,5.65
SUB203492,P100386,S5029,2024-12-21 08:52:24.198265,24.1,completed,2.96
SUB203493,P102299,S5329,2024-12-21 09:15:12.064096,11.1,completed,2.64
SUB203494,P101068,S5420,2024-12-21 09:56:11.559144,30.0,completed,7.8
SUB203495,P101095,S5047,2024-12-21 12:04:59.871460,18.6,rejected,0.0
SUB203496,P101678,S5279,2024-12-21 13:03:53.722025,8.6,timed_out,0.0
SUB203497,P102651,S5222,2024-12-21 17:06:04.025262,46.8,completed,7.62
SUB203498,P101392,S5161,2024-12-21 17:20:53.183781,13.7,completed,1.91
SUB203499,P101188,S5440,2024-12-21 18:23:12.402576,21.8,completed,2.63
SUB203500,P102890,S5350,2024-12-21 18:34:28.460975,13.6,completed,3.08
SUB203501,P101369,S5021,2024-12-21 18:35:19.515166,10.3,completed,1.58
SUB203502,P100175,S5420,2024-12-21 19:21:41.742141,35.0,completed,7.8
SUB203503,P100569,S5216,2024-12-21 19:45:57.343327,16.2,completed,2.13
SUB203504,P102143,S5311,2024-12-21 19:58:47.006359,34.8,completed,6.06
SUB203505,P100158,S5026,2024-12-21 20:11:33.880967,42.8,completed,6.67
SUB203506,P101378,S5026,2024-12-21 20:26:27.825286,36.3,completed,6.67
SUB203507,P100102,S5101,2024-12-21 22:08:10.436620,9.1,completed,1.24
SUB203508,P100180,S5205,2024-12-21 22:28:15.560223,20.4,completed,3.34
SUB203509,P100643,S5059,2024-12-21 23:06:12.877962,12.3,completed,2.37
SUB203510,P100908,S5055,2024-12-21 23:14:17.469458,13.6,completed,2.11
SUB203511,P101262,S5216,2024-12-21 23:35:16.844124,13.9,completed,2.13
SUB203512,P100837,S5207,2024-12-22 01:51:31.869344,17.3,completed,1.78
SUB203513,P102390,S5346,2024-12-22 02:10:38.502820,39.4,completed,10.53
SUB203514,P102343,S5444,2024-12-22 03:01:04.942488,2.3,completed,0.33
SUB203515,P102753,S5055,2024-12-22 04:30:34.371813,15.7,completed,2.11
SUB203516,P102807,S5172,2024-12-22 04:49:17.957037,11.7,completed,1.58
SUB203517,P100871,S5118,2024-12-22 06:18:48.846147,12.0,completed,1.89
SUB203518,P102640,S5222,2024-12-22 08:13:09.422831,32.4,completed,7.62
SUB203519,P101070,S5197,2024-12-22 09:21:31.500126,13.6,returned,0.0
SUB203520,P101878,S5097,2024-12-22 10:10:49.997613,10.3,completed,2.1
SUB203521,P102890,S5407,2024-12-22 10:34:28.460975,11.1,completed,1.37
SUB203522,P101850,S5262,2024-12-22 10:48:19.394174,11.5,completed,2.3
SUB203523,P101181,S5050,2024-12-22 11:20:38.307143,31.5,completed,3.96
SUB203524,P101078,S5207,2024-12-22 12:34:33.670145,11.6,timed_out,0.0
SUB203525,P101072,S5282,2024-12-22 12:41:57.327102,19.3,timed_out,0.0
SUB203526,P102105,S5327,2024-12-22 13:23:28.625488,26.3,returned,0.0
SUB203527,P102558,S5263,2024-12-22 13:35:05.000081,30.5,completed,5.29
SUB203528,P102298,S5064,2024-12-22 13:56:05.564878,14.3,completed,1.98
SUB203529,P102183,S5222,2024-12-22 15:28:41.003522,40.9,completed,7.62
SUB203530,P102740,S5447,2024-12-22 16:11:34.998927,7.9,completed,1.56
SUB203531,P102914,S5194,2024-12-22 16:34:05.746353,16.5,completed,3.46
SUB203532,P102572,S5358,2024-12-22 16:51:14.230357,5.2,completed,0.91
SUB203533,P101219,S5332,2024-12-22 18:15:08.852858,8.5,completed,1.23
SUB203534,P101923,S5226,2024-12-22 18:58:41.347614,30.4,completed,4.72
SUB203535,P100593,S5026,2024-12-22 19:37:12.207885,35.5,timed_out,0.0
SUB203536,P101678,S5213,2024-12-22 20:03:53.722025,9.6,completed,1.08
SUB203537,P102793,S5085,2024-12-22 20:30:45.859493,17.4,completed,3.89
SUB203538,P102268,S5026,2024-12-22 20:32:56.464215,40.3,completed,6.67
SUB203539,P101474,S5037,2024-12-22 21:46:37.512746,9.3,rejected,0.0
SUB203540,P101232,S5203,2024-12-23 00:11:30.147814,8.4,completed,1.75
SUB203541,P102596,S5207,2024-12-23 02:03:33.885342,15.5,returned,0.0
SUB203542,P101985,S5216,2024-12-23 02:04:24.990148,15.8,completed,2.13
SUB203543,P101907,S5388,2024-12-23 03:50:00.715462,20.3,rejected,0.0
SUB203544,P102376,S5440,2024-12-23 05:01:34.409845,19.3,rejected,0.0
SUB203545,P102537,S5444,2024-12-23 05:18:11.943058,1.9,returned,0.0
SUB203546,P102640,S5250,2024-12-23 07:13:09.422831,7.4,completed,1.13
SUB203547,P101803,S5043,2024-12-23 08:50:56.214442,17.2,completed,2.61
SUB203548,P102143,S5026,2024-12-23 09:58:47.006359,40.0,completed,6.67
SUB203549,P101601,S5281,2024-12-23 12:10:25.063948,8.4,completed,1.47
SUB203550,P100601,S5099,2024-12-23 12:15:39.431886,24.7,completed,2.46
SUB203551,P101503,S5277,2024-12-23 13:34:43.796299,4.0,completed,0.88
SUB203552,P100896,S5234,2024-12-23 14:13:17.817717,30.9,completed,3.29
SUB203553,P102016,S5431,2024-12-23 17:09:33.608229,10.7,timed_out,0.0
SUB203554,P102767,S5332,2024-12-23 20:15:07.721749,10.3,completed,1.23
SUB203555,P101561,S5327,2024-12-23 20:21:25.764288,27.0,completed,4.13
SUB203556,P101188,S5008,2024-12-23 20:23:12.402576,52.0,completed,9.33
SUB203557,P100539,S5281,2024-12-23 21:58:39.812912,9.0,completed,1.47
SUB203558,P100066,S5380,2024-12-24 00:58:33.438206,54.7,completed,9.78
SUB203559,P100224,S5076,2024-12-24 01:17:37.325626,6.7,completed,0.74
SUB203560,P102362,S5000,2024-12-24 03:41:44.967570,27.0,completed,6.05
SUB203561,P102386,S5279,2024-12-24 05:14:27.356204,12.0,completed,1.83
SUB203562,P101219,S5139,2024-12-24 05:15:08.852858,34.1,completed,6.16
SUB203563,P102016,S5343,2024-12-24 06:09:33.608229,26.2,completed,5.58
SUB203564,P100202,S5444,2024-12-24 06:22:20.134729,1.7,returned,0.0
SUB203565,P100783,S5085,2024-12-24 07:12:55.361612,18.4,completed,3.89
SUB203566,P100138,S5148,2024-12-24 08:17:17.743752,10.6,completed,2.06
SUB203567,P102753,S5226,2024-12-24 08:30:34.371813,31.7,completed,4.72
SUB203568,P102651,S5118,2024-12-24 10:06:04.025262,8.7,completed,1.89
SUB203569,P100141,S5438,2024-12-24 11:14:18.586296,22.1,completed,3.47
SUB203570,P102550,S5184,2024-12-24 13:45:54.426749,5.0,completed,1.05
SUB203571,P101690,S5097,2024-12-24 13:53:19.391737,14.8,completed,2.1
SUB203572,P100175,S5008,2024-12-24 14:21:41.742141,40.7,completed,9.33
SUB203573,P101295,S5200,2024-12-24 16:47:41.272075,19.4,rejected,0.0
SUB203574,P101295,S5092,2024-12-24 16:47:41.272075,14.1,completed,2.72
SUB203575,P102449,S5129,2024-12-24 17:37:20.068947,8.3,completed,1.59
SUB203576,P100268,S5444,2024-12-24 17:59:15.040584,2.3,completed,0.33
SUB203577,P100783,S5097,2024-12-24 18:12:55.361612,13.8,completed,2.1
SUB203578,P102669,S5040,2024-12-24 19:34:46.795358,29.2,completed,5.02
SUB203579,P100975,S5418,2024-12-24 19:35:17.896481,12.2,completed,1.77
SUB203580,P100141,S5074,2024-12-24 22:14:18.586296,21.4,timed_out,0.0
SUB203581,P102753,S5055,2024-12-24 22:30:34.371813,10.5,completed,2.11
SUB203582,P102767,S5203,2024-12-25 00:15:07.721749,9.2,completed,1.75
SUB203583,P102845,S5271,2024-12-25 00:18:53.201991,12.8,completed,2.99
SUB203584,P102229,S5055,2024-12-25 01:12:39.250004,14.2,completed,2.11
SUB203585,P100926,S5055,2024-12-25 01:17:37.029989,12.4,completed,2.11
SUB203586,P100690,S5004,2024-12-25 02:17:32.619972,15.2,completed,2.25
SUB203587,P100417,S5127,2024-12-25 02:20:19.783555,13.9,completed,1.9
SUB203588,P101095,S5380,2024-12-25 03:04:59.871460,38.4,completed,9.78
SUB203589,P100250,S5034,2024-12-25 03:50:49.677380,11.9,completed,2.11
SUB203590,P101525,S5107,2024-12-25 04:08:13.367203,10.9,completed,1.66
SUB203591,P100784,S5016,2024-12-25 04:17:00.791259,11.5,completed,1.61
SUB203592,P100687,S5059,2024-12-25 04:28:40.044502,10.9,timed_out,0.0
SUB203593,P102223,S5040,2024-12-25 04:39:58.804614,26.3,completed,5.02
SUB203594,P100158,S5309,2024-12-25 05:11:33.880967,24.6,returned,0.0
SUB203595,P101530,S5070,2024-12-25 05:12:51.787348,12.3,completed,2.73
SUB203596,P102914,S5077,2024-12-25 05:34:05.746353,15.1,completed,2.08
SUB203597,P101441,S5273,2024-12-25 06:38:05.484956,12.3,completed,1.67
SUB203598,P101095,S5107,2024-12-25 07:04:59.871460,10.1,completed,1.66
SUB203599,P101441,S5175,2024-12-25 07:38:05.484956,8.1,returned,0.0
SUB203600,P101878,S5027,2024-12-25 08:10:49.997613,36.8,completed,7.63
SUB203601,P100896,S5447,2024-12-25 10:13:17.817717,7.9,timed_out,0.0
SUB203602,P100593,S5043,2024-12-25 10:37:12.207885,17.0,completed,2.61
SUB203603,P100268,S5438,2024-12-25 10:59:15.040584,16.0,completed,3.47
SUB203604,P100023,S5129,2024-12-25 12:55:33.503424,11.7,completed,1.59
SUB203605,P101287,S5316,2024-12-25 13:20:13.382039,5.8,completed,1.21
SUB203606,P100569,S5026,2024-12-25 14:45:57.343327,32.5,completed,6.67
SUB203607,P100253,S5297,2024-12-25 15:05:16.459681,16.7,completed,2.85
SUB203608,P102753,S5093,2024-12-25 15:30:34.371813,21.3,completed,2.24
SUB203609,P102523,S5332,2024-12-25 18:52:22.531184,9.8,completed,1.23
SUB203610,P101340,S5444,2024-12-25 19:01:24.612005,2.0,completed,0.33
SUB203611,P102316,S5226,2024-12-25 19:06:03.873399,31.8,completed,4.72
SUB203612,P100992,S5229,2024-12-25 19:49:51.105326,49.4,completed,7.54
SUB203613,P102785,S5199,2024-12-25 21:15:50.029321,13.4,completed,2.43
SUB203614,P102879,S5132,2024-12-25 21:46:13.775568,17.8,completed,4.18
SUB203615,P102558,S5132,2024-12-25 23:35:05.000081,20.4,completed,4.18
SUB203616,P101675,S5168,2024-12-26 01:01:01.408973,7.5,completed,1.46
SUB203617,P100934,S5107,2024-12-26 01:17:52.310304,13.4,completed,1.66
SUB203618,P101907,S5219,2024-12-26 02:50:00.715462,30.8,completed,5.27
SUB203619,P101068,S5010,2024-12-26 03:56:11.559144,23.4,returned,0.0
SUB203620,P102450,S5376,2024-12-26 04:51:14.980486,25.2,completed,4.64
SUB203621,P101287,S5036,2024-12-26 05:20:13.382039,3.0,completed,0.5
SUB203622,P101485,S5447,2024-12-26 07:52:57.389523,9.4,completed,1.56
SUB203623,P101133,S5076,2024-12-26 07:54:54.494792,5.2,completed,0.74
SUB203624,P102914,S5129,2024-12-26 08:34:05.746353,8.5,completed,1.59
SUB203625,P101392,S5382,2024-12-26 10:20:53.183781,10.0,returned,0.0
SUB203626,P100879,S5346,2024-12-26 11:15:26.506499,63.0,completed,10.53
SUB203627,P100926,S5223,2024-12-26 11:17:37.029989,10.2,completed,1.76
SUB203628,P101392,S5219,2024-12-26 11:20:53.183781,39.9,timed_out,0.0
SUB203629,P101287,S5055,2024-12-26 12:20:13.382039,12.7,completed,2.11
SUB203630,P100657,S5365,2024-12-26 13:43:38.540436,11.1,completed,1.75
SUB203631,P102449,S5047,2024-12-26 15:37:20.068947,18.0,completed,2.56
SUB203632,P101128,S5097,2024-12-26 15:50:27.548536,12.5,completed,2.1
SUB203633,P100066,S5121,2024-12-26 17:58:33.438206,34.4,returned,0.0
SUB203634,P100282,S5229,2024-12-26 18:08:09.843237,57.8,timed_out,0.0
SUB203635,P100046,S5271,2024-12-26 18:49:05.723747,13.5,completed,2.99
SUB203636,P102785,S5424,2024-12-26 19:15:50.029321,19.2,timed_out,0.0
SUB203637,P101262,S5329,2024-12-26 20:35:16.844124,14.3,completed,2.64
SUB203638,P102651,S5184,2024-12-26 22:06:04.025262,6.0,completed,1.05
SUB203639,P100202,S5262,2024-12-26 22:22:20.134729,14.7,returned,0.0
SUB203640,P100250,S5256,2024-12-27 00:50:49.677380,19.1,completed,4.49
SUB203641,P101907,S5055,2024-12-27 02:50:00.715462,16.1,completed,2.11
SUB203642,P101690,S5120,2024-12-27 02:53:19.391737,23.0,completed,3.32
SUB203643,P101010,S5038,2024-12-27 06:24:20.738984,26.7,completed,4.91
SUB203644,P100409,S5382,2024-12-27 06:40:04.382716,9.5,completed,1.68
SUB203645,P100784,S5132,2024-12-27 07:17:00.791259,18.4,rejected,0.0
SUB203646,P101076,S5106,2024-12-27 07:50:07.163773,34.0,completed,5.46
SUB203647,P101078,S5106,2024-12-27 11:34:33.670145,31.6,completed,5.46
SUB203648,P102640,S5097,2024-12-27 13:13:09.422831,12.6,completed,2.1
SUB203649,P101527,S5365,2024-12-27 13:35:36.453836,11.1,completed,1.75
SUB203650,P102640,S5332,2024-12-27 14:13:09.422831,10.7,completed,1.23
SUB203651,P101394,S5068,2024-12-27 14:39:44.216382,6.6,completed,1.02
SUB203652,P101690,S5200,2024-12-27 15:53:19.391737,20.3,completed,2.77
SUB203653,P100964,S5381,2024-12-27 17:52:57.606661,10.4,completed,2.26
SUB203654,P100269,S5000,2024-12-27 18:02:21.109742,34.3,completed,6.05
SUB203655,P100852,S5050,2024-12-27 18:50:38.024849,24.6,completed,3.96
SUB203656,P100837,S5273,2024-12-27 18:51:31.869344,13.3,rejected,0.0
SUB203657,P100569,S5219,2024-12-27 19:45:57.343327,34.0,completed,5.27
SUB203658,P102914,S5076,2024-12-27 20:34:05.746353,6.3,completed,0.74
SUB203659,P102305,S5016,2024-12-27 22:09:43.497985,10.6,completed,1.61
SUB203660,P101503,S5279,2024-12-28 00:34:43.796299,11.4,completed,1.83
SUB203661,P102557,S5316,2024-12-28 01:48:17.818998,6.3,completed,1.21
SUB203662,P100250,S5282,2024-12-28 01:50:49.677380,22.0,completed,3.47
SUB203663,P102868,S5388,2024-12-28 02:18:52.357108,18.7,completed,3.85
SUB203664,P101803,S5441,2024-12-28 03:50:56.214442,26.4,timed_out,0.0
SUB203665,P100282,S5262,2024-12-28 06:08:09.843237,12.2,completed,2.3
SUB203666,P101651,S5273,2024-12-28 06:45:31.708634,12.5,completed,1.67
SUB203667,P101803,S5376,2024-12-28 06:50:56.214442,19.4,completed,4.64
SUB203668,P102390,S5038,2024-12-28 07:10:38.502820,28.9,completed,4.91
SUB203669,P102550,S5175,2024-12-28 07:45:54.426749,9.5,rejected,0.0
SUB203670,P101188,S5041,2024-12-28 09:23:12.402576,17.2,completed,2.54
SUB203671,P102291,S5199,2024-12-28 09:53:19.688739,16.2,completed,2.43
SUB203672,P102550,S5082,2024-12-28 11:45:54.426749,6.7,completed,1.14
SUB203673,P100417,S5433,2024-12-28 12:20:19.783555,15.0,completed,2.07
SUB203674,P102362,S5219,2024-12-28 16:41:44.967570,44.7,completed,5.27
SUB203675,P100023,S5115,2024-12-28 16:55:33.503424,2.8,completed,0.64
SUB203676,P100854,S5262,2024-12-28 17:45:19.299129,12.5,completed,2.3
SUB203677,P101070,S5258,2024-12-28 19:21:31.500126,20.3,completed,2.75
SUB203678,P101923,S5263,2024-12-28 19:58:41.347614,26.8,completed,5.29
SUB203679,P100019,S5412,2024-12-28 22:15:00.452941,28.4,returned,0.0
SUB203680,P102271,S5328,2024-12-29 00:34:12.201943,57.2,completed,6.81
SUB203681,P100409,S5167,2024-12-29 00:40:04.382716,14.5,completed,2.09
SUB203682,P101530,S5074,2024-12-29 01:12:51.787348,15.2,completed,3.1
SUB203683,P100175,S5327,2024-12-29 02:21:41.742141,22.0,returned,0.0
SUB203684,P101068,S5071,2024-12-29 03:56:11.559144,6.7,completed,1.28
SUB203685,P102645,S5034,2024-12-29 04:06:50.794589,12.0,completed,2.11
SUB203686,P100896,S5424,2024-12-29 05:13:17.817717,18.8,completed,2.82
SUB203687,P102143,S5120,2024-12-29 06:58:47.006359,22.0,completed,3.32
SUB203688,P100268,S5329,2024-12-29 06:59:15.040584,9.9,timed_out,0.0
SUB203689,P102105,S5132,2024-12-29 08:23:28.625488,18.1,completed,4.18
SUB203690,P102347,S5213,2024-12-29 09:37:46.746085,9.0,completed,1.08
SUB203691,P100184,S5381,2024-12-29 09:39:17.603748,12.8,completed,2.26
SUB203692,P102640,S5249,2024-12-29 11:13:09.422831,20.7,completed,2.91
SUB203693,P100184,S5205,2024-12-29 11:39:17.603748,16.1,returned,0.0
SUB203694,P100852,S5071,2024-12-29 11:50:38.024849,8.4,completed,1.28
SUB203695,P100250,S5281,2024-12-29 11:50:49.677380,8.3,completed,1.47
SUB203696,P100963,S5216,2024-12-29 14:34:38.614171,18.2,completed,2.13
SUB203697,P100158,S5369,2024-12-29 16:11:33.880967,4.0,completed,0.67
SUB203698,P101010,S5161,2024-12-29 16:24:20.738984,16.4,completed,1.91
SUB203699,P100250,S5334,2024-12-29 16:50:49.677380,23.3,completed,3.44
SUB203700,P101392,S5447,2024-12-29 17:20:53.183781,6.3,completed,1.56
SUB203701,P102669,S5148,2024-12-29 17:34:46.795358,13.0,completed,2.06
SUB203702,P100409,S5219,2024-12-29 18:40:04.382716,45.9,completed,5.27
SUB203703,P100108,S5132,2024-12-29 19:12:17.443271,26.6,rejected,0.0
SUB203704,P100784,S5004,2024-12-29 19:17:00.791259,14.4,completed,2.25
SUB203705,P100409,S5029,2024-12-29 19:40:04.382716,20.0,completed,2.96
SUB203706,P100268,S5312,2024-12-29 19:59:15.040584,12.2,timed_out,0.0
SUB203707,P101614,S5349,2024-12-29 22:51:42.877811,13.8,completed,2.02
SUB203708,P102767,S5092,2024-12-29 23:15:07.721749,13.8,completed,2.72
SUB203709,P102596,S5003,2024-12-30 04:03:33.885342,10.2,completed,1.74
SUB203710,P100417,S5003,2024-12-30 04:20:19.783555,10.2,completed,1.74
SUB203711,P101441,S5279,2024-12-30 05:38:05.484956,8.8,completed,1.83
SUB203712,P102390,S5156,2024-12-30 06:10:38.502820,13.2,completed,1.7
SUB203713,P100023,S5207,2024-12-30 06:55:33.503424,14.1,completed,1.78
SUB203714,P100871,S5427,2024-12-30 07:18:48.846147,23.0,completed,3.87
SUB203715,P100000,S5320,2024-12-30 07:39:08.881613,18.7,completed,3.5
SUB203716,P101295,S5279,2024-12-30 08:47:41.272075,9.4,completed,1.83
SUB203717,P101076,S5120,2024-12-30 08:50:07.163773,26.8,completed,3.32
SUB203718,P100417,S5043,2024-12-30 09:20:19.783555,16.8,timed_out,0.0
SUB203719,P102832,S5264,2024-12-30 09:39:42.681837,6.8,returned,0.0
SUB203720,P102450,S5161,2024-12-30 09:51:14.980486,14.2,completed,1.91
SUB203721,P101441,S5068,2024-12-30 10:38:05.484956,9.6,returned,0.0
SUB203722,P102557,S5431,2024-12-30 10:48:17.818998,10.0,completed,2.03
SUB203723,P101378,S5115,2024-12-30 12:26:27.825286,3.0,completed,0.64
SUB203724,P100269,S5262,2024-12-30 13:02:21.109742,12.1,completed,2.3
SUB203725,P102323,S5407,2024-12-30 13:18:29.084577,10.2,completed,1.37
SUB203726,P100879,S5099,2024-12-30 14:15:26.506499,21.7,completed,2.46
SUB203727,P100926,S5307,2024-12-30 14:17:37.029989,31.5,completed,4.57
SUB203728,P101269,S5121,2024-12-30 14:48:29.079483,33.6,completed,4.46
SUB203729,P102640,S5297,2024-12-30 18:13:09.422831,16.9,completed,2.85
SUB203730,P100022,S5092,2024-12-30 18:40:24.273709,13.8,completed,2.72
SUB203731,P102066,S5029,2024-12-30 20:05:55.579005,19.8,returned,0.0
SUB203732,P102550,S5327,2024-12-30 20:45:54.426749,24.9,completed,4.13
SUB203733,P101677,S5076,2024-12-30 21:14:09.822923,5.4,completed,0.74
SUB203734,P102550,S5282,2024-12-30 21:45:54.426749,18.2,timed_out,0.0
SUB203735,P102291,S5447,2024-12-30 21:53:19.688739,7.0,completed,1.56
SUB203736,P100768,S5041,2024-12-30 22:07:03.356789,22.4,completed,2.54
SUB203737,P100330,S5050,2024-12-30 22:53:56.258313,34.8,timed_out,0.0
SUB203738,P100288,S5346,2024-12-30 22:55:21.031799,59.9,completed,10.53
SUB203739,P101441,S5424,2024-12-31 00:38:05.484956,18.2,completed,2.82
SUB203740,P102880,S5258,2024-12-31 00:49:08.291233,15.7,completed,2.75
SUB203741,P102785,S5309,2024-12-31 01:15:50.029321,28.8,completed,3.84
SUB203742,P102753,S5027,2024-12-31 01:30:34.371813,32.5,completed,7.63
SUB203743,P101675,S5197,2024-12-31 03:01:01.408973,13.9,completed,1.83
SUB203744,P100784,S5418,2024-12-31 03:17:00.791259,11.4,completed,1.77
SUB203745,P100046,S5156,2024-12-31 03:49:05.723747,15.4,completed,1.7
SUB203746,P102807,S5188,2024-12-31 05:49:17.957037,11.4,completed,1.52
SUB203747,P100268,S5009,2024-12-31 06:59:15.040584,51.3,completed,7.89
SUB203748,P102868,S5182,2024-12-31 08:18:52.357108,13.3,completed,2.14
SUB203749,P101850,S5156,2024-12-31 08:48:19.394174,15.5,completed,1.7
SUB203750,P101803,S5152,2024-12-31 08:50:56.214442,23.2,completed,2.63
SUB203751,P102651,S5128,2024-12-31 09:06:04.025262,24.1,completed,4.88
SUB203752,P100158,S5064,2024-12-31 09:11:33.880967,13.9,completed,1.98
SUB203753,P102557,S5205,2024-12-31 10:48:17.818998,23.6,completed,3.34
SUB203754,P100138,S5258,2024-12-31 13:17:17.743752,21.8,completed,2.75
SUB203755,P102199,S5422,2024-12-31 14:20:11.191399,41.9,returned,0.0
SUB203756,P100330,S5286,2024-12-31 16:53:56.258313,33.6,completed,6.85
SUB203757,P100288,S5234,2024-12-31 16:55:21.031799,25.9,completed,3.29
SUB203758,P102299,S5178,2024-12-31 19:15:12.064096,8.3,completed,1.47
SUB203759,P102223,S5226,2024-12-31 20:39:58.804614,24.1,completed,4.72
SUB203760,P102384,S5107,2024-12-31 21:05:30.691981,12.2,completed,1.66
SUB203761,P101269,S5263,2024-12-31 22:48:29.079483,32.8,returned,0.0
SUB203762,P100023,S5213,2024-12-31 22:55:33.503424,6.9,completed,1.08
SUB203763,P102190,S5356,2024-12-31 23:57:56.767916,6.4,timed_out,0.0
SUB203764,P102076,S5213,2025-01-01 00:27:32.623214,10.7,completed,1.08
SUB203765,P102879,S5184,2025-01-01 01:46:13.775568,4.4,returned,0.0
SUB203766,P101269,S5183,2025-01-01 03:48:29.079483,7.6,completed,1.35
SUB203767,P100801,S5004,2025-01-01 05:21:41.704462,15.4,completed,2.25
SUB203768,P101378,S5143,2025-01-01 05:26:27.825286,13.7,completed,2.39
SUB203769,P100282,S5068,2025-01-01 06:08:09.843237,7.7,completed,1.02
SUB203770,P101651,S5040,2025-01-01 06:45:31.708634,23.9,timed_out,0.0
SUB203771,P100046,S5365,2025-01-01 06:49:05.723747,7.9,completed,1.75
SUB203772,P102450,S5358,2025-01-01 07:51:14.980486,6.5,completed,0.91
SUB203773,P100175,S5424,2025-01-01 08:21:41.742141,16.8,timed_out,0.0
SUB203774,P101485,S5085,2025-01-01 09:52:57.389523,17.4,completed,3.89
SUB203775,P102347,S5021,2025-01-01 10:37:46.746085,8.3,completed,1.58
SUB203776,P102669,S5152,2025-01-01 12:34:46.795358,20.3,completed,2.63
SUB203777,P100019,S5038,2025-01-01 13:15:00.452941,20.0,completed,4.91
SUB203778,P101530,S5114,2025-01-01 14:12:51.787348,42.5,completed,6.95
SUB203779,P102362,S5263,2025-01-01 15:41:44.967570,23.6,completed,5.29
SUB203780,P102550,S5027,2025-01-01 16:45:54.426749,47.0,completed,7.63
SUB203781,P100837,S5010,2025-01-01 17:51:31.869344,16.2,completed,3.21
SUB203782,P102572,S5258,2025-01-01 18:51:14.230357,17.1,completed,2.75
SUB203783,P102728,S5418,2025-01-01 19:15:52.181374,11.8,completed,1.77
SUB203784,P102532,S5222,2025-01-01 19:16:58.842903,44.2,returned,0.0
SUB203785,P100784,S5316,2025-01-01 22:17:00.791259,7.4,completed,1.21
SUB203786,P100180,S5312,2025-01-01 22:28:15.560223,12.9,completed,2.82
SUB203787,P102807,S5175,2025-01-01 22:49:17.957037,6.9,completed,1.17
SUB203788,P101287,S5004,2025-01-01 23:20:13.382039,12.2,completed,2.25
SUB203789,P102741,S5114,2025-01-01 23:41:28.807531,44.4,completed,6.95
SUB203790,P101581,S5205,2025-01-01 23:43:27.173423,25.1,completed,3.34
SUB203791,P100896,S5200,2025-01-02 00:13:17.817717,23.8,completed,2.77
SUB203792,P101923,S5327,2025-01-02 01:58:41.347614,21.8,completed,4.13
SUB203793,P102384,S5037,2025-01-02 02:05:30.691981,9.0,completed,1.34
SUB203794,P101678,S5050,2025-01-02 06:03:53.722025,30.3,completed,3.96
SUB203795,P100739,S5132,2025-01-02 07:11:54.642752,24.5,completed,4.18
SUB203796,P100158,S5316,2025-01-02 08:11:33.880967,5.5,completed,1.21
SUB203797,P101525,S5121,2025-01-02 10:08:13.367203,32.4,completed,4.46
SUB203798,P100330,S5055,2025-01-02 10:53:56.258313,12.7,completed,2.11
SUB203799,P100019,S5279,2025-01-02 11:15:00.452941,10.8,completed,1.83
SUB203800,P100677,S5229,2025-01-02 13:22:55.741697,52.1,completed,7.54
SUB203801,P100593,S5444,2025-01-02 13:37:12.207885,2.5,completed,0.33
SUB203802,P100746,S5316,2025-01-02 15:03:09.694094,6.9,completed,1.21
SUB203803,P100539,S5009,2025-01-02 15:58:39.812912,52.4,completed,7.89
SUB203804,P100023,S5169,2025-01-02 16:55:33.503424,15.2,returned,0.0
SUB203805,P100963,S5097,2025-01-02 17:34:38.614171,16.0,returned,0.0
SUB203806,P102879,S5074,2025-01-02 17:46:13.775568,19.5,completed,3.1
SUB203807,P100963,S5279,2025-01-02 20:34:38.614171,8.9,completed,1.83
SUB203808,P100184,S5171,2025-01-02 20:39:17.603748,3.1,rejected,0.0
SUB203809,P101923,S5229,2025-01-02 21:58:41.347614,47.1,completed,7.54
SUB203810,P102105,S5198,2025-01-02 22:23:28.625488,19.3,completed,1.92
SUB203811,P102557,S5341,2025-01-02 23:48:17.818998,21.9,completed,3.95
SUB203812,P101420,S5167,2025-01-02 23:58:14.456381,18.1,completed,2.09
SUB203813,P102305,S5316,2025-01-03 01:09:43.497985,8.0,completed,1.21
SUB203814,P101850,S5115,2025-01-03 02:48:19.394174,3.1,completed,0.64
SUB203815,P100837,S5003,2025-01-03 06:51:31.869344,9.6,completed,1.74
SUB203816,P101503,S5127,2025-01-03 07:34:43.796299,14.0,completed,1.9
SUB203817,P101690,S5281,2025-01-03 07:53:19.391737,7.6,completed,1.47
SUB203818,P102376,S5349,2025-01-03 08:01:34.409845,14.6,completed,2.02
SUB203819,P102810,S5311,2025-01-03 08:53:18.647092,28.5,completed,6.06
SUB203820,P100916,S5106,2025-01-03 10:22:47.687344,33.2,completed,5.46
SUB203821,P101318,S5376,2025-01-03 10:46:11.338238,17.4,completed,4.64
SUB203822,P100386,S5029,2025-01-03 12:52:24.198265,24.9,completed,2.96
SUB203823,P102449,S5205,2025-01-03 14:37:20.068947,20.7,completed,3.34
SUB203824,P100854,S5093,2025-01-03 14:45:19.299129,18.3,completed,2.24
SUB203825,P100657,S5111,2025-01-03 15:43:38.540436,10.5,completed,1.79
SUB203826,P100253,S5258,2025-01-03 16:05:16.459681,15.9,returned,0.0
SUB203827,P100108,S5350,2025-01-03 16:12:17.443271,14.1,returned,0.0
SUB203828,P101907,S5222,2025-01-03 16:50:00.715462,32.1,completed,7.62
SUB203829,P100746,S5128,2025-01-03 17:03:09.694094,24.1,timed_out,0.0
SUB203830,P102108,S5003,2025-01-03 17:12:37.693173,11.0,completed,1.74
SUB203831,P102338,S5185,2025-01-03 17:21:41.297043,33.7,completed,5.65
SUB203832,P102557,S5433,2025-01-03 17:48:17.818998,10.9,completed,2.07
SUB203833,P100776,S5258,2025-01-03 17:48:27.405316,16.7,returned,0.0
SUB203834,P102337,S5149,2025-01-03 18:29:08.295276,5.0,completed,1.19
SUB203835,P102557,S5203,2025-01-03 18:48:17.818998,9.1,completed,1.75
SUB203836,P102807,S5222,2025-01-03 18:49:17.957037,29.7,completed,7.62
SUB203837,P102651,S5183,2025-01-03 22:06:04.025262,10.0,completed,1.35
SUB203838,P101530,S5059,2025-01-03 22:12:51.787348,16.4,completed,2.37
SUB203839,P101369,S5264,2025-01-03 22:35:19.515166,4.8,completed,0.77
SUB203840,P100316,S5027,2025-01-03 23:28:01.896092,42.4,returned,0.0
SUB203841,P100926,S5033,2025-01-04 00:17:37.029989,15.3,completed,2.55
SUB203842,P101918,S5175,2025-01-04 00:52:58.194316,6.3,completed,1.17
SUB203843,P102669,S5307,2025-01-04 03:34:46.795358,33.8,completed,4.57
SUB203844,P102810,S5279,2025-01-04 03:53:18.647092,9.2,completed,1.83
SUB203845,P100566,S5182,2025-01-04 04:46:40.026009,10.8,completed,2.14
SUB203846,P101128,S5047,2025-01-04 04:50:27.548536,18.3,timed_out,0.0
SUB203847,P100282,S5402,2025-01-04 05:08:09.843237,8.7,returned,0.0
SUB203848,P101287,S5148,2025-01-04 05:20:13.382039,10.3,completed,2.06
SUB203849,P102629,S5220,2025-01-04 07:54:40.895013,6.0,completed,1.0
SUB203850,P101232,S5222,2025-01-04 09:11:30.147814,38.7,completed,7.62
SUB203851,P100022,S5099,2025-01-04 10:40:24.273709,15.8,completed,2.46
SUB203852,P102390,S5281,2025-01-04 11:10:38.502820,7.7,returned,0.0
SUB203853,P100992,S5021,2025-01-04 11:49:51.105326,9.7,completed,1.58
SUB203854,P100269,S5114,2025-01-04 13:02:21.109742,42.8,completed,6.95
SUB203855,P100224,S5226,2025-01-04 13:17:37.325626,27.0,completed,4.72
SUB203856,P102651,S5021,2025-01-04 14:06:04.025262,10.9,returned,0.0
SUB203857,P100316,S5320,2025-01-04 15:28:01.896092,16.5,completed,3.5
SUB203858,P101340,S5433,2025-01-04 16:01:24.612005,12.3,completed,2.07
SUB203859,P100102,S5407,2025-01-04 16:08:10.436620,11.6,completed,1.37
SUB203860,P101790,S5004,2025-01-04 16:52:07.028919,16.2,completed,2.25
SUB203861,P101525,S5059,2025-01-04 19:08:13.367203,13.3,completed,2.37
SUB203862,P102323,S5037,2025-01-04 19:18:29.084577,7.7,timed_out,0.0
SUB203863,P101318,S5309,2025-01-04 19:46:11.338238,28.4,completed,3.84
SUB203864,P102453,S5444,2025-01-04 20:29:24.806071,2.4,completed,0.33
SUB203865,P101290,S5223,2025-01-04 20:37:46.861222,13.7,completed,1.76
SUB203866,P102147,S5268,2025-01-04 20:59:52.997067,22.9,completed,4.16
SUB203867,P101653,S5327,2025-01-04 21:41:23.874831,30.4,completed,4.13
SUB203868,P101485,S5350,2025-01-04 21:52:57.389523,19.5,returned,0.0
SUB203869,P101485,S5418,2025-01-04 23:52:57.389523,8.4,completed,1.77
SUB203870,P102391,S5048,2025-01-05 01:30:21.363214,4.4,completed,0.86
SUB203871,P102669,S5149,2025-01-05 01:34:46.795358,5.7,completed,1.19
SUB203872,P101527,S5083,2025-01-05 02:35:36.453836,7.8,completed,0.8
SUB203873,P101677,S5199,2025-01-05 03:14:09.822923,13.5,completed,2.43
SUB203874,P101485,S5440,2025-01-05 03:52:57.389523,18.0,completed,2.63
SUB203875,P101652,S5092,2025-01-05 04:17:39.250030,16.6,completed,2.72
SUB203876,P100776,S5281,2025-01-05 04:48:27.405316,9.3,completed,1.47
SUB203877,P102223,S5111,2025-01-05 06:39:58.804614,9.0,completed,1.79
SUB203878,P102223,S5092,2025-01-05 07:39:58.804614,14.8,timed_out,0.0
SUB203879,P100386,S5281,2025-01-05 07:52:24.198265,9.3,completed,1.47
SUB203880,P100281,S5036,2025-01-05 08:07:19.576028,3.7,completed,0.5
SUB203881,P102793,S5077,2025-01-05 08:30:45.859493,16.2,completed,2.08
SUB203882,P102629,S5376,2025-01-05 08:54:40.895013,22.2,completed,4.64
SUB203883,P102629,S5068,2025-01-05 08:54:40.895013,8.8,completed,1.02
SUB203884,P101055,S5376,2025-01-05 09:51:16.591667,20.6,completed,4.64
SUB203885,P102845,S5281,2025-01-05 12:18:53.201991,8.9,completed,1.47
SUB203886,P102558,S5169,2025-01-05 12:35:05.000081,15.4,completed,2.64
SUB203887,P101907,S5289,2025-01-05 12:50:00.715462,29.0,completed,6.11
SUB203888,P101071,S5092,2025-01-05 13:42:31.244162,11.0,completed,2.72
SUB203889,P101458,S5435,2025-01-05 13:58:19.747721,23.1,completed,4.04
SUB203890,P100913,S5349,2025-01-05 14:00:32.676986,15.2,completed,2.02
SUB203891,P101369,S5034,2025-01-05 14:35:19.515166,18.3,completed,2.11
SUB203892,P102361,S5041,2025-01-05 15:17:02.983704,17.9,completed,2.54
SUB203893,P101850,S5211,2025-01-05 15:48:19.394174,18.0,rejected,0.0
SUB203894,P101907,S5420,2025-01-05 15:50:00.715462,36.7,completed,7.8
SUB203895,P102767,S5152,2025-01-05 16:15:07.721749,16.9,completed,2.63
SUB203896,P100288,S5129,2025-01-05 16:55:21.031799,7.8,completed,1.59
SUB203897,P101631,S5433,2025-01-05 17:24:18.650926,14.4,completed,2.07
SUB203898,P100216,S5120,2025-01-05 17:55:53.862026,24.0,completed,3.32
SUB203899,P102338,S5185,2025-01-05 18:21:41.297043,27.8,completed,5.65
SUB203900,P102391,S5438,2025-01-05 21:30:21.363214,18.2,returned,0.0
SUB203901,P101295,S5343,2025-01-05 23:47:41.272075,26.7,returned,0.0
SUB203902,P100964,S5220,2025-01-05 23:52:57.606661,6.9,completed,1.0
SUB203903,P100138,S5121,2025-01-06 01:17:17.743752,34.9,completed,4.46
SUB203904,P102449,S5152,2025-01-06 01:37:20.068947,21.1,completed,2.63
SUB203905,P101071,S5183,2025-01-06 01:42:31.244162,7.7,completed,1.35
SUB203906,P100690,S5435,2025-01-06 03:17:32.619972,28.2,completed,4.04
SUB203907,P100896,S5250,2025-01-06 04:13:17.817717,5.5,timed_out,0.0
SUB203908,P102338,S5085,2025-01-06 05:21:41.297043,21.6,completed,3.89
SUB203909,P102335,S5055,2025-01-06 08:21:30.231620,10.8,completed,2.11
SUB203910,P100677,S5038,2025-01-06 09:22:55.741697,24.7,timed_out,0.0
SUB203911,P100180,S5444,2025-01-06 09:28:15.560223,2.2,completed,0.33
SUB203912,P100023,S5365,2025-01-06 09:55:33.503424,11.9,timed_out,0.0
SUB203913,P101907,S5424,2025-01-06 10:50:00.715462,16.5,completed,2.82
SUB203914,P102299,S5085,2025-01-06 11:15:12.064096,22.5,completed,3.89
SUB203915,P102335,S5092,2025-01-06 11:21:30.231620,16.9,completed,2.72
SUB203916,P100253,S5311,2025-01-06 12:05:16.459681,25.3,completed,6.06
SUB203917,P101381,S5229,2025-01-06 12:53:16.448738,43.1,completed,7.54
SUB203918,P100184,S5226,2025-01-06 13:39:17.603748,27.2,completed,4.72
SUB203919,P102323,S5198,2025-01-06 14:18:29.084577,14.6,returned,0.0
SUB203920,P101340,S5229,2025-01-06 15:01:24.612005,42.8,rejected,0.0
SUB203921,P101287,S5095,2025-01-06 15:20:13.382039,8.0,completed,0.98
SUB203922,P101287,S5194,2025-01-06 15:20:13.382039,16.6,completed,3.46
SUB203923,P100854,S5279,2025-01-06 15:45:19.299129,9.9,timed_out,0.0
SUB203924,P101803,S5040,2025-01-06 17:50:56.214442,25.0,completed,5.02
SUB203925,P100158,S5156,2025-01-06 18:11:33.880967,17.6,completed,1.7
SUB203926,P101318,S5209,2025-01-06 19:46:11.338238,29.3,completed,4.12
SUB203927,P100250,S5169,2025-01-06 19:50:49.677380,13.9,completed,2.64
SUB203928,P102347,S5297,2025-01-06 21:37:46.746085,12.5,completed,2.85
SUB203929,P101961,S5311,2025-01-06 23:20:33.317306,25.1,completed,6.06
SUB203930,P101318,S5381,2025-01-06 23:46:11.338238,12.2,returned,0.0
SUB203931,P101614,S5198,2025-01-06 23:51:42.877811,13.6,completed,1.92
SUB203932,P100896,S5071,2025-01-07 01:13:17.817717,7.6,completed,1.28
SUB203933,P102335,S5200,2025-01-07 02:21:30.231620,25.7,completed,2.77
SUB203934,P102596,S5320,2025-01-07 07:03:33.885342,13.7,completed,3.5
SUB203935,P101229,S5095,2025-01-07 07:51:56.522562,6.7,completed,0.98
SUB203936,P100787,S5271,2025-01-07 09:11:32.251966,19.3,completed,2.99
SUB203937,P101181,S5077,2025-01-07 09:20:38.307143,15.0,completed,2.08
SUB203938,P102361,S5004,2025-01-07 13:17:02.983704,12.6,rejected,0.0
SUB203939,P101530,S5114,2025-01-07 15:12:51.787348,41.4,completed,6.95
SUB203940,P102651,S5111,2025-01-07 20:06:04.025262,9.7,returned,0.0
SUB203941,P102199,S5059,2025-01-07 20:20:11.191399,13.2,completed,2.37
SUB203942,P100677,S5334,2025-01-07 20:22:55.741697,18.7,completed,3.44
SUB203943,P102683,S5120,2025-01-07 20:51:08.672262,21.3,completed,3.32
SUB203944,P102645,S5316,2025-01-08 02:06:50.794589,6.3,completed,1.21
SUB203945,P100864,S5033,2025-01-08 03:14:57.785662,17.1,completed,2.55
SUB203946,P100282,S5055,2025-01-08 04:08:09.843237,13.9,completed,2.11
SUB203947,P100175,S5229,2025-01-08 04:21:41.742141,56.1,completed,7.54
SUB203948,P100102,S5182,2025-01-08 06:08:10.436620,12.9,completed,2.14
SUB203949,P102832,S5164,2025-01-08 06:39:42.681837,18.7,completed,2.6
SUB203950,P102879,S5132,2025-01-08 06:46:13.775568,19.5,completed,4.18
SUB203951,P102105,S5025,2025-01-08 07:23:28.625488,16.7,completed,3.06
SUB203952,P100406,S5412,2025-01-08 08:11:26.180792,25.2,completed,5.45
SUB203953,P102386,S5025,2025-01-08 08:14:27.356204,16.7,completed,3.06
SUB203954,P101340,S5320,2025-01-08 09:01:24.612005,15.6,completed,3.5
SUB203955,P101290,S5430,2025-01-08 09:37:46.861222,3.3,completed,0.51
SUB203956,P100158,S5071,2025-01-08 11:11:33.880967,6.0,completed,1.28
SUB203957,P102361,S5169,2025-01-08 11:17:02.983704,17.5,completed,2.64
SUB203958,P102390,S5258,2025-01-08 12:10:38.502820,22.7,completed,2.75
SUB203959,P100783,S5279,2025-01-08 13:12:55.361612,8.7,returned,0.0
SUB203960,P100837,S5127,2025-01-08 13:51:31.869344,11.4,completed,1.9
SUB203961,P100681,S5332,2025-01-08 13:56:31.269634,7.8,completed,1.23
SUB203962,P102728,S5250,2025-01-08 15:15:52.181374,7.9,completed,1.13
SUB203963,P101420,S5258,2025-01-08 15:58:14.456381,21.6,completed,2.75
SUB203964,P101071,S5324,2025-01-08 17:42:31.244162,18.4,completed,2.12
SUB203965,P101525,S5184,2025-01-08 18:08:13.367203,6.8,completed,1.05
SUB203966,P102753,S5441,2025-01-08 19:30:34.371813,23.4,completed,5.78
SUB203967,P101420,S5402,2025-01-08 20:58:14.456381,8.9,completed,1.21
SUB203968,P102793,S5092,2025-01-08 22:30:45.859493,15.5,completed,2.72
SUB203969,P102223,S5356,2025-01-08 22:39:58.804614,7.7,timed_out,0.0
SUB203970,P102942,S5231,2025-01-09 00:12:50.970007,11.2,completed,3.05
SUB203971,P102199,S5025,2025-01-09 00:20:11.191399,17.3,completed,3.06
SUB203972,P102057,S5032,2025-01-09 01:03:26.280697,8.4,completed,1.77
SUB203973,P100801,S5311,2025-01-09 01:21:41.704462,31.5,completed,6.06
SUB203974,P100566,S5346,2025-01-09 01:46:40.026009,42.4,returned,0.0
SUB203975,P101357,S5273,2025-01-09 05:02:07.756860,14.8,completed,1.67
SUB203976,P100681,S5207,2025-01-09 05:56:31.269634,15.4,completed,1.78
SUB203977,P102879,S5209,2025-01-09 06:46:13.775568,34.3,returned,0.0
SUB203978,P100854,S5382,2025-01-09 07:45:19.299129,6.6,completed,1.68
SUB203979,P101118,S5152,2025-01-09 07:51:10.684797,16.1,completed,2.63
SUB203980,P100066,S5289,2025-01-09 07:58:33.438206,37.0,completed,6.11
SUB203981,P102728,S5431,2025-01-09 09:15:52.181374,14.1,completed,2.03
SUB203982,P102361,S5070,2025-01-09 09:17:02.983704,10.8,rejected,0.0
SUB203983,P101188,S5182,2025-01-09 09:23:12.402576,14.1,completed,2.14
SUB203984,P100776,S5050,2025-01-09 09:48:27.405316,32.5,completed,3.96
SUB203985,P100250,S5064,2025-01-09 09:50:49.677380,11.3,completed,1.98
SUB203986,P102740,S5343,2025-01-09 10:11:34.998927,30.6,timed_out,0.0
SUB203987,P102640,S5420,2025-01-09 10:13:09.422831,45.0,completed,7.8
SUB203988,P102271,S5309,2025-01-09 10:34:12.201943,24.6,completed,3.84
SUB203989,P101055,S5016,2025-01-09 10:51:16.591667,8.9,completed,1.61
SUB203990,P100216,S5143,2025-01-09 10:55:53.862026,17.6,completed,2.39
SUB203991,P102449,S5203,2025-01-09 11:37:20.068947,12.2,completed,1.75
SUB203992,P102337,S5106,2025-01-09 12:29:08.295276,29.2,rejected,0.0
SUB203993,P100823,S5200,2025-01-09 12:35:16.992789,22.1,completed,2.77
SUB203994,P100022,S5258,2025-01-09 12:40:24.273709,16.4,completed,2.75
SUB203995,P102143,S5172,2025-01-09 12:58:47.006359,14.9,completed,1.58
SUB203996,P102384,S5183,2025-01-09 13:05:30.691981,6.3,completed,1.35
SUB203997,P102305,S5263,2025-01-09 14:09:43.497985,31.0,completed,5.29
SUB203998,P102390,S5311,2025-01-09 15:10:38.502820,35.4,completed,6.06
SUB203999,P101587,S5385,2025-01-09 17:03:19.589213,24.3,completed,4.8
SUB204000,P102616,S5132,2025-01-09 17:11:44.283599,17.4,completed,4.18
SUB204001,P100066,S5010,2025-01-09 17:58:33.438206,16.7,completed,3.21
SUB204002,P102335,S5216,2025-01-09 18:21:30.231620,17.9,completed,2.13
SUB204003,P101907,S5003,2025-01-09 18:50:00.715462,8.3,completed,1.74
SUB204004,P100787,S5349,2025-01-09 19:11:32.251966,14.5,completed,2.02
SUB204005,P100022,S5277,2025-01-09 19:40:24.273709,5.1,timed_out,0.0
SUB204006,P102880,S5282,2025-01-09 20:49:08.291233,24.9,completed,3.47
SUB204007,P102564,S5327,2025-01-09 21:51:16.753826,22.0,completed,4.13
SUB204008,P101181,S5009,2025-01-09 23:20:38.307143,53.7,completed,7.89
SUB204009,P100657,S5070,2025-01-10 01:43:38.540436,15.3,returned,0.0
SUB204010,P101961,S5282,2025-01-10 02:20:33.317306,19.5,completed,3.47
SUB204011,P101690,S5167,2025-01-10 02:53:19.391737,21.2,returned,0.0
SUB204012,P100926,S5343,2025-01-10 04:17:37.029989,24.0,completed,5.58
SUB204013,P102845,S5055,2025-01-10 05:18:53.201991,16.3,completed,2.11
SUB204014,P101287,S5029,2025-01-10 05:20:13.382039,23.5,completed,2.96
SUB204015,P101262,S5083,2025-01-10 05:35:16.844124,5.2,completed,0.8
SUB204016,P101458,S5068,2025-01-10 05:58:19.747721,8.2,completed,1.02
SUB204017,P100269,S5093,2025-01-10 07:02:21.109742,18.8,rejected,0.0
SUB204018,P102316,S5320,2025-01-10 09:06:03.873399,13.9,completed,3.5
SUB204019,P100739,S5169,2025-01-10 10:11:54.642752,15.6,completed,2.64
SUB204020,P100896,S5206,2025-01-10 10:13:17.817717,12.8,completed,1.88
SUB204021,P102572,S5074,2025-01-10 12:51:14.230357,20.0,completed,3.1
SUB204022,P101985,S5262,2025-01-10 14:04:24.990148,11.9,completed,2.3
SUB204023,P100138,S5143,2025-01-10 14:17:17.743752,12.3,completed,2.39
SUB204024,P100992,S5206,2025-01-10 14:49:51.105326,16.0,completed,1.88
SUB204025,P101381,S5143,2025-01-10 14:53:16.448738,16.9,returned,0.0
SUB204026,P100216,S5099,2025-01-10 17:55:53.862026,22.8,completed,2.46
SUB204027,P100406,S5431,2025-01-10 18:11:26.180792,11.6,completed,2.03
SUB204028,P101232,S5200,2025-01-10 18:11:30.147814,24.5,completed,2.77
SUB204029,P102740,S5309,2025-01-10 19:11:34.998927,17.9,completed,3.84
SUB204030,P101803,S5402,2025-01-10 19:50:56.214442,8.5,completed,1.21
SUB204031,P101961,S5156,2025-01-10 20:20:33.317306,14.6,returned,0.0
SUB204032,P102753,S5433,2025-01-10 20:30:34.371813,12.2,completed,2.07
SUB204033,P102652,S5017,2025-01-10 20:35:09.147372,15.0,completed,2.08
SUB204034,P100776,S5064,2025-01-10 21:48:27.405316,10.1,timed_out,0.0
SUB204035,P101485,S5026,2025-01-10 21:52:57.389523,34.2,completed,6.67
SUB204036,P100175,S5064,2025-01-10 22:21:41.742141,10.5,completed,1.98
SUB204037,P102199,S5132,2025-01-10 23:20:11.191399,23.5,completed,4.18
SUB204038,P101702,S5103,2025-01-10 23:35:35.145666,22.4,completed,3.8
SUB204039,P101318,S5349,2025-01-10 23:46:11.338238,13.4,timed_out,0.0
SUB204040,P100776,S5346,2025-01-10 23:48:27.405316,52.2,completed,10.53
SUB204041,P102323,S5143,2025-01-11 01:18:29.084577,17.2,completed,2.39
SUB204042,P100871,S5208,2025-01-11 04:18:48.846147,4.6,completed,0.85
SUB204043,P100180,S5423,2025-01-11 04:28:15.560223,14.4,completed,2.7
SUB204044,P101907,S5132,2025-01-11 04:50:00.715462,23.2,completed,4.18
SUB204045,P100406,S5005,2025-01-11 08:11:26.180792,18.7,timed_out,0.0
SUB204046,P102740,S5120,2025-01-11 09:11:34.998927,18.0,completed,3.32
SUB204047,P101913,S5156,2025-01-11 10:34:21.484972,12.3,completed,1.7
SUB204048,P101369,S5047,2025-01-11 11:35:19.515166,16.3,completed,2.56
SUB204049,P102651,S5220,2025-01-11 14:06:04.025262,6.7,completed,1.0
SUB204050,P101530,S5273,2025-01-11 14:12:51.787348,13.4,completed,1.67
SUB204051,P100141,S5097,2025-01-11 16:14:18.586296,13.1,completed,2.1
SUB204052,P102199,S5397,2025-01-11 19:20:11.191399,22.0,completed,2.96
SUB204053,P102880,S5121,2025-01-11 19:49:08.291233,34.1,completed,4.46
SUB204054,P100643,S5040,2025-01-11 21:06:12.877962,34.7,completed,5.02
SUB204055,P102343,S5226,2025-01-12 00:01:04.942488,26.0,completed,4.72
SUB204056,P101878,S5161,2025-01-12 00:10:49.997613,19.0,completed,1.91
SUB204057,P100784,S5223,2025-01-12 00:17:00.791259,9.2,completed,1.76
SUB204058,P102066,S5249,2025-01-12 02:05:55.579005,16.8,completed,2.91
SUB204059,P100677,S5113,2025-01-12 02:22:55.741697,11.7,completed,1.98
SUB204060,P102391,S5128,2025-01-12 02:30:21.363214,25.0,completed,4.88
SUB204061,P100000,S5211,2025-01-12 06:39:08.881613,21.8,completed,3.62
SUB204062,P101653,S5422,2025-01-12 07:41:23.874831,45.3,completed,5.85
SUB204063,P102629,S5440,2025-01-12 07:54:40.895013,15.8,returned,0.0
SUB204064,P100138,S5365,2025-01-12 08:17:17.743752,9.3,completed,1.75
SUB204065,P100864,S5161,2025-01-12 09:14:57.785662,14.0,completed,1.91
SUB204066,P100250,S5107,2025-01-12 09:50:49.677380,11.6,completed,1.66
SUB204067,P101458,S5048,2025-01-12 11:58:19.747721,4.3,completed,0.86
SUB204068,P101769,S5381,2025-01-12 12:19:46.780244,13.6,completed,2.26
SUB204069,P102532,S5082,2025-01-12 13:16:58.842903,6.9,completed,1.14
SUB204070,P102347,S5376,2025-01-12 13:37:46.746085,19.1,returned,0.0
SUB204071,P102550,S5340,2025-01-12 13:45:54.426749,13.9,completed,2.31
SUB204072,P100023,S5206,2025-01-12 13:55:33.503424,17.0,completed,1.88
SUB204073,P101068,S5356,2025-01-12 13:56:11.559144,5.5,completed,1.33
SUB204074,P102305,S5082,2025-01-12 16:09:43.497985,9.6,completed,1.14
SUB204075,P102199,S5167,2025-01-12 16:20:11.191399,19.4,completed,2.09
SUB204076,P102384,S5358,2025-01-12 17:05:30.691981,6.6,completed,0.91
SUB204077,P102390,S5000,2025-01-12 17:10:38.502820,23.9,completed,6.05
SUB204078,P100854,S5000,2025-01-12 17:45:19.299129,23.0,timed_out,0.0
SUB204079,P100690,S5077,2025-01-12 18:17:32.619972,14.0,completed,2.08
SUB204080,P100268,S5424,2025-01-12 18:59:15.040584,12.0,completed,2.82
SUB204081,P100713,S5074,2025-01-12 19:14:50.727687,17.1,timed_out,0.0
SUB204082,P101287,S5340,2025-01-12 19:20:13.382039,14.9,completed,2.31
SUB204083,P100964,S5229,2025-01-12 19:52:57.606661,54.5,completed,7.54
SUB204084,P101381,S5334,2025-01-12 19:53:16.448738,22.6,returned,0.0
SUB204085,P100443,S5102,2025-01-12 20:00:28.658566,16.8,completed,3.21
SUB204086,P100823,S5327,2025-01-12 21:35:16.992789,29.6,completed,4.13
SUB204087,P102202,S5358,2025-01-12 23:27:38.306088,7.2,completed,0.91
SUB204088,P102143,S5004,2025-01-13 01:58:47.006359,13.3,completed,2.25
SUB204089,P101677,S5223,2025-01-13 03:14:09.822923,9.5,completed,1.76
SUB204090,P100601,S5118,2025-01-13 03:15:39.431886,8.3,completed,1.89
SUB204091,P100690,S5164,2025-01-13 03:17:32.619972,16.1,completed,2.6
SUB204092,P102617,S5427,2025-01-13 03:39:45.604805,28.1,completed,3.87
SUB204093,P100269,S5422,2025-01-13 04:02:21.109742,46.3,completed,5.85
SUB204094,P101803,S5328,2025-01-13 04:50:56.214442,60.4,completed,6.81
SUB204095,P102347,S5041,2025-01-13 05:37:46.746085,20.2,completed,2.54
SUB204096,P101850,S5026,2025-01-13 05:48:19.394174,35.2,returned,0.0
SUB204097,P102361,S5132,2025-01-13 06:17:02.983704,27.2,timed_out,0.0
SUB204098,P102337,S5185,2025-01-13 06:29:08.295276,28.4,completed,5.65
SUB204099,P101076,S5233,2025-01-13 06:50:07.163773,12.0,timed_out,0.0
SUB204100,P100746,S5256,2025-01-13 07:03:09.694094,19.8,completed,4.49
SUB204101,P100282,S5356,2025-01-13 07:08:09.843237,6.9,completed,1.33
SUB204102,P100102,S5209,2025-01-13 07:08:10.436620,28.2,completed,4.12
SUB204103,P101057,S5093,2025-01-13 07:23:37.503464,16.7,completed,2.24
SUB204104,P100066,S5208,2025-01-13 08:58:33.438206,4.0,returned,0.0
SUB204105,P100904,S5334,2025-01-13 09:28:20.491329,25.7,completed,3.44
SUB204106,P101651,S5036,2025-01-13 10:45:31.708634,3.3,returned,0.0
SUB204107,P101485,S5059,2025-01-13 10:52:57.389523,12.0,completed,2.37
SUB204108,P101525,S5440,2025-01-13 12:08:13.367203,19.8,timed_out,0.0
SUB204109,P100904,S5071,2025-01-13 15:28:20.491329,6.8,completed,1.28
SUB204110,P100963,S5422,2025-01-13 15:34:38.614171,40.9,completed,5.85
SUB204111,P100227,S5148,2025-01-13 16:19:21.027830,15.4,completed,2.06
SUB204112,P100250,S5320,2025-01-13 16:50:49.677380,16.5,completed,3.5
SUB204113,P101819,S5001,2025-01-13 17:29:10.312279,6.2,completed,1.14
SUB204114,P101229,S5043,2025-01-13 20:51:56.522562,14.5,completed,2.61
SUB204115,P101907,S5369,2025-01-13 21:50:00.715462,4.3,completed,0.67
SUB204116,P100102,S5139,2025-01-13 23:08:10.436620,37.9,completed,6.16
SUB204117,P102202,S5001,2025-01-13 23:27:38.306088,6.1,completed,1.14
SUB204118,P102271,S5349,2025-01-14 00:34:12.201943,12.4,completed,2.02
SUB204119,P100908,S5250,2025-01-14 01:14:17.469458,5.8,completed,1.13
SUB204120,P100227,S5268,2025-01-14 01:19:21.027830,26.6,completed,4.16
SUB204121,P100365,S5365,2025-01-14 01:23:27.567061,11.0,completed,1.75
SUB204122,P102775,S5171,2025-01-14 01:47:28.331679,2.5,completed,0.44
SUB204123,P101530,S5349,2025-01-14 02:12:51.787348,15.6,completed,2.02
SUB204124,P102299,S5208,2025-01-14 04:15:12.064096,4.7,completed,0.85
SUB204125,P100386,S5371,2025-01-14 04:52:24.198265,7.9,completed,1.32
SUB204126,P100269,S5106,2025-01-14 05:02:21.109742,27.2,completed,5.46
SUB204127,P100643,S5286,2025-01-14 05:06:12.877962,34.2,completed,6.85
SUB204128,P100964,S5385,2025-01-14 05:52:57.606661,26.1,completed,4.8
SUB204129,P102564,S5021,2025-01-14 06:51:16.753826,8.1,completed,1.58
SUB204130,P101340,S5040,2025-01-14 07:01:24.612005,25.3,completed,5.02
SUB204131,P101587,S5077,2025-01-14 07:03:19.589213,14.9,completed,2.08
SUB204132,P102564,S5282,2025-01-14 07:51:16.753826,18.3,completed,3.47
SUB204133,P100643,S5037,2025-01-14 08:06:12.877962,9.3,returned,0.0
SUB204134,P100330,S5161,2025-01-14 08:53:56.258313,19.7,timed_out,0.0
SUB204135,P102316,S5057,2025-01-14 10:06:03.873399,12.7,completed,3.43
SUB204136,P102570,S5070,2025-01-14 10:14:19.632287,15.3,completed,2.73
SUB204137,P100677,S5262,2025-01-14 10:22:55.741697,10.4,completed,2.3
SUB204138,P100343,S5307,2025-01-14 10:45:16.519318,31.8,completed,4.57
SUB204139,P100835,S5175,2025-01-14 10:48:37.440428,8.0,completed,1.17
SUB204140,P101070,S5083,2025-01-14 11:21:31.500126,7.6,completed,0.8
SUB204141,P101394,S5175,2025-01-14 11:39:44.216382,6.7,completed,1.17
SUB204142,P102190,S5017,2025-01-14 11:57:56.767916,10.0,rejected,0.0
SUB204143,P100864,S5282,2025-01-14 12:14:57.785662,24.6,completed,3.47
SUB204144,P101133,S5095,2025-01-14 12:54:54.494792,6.8,completed,0.98
SUB204145,P102807,S5114,2025-01-14 13:49:17.957037,32.0,completed,6.95
SUB204146,P100282,S5115,2025-01-14 14:08:09.843237,3.2,completed,0.64
SUB204147,P101651,S5111,2025-01-14 14:45:31.708634,9.5,completed,1.79
SUB204148,P100417,S5286,2025-01-14 15:20:19.783555,30.5,completed,6.85
SUB204149,P100871,S5249,2025-01-14 16:18:48.846147,18.7,completed,2.91
SUB204150,P100227,S5152,2025-01-14 16:19:21.027830,19.0,completed,2.63
SUB204151,P101381,S5016,2025-01-14 16:53:16.448738,7.6,completed,1.61
SUB204152,P100569,S5040,2025-01-14 17:45:57.343327,34.5,completed,5.02
SUB204153,P100180,S5005,2025-01-14 18:28:15.560223,12.5,completed,2.38
SUB204154,P100516,S5371,2025-01-14 18:55:02.545423,7.3,completed,1.32
SUB204155,P102338,S5167,2025-01-14 19:21:41.297043,19.4,returned,0.0
SUB204156,P102879,S5286,2025-01-14 19:46:13.775568,25.8,completed,6.85
SUB204157,P101394,S5282,2025-01-14 20:39:44.216382,22.4,completed,3.47
SUB204158,P102753,S5258,2025-01-14 21:30:34.371813,23.9,returned,0.0
SUB204159,P100250,S5281,2025-01-14 22:50:49.677380,9.3,completed,1.47
SUB204160,P102622,S5229,2025-01-14 22:54:06.818942,45.2,returned,0.0
SUB204161,P101530,S5229,2025-01-15 00:12:51.787348,56.7,completed,7.54
SUB204162,P101850,S5069,2025-01-15 00:48:19.394174,15.5,returned,0.0
SUB204163,P101232,S5380,2025-01-15 01:11:30.147814,51.4,completed,9.78
SUB204164,P100926,S5182,2025-01-15 02:17:37.029989,13.9,completed,2.14
SUB204165,P102622,S5083,2025-01-15 02:54:06.818942,6.8,returned,0.0
SUB204166,P100250,S5420,2025-01-15 04:50:49.677380,31.4,completed,7.8
SUB204167,P101381,S5256,2025-01-15 04:53:16.448738,23.9,timed_out,0.0
SUB204168,P100539,S5424,2025-01-15 04:58:39.812912,15.4,completed,2.82
SUB204169,P101614,S5256,2025-01-15 06:51:42.877811,18.4,completed,4.49
SUB204170,P101485,S5220,2025-01-15 07:52:57.389523,7.2,completed,1.0
SUB204171,P100018,S5263,2025-01-15 11:39:21.113261,22.4,completed,5.29
SUB204172,P100019,S5005,2025-01-15 12:15:00.452941,17.7,completed,2.38
SUB204173,P102532,S5220,2025-01-15 12:16:58.842903,7.6,completed,1.0
SUB204174,P102323,S5168,2025-01-15 15:18:29.084577,8.0,completed,1.46
SUB204175,P101133,S5093,2025-01-15 15:54:54.494792,14.8,completed,2.24
SUB204176,P100184,S5209,2025-01-15 16:39:17.603748,29.3,completed,4.12
SUB204177,P101653,S5275,2025-01-15 17:41:23.874831,10.5,completed,1.52
SUB204178,P100216,S5286,2025-01-15 17:55:53.862026,25.8,completed,6.85
SUB204179,P100681,S5149,2025-01-15 17:56:31.269634,4.7,completed,1.19
SUB204180,P102199,S5137,2025-01-15 18:20:11.191399,34.2,completed,6.57
SUB204181,P102066,S5340,2025-01-15 19:05:55.579005,12.1,completed,2.31
SUB204182,P101181,S5220,2025-01-15 19:20:38.307143,8.8,completed,1.0
SUB204183,P100022,S5222,2025-01-15 20:40:24.273709,31.8,completed,7.62
SUB204184,P102316,S5168,2025-01-15 21:06:03.873399,6.6,completed,1.46
SUB204185,P102298,S5404,2025-01-15 21:56:05.564878,6.4,rejected,0.0
SUB204186,P102651,S5334,2025-01-15 22:06:04.025262,25.1,completed,3.44
SUB204187,P101392,S5043,2025-01-16 00:20:53.183781,14.1,completed,2.61
SUB204188,P102076,S5068,2025-01-16 00:27:32.623214,8.9,completed,1.02
SUB204189,P102143,S5037,2025-01-16 02:58:47.006359,8.4,completed,1.34
SUB204190,P100954,S5183,2025-01-16 04:11:44.858908,8.7,completed,1.35
SUB204191,P102616,S5168,2025-01-16 05:11:44.283599,7.7,completed,1.46
SUB204192,P100365,S5035,2025-01-16 05:23:27.567061,5.9,rejected,0.0
SUB204193,P102914,S5076,2025-01-16 08:34:05.746353,4.6,completed,0.74
SUB204194,P102557,S5137,2025-01-16 09:48:17.818998,32.1,completed,6.57
SUB204195,P102347,S5328,2025-01-16 10:37:46.746085,60.0,completed,6.81
SUB204196,P101068,S5168,2025-01-16 10:56:11.559144,8.3,returned,0.0
SUB204197,P100046,S5213,2025-01-16 11:49:05.723747,8.5,completed,1.08
SUB204198,P102338,S5175,2025-01-16 13:21:41.297043,7.1,returned,0.0
SUB204199,P101514,S5070,2025-01-16 13:33:33.385242,11.4,completed,2.73
SUB204200,P102640,S5120,2025-01-16 14:13:09.422831,20.3,completed,3.32
SUB204201,P101961,S5127,2025-01-16 14:20:33.317306,10.1,completed,1.9
SUB204202,P102845,S5059,2025-01-16 16:18:53.201991,16.2,returned,0.0
SUB204203,P102361,S5161,2025-01-16 21:17:02.983704,14.8,completed,1.91
SUB204204,P101381,S5043,2025-01-16 22:53:16.448738,16.7,completed,2.61
SUB204205,P101923,S5001,2025-01-17 00:58:41.347614,6.8,completed,1.14
SUB204206,P101443,S5404,2025-01-17 01:33:50.146842,6.1,completed,1.2
SUB204207,P101601,S5307,2025-01-17 03:10:25.063948,33.0,completed,4.57
SUB204208,P100963,S5297,2025-01-17 04:34:38.614171,11.0,completed,2.85
SUB204209,P100915,S5064,2025-01-17 06:03:29.491873,9.8,completed,1.98
SUB204210,P102864,S5320,2025-01-17 06:13:35.389789,16.0,completed,3.5
SUB204211,P100216,S5340,2025-01-17 08:55:53.862026,12.6,returned,0.0
SUB204212,P101340,S5132,2025-01-17 09:01:24.612005,25.5,completed,4.18
SUB204213,P102323,S5234,2025-01-17 09:18:29.084577,21.6,completed,3.29
SUB204214,P100141,S5127,2025-01-17 13:14:18.586296,12.9,timed_out,0.0
SUB204215,P100443,S5380,2025-01-17 14:00:28.658566,41.3,completed,9.78
SUB204216,P102298,S5277,2025-01-17 14:56:05.564878,3.9,completed,0.88
SUB204217,P102016,S5297,2025-01-17 15:09:33.608229,12.2,completed,2.85
SUB204218,P100784,S5107,2025-01-17 15:17:00.791259,12.5,completed,1.66
SUB204219,P100365,S5034,2025-01-17 15:23:27.567061,14.1,timed_out,0.0
SUB204220,P101675,S5341,2025-01-17 17:01:01.408973,22.4,completed,3.95
SUB204221,P101290,S5382,2025-01-17 18:37:46.861222,6.8,returned,0.0
SUB204222,P102199,S5129,2025-01-17 19:20:11.191399,11.5,completed,1.59
SUB204223,P100677,S5286,2025-01-17 20:22:55.741697,26.2,completed,6.85
SUB204224,P102572,S5271,2025-01-17 20:51:14.230357,14.4,completed,2.99
SUB204225,P100268,S5016,2025-01-17 20:59:15.040584,11.5,rejected,0.0
SUB204226,P102564,S5101,2025-01-17 21:51:16.753826,8.5,completed,1.24
SUB204227,P100904,S5107,2025-01-17 22:28:20.491329,12.5,returned,0.0
SUB204228,P100268,S5271,2025-01-17 22:59:15.040584,15.0,rejected,0.0
SUB204229,P100773,S5346,2025-01-18 02:15:08.381326,57.1,returned,0.0
SUB204230,P101690,S5113,2025-01-18 02:53:19.391737,12.8,completed,1.98
SUB204231,P101394,S5047,2025-01-18 03:39:44.216382,15.7,completed,2.56
SUB204232,P102362,S5282,2025-01-18 04:41:44.967570,17.4,completed,3.47
SUB204233,P100926,S5113,2025-01-18 05:17:37.029989,11.6,completed,1.98
SUB204234,P102616,S5085,2025-01-18 06:11:44.283599,20.5,completed,3.89
SUB204235,P100138,S5191,2025-01-18 06:17:17.743752,23.5,timed_out,0.0
SUB204236,P101985,S5262,2025-01-18 10:04:24.990148,13.3,completed,2.3
SUB204237,P101369,S5349,2025-01-18 11:35:19.515166,13.9,completed,2.02
SUB204238,P100896,S5320,2025-01-18 12:13:17.817717,19.7,completed,3.5
SUB204239,P102523,S5275,2025-01-18 13:52:22.531184,8.7,completed,1.52
SUB204240,P100677,S5358,2025-01-18 14:22:55.741697,5.6,completed,0.91
SUB204241,P100330,S5103,2025-01-18 15:53:56.258313,24.6,completed,3.8
SUB204242,P100216,S5250,2025-01-18 15:55:53.862026,5.3,completed,1.13
SUB204243,P101581,S5167,2025-01-18 16:43:27.173423,21.2,completed,2.09
SUB204244,P102753,S5435,2025-01-18 17:30:34.371813,24.4,completed,4.04
SUB204245,P102880,S5231,2025-01-18 17:49:08.291233,10.6,completed,3.05
SUB204246,P100108,S5264,2025-01-18 18:12:17.443271,4.9,completed,0.77
SUB204247,P102299,S5003,2025-01-18 18:15:12.064096,10.9,timed_out,0.0
SUB204248,P100316,S5289,2025-01-18 18:28:01.896092,29.8,completed,6.11
SUB204249,P101485,S5200,2025-01-18 18:52:57.389523,18.9,completed,2.77
SUB204250,P102755,S5132,2025-01-18 21:02:33.644691,23.5,completed,4.18
SUB204251,P100643,S5139,2025-01-18 21:06:12.877962,37.1,completed,6.16
SUB204252,P101850,S5021,2025-01-18 21:48:19.394174,11.8,completed,1.58
SUB204253,P100864,S5093,2025-01-18 22:14:57.785662,19.4,timed_out,0.0
SUB204254,P102651,S5064,2025-01-19 00:06:04.025262,12.2,completed,1.98
SUB204255,P101769,S5365,2025-01-19 00:19:46.780244,9.7,completed,1.75
SUB204256,P101212,S5137,2025-01-19 03:35:08.764101,32.8,completed,6.57
SUB204257,P102807,S5289,2025-01-19 04:49:17.957037,38.9,completed,6.11
SUB204258,P100060,S5143,2025-01-19 05:11:21.821649,15.4,completed,2.39
SUB204259,P102362,S5431,2025-01-19 05:41:44.967570,11.5,completed,2.03
SUB204260,P102651,S5097,2025-01-19 06:06:04.025262,14.7,completed,2.1
SUB204261,P102523,S5418,2025-01-19 06:52:22.531184,9.0,completed,1.77
SUB204262,P100023,S5184,2025-01-19 06:55:33.503424,6.9,completed,1.05
SUB204263,P100926,S5085,2025-01-19 09:17:37.029989,16.8,completed,3.89
SUB204264,P100452,S5262,2025-01-19 09:28:43.362355,11.6,completed,2.3
SUB204265,P101923,S5113,2025-01-19 09:58:41.347614,11.5,completed,1.98
SUB204266,P101479,S5350,2025-01-19 10:34:11.315533,19.0,completed,3.08
SUB204267,P102652,S5055,2025-01-19 11:35:09.147372,14.9,completed,2.11
SUB204268,P101907,S5057,2025-01-19 11:50:00.715462,19.1,completed,3.43
SUB204269,P101210,S5168,2025-01-19 12:06:23.808663,7.8,completed,1.46
SUB204270,P100180,S5226,2025-01-19 12:28:15.560223,34.9,completed,4.72
SUB204271,P102263,S5332,2025-01-19 12:30:02.583980,10.9,completed,1.23
SUB204272,P102652,S5263,2025-01-19 12:35:09.147372,30.6,rejected,0.0
SUB204273,P102183,S5356,2025-01-19 14:28:41.003522,6.3,returned,0.0
SUB204274,P100443,S5332,2025-01-19 16:00:28.658566,8.3,completed,1.23
SUB204275,P102785,S5187,2025-01-19 16:15:50.029321,28.5,completed,3.11
SUB204276,P101961,S5033,2025-01-19 16:20:33.317306,19.8,completed,2.55
SUB204277,P100643,S5153,2025-01-19 17:06:12.877962,27.3,timed_out,0.0
SUB204278,P101803,S5082,2025-01-19 17:50:56.214442,8.5,completed,1.14
SUB204279,P100184,S5034,2025-01-19 18:39:17.603748,18.5,completed,2.11
SUB204280,P101133,S5366,2025-01-19 18:54:54.494792,24.0,completed,4.22
SUB204281,P102444,S5355,2025-01-19 19:09:14.900304,45.5,completed,9.92
SUB204282,P100227,S5430,2025-01-19 20:19:21.027830,3.0,completed,0.51
SUB204283,P101369,S5170,2025-01-19 21:35:19.515166,17.9,completed,3.95
SUB204284,P100443,S5005,2025-01-19 22:00:28.658566,16.2,timed_out,0.0
SUB204285,P102223,S5182,2025-01-19 22:39:58.804614,10.8,timed_out,0.0
SUB204286,P100852,S5422,2025-01-20 00:50:38.024849,40.4,completed,5.85
SUB204287,P102386,S5312,2025-01-20 01:14:27.356204,13.3,returned,0.0
SUB204288,P101068,S5297,2025-01-20 01:56:11.559144,13.2,completed,2.85
SUB204289,P101914,S5207,2025-01-20 02:45:57.985485,15.7,completed,1.78
SUB204290,P100915,S5219,2025-01-20 03:03:29.491873,35.1,rejected,0.0
SUB204291,P100690,S5005,2025-01-20 03:17:32.619972,14.0,completed,2.38
SUB204292,P102880,S5226,2025-01-20 03:49:08.291233,29.7,completed,4.72
SUB204293,P101525,S5222,2025-01-20 05:08:13.367203,45.5,completed,7.62
SUB204294,P102229,S5161,2025-01-20 06:12:39.250004,13.2,completed,1.91
SUB204295,P101803,S5128,2025-01-20 06:50:56.214442,23.8,completed,4.88
SUB204296,P100216,S5025,2025-01-20 07:55:53.862026,15.4,completed,3.06
SUB204297,P100643,S5311,2025-01-20 09:06:12.877962,24.3,completed,6.06
SUB204298,P102728,S5447,2025-01-20 09:15:52.181374,7.7,completed,1.56
SUB204299,P100000,S5168,2025-01-20 09:39:08.881613,7.6,completed,1.46
SUB204300,P102807,S5327,2025-01-20 10:49:17.957037,20.4,completed,4.13
SUB204301,P101479,S5334,2025-01-20 12:34:11.315533,26.2,completed,3.44
SUB204302,P101394,S5115,2025-01-20 13:39:44.216382,3.1,completed,0.64
SUB204303,P100690,S5263,2025-01-20 15:17:32.619972,31.6,completed,5.29
SUB204304,P100018,S5385,2025-01-20 16:39:21.113261,27.0,completed,4.8
SUB204305,P100141,S5097,2025-01-20 17:14:18.586296,14.6,completed,2.1
SUB204306,P102271,S5273,2025-01-20 18:34:12.201943,15.9,completed,1.67
SUB204307,P100268,S5050,2025-01-20 19:59:15.040584,23.7,completed,3.96
SUB204308,P100060,S5312,2025-01-20 20:11:21.821649,10.7,completed,2.82
SUB204309,P102793,S5423,2025-01-20 20:30:45.859493,12.7,completed,2.7
SUB204310,P101985,S5402,2025-01-20 22:04:24.990148,7.3,completed,1.21
SUB204311,P101210,S5016,2025-01-20 23:06:23.808663,7.7,completed,1.61
SUB204312,P100835,S5203,2025-01-21 00:48:37.440428,7.9,completed,1.75
SUB204313,P101473,S5016,2025-01-21 00:52:18.021159,9.7,timed_out,0.0
SUB204314,P102362,S5324,2025-01-21 01:41:44.967570,13.3,completed,2.12
SUB204315,P100852,S5027,2025-01-21 01:50:38.024849,41.5,timed_out,0.0
SUB204316,P102755,S5381,2025-01-21 02:02:33.644691,12.6,completed,2.26
SUB204317,P100022,S5074,2025-01-21 02:40:24.273709,17.6,completed,3.1
SUB204318,P102832,S5282,2025-01-21 03:39:42.681837,23.6,completed,3.47
SUB204319,P100852,S5035,2025-01-21 03:50:38.024849,8.6,completed,1.11
SUB204320,P101232,S5320,2025-01-21 06:11:30.147814,18.9,completed,3.5
SUB204321,P102832,S5258,2025-01-21 07:39:42.681837,23.1,completed,2.75
SUB204322,P102879,S5188,2025-01-21 07:46:13.775568,13.0,completed,1.52
SUB204323,P101070,S5156,2025-01-21 08:21:31.500126,13.6,completed,1.7
SUB204324,P101133,S5115,2025-01-21 08:54:54.494792,2.3,completed,0.64
SUB204325,P102323,S5120,2025-01-21 10:18:29.084577,21.3,completed,3.32
SUB204326,P100125,S5356,2025-01-21 12:02:36.748826,5.7,completed,1.33
SUB204327,P101842,S5231,2025-01-21 13:06:32.568547,15.1,completed,3.05
SUB204328,P102292,S5208,2025-01-21 14:38:12.391490,4.4,rejected,0.0
SUB204329,P100253,S5097,2025-01-21 15:05:16.459681,14.4,completed,2.1
SUB204330,P101474,S5025,2025-01-21 15:46:37.512746,11.9,completed,3.06
SUB204331,P100023,S5133,2025-01-21 15:55:33.503424,28.0,completed,5.5
SUB204332,P101907,S5297,2025-01-21 17:50:00.715462,11.0,completed,2.85
SUB204333,P102147,S5327,2025-01-21 17:59:52.997067,29.7,completed,4.13
SUB204334,P100097,S5059,2025-01-21 18:37:53.168597,11.8,completed,2.37
SUB204335,P101782,S5133,2025-01-21 19:06:49.138317,20.6,completed,5.5
SUB204336,P100108,S5435,2025-01-21 20:12:17.443271,27.7,completed,4.04
SUB204337,P100328,S5005,2025-01-21 20:25:11.815513,13.7,completed,2.38
SUB204338,P100569,S5334,2025-01-21 20:45:57.343327,20.7,completed,3.44
SUB204339,P101803,S5286,2025-01-21 20:50:56.214442,26.9,completed,6.85
SUB204340,P102887,S5300,2025-01-21 21:34:20.748864,31.6,completed,6.19
SUB204341,P101229,S5268,2025-01-21 21:51:56.522562,28.4,completed,4.16
SUB204342,P100066,S5256,2025-01-21 21:58:33.438206,21.7,completed,4.49
SUB204343,P101473,S5203,2025-01-21 22:52:18.021159,10.1,timed_out,0.0
SUB204344,P101212,S5332,2025-01-22 05:35:08.764101,10.1,completed,1.23
SUB204345,P102570,S5385,2025-01-22 07:14:19.632287,32.9,completed,4.8
SUB204346,P101232,S5168,2025-01-22 08:11:30.147814,6.5,completed,1.46
SUB204347,P102793,S5358,2025-01-22 08:30:45.859493,5.6,completed,0.91
SUB204348,P100852,S5223,2025-01-22 08:50:38.024849,9.9,completed,1.76
SUB204349,P102728,S5420,2025-01-22 09:15:52.181374,42.7,completed,7.8
SUB204350,P100417,S5438,2025-01-22 10:20:19.783555,14.8,completed,3.47
SUB204351,P101631,S5027,2025-01-22 10:24:18.650926,48.8,rejected,0.0
SUB204352,P101381,S5082,2025-01-22 12:53:16.448738,7.9,returned,0.0
SUB204353,P101923,S5297,2025-01-22 12:58:41.347614,12.6,completed,2.85
SUB204354,P102199,S5346,2025-01-22 13:20:11.191399,62.2,completed,10.53
SUB204355,P100904,S5026,2025-01-22 14:28:20.491329,28.2,completed,6.67
SUB204356,P102123,S5093,2025-01-22 15:24:29.632982,20.6,completed,2.24
SUB204357,P101378,S5376,2025-01-22 15:26:27.825286,17.5,completed,4.64
SUB204358,P100835,S5231,2025-01-22 15:48:37.440428,11.7,timed_out,0.0
SUB204359,P100365,S5206,2025-01-22 16:23:27.567061,14.2,completed,1.88
SUB204360,P100992,S5043,2025-01-22 17:49:51.105326,15.2,completed,2.61
SUB204361,P101690,S5376,2025-01-22 17:53:19.391737,20.2,timed_out,0.0
SUB204362,P101357,S5356,2025-01-22 18:02:07.756860,5.7,returned,0.0
SUB204363,P102773,S5277,2025-01-22 18:35:47.888443,5.5,rejected,0.0
SUB204364,P101842,S5226,2025-01-22 19:06:32.568547,35.2,completed,4.72
SUB204365,P100864,S5029,2025-01-22 19:14:57.785662,18.5,rejected,0.0
SUB204366,P100138,S5223,2025-01-22 19:17:17.743752,11.6,completed,1.76
SUB204367,P101569,S5311,2025-01-22 20:01:16.230333,28.7,timed_out,0.0
SUB204368,P101985,S5249,2025-01-22 21:04:24.990148,18.5,completed,2.91
SUB204369,P102549,S5183,2025-01-22 21:13:02.904717,8.5,completed,1.35
SUB204370,P101479,S5169,2025-01-22 22:34:11.315533,19.9,completed,2.64
SUB204371,P101675,S5418,2025-01-22 23:01:01.408973,11.5,completed,1.77
SUB204372,P101782,S5087,2025-01-23 00:06:49.138317,7.5,completed,1.52
SUB204373,P102775,S5025,2025-01-23 01:47:28.331679,15.3,completed,3.06
SUB204374,P102683,S5219,2025-01-23 02:51:08.672262,46.9,completed,5.27
SUB204375,P100060,S5059,2025-01-23 03:11:21.821649,13.8,completed,2.37
SUB204376,P101352,S5223,2025-01-23 04:08:30.556971,14.1,completed,1.76
SUB204377,P100310,S5071,2025-01-23 04:42:07.655373,8.1,completed,1.28
SUB204378,P100773,S5231,2025-01-23 05:15:08.381326,13.7,completed,3.05
SUB204379,P102391,S5048,2025-01-23 05:30:21.363214,4.7,completed,0.86
SUB204380,P101569,S5211,2025-01-23 07:01:16.230333,18.0,completed,3.62
SUB204381,P100783,S5156,2025-01-23 08:12:55.361612,15.4,completed,1.7
SUB204382,P102016,S5209,2025-01-23 09:09:33.608229,30.8,returned,0.0
SUB204383,P100343,S5118,2025-01-23 10:45:16.519318,8.5,completed,1.89
SUB204384,P102229,S5249,2025-01-23 11:12:39.250004,19.1,completed,2.91
SUB204385,P101620,S5315,2025-01-23 11:24:29.354156,13.6,completed,1.77
SUB204386,P100019,S5187,2025-01-23 14:15:00.452941,27.7,returned,0.0
SUB204387,P101918,S5397,2025-01-23 14:52:58.194316,19.2,completed,2.96
SUB204388,P101352,S5350,2025-01-23 15:08:30.556971,14.0,completed,3.08
SUB204389,P100854,S5258,2025-01-23 15:45:19.299129,16.5,timed_out,0.0
SUB204390,P100643,S5050,2025-01-23 17:06:12.877962,21.9,completed,3.96
SUB204391,P101913,S5128,2025-01-23 17:34:21.484972,23.3,completed,4.88
SUB204392,P101514,S5405,2025-01-23 19:33:33.385242,10.6,completed,2.48
SUB204393,P100643,S5095,2025-01-23 20:06:12.877962,7.3,completed,0.98
SUB204394,P102336,S5114,2025-01-23 20:48:21.770026,38.5,timed_out,0.0
SUB204395,P100681,S5200,2025-01-23 20:56:31.269634,25.0,completed,2.77
SUB204396,P100452,S5171,2025-01-23 21:28:43.362355,3.2,completed,0.44
SUB204397,P102728,S5324,2025-01-23 22:15:52.181374,18.1,completed,2.12
SUB204398,P101357,S5001,2025-01-23 23:02:07.756860,8.2,completed,1.14
SUB204399,P100343,S5277,2025-01-23 23:45:16.519318,4.1,rejected,0.0
SUB204400,P102879,S5433,2025-01-23 23:46:13.775568,13.9,completed,2.07
SUB204401,P101420,S5033,2025-01-23 23:58:14.456381,21.5,completed,2.55
SUB204402,P100539,S5035,2025-01-23 23:58:39.812912,8.7,completed,1.11
SUB204403,P101913,S5447,2025-01-24 01:34:21.484972,9.2,completed,1.56
SUB204404,P101769,S5447,2025-01-24 02:19:46.780244,8.9,completed,1.56
SUB204405,P100108,S5108,2025-01-24 03:12:17.443271,22.6,completed,3.24
SUB204406,P101212,S5097,2025-01-24 03:35:08.764101,16.5,completed,2.1
SUB204407,P102229,S5444,2025-01-24 04:12:39.250004,1.7,completed,0.33
SUB204408,P102629,S5198,2025-01-24 04:54:40.895013,16.4,completed,1.92
SUB204409,P101946,S5185,2025-01-24 06:36:30.733310,33.8,completed,5.65
SUB204410,P100328,S5397,2025-01-24 07:25:11.815513,20.5,completed,2.96
SUB204411,P100896,S5041,2025-01-24 08:13:17.817717,16.0,completed,2.54
SUB204412,P100861,S5050,2025-01-24 09:08:11.480571,30.0,completed,3.96
SUB204413,P101561,S5431,2025-01-24 09:21:25.764288,13.5,completed,2.03
SUB204414,P100452,S5007,2025-01-24 09:28:43.362355,9.0,completed,1.29
SUB204415,P101295,S5220,2025-01-24 09:47:41.272075,7.9,returned,0.0
SUB204416,P100039,S5149,2025-01-24 09:50:12.852561,5.3,timed_out,0.0
SUB204417,P101690,S5380,2025-01-24 10:53:19.391737,40.0,completed,9.78
SUB204418,P102147,S5082,2025-01-24 11:59:52.997067,9.9,completed,1.14
SUB204419,P101702,S5438,2025-01-24 12:35:35.145666,14.4,completed,3.47
SUB204420,P101857,S5312,2025-01-24 13:51:29.386968,14.0,completed,2.82
SUB204421,P101702,S5349,2025-01-24 14:35:35.145666,11.2,completed,2.02
SUB204422,P101295,S5427,2025-01-24 17:47:41.272075,25.7,completed,3.87
SUB204423,P101769,S5092,2025-01-24 18:19:46.780244,12.4,completed,2.72
SUB204424,P100125,S5402,2025-01-24 19:02:36.748826,9.3,completed,1.21
SUB204425,P101210,S5161,2025-01-24 21:06:23.808663,19.4,completed,1.91
SUB204426,P101850,S5407,2025-01-24 22:48:19.394174,11.8,completed,1.37
SUB204427,P102183,S5128,2025-01-24 23:28:41.003522,25.2,completed,4.88
SUB204428,P101857,S5183,2025-01-25 01:51:29.386968,7.1,completed,1.35
SUB204429,P101341,S5255,2025-01-25 02:44:19.571518,18.0,completed,4.13
SUB204430,P102361,S5431,2025-01-25 04:17:02.983704,10.2,completed,2.03
SUB204431,P100913,S5000,2025-01-25 05:00:32.676986,26.6,completed,6.05
SUB204432,P100776,S5346,2025-01-25 05:48:27.405316,43.2,completed,10.53
SUB204433,P100926,S5187,2025-01-25 06:17:37.029989,31.0,completed,3.11
SUB204434,P102753,S5111,2025-01-25 07:30:34.371813,10.8,completed,1.79
SUB204435,P102077,S5068,2025-01-25 08:08:12.559943,8.7,returned,0.0
SUB204436,P102361,S5016,2025-01-25 10:17:02.983704,12.1,completed,1.61
SUB204437,P100854,S5070,2025-01-25 11:45:19.299129,13.4,timed_out,0.0
SUB204438,P100216,S5222,2025-01-25 11:55:53.862026,41.7,completed,7.62
SUB204439,P101631,S5101,2025-01-25 13:24:18.650926,6.9,completed,1.24
SUB204440,P102123,S5286,2025-01-25 13:24:29.632982,28.3,completed,6.85
SUB204441,P101394,S5092,2025-01-25 13:39:44.216382,14.3,rejected,0.0
SUB204442,P102773,S5038,2025-01-25 15:35:47.888443,22.7,completed,4.91
SUB204443,P101128,S5397,2025-01-25 15:50:27.548536,20.1,completed,2.96
SUB204444,P102622,S5324,2025-01-25 15:54:06.818942,14.0,completed,2.12
SUB204445,P102449,S5418,2025-01-25 16:37:20.068947,8.7,completed,1.77
SUB204446,P102158,S5132,2025-01-25 17:30:47.279906,21.6,completed,4.18
SUB204447,P101212,S5175,2025-01-25 19:35:08.764101,9.1,completed,1.17
SUB204448,P100022,S5132,2025-01-25 19:40:24.273709,27.1,completed,4.18
SUB204449,P101651,S5107,2025-01-25 19:45:31.708634,11.7,completed,1.66
SUB204450,P100783,S5237,2025-01-25 20:12:55.361612,19.5,completed,2.36
SUB204451,P101290,S5172,2025-01-25 20:37:46.861222,13.1,returned,0.0
SUB204452,P101287,S5442,2025-01-25 23:20:13.382039,10.3,completed,2.61
SUB204453,P100975,S5263,2025-01-25 23:35:17.896481,30.0,completed,5.29
SUB204454,P101653,S5036,2025-01-25 23:41:23.874831,3.3,timed_out,0.0
SUB204455,P102338,S5382,2025-01-26 00:21:41.297043,10.6,completed,1.68
SUB204456,P102202,S5101,2025-01-26 00:27:38.306088,9.4,completed,1.24
SUB204457,P101702,S5188,2025-01-26 01:35:35.145666,15.7,completed,1.52
SUB204458,P101443,S5350,2025-01-26 02:33:50.146842,15.7,completed,3.08
SUB204459,P101569,S5249,2025-01-26 03:01:16.230333,14.2,completed,2.91
SUB204460,P100784,S5404,2025-01-26 04:17:00.791259,8.1,returned,0.0
SUB204461,P101479,S5153,2025-01-26 05:34:11.315533,29.2,completed,5.51
SUB204462,P100823,S5220,2025-01-26 05:35:16.992789,6.7,completed,1.0
SUB204463,P101587,S5064,2025-01-26 06:03:19.589213,14.8,completed,1.98
SUB204464,P100739,S5327,2025-01-26 07:11:54.642752,30.6,rejected,0.0
SUB204465,P102202,S5149,2025-01-26 08:27:38.306088,6.1,completed,1.19
SUB204466,P102669,S5148,2025-01-26 08:34:46.795358,13.1,completed,2.06
SUB204467,P100569,S5185,2025-01-26 09:45:57.343327,35.7,completed,5.65
SUB204468,P101946,S5087,2025-01-26 10:36:30.733310,9.1,completed,1.52
SUB204469,P100250,S5074,2025-01-26 10:50:49.677380,18.8,completed,3.1
SUB204470,P100282,S5168,2025-01-26 11:08:09.843237,6.8,completed,1.46
SUB204471,P100784,S5371,2025-01-26 12:17:00.791259,6.7,completed,1.32
SUB204472,P102271,S5168,2025-01-26 12:34:12.201943,7.2,completed,1.46
SUB204473,P101474,S5320,2025-01-26 12:46:37.512746,14.3,completed,3.5
SUB204474,P101295,S5083,2025-01-26 12:47:41.272075,7.0,completed,0.8
SUB204475,P100605,S5187,2025-01-26 15:45:51.735127,24.4,completed,3.11
SUB204476,P101914,S5172,2025-01-26 16:45:57.985485,14.4,completed,1.58
SUB204477,P102195,S5233,2025-01-26 16:50:54.099759,12.4,completed,1.99
SUB204478,P102338,S5118,2025-01-26 17:21:41.297043,9.0,completed,1.89
SUB204479,P102523,S5048,2025-01-26 17:52:22.531184,5.6,completed,0.86
SUB204480,P102337,S5207,2025-01-26 18:29:08.295276,16.4,completed,1.78
SUB204481,P102378,S5281,2025-01-26 19:25:13.221065,9.3,completed,1.47
SUB204482,P102778,S5092,2025-01-26 19:27:23.976345,14.5,completed,2.72
SUB204483,P101473,S5029,2025-01-26 19:52:18.021159,19.7,timed_out,0.0
SUB204484,P100677,S5143,2025-01-26 20:22:55.741697,13.6,completed,2.39
SUB204485,P100783,S5034,2025-01-26 22:12:55.361612,17.9,completed,2.11
SUB204486,P100019,S5327,2025-01-26 23:15:00.452941,21.9,completed,4.13
SUB204487,P102199,S5328,2025-01-26 23:20:11.191399,59.7,completed,6.81
SUB204488,P100175,S5397,2025-01-26 23:21:41.742141,19.3,completed,2.96
SUB204489,P101587,S5382,2025-01-27 00:03:19.589213,9.5,completed,1.68
SUB204490,P102123,S5277,2025-01-27 01:24:29.632982,4.4,completed,0.88
SUB204491,P100739,S5118,2025-01-27 02:11:54.642752,11.9,completed,1.89
SUB204492,P100713,S5168,2025-01-27 02:14:50.727687,7.1,completed,1.46
SUB204493,P101099,S5115,2025-01-27 02:30:06.312995,2.3,completed,0.64
SUB204494,P102845,S5031,2025-01-27 03:18:53.201991,6.6,completed,0.91
SUB204495,P102785,S5206,2025-01-27 04:15:50.029321,12.9,returned,0.0
SUB204496,P100677,S5402,2025-01-27 04:22:55.741697,8.8,completed,1.21
SUB204497,P102263,S5143,2025-01-27 04:30:02.583980,17.6,completed,2.39
SUB204498,P102652,S5005,2025-01-27 04:35:09.147372,14.2,completed,2.38
SUB204499,P102123,S5397,2025-01-27 05:24:29.632982,20.3,completed,2.96
SUB204500,P101290,S5087,2025-01-27 05:37:46.861222,8.8,completed,1.52
SUB204501,P102123,S5327,2025-01-27 07:24:29.632982,25.5,completed,4.13
SUB204502,P101381,S5095,2025-01-27 08:53:16.448738,7.5,completed,0.98
SUB204503,P101690,S5275,2025-01-27 09:53:19.391737,11.0,completed,1.52
SUB204504,P102773,S5041,2025-01-27 10:35:47.888443,24.0,completed,2.54
SUB204505,P101394,S5127,2025-01-27 10:39:44.216382,10.7,completed,1.9
SUB204506,P101381,S5010,2025-01-27 11:53:16.448738,20.5,completed,3.21
SUB204507,P100871,S5161,2025-01-27 12:18:48.846147,13.2,completed,1.91
SUB204508,P101651,S5101,2025-01-27 14:45:31.708634,10.5,completed,1.24
SUB204509,P101392,S5223,2025-01-27 15:20:53.183781,11.7,rejected,0.0
SUB204510,P101210,S5099,2025-01-27 19:06:23.808663,18.9,completed,2.46
SUB204511,P102361,S5447,2025-01-27 19:17:02.983704,7.6,completed,1.56
SUB204512,P100852,S5334,2025-01-27 19:50:38.024849,22.6,rejected,0.0
SUB204513,P102953,S5424,2025-01-27 20:13:40.975090,13.9,completed,2.82
SUB204514,P100569,S5329,2025-01-27 21:45:57.343327,11.5,returned,0.0
SUB204515,P100125,S5444,2025-01-27 22:02:36.748826,2.4,completed,0.33
SUB204516,P101287,S5101,2025-01-27 22:20:13.382039,9.7,timed_out,0.0
SUB204517,P100457,S5200,2025-01-27 22:28:36.542503,18.2,completed,2.77
SUB204518,P102651,S5219,2025-01-27 23:06:04.025262,29.8,completed,5.27
SUB204519,P102785,S5153,2025-01-27 23:15:50.029321,36.8,completed,5.51
SUB204520,P100854,S5327,2025-01-27 23:45:19.299129,31.2,completed,4.13
SUB204521,P101690,S5263,2025-01-27 23:53:19.391737,24.3,completed,5.29
SUB204522,P100915,S5095,2025-01-28 01:03:29.491873,7.7,completed,0.98
SUB204523,P100180,S5220,2025-01-28 03:28:15.560223,6.6,completed,1.0
SUB204524,P102914,S5234,2025-01-28 03:34:05.746353,25.2,completed,3.29
SUB204525,P100854,S5047,2025-01-28 03:45:19.299129,20.9,completed,2.56
SUB204526,P100138,S5059,2025-01-28 04:17:17.743752,12.7,completed,2.37
SUB204527,P102223,S5423,2025-01-28 05:39:58.804614,18.7,completed,2.7
SUB204528,P101581,S5422,2025-01-28 05:43:27.173423,47.5,completed,5.85
SUB204529,P102828,S5369,2025-01-28 06:24:10.183502,4.5,completed,0.67
SUB204530,P101295,S5149,2025-01-28 06:47:41.272075,4.5,returned,0.0
SUB204531,P102202,S5033,2025-01-28 07:27:38.306088,14.9,completed,2.55
SUB204532,P101381,S5358,2025-01-28 07:53:16.448738,8.0,completed,0.91
SUB204533,P100954,S5365,2025-01-28 08:11:44.858908,7.9,completed,1.75
SUB204534,P100739,S5332,2025-01-28 08:11:54.642752,10.3,completed,1.23
SUB204535,P102728,S5442,2025-01-28 08:15:52.181374,10.5,completed,2.61
SUB204536,P101341,S5137,2025-01-28 08:44:19.571518,29.0,completed,6.57
SUB204537,P102879,S5422,2025-01-28 11:46:13.775568,41.6,completed,5.85
SUB204538,P100046,S5273,2025-01-28 11:49:05.723747,13.7,completed,1.67
SUB204539,P100690,S5102,2025-01-28 13:17:32.619972,12.8,completed,3.21
SUB204540,P102183,S5300,2025-01-28 13:28:41.003522,37.4,completed,6.19
SUB204541,P101262,S5441,2025-01-28 15:35:16.844124,29.7,completed,5.78
SUB204542,P102343,S5216,2025-01-28 16:01:04.942488,16.3,completed,2.13
SUB204543,P100039,S5447,2025-01-28 16:50:12.852561,6.2,completed,1.56
SUB204544,P101620,S5388,2025-01-28 17:24:29.354156,17.3,completed,3.85
SUB204545,P101485,S5164,2025-01-28 17:52:57.389523,18.1,rejected,0.0
SUB204546,P100915,S5114,2025-01-28 20:03:29.491873,41.6,completed,6.95
SUB204547,P102444,S5376,2025-01-28 20:09:14.900304,20.9,completed,4.64
SUB204548,P102271,S5095,2025-01-28 22:34:12.201943,7.1,completed,0.98
SUB204549,P101133,S5055,2025-01-28 23:54:54.494792,11.8,completed,2.11
SUB204550,P102753,S5171,2025-01-29 00:30:34.371813,2.8,completed,0.44
SUB204551,P100871,S5203,2025-01-29 01:18:48.846147,11.2,completed,1.75
SUB204552,P101181,S5355,2025-01-29 01:20:38.307143,45.1,completed,9.92
SUB204553,P100282,S5271,2025-01-29 02:08:09.843237,16.4,completed,2.99
SUB204554,P102753,S5031,2025-01-29 05:30:34.371813,8.6,completed,0.91
SUB204555,P101946,S5234,2025-01-29 05:36:30.733310,23.1,completed,3.29
SUB204556,P101392,S5085,2025-01-29 06:20:53.183781,16.0,completed,3.89
SUB204557,P101287,S5194,2025-01-29 10:20:13.382039,20.2,completed,3.46
SUB204558,P101443,S5005,2025-01-29 15:33:50.146842,19.3,completed,2.38
SUB204559,P102953,S5021,2025-01-29 16:13:40.975090,10.3,completed,1.58
SUB204560,P100125,S5320,2025-01-29 17:02:36.748826,14.5,completed,3.5
SUB204561,P101961,S5197,2025-01-29 17:20:33.317306,10.2,completed,1.83
SUB204562,P102753,S5282,2025-01-29 18:30:34.371813,23.5,rejected,0.0
SUB204563,P100310,S5422,2025-01-29 18:42:07.655373,37.9,timed_out,0.0
SUB204564,P102195,S5223,2025-01-29 18:50:54.099759,14.0,completed,1.76
SUB204565,P101782,S5038,2025-01-29 19:06:49.138317,21.4,completed,4.91
SUB204566,P100362,S5005,2025-01-29 19:53:54.856113,16.4,completed,2.38
SUB204567,P102773,S5026,2025-01-29 20:35:47.888443,40.1,completed,6.67
SUB204568,P102057,S5282,2025-01-29 21:03:26.280697,25.0,completed,3.47
SUB204569,P101212,S5043,2025-01-29 22:35:08.764101,18.3,completed,2.61
SUB204570,P101070,S5083,2025-01-29 23:21:31.500126,6.1,completed,0.8
SUB204571,P101070,S5213,2025-01-29 23:21:31.500126,8.3,completed,1.08
SUB204572,P100060,S5422,2025-01-30 00:11:21.821649,40.9,completed,5.85
SUB204573,P102199,S5354,2025-01-30 00:20:11.191399,34.8,rejected,0.0
SUB204574,P101946,S5099,2025-01-30 02:36:30.733310,19.3,completed,2.46
SUB204575,P102778,S5097,2025-01-30 03:27:23.976345,12.8,returned,0.0
SUB204576,P101473,S5087,2025-01-30 05:52:18.021159,9.5,completed,1.52
SUB204577,P100268,S5279,2025-01-30 07:59:15.040584,12.9,completed,1.83
SUB204578,P102544,S5029,2025-01-30 08:03:05.526619,19.3,completed,2.96
SUB204579,P101985,S5255,2025-01-30 08:04:24.990148,23.1,completed,4.13
SUB204580,P100175,S5082,2025-01-30 08:21:41.742141,8.0,completed,1.14
SUB204581,P101803,S5281,2025-01-30 09:50:56.214442,8.7,completed,1.47
SUB204582,P101287,S5167,2025-01-30 11:20:13.382039,18.3,completed,2.09
SUB204583,P101443,S5281,2025-01-30 11:33:50.146842,6.5,completed,1.47
SUB204584,P100039,S5412,2025-01-30 13:50:12.852561,22.8,completed,5.45
SUB204585,P102652,S5206,2025-01-30 14:35:09.147372,15.7,returned,0.0
SUB204586,P100066,S5380,2025-01-30 14:58:33.438206,48.3,completed,9.78
SUB204587,P102523,S5309,2025-01-30 15:52:22.531184,23.3,completed,3.84
SUB204588,P101188,S5229,2025-01-30 17:23:12.402576,64.3,completed,7.54
SUB204589,P101842,S5048,2025-01-30 18:06:32.568547,5.7,completed,0.86
SUB204590,P101819,S5043,2025-01-30 18:29:10.312279,17.6,completed,2.61
SUB204591,P101923,S5007,2025-01-30 18:58:41.347614,8.5,completed,1.29
SUB204592,P101675,S5111,2025-01-30 19:01:01.408973,11.5,completed,1.79
SUB204593,P101068,S5143,2025-01-30 19:56:11.559144,12.9,completed,2.39
SUB204594,P100268,S5262,2025-01-30 19:59:15.040584,10.2,completed,2.3
SUB204595,P100915,S5205,2025-01-30 20:03:29.491873,24.1,completed,3.34
SUB204596,P101394,S5047,2025-01-30 20:39:44.216382,17.6,completed,2.56
SUB204597,P101381,S5175,2025-01-30 21:53:16.448738,10.1,completed,1.17
SUB204598,P102147,S5172,2025-01-30 21:59:52.997067,11.2,completed,1.58
SUB204599,P100282,S5121,2025-01-31 00:08:09.843237,31.2,completed,4.46
SUB204600,P102549,S5128,2025-01-31 00:13:02.904717,21.4,completed,4.88
SUB204601,P100975,S5431,2025-01-31 01:35:17.896481,15.1,completed,2.03
SUB204602,P101068,S5182,2025-01-31 02:56:11.559144,15.1,timed_out,0.0
SUB204603,P101381,S5074,2025-01-31 03:53:16.448738,14.5,completed,3.1
SUB204604,P100605,S5143,2025-01-31 05:45:51.735127,11.1,completed,2.39
SUB204605,P101614,S5381,2025-01-31 05:51:42.877811,11.8,completed,2.26
SUB204606,P102755,S5172,2025-01-31 06:02:33.644691,12.6,completed,1.58
SUB204607,P101389,S5008,2025-01-31 06:21:15.964388,39.0,completed,9.33
SUB204608,P101389,S5289,2025-01-31 07:21:15.964388,31.8,completed,6.11
SUB204609,P102298,S5447,2025-01-31 07:56:05.564878,7.5,completed,1.56
SUB204610,P100125,S5064,2025-01-31 08:02:36.748826,10.5,completed,1.98
SUB204611,P101133,S5206,2025-01-31 08:54:54.494792,15.6,rejected,0.0
SUB204612,P102338,S5300,2025-01-31 12:21:41.297043,35.2,completed,6.19
SUB204613,P101068,S5226,2025-01-31 12:56:11.559144,28.7,returned,0.0
SUB204614,P101777,S5355,2025-01-31 13:20:11.658236,55.7,completed,9.92
SUB204615,P100097,S5289,2025-01-31 13:37:53.168597,36.7,completed,6.11
SUB204616,P102652,S5074,2025-01-31 14:35:09.147372,20.8,completed,3.1
SUB204617,P102645,S5441,2025-01-31 15:06:50.794589,28.6,completed,5.78
SUB204618,P101946,S5316,2025-01-31 15:36:30.733310,7.3,completed,1.21
SUB204619,P102622,S5009,2025-01-31 15:54:06.818942,48.8,completed,7.89
SUB204620,P102378,S5164,2025-01-31 16:25:13.221065,12.9,completed,2.6
SUB204621,P102144,S5076,2025-01-31 16:51:06.540507,7.5,completed,0.74
SUB204622,P100784,S5258,2025-01-31 20:17:00.791259,20.8,completed,2.75
SUB204623,P102077,S5349,2025-01-31 23:08:12.559943,14.7,completed,2.02
SUB204624,P102229,S5332,2025-01-31 23:12:39.250004,7.6,completed,1.23
SUB204625,P102263,S5441,2025-02-01 00:30:02.583980,26.3,completed,5.78
SUB204626,P100904,S5205,2025-02-01 01:28:20.491329,22.8,completed,3.34
SUB204627,P101575,S5059,2025-02-01 01:33:18.073797,16.6,completed,2.37
SUB204628,P100362,S5053,2025-02-01 02:53:54.856113,11.3,returned,0.0
SUB204629,P100784,S5354,2025-02-01 03:17:00.791259,24.9,completed,5.67
SUB204630,P102361,S5017,2025-02-01 04:17:02.983704,13.1,completed,2.08
SUB204631,P102753,S5102,2025-02-01 04:30:34.371813,14.1,completed,3.21
SUB204632,P100417,S5001,2025-02-01 05:20:19.783555,7.8,completed,1.14
SUB204633,P101420,S5124,2025-02-01 07:58:14.456381,8.7,completed,1.46
SUB204634,P100963,S5156,2025-02-01 08:34:38.614171,13.6,completed,1.7
SUB204635,P100362,S5286,2025-02-01 08:53:54.856113,26.9,completed,6.85
SUB204636,P102263,S5418,2025-02-01 09:30:02.583980,11.9,completed,1.77
SUB204637,P100801,S5332,2025-02-01 11:21:41.704462,10.5,completed,1.23
SUB204638,P100426,S5070,2025-02-01 15:13:32.745508,17.5,completed,2.73
SUB204639,P102050,S5289,2025-02-01 15:43:53.020731,30.0,completed,6.11
SUB204640,P100975,S5255,2025-02-01 16:35:17.896481,22.5,completed,4.13
SUB204641,P101651,S5057,2025-02-01 16:45:31.708634,14.8,timed_out,0.0
SUB204642,P100426,S5206,2025-02-01 18:13:32.745508,18.1,returned,0.0
SUB204643,P102723,S5101,2025-02-01 18:34:30.306036,8.0,timed_out,0.0
SUB204644,P101690,S5064,2025-02-01 18:53:19.391737,10.5,timed_out,0.0
SUB204645,P100417,S5118,2025-02-01 19:20:19.783555,11.6,completed,1.89
SUB204646,P102564,S5172,2025-02-01 22:51:16.753826,12.2,completed,1.58
SUB204647,P100282,S5068,2025-02-01 23:08:09.843237,6.2,completed,1.02
SUB204648,P101527,S5032,2025-02-02 00:35:36.453836,11.3,completed,1.77
SUB204649,P101803,S5300,2025-02-02 00:50:56.214442,30.8,completed,6.19
SUB204650,P101782,S5316,2025-02-02 01:06:49.138317,6.8,completed,1.21
SUB204651,P101677,S5172,2025-02-02 02:14:09.822923,12.0,completed,1.58
SUB204652,P102199,S5128,2025-02-02 03:20:11.191399,20.7,completed,4.88
SUB204653,P101287,S5038,2025-02-02 03:20:13.382039,29.7,completed,4.91
SUB204654,P100022,S5187,2025-02-02 03:40:24.273709,30.5,completed,3.11
SUB204655,P100282,S5219,2025-02-02 04:08:09.843237,46.7,completed,5.27
SUB204656,P100343,S5114,2025-02-02 04:45:16.519318,44.8,completed,6.95
SUB204657,P100443,S5057,2025-02-02 05:00:28.658566,18.4,completed,3.43
SUB204658,P102456,S5184,2025-02-02 05:19:20.246111,4.9,completed,1.05
SUB204659,P102202,S5220,2025-02-02 05:27:38.306088,8.2,completed,1.0
SUB204660,P102362,S5412,2025-02-02 05:41:44.967570,28.8,completed,5.45
SUB204661,P100066,S5099,2025-02-02 05:58:33.438206,22.3,returned,0.0
SUB204662,P102057,S5156,2025-02-02 06:03:26.280697,11.7,completed,1.7
SUB204663,P102067,S5233,2025-02-02 07:18:42.798694,11.1,rejected,0.0
SUB204664,P100046,S5312,2025-02-02 08:49:05.723747,9.6,completed,2.82
SUB204665,P100310,S5402,2025-02-02 09:42:07.655373,8.0,completed,1.21
SUB204666,P101675,S5175,2025-02-02 13:01:01.408973,10.1,completed,1.17
SUB204667,P100227,S5111,2025-02-02 13:19:21.027830,7.9,completed,1.79
SUB204668,P100784,S5388,2025-02-02 14:17:00.791259,21.0,completed,3.85
SUB204669,P100227,S5315,2025-02-02 15:19:21.027830,15.2,completed,1.77
SUB204670,P101070,S5249,2025-02-02 16:21:31.500126,14.6,completed,2.91
SUB204671,P102651,S5256,2025-02-02 17:06:04.025262,19.7,completed,4.49
SUB204672,P100019,S5171,2025-02-02 17:15:00.452941,3.5,completed,0.44
SUB204673,P100776,S5069,2025-02-02 20:48:27.405316,16.6,returned,0.0
SUB204674,P102077,S5213,2025-02-02 21:08:12.559943,7.3,completed,1.08
SUB204675,P101394,S5043,2025-02-02 21:39:44.216382,12.3,completed,2.61
SUB204676,P102879,S5275,2025-02-02 21:46:13.775568,12.1,completed,1.52
SUB204677,P101210,S5332,2025-02-02 23:06:23.808663,10.3,completed,1.23
SUB204678,P100713,S5223,2025-02-02 23:14:50.727687,9.9,completed,1.76
SUB204679,P101620,S5223,2025-02-02 23:24:29.354156,9.9,completed,1.76
SUB204680,P101070,S5027,2025-02-03 01:21:31.500126,37.7,completed,7.63
SUB204681,P101352,S5161,2025-02-03 02:08:30.556971,18.2,completed,1.91
SUB204682,P102879,S5197,2025-02-03 02:46:13.775568,12.7,completed,1.83
SUB204683,P102343,S5017,2025-02-03 03:01:04.942488,12.7,returned,0.0
SUB204684,P102158,S5263,2025-02-03 03:30:47.279906,25.5,completed,5.29
SUB204685,P100386,S5121,2025-02-03 04:52:24.198265,25.2,returned,0.0
SUB204686,P101232,S5182,2025-02-03 08:11:30.147814,11.4,completed,2.14
SUB204687,P100108,S5095,2025-02-03 09:12:17.443271,8.5,returned,0.0
SUB204688,P102645,S5422,2025-02-03 10:06:50.794589,34.6,completed,5.85
SUB204689,P100175,S5427,2025-02-03 11:21:41.742141,29.1,completed,3.87
SUB204690,P100426,S5133,2025-02-03 12:13:32.745508,30.3,rejected,0.0
SUB204691,P101405,S5309,2025-02-03 12:52:27.324575,24.8,completed,3.84
SUB204692,P102755,S5137,2025-02-03 15:02:33.644691,40.9,completed,6.57
SUB204693,P100443,S5149,2025-02-03 17:00:28.658566,6.3,completed,1.19
SUB204694,P102651,S5268,2025-02-03 17:06:04.025262,25.0,completed,4.16
SUB204695,P102753,S5077,2025-02-03 17:30:34.371813,11.0,completed,2.08
SUB204696,P100310,S5307,2025-02-03 17:42:07.655373,23.8,completed,4.57
SUB204697,P101267,S5422,2025-02-03 19:15:58.112595,39.8,completed,5.85
SUB204698,P100896,S5040,2025-02-03 22:13:17.817717,27.3,completed,5.02
SUB204699,P102880,S5407,2025-02-03 23:49:08.291233,10.8,completed,1.37
SUB204700,P101514,S5402,2025-02-04 00:33:33.385242,9.4,completed,1.21
SUB204701,P101392,S5231,2025-02-04 02:20:53.183781,14.8,completed,3.05
SUB204702,P101210,S5286,2025-02-04 03:06:23.808663,27.7,completed,6.85
SUB204703,P101782,S5057,2025-02-04 03:06:49.138317,18.1,timed_out,0.0
SUB204704,P101381,S5043,2025-02-04 03:53:16.448738,13.3,completed,2.61
SUB204705,P101545,S5038,2025-02-04 04:18:00.076162,30.1,completed,4.91
SUB204706,P100677,S5170,2025-02-04 04:22:55.741697,23.2,completed,3.95
SUB204707,P102271,S5442,2025-02-04 04:34:12.201943,15.1,completed,2.61
SUB204708,P100108,S5341,2025-02-04 05:12:17.443271,25.0,completed,3.95
SUB204709,P101274,S5309,2025-02-04 05:45:43.688225,27.6,completed,3.84
SUB204710,P100097,S5029,2025-02-04 06:37:53.168597,19.7,completed,2.96
SUB204711,P102050,S5412,2025-02-04 07:43:53.020731,32.8,timed_out,0.0
SUB204712,P100281,S5043,2025-02-04 08:07:19.576028,14.7,timed_out,0.0
SUB204713,P101652,S5082,2025-02-04 09:17:39.250030,7.8,completed,1.14
SUB204714,P101392,S5371,2025-02-04 09:20:53.183781,6.1,completed,1.32
SUB204715,P102378,S5307,2025-02-04 10:25:13.221065,25.2,completed,4.57
SUB204716,P101985,S5263,2025-02-04 12:04:24.990148,26.8,returned,0.0
SUB204717,P101545,S5120,2025-02-04 12:18:00.076162,26.5,completed,3.32
SUB204718,P101394,S5209,2025-02-04 13:39:44.216382,24.1,completed,4.12
SUB204719,P102050,S5371,2025-02-04 13:43:53.020731,7.4,completed,1.32
SUB204720,P101777,S5040,2025-02-04 14:20:11.658236,24.4,completed,5.02
SUB204721,P102773,S5220,2025-02-04 15:35:47.888443,9.1,completed,1.0
SUB204722,P102549,S5167,2025-02-04 17:13:02.904717,14.6,completed,2.09
SUB204723,P101651,S5197,2025-02-04 17:45:31.708634,11.4,rejected,0.0
SUB204724,P102544,S5334,2025-02-04 19:03:05.526619,21.3,completed,3.44
SUB204725,P101118,S5388,2025-02-04 19:51:10.684797,15.9,rejected,0.0
SUB204726,P102629,S5249,2025-02-04 19:54:40.895013,14.8,completed,2.91
SUB204727,P102362,S5128,2025-02-04 20:41:44.967570,25.5,completed,4.88
SUB204728,P100108,S5156,2025-02-04 21:12:17.443271,16.4,completed,1.7
SUB204729,P100681,S5152,2025-02-04 21:56:31.269634,21.3,completed,2.63
SUB204730,P101545,S5273,2025-02-04 22:18:00.076162,14.2,timed_out,0.0
SUB204731,P102076,S5250,2025-02-04 22:27:32.623214,6.4,completed,1.13
SUB204732,P102449,S5000,2025-02-04 22:37:20.068947,27.7,completed,6.05
SUB204733,P102063,S5311,2025-02-04 23:59:49.030399,26.2,completed,6.06
SUB204734,P101782,S5216,2025-02-05 00:06:49.138317,14.3,completed,2.13
SUB204735,P100060,S5092,2025-02-05 01:11:21.821649,12.0,completed,2.72
SUB204736,P101565,S5069,2025-02-05 01:52:27.823870,17.7,completed,2.97
SUB204737,P101109,S5447,2025-02-05 02:02:47.975989,7.1,completed,1.56
SUB204738,P101267,S5425,2025-02-05 02:15:58.112595,12.0,completed,2.54
SUB204739,P100916,S5405,2025-02-05 02:22:47.687344,13.9,returned,0.0
SUB204740,P102523,S5150,2025-02-05 03:52:22.531184,10.6,completed,1.59
SUB204741,P100046,S5300,2025-02-05 05:49:05.723747,41.0,completed,6.19
SUB204742,P100854,S5031,2025-02-05 06:45:19.299129,7.7,completed,0.91
SUB204743,P102755,S5365,2025-02-05 08:02:33.644691,7.9,completed,1.75
SUB204744,P101575,S5315,2025-02-05 09:33:18.073797,10.0,completed,1.77
SUB204745,P102077,S5111,2025-02-05 10:08:12.559943,11.3,completed,1.79
SUB204746,P101352,S5222,2025-02-05 10:08:30.556971,45.6,completed,7.62
SUB204747,P102183,S5087,2025-02-05 10:28:41.003522,8.5,completed,1.52
SUB204748,P100108,S5057,2025-02-05 11:12:17.443271,18.2,completed,3.43
SUB204749,P101378,S5111,2025-02-05 11:26:27.825286,8.8,completed,1.79
SUB204750,P101262,S5205,2025-02-05 11:35:16.844124,25.5,completed,3.34
SUB204751,P100039,S5441,2025-02-05 12:50:12.852561,23.1,returned,0.0
SUB204752,P102076,S5309,2025-02-05 13:27:32.623214,23.0,rejected,0.0
SUB204753,P102361,S5114,2025-02-05 14:17:02.983704,37.7,completed,6.95
SUB204754,P102651,S5382,2025-02-05 17:06:04.025262,8.8,completed,1.68
SUB204755,P101545,S5237,2025-02-05 17:18:00.076162,16.7,returned,0.0
SUB204756,P102336,S5332,2025-02-05 18:48:21.770026,7.4,completed,1.23
SUB204757,P101473,S5036,2025-02-05 19:52:18.021159,3.3,completed,0.5
SUB204758,P100060,S5120,2025-02-05 20:11:21.821649,27.5,completed,3.32
SUB204759,P101479,S5401,2025-02-05 23:34:11.315533,5.1,completed,1.35
SUB204760,P102336,S5071,2025-02-05 23:48:21.770026,6.4,completed,1.28
SUB204761,P101068,S5366,2025-02-05 23:56:11.559144,28.6,completed,4.22
SUB204762,P100443,S5297,2025-02-06 01:00:28.658566,13.3,completed,2.85
SUB204763,P101923,S5036,2025-02-06 01:58:41.347614,2.8,completed,0.5
SUB204764,P101767,S5381,2025-02-06 03:10:35.474564,9.7,completed,2.26
SUB204765,P101767,S5262,2025-02-06 03:10:35.474564,14.5,completed,2.3
SUB204766,P101392,S5139,2025-02-06 03:20:53.183781,29.1,timed_out,0.0
SUB204767,P101819,S5233,2025-02-06 04:29:10.312279,10.5,completed,1.99
SUB204768,P102050,S5264,2025-02-06 04:43:53.020731,5.4,completed,0.77
SUB204769,P101341,S5001,2025-02-06 05:44:19.571518,7.5,completed,1.14
SUB204770,P101620,S5371,2025-02-06 06:24:29.354156,6.9,rejected,0.0
SUB204771,P102067,S5152,2025-02-06 08:18:42.798694,19.9,completed,2.63
SUB204772,P102050,S5407,2025-02-06 08:43:53.020731,10.9,completed,1.37
SUB204773,P100835,S5000,2025-02-06 10:48:37.440428,32.6,timed_out,0.0
SUB204774,P102392,S5048,2025-02-06 11:11:05.806393,5.9,completed,0.86
SUB204775,P101702,S5356,2025-02-06 11:35:35.145666,7.9,completed,1.33
SUB204776,P101545,S5255,2025-02-06 12:18:00.076162,20.8,completed,4.13
SUB204777,P100250,S5385,2025-02-06 12:50:49.677380,22.6,rejected,0.0
SUB204778,P100343,S5095,2025-02-06 13:45:16.519318,6.6,completed,0.98
SUB204779,P102195,S5001,2025-02-06 13:50:54.099759,6.9,timed_out,0.0
SUB204780,P102063,S5320,2025-02-06 13:59:49.030399,13.7,timed_out,0.0
SUB204781,P102016,S5168,2025-02-06 14:09:33.608229,7.6,returned,0.0
SUB204782,P100060,S5029,2025-02-06 14:11:21.821649,21.1,completed,2.96
SUB204783,P101561,S5358,2025-02-06 14:21:25.764288,7.7,completed,0.91
SUB204784,P102338,S5167,2025-02-06 16:21:41.297043,13.4,completed,2.09
SUB204785,P102450,S5442,2025-02-06 16:51:14.980486,13.0,returned,0.0
SUB204786,P100784,S5268,2025-02-06 17:17:00.791259,22.6,completed,4.16
SUB204787,P100328,S5249,2025-02-06 20:25:11.815513,14.8,completed,2.91
SUB204788,P102879,S5004,2025-02-06 20:46:13.775568,16.2,completed,2.25
SUB204789,P101850,S5187,2025-02-06 23:48:19.394174,22.3,returned,0.0
SUB204790,P100539,S5381,2025-02-07 00:58:39.812912,9.9,completed,2.26
SUB204791,P100138,S5229,2025-02-07 01:17:17.743752,61.8,completed,7.54
SUB204792,P101287,S5085,2025-02-07 01:20:13.382039,20.4,completed,3.89
SUB204793,P100316,S5052,2025-02-07 01:28:01.896092,9.9,completed,1.48
SUB204794,P100854,S5198,2025-02-07 01:45:19.299129,17.9,completed,1.92
SUB204795,P100787,S5343,2025-02-07 02:11:32.251966,35.9,completed,5.58
SUB204796,P101287,S5355,2025-02-07 04:20:13.382039,38.8,timed_out,0.0
SUB204797,P102288,S5385,2025-02-07 04:39:30.237777,27.9,completed,4.8
SUB204798,P101381,S5194,2025-02-07 04:53:16.448738,18.7,completed,3.46
SUB204799,P100282,S5120,2025-02-07 06:08:09.843237,23.9,completed,3.32
SUB204800,P100852,S5027,2025-02-07 06:50:38.024849,47.4,returned,0.0
SUB204801,P100854,S5438,2025-02-07 07:45:19.299129,18.7,completed,3.47
SUB204802,P101803,S5070,2025-02-07 07:50:56.214442,11.9,completed,2.73
SUB204803,P102523,S5324,2025-02-07 08:52:22.531184,14.8,completed,2.12
SUB204804,P100216,S5106,2025-02-07 12:55:53.862026,34.0,completed,5.46
SUB204805,P102845,S5076,2025-02-07 13:18:53.201991,5.8,completed,0.74
SUB204806,P100227,S5207,2025-02-07 14:19:21.027830,15.4,completed,1.78
SUB204807,P100776,S5281,2025-02-07 14:48:27.405316,9.6,completed,1.47
SUB204808,P102652,S5273,2025-02-07 15:35:09.147372,10.2,timed_out,0.0
SUB204809,P101527,S5401,2025-02-07 16:35:36.453836,6.6,completed,1.35
SUB204810,P101128,S5200,2025-02-07 16:50:27.548536,23.1,completed,2.77
SUB204811,P100975,S5341,2025-02-07 17:35:17.896481,25.9,completed,3.95
SUB204812,P102312,S5405,2025-02-07 18:00:50.761992,14.3,completed,2.48
SUB204813,P100406,S5047,2025-02-07 18:11:26.180792,15.7,completed,2.56
SUB204814,P101545,S5027,2025-02-07 19:18:00.076162,32.8,timed_out,0.0
SUB204815,P102183,S5083,2025-02-07 19:28:41.003522,5.3,completed,0.8
SUB204816,P101914,S5334,2025-02-07 21:45:57.985485,18.3,completed,3.44
SUB204817,P102450,S5087,2025-02-07 23:51:14.980486,11.5,returned,0.0
SUB204818,P102523,S5059,2025-02-07 23:52:22.531184,13.5,completed,2.37
SUB204819,P102622,S5435,2025-02-07 23:54:06.818942,27.1,completed,4.04
SUB204820,P100787,S5234,2025-02-08 00:11:32.251966,25.1,completed,3.29
SUB204821,P100018,S5277,2025-02-08 00:39:21.113261,3.4,completed,0.88
SUB204822,P100426,S5182,2025-02-08 01:13:32.745508,11.3,completed,2.14
SUB204823,P100281,S5153,2025-02-08 04:07:19.576028,29.3,returned,0.0
SUB204824,P102336,S5037,2025-02-08 04:48:21.770026,6.7,completed,1.34
SUB204825,P102009,S5001,2025-02-08 05:43:53.776970,6.0,completed,1.14
SUB204826,P100895,S5198,2025-02-08 07:02:59.956389,15.8,completed,1.92
SUB204827,P102450,S5045,2025-02-08 07:51:14.980486,18.0,completed,2.51
SUB204828,P100739,S5008,2025-02-08 08:11:54.642752,33.8,completed,9.33
SUB204829,P101287,S5397,2025-02-08 09:20:13.382039,21.8,completed,2.96
SUB204830,P100964,S5279,2025-02-08 09:52:57.606661,10.1,completed,1.83
SUB204831,P101652,S5211,2025-02-08 10:17:39.250030,24.1,completed,3.62
SUB204832,P101690,S5329,2025-02-08 10:53:19.391737,12.2,completed,2.64
SUB204833,P101070,S5312,2025-02-08 11:21:31.500126,11.6,completed,2.82
SUB204834,P100896,S5231,2025-02-08 13:13:17.817717,13.7,completed,3.05
SUB204835,P100386,S5069,2025-02-08 13:52:24.198265,17.8,completed,2.97
SUB204836,P101777,S5412,2025-02-08 14:20:11.658236,24.4,completed,5.45
SUB204837,P101819,S5423,2025-02-08 16:29:10.312279,16.0,completed,2.7
SUB204838,P102148,S5064,2025-02-08 16:46:38.679953,14.2,completed,1.98
SUB204839,P102336,S5095,2025-02-08 16:48:21.770026,7.8,completed,0.98
SUB204840,P102144,S5340,2025-02-08 17:51:06.540507,10.7,completed,2.31
SUB204841,P100605,S5137,2025-02-08 18:45:51.735127,30.1,completed,6.57
SUB204842,P100060,S5000,2025-02-08 19:11:21.821649,35.4,completed,6.05
SUB204843,P102362,S5038,2025-02-08 20:41:44.967570,31.2,completed,4.91
SUB204844,P102009,S5424,2025-02-08 21:43:53.776970,13.9,completed,2.82
SUB204845,P101652,S5423,2025-02-08 22:17:39.250030,14.9,completed,2.7
SUB204846,P101987,S5411,2025-02-09 03:32:41.147465,32.6,completed,5.63
SUB204847,P102383,S5366,2025-02-09 03:39:08.885742,21.0,completed,4.22
SUB204848,P100153,S5340,2025-02-09 03:57:14.114443,10.0,timed_out,0.0
SUB204849,P100281,S5336,2025-02-09 05:07:19.576028,13.5,completed,2.55
SUB204850,P100746,S5185,2025-02-09 06:03:09.694094,29.4,completed,5.65
SUB204851,P101587,S5132,2025-02-09 06:03:19.589213,24.3,completed,4.18
SUB204852,P100328,S5346,2025-02-09 07:25:11.815513,60.5,completed,10.53
SUB204853,P102647,S5282,2025-02-09 07:47:04.516181,17.8,timed_out,0.0
SUB204854,P101702,S5441,2025-02-09 08:35:35.145666,21.0,completed,5.78
SUB204855,P100525,S5053,2025-02-09 08:55:41.045594,10.5,completed,1.9
SUB204856,P101420,S5017,2025-02-09 08:58:14.456381,10.6,completed,2.08
SUB204857,P100443,S5005,2025-02-09 09:00:28.658566,14.8,returned,0.0
SUB204858,P102263,S5000,2025-02-09 09:30:02.583980,34.1,completed,6.05
SUB204859,P102723,S5107,2025-02-09 09:34:30.306036,9.8,completed,1.66
SUB204860,P100623,S5082,2025-02-09 11:18:31.151940,9.6,completed,1.14
SUB204861,P101736,S5281,2025-02-09 12:37:03.751009,7.5,completed,1.47
SUB204862,P102412,S5083,2025-02-09 15:07:34.069164,7.0,completed,0.8
SUB204863,P102391,S5070,2025-02-09 15:30:21.363214,11.7,returned,0.0
SUB204864,P101653,S5148,2025-02-09 15:41:23.874831,13.9,completed,2.06
SUB204865,P101118,S5120,2025-02-09 16:51:10.684797,18.5,completed,3.32
SUB204866,P101450,S5444,2025-02-09 18:55:00.918041,2.0,completed,0.33
SUB204867,P100746,S5107,2025-02-09 21:03:09.694094,12.2,completed,1.66
SUB204868,P102378,S5106,2025-02-09 21:25:13.221065,28.4,returned,0.0
SUB204869,P100776,S5206,2025-02-09 21:48:27.405316,18.7,completed,1.88
SUB204870,P101803,S5273,2025-02-09 21:50:56.214442,11.5,completed,1.67
SUB204871,P100848,S5153,2025-02-09 22:09:24.712006,25.1,completed,5.51
SUB204872,P102450,S5032,2025-02-09 22:51:14.980486,11.1,completed,1.77
SUB204873,P100386,S5277,2025-02-09 22:52:24.198265,5.4,completed,0.88
SUB204874,P101405,S5187,2025-02-09 22:52:27.324575,27.7,completed,3.11
SUB204875,P101290,S5430,2025-02-10 00:37:46.861222,3.4,completed,0.51
SUB204876,P101287,S5258,2025-02-10 02:20:13.382039,17.1,completed,2.75
SUB204877,P100985,S5187,2025-02-10 03:58:53.608776,22.3,timed_out,0.0
SUB204878,P100969,S5435,2025-02-10 05:30:26.102223,33.7,completed,4.04
SUB204879,P102669,S5219,2025-02-10 05:34:46.795358,33.3,completed,5.27
SUB204880,P100746,S5107,2025-02-10 06:03:09.694094,11.8,completed,1.66
SUB204881,P100386,S5218,2025-02-10 06:52:24.198265,7.4,rejected,0.0
SUB204882,P101188,S5332,2025-02-10 07:23:12.402576,7.0,completed,1.23
SUB204883,P102378,S5115,2025-02-10 08:25:13.221065,3.1,completed,0.64
SUB204884,P100852,S5034,2025-02-10 09:50:38.024849,15.7,completed,2.11
SUB204885,P102338,S5077,2025-02-10 10:21:41.297043,12.9,completed,2.08
SUB204886,P101631,S5170,2025-02-10 11:24:18.650926,15.7,completed,3.95
SUB204887,P100975,S5327,2025-02-10 11:35:17.896481,29.5,completed,4.13
SUB204888,P102785,S5332,2025-02-10 13:15:50.029321,8.2,completed,1.23
SUB204889,P102336,S5281,2025-02-10 13:48:21.770026,9.3,completed,1.47
SUB204890,P100539,S5184,2025-02-10 13:58:39.812912,5.3,timed_out,0.0
SUB204891,P101352,S5139,2025-02-10 14:08:30.556971,28.0,completed,6.16
SUB204892,P100921,S5371,2025-02-10 14:10:10.499396,7.3,completed,1.32
SUB204893,P102202,S5124,2025-02-10 14:27:38.306088,7.0,completed,1.46
SUB204894,P101118,S5384,2025-02-10 14:51:10.684797,11.4,completed,2.81
SUB204895,P101757,S5168,2025-02-10 15:22:26.948498,7.7,completed,1.46
SUB204896,P100039,S5435,2025-02-10 17:50:12.852561,34.3,completed,4.04
SUB204897,P101295,S5264,2025-02-10 18:47:41.272075,4.4,completed,0.77
SUB204898,P102195,S5231,2025-02-10 18:50:54.099759,14.4,completed,3.05
SUB204899,P102523,S5101,2025-02-10 18:52:22.531184,9.9,completed,1.24
SUB204900,P102669,S5297,2025-02-10 20:34:46.795358,14.8,completed,2.85
SUB204901,P101652,S5120,2025-02-10 22:17:39.250030,23.4,completed,3.32
SUB204902,P102223,S5438,2025-02-10 23:39:58.804614,16.8,completed,3.47
SUB204903,P101872,S5087,2025-02-11 00:00:40.970375,10.3,completed,1.52
SUB204904,P102652,S5038,2025-02-11 00:35:09.147372,29.4,returned,0.0
SUB204905,P100350,S5266,2025-02-11 02:42:46.683450,12.3,completed,1.78
SUB204906,P101287,S5397,2025-02-11 04:20:13.382039,19.9,completed,2.96
SUB204907,P102292,S5082,2025-02-11 05:38:12.391490,8.6,completed,1.14
SUB204908,P101450,S5139,2025-02-11 05:55:00.918041,30.4,completed,6.16
SUB204909,P102223,S5271,2025-02-11 06:39:58.804614,13.4,completed,2.99
SUB204910,P102009,S5442,2025-02-11 08:43:53.776970,12.4,completed,2.61
SUB204911,P101068,S5250,2025-02-11 08:56:11.559144,6.6,completed,1.13
SUB204912,P102391,S5334,2025-02-11 09:30:21.363214,23.2,completed,3.44
SUB204913,P101394,S5271,2025-02-11 09:39:44.216382,19.1,completed,2.99
SUB204914,P100863,S5077,2025-02-11 09:48:55.737971,12.6,completed,2.08
SUB204915,P100896,S5171,2025-02-11 12:13:17.817717,3.7,completed,0.44
SUB204916,P102729,S5381,2025-02-11 12:40:59.490916,14.3,completed,2.26
SUB204917,P102305,S5048,2025-02-11 13:09:43.497985,5.6,completed,0.86
SUB204918,P101450,S5133,2025-02-11 13:55:00.918041,23.5,completed,5.5
SUB204919,P101485,S5101,2025-02-11 14:52:57.389523,8.2,completed,1.24
SUB204920,P102337,S5150,2025-02-11 15:29:08.295276,8.2,completed,1.59
SUB204921,P100566,S5191,2025-02-11 15:46:40.026009,23.3,completed,3.82
SUB204922,P100443,S5382,2025-02-11 16:00:28.658566,9.8,completed,1.68
SUB204923,P101677,S5099,2025-02-11 16:14:09.822923,23.5,completed,2.46
SUB204924,P100835,S5198,2025-02-11 16:48:37.440428,14.5,timed_out,0.0
SUB204925,P102391,S5071,2025-02-11 19:30:21.363214,6.9,completed,1.28
SUB204926,P102572,S5412,2025-02-11 19:51:14.230357,32.5,completed,5.45
SUB204927,P100023,S5026,2025-02-11 19:55:33.503424,41.4,returned,0.0
SUB204928,P101357,S5071,2025-02-11 20:02:07.756860,6.5,completed,1.28
SUB204929,P101763,S5300,2025-02-11 20:05:42.225837,37.7,completed,6.19
SUB204930,P100539,S5076,2025-02-11 20:58:39.812912,5.7,completed,0.74
SUB204931,P101357,S5171,2025-02-11 22:02:07.756860,3.4,completed,0.44
SUB204932,P101237,S5433,2025-02-11 22:28:47.865013,11.2,completed,2.07
SUB204933,P100915,S5366,2025-02-12 01:03:29.491873,22.7,completed,4.22
SUB204934,P101237,S5132,2025-02-12 02:28:47.865013,20.2,completed,4.18
SUB204935,P100539,S5120,2025-02-12 05:58:39.812912,27.6,completed,3.32
SUB204936,P100896,S5329,2025-02-12 08:13:17.817717,10.9,timed_out,0.0
SUB204937,P101587,S5169,2025-02-12 09:03:19.589213,19.2,completed,2.64
SUB204938,P102148,S5052,2025-02-12 09:46:38.679953,9.0,completed,1.48
SUB204939,P101420,S5200,2025-02-12 10:58:14.456381,25.1,completed,2.77
SUB204940,P102293,S5168,2025-02-12 11:04:55.796259,7.2,completed,1.46
SUB204941,P100060,S5032,2025-02-12 11:11:21.821649,12.2,completed,1.77
SUB204942,P102298,S5148,2025-02-12 11:56:05.564878,11.3,completed,2.06
SUB204943,P100964,S5417,2025-02-12 13:52:57.606661,17.0,rejected,0.0
SUB204944,P102343,S5148,2025-02-12 15:01:04.942488,12.3,rejected,0.0
SUB204945,P100216,S5092,2025-02-12 16:55:53.862026,15.4,completed,2.72
SUB204946,P101651,S5017,2025-02-12 17:45:31.708634,12.7,completed,2.08
SUB204947,P100250,S5340,2025-02-12 17:50:49.677380,14.9,completed,2.31
SUB204948,P101341,S5365,2025-02-12 18:44:19.571518,10.3,completed,1.75
SUB204949,P101587,S5311,2025-02-12 19:03:19.589213,36.9,completed,6.06
SUB204950,P100386,S5423,2025-02-12 19:52:24.198265,17.3,completed,2.7
SUB204951,P102312,S5422,2025-02-12 21:00:50.761992,43.8,completed,5.85
SUB204952,P101109,S5071,2025-02-12 21:02:47.975989,5.2,completed,1.28
SUB204953,P100060,S5124,2025-02-12 21:11:21.821649,6.4,completed,1.46
SUB204954,P102293,S5150,2025-02-12 23:04:55.796259,10.7,completed,1.59
SUB204955,P102229,S5440,2025-02-12 23:12:39.250004,19.7,completed,2.63
SUB204956,P102050,S5332,2025-02-13 00:43:53.020731,8.3,timed_out,0.0
SUB204957,P100921,S5315,2025-02-13 01:10:10.499396,12.7,completed,1.77
SUB204958,P102202,S5407,2025-02-13 01:27:38.306088,7.7,completed,1.37
SUB204959,P101119,S5223,2025-02-13 02:24:40.491676,12.1,rejected,0.0
SUB204960,P102409,S5268,2025-02-13 02:31:52.750822,27.3,completed,4.16
SUB204961,P100022,S5275,2025-02-13 02:40:24.273709,7.7,completed,1.52
SUB204962,P101651,S5435,2025-02-13 02:45:31.708634,34.4,completed,4.04
SUB204963,P102622,S5328,2025-02-13 02:54:06.818942,44.6,completed,6.81
SUB204964,P102009,S5216,2025-02-13 04:43:53.776970,13.1,returned,0.0
SUB204965,P101857,S5424,2025-02-13 04:51:29.386968,15.5,completed,2.82
SUB204966,P102123,S5366,2025-02-13 05:24:29.632982,28.9,completed,4.22
SUB204967,P102723,S5402,2025-02-13 05:34:30.306036,8.0,completed,1.21
SUB204968,P102669,S5120,2025-02-13 05:34:46.795358,21.2,completed,3.32
SUB204969,P102298,S5336,2025-02-13 05:56:05.564878,16.3,completed,2.55
SUB204970,P100985,S5213,2025-02-13 05:58:53.608776,9.4,completed,1.08
SUB204971,P101341,S5194,2025-02-13 06:44:19.571518,18.5,completed,3.46
SUB204972,P101914,S5223,2025-02-13 07:45:57.985485,12.3,completed,1.76
SUB204973,P102495,S5182,2025-02-13 07:57:44.555514,10.0,returned,0.0
SUB204974,P102183,S5118,2025-02-13 10:28:41.003522,11.6,completed,1.89
SUB204975,P102494,S5069,2025-02-13 11:57:09.527205,17.4,completed,2.97
SUB204976,P101119,S5385,2025-02-13 12:24:40.491676,25.5,completed,4.8
SUB204977,P102450,S5388,2025-02-13 12:51:14.980486,19.3,completed,3.85
SUB204978,P100046,S5388,2025-02-13 14:49:05.723747,15.2,completed,3.85
SUB204979,P101068,S5134,2025-02-13 14:56:11.559144,17.2,completed,3.04
SUB204980,P102335,S5150,2025-02-13 15:21:30.231620,8.9,completed,1.59
SUB204981,P100569,S5369,2025-02-13 15:45:57.343327,3.5,completed,0.67
SUB204982,P101119,S5271,2025-02-13 16:24:40.491676,17.7,completed,2.99
SUB204983,P102378,S5076,2025-02-13 16:25:13.221065,6.3,completed,0.74
SUB204984,P100677,S5343,2025-02-13 17:22:55.741697,35.1,completed,5.58
SUB204985,P102383,S5341,2025-02-13 17:39:08.885742,20.9,completed,3.95
SUB204986,P102651,S5198,2025-02-13 19:06:04.025262,14.6,completed,1.92
SUB204987,P101392,S5380,2025-02-13 19:20:53.183781,44.1,completed,9.78
SUB204988,P102669,S5188,2025-02-13 19:34:46.795358,11.8,completed,1.52
SUB204989,P100066,S5430,2025-02-13 19:58:33.438206,2.9,rejected,0.0
SUB204990,P102077,S5334,2025-02-13 23:08:12.559943,26.5,completed,3.44
SUB204991,P101287,S5305,2025-02-14 02:20:13.382039,3.9,completed,0.82
SUB204992,P102123,S5328,2025-02-14 03:24:29.632982,48.5,completed,6.81
SUB204993,P100022,S5423,2025-02-14 03:40:24.273709,16.9,completed,2.7
SUB204994,P100776,S5071,2025-02-14 03:48:27.405316,5.6,completed,1.28
SUB204995,P101703,S5027,2025-02-14 04:18:16.159889,40.4,returned,0.0
SUB204996,P102123,S5004,2025-02-14 04:24:29.632982,15.7,completed,2.25
SUB204997,P100362,S5043,2025-02-14 04:53:54.856113,14.3,completed,2.61
SUB204998,P100896,S5332,2025-02-14 05:13:17.817717,8.6,completed,1.23
SUB204999,P100316,S5069,2025-02-14 07:28:01.896092,12.2,completed,2.97
SUB205000,P101877,S5233,2025-02-14 07:56:27.337980,9.6,completed,1.99
SUB205001,P101767,S5057,2025-02-14 10:10:35.474564,16.5,rejected,0.0
SUB205002,P101575,S5356,2025-02-14 10:33:18.073797,7.3,completed,1.33
SUB205003,P101420,S5371,2025-02-14 10:58:14.456381,8.3,completed,1.32
SUB205004,P102391,S5033,2025-02-14 11:30:21.363214,15.1,completed,2.55
SUB205005,P101782,S5047,2025-02-14 12:06:49.138317,19.5,completed,2.56
SUB205006,P100964,S5120,2025-02-14 12:52:57.606661,25.3,completed,3.32
SUB205007,P101767,S5137,2025-02-14 13:10:35.474564,37.2,completed,6.57
SUB205008,P101085,S5282,2025-02-14 13:54:35.272317,20.0,completed,3.47
SUB205009,P100783,S5281,2025-02-14 14:12:55.361612,8.4,returned,0.0
SUB205010,P100018,S5032,2025-02-14 14:39:21.113261,12.1,completed,1.77
SUB205011,P101210,S5029,2025-02-14 15:06:23.808663,18.4,returned,0.0
SUB205012,P102288,S5070,2025-02-14 16:39:30.237777,13.2,completed,2.73
SUB205013,P100595,S5231,2025-02-14 17:07:20.954872,15.1,completed,3.05
SUB205014,P102323,S5043,2025-02-14 18:18:29.084577,16.8,completed,2.61
SUB205015,P100916,S5440,2025-02-14 19:22:47.687344,22.3,timed_out,0.0
SUB205016,P102409,S5000,2025-02-14 21:31:52.750822,30.2,completed,6.05
SUB205017,P100316,S5438,2025-02-14 22:28:01.896092,20.4,completed,3.47
SUB205018,P101420,S5341,2025-02-14 22:58:14.456381,22.6,completed,3.95
SUB205019,P100975,S5266,2025-02-14 23:35:17.896481,10.1,completed,1.78
SUB205020,P102148,S5258,2025-02-14 23:46:38.679953,20.0,completed,2.75
SUB205021,P100017,S5447,2025-02-14 23:54:00.520517,7.5,completed,1.56
SUB205022,P102651,S5053,2025-02-15 00:06:04.025262,13.1,completed,1.9
SUB205023,P102123,S5074,2025-02-15 00:24:29.632982,14.3,completed,3.1
SUB205024,P101378,S5175,2025-02-15 00:26:27.825286,9.1,completed,1.17
SUB205025,P101500,S5150,2025-02-15 01:17:07.397228,10.1,completed,1.59
SUB205026,P100282,S5007,2025-02-15 02:08:09.843237,12.2,completed,1.29
SUB205027,P100969,S5297,2025-02-15 02:30:26.102223,13.6,completed,2.85
SUB205028,P101503,S5197,2025-02-15 02:34:43.796299,10.8,completed,1.83
SUB205029,P101907,S5440,2025-02-15 02:50:00.715462,14.8,completed,2.63
SUB205030,P101405,S5388,2025-02-15 03:52:27.324575,14.8,completed,3.85
SUB205031,P101450,S5128,2025-02-15 03:55:00.918041,28.3,completed,4.88
SUB205032,P100022,S5258,2025-02-15 08:40:24.273709,17.1,returned,0.0
SUB205033,P100041,S5313,2025-02-15 09:18:38.190832,22.3,completed,4.36
SUB205034,P102121,S5218,2025-02-15 09:36:51.306396,5.8,completed,1.24
SUB205035,P102067,S5282,2025-02-15 10:18:42.798694,19.2,timed_out,0.0
SUB205036,P102050,S5083,2025-02-15 11:43:53.020731,5.7,completed,0.8
SUB205037,P100852,S5036,2025-02-15 11:50:38.024849,3.1,completed,0.5
SUB205038,P101357,S5045,2025-02-15 12:02:07.756860,18.2,completed,2.51
SUB205039,P100570,S5132,2025-02-15 12:29:40.642345,17.6,completed,4.18
SUB205040,P101381,S5003,2025-02-15 12:53:16.448738,7.5,completed,1.74
SUB205041,P100019,S5442,2025-02-15 14:15:00.452941,14.9,completed,2.61
SUB205042,P102158,S5191,2025-02-15 15:30:47.279906,23.9,returned,0.0
SUB205043,P101232,S5047,2025-02-15 16:11:30.147814,19.5,completed,2.56
SUB205044,P100975,S5185,2025-02-15 16:35:17.896481,24.3,completed,5.65
SUB205045,P101341,S5108,2025-02-15 17:44:19.571518,21.7,completed,3.24
SUB205046,P100921,S5366,2025-02-15 18:10:10.499396,30.4,completed,4.22
SUB205047,P101287,S5027,2025-02-15 19:20:13.382039,47.2,completed,7.63
SUB205048,P101009,S5264,2025-02-15 20:55:59.848673,4.4,completed,0.77
SUB205049,P102202,S5068,2025-02-15 21:27:38.306088,8.4,completed,1.02
SUB205050,P102494,S5417,2025-02-15 21:57:09.527205,17.0,completed,1.78
SUB205051,P100916,S5057,2025-02-15 22:22:47.687344,14.4,completed,3.43
SUB205052,P100784,S5087,2025-02-15 23:17:00.791259,11.4,completed,1.52
SUB205053,P102202,S5334,2025-02-16 01:27:38.306088,25.0,completed,3.44
SUB205054,P100783,S5182,2025-02-16 02:12:55.361612,12.2,completed,2.14
SUB205055,P102323,S5366,2025-02-16 02:18:29.084577,21.6,completed,4.22
SUB205056,P101987,S5412,2025-02-16 02:32:41.147465,33.5,completed,5.45
SUB205057,P101726,S5216,2025-02-16 02:51:16.589895,19.2,completed,2.13
SUB205058,P100643,S5029,2025-02-16 03:06:12.877962,19.8,completed,2.96
SUB205059,P101524,S5003,2025-02-16 03:19:18.289396,8.4,completed,1.74
SUB205060,P100677,S5376,2025-02-16 03:22:55.741697,23.5,completed,4.64
SUB205061,P101204,S5365,2025-02-16 03:49:53.254996,9.8,completed,1.75
SUB205062,P101009,S5128,2025-02-16 03:55:59.848673,27.7,completed,4.88
SUB205063,P100787,S5033,2025-02-16 04:11:32.251966,20.1,rejected,0.0
SUB205064,P100227,S5061,2025-02-16 05:19:21.027830,8.3,completed,1.35
SUB205065,P100743,S5172,2025-02-16 06:15:44.052427,10.9,completed,1.58
SUB205066,P102880,S5300,2025-02-16 07:49:08.291233,36.1,completed,6.19
SUB205067,P100282,S5118,2025-02-16 08:08:09.843237,9.4,completed,1.89
SUB205068,P100216,S5029,2025-02-16 08:55:53.862026,20.9,completed,2.96
SUB205069,P101137,S5036,2025-02-16 10:26:01.676522,2.7,completed,0.5
SUB205070,P101961,S5106,2025-02-16 11:20:33.317306,28.0,completed,5.46
SUB205071,P102199,S5106,2025-02-16 12:20:11.191399,28.6,completed,5.46
SUB205072,P101381,S5427,2025-02-16 14:53:16.448738,28.3,completed,3.87
SUB205073,P100362,S5312,2025-02-16 14:53:54.856113,11.8,completed,2.82
SUB205074,P100402,S5336,2025-02-16 15:29:17.234234,18.2,returned,0.0
SUB205075,P102148,S5250,2025-02-16 15:46:38.679953,6.1,completed,1.13
SUB205076,P102572,S5001,2025-02-16 15:51:14.230357,5.9,completed,1.14
SUB205077,P101262,S5137,2025-02-16 16:35:16.844124,33.4,completed,6.57
SUB205078,P100784,S5446,2025-02-16 17:17:00.791259,13.9,returned,0.0
SUB205079,P100854,S5034,2025-02-16 18:45:19.299129,13.6,completed,2.11
SUB205080,P102391,S5427,2025-02-16 19:30:21.363214,21.5,completed,3.87
SUB205081,P100978,S5345,2025-02-16 20:06:24.349101,17.4,completed,3.79
SUB205082,P102880,S5101,2025-02-16 21:49:08.291233,6.6,completed,1.24
SUB205083,P100019,S5056,2025-02-16 22:15:00.452941,29.2,completed,5.22
SUB205084,P102271,S5358,2025-02-16 23:34:12.201943,7.1,completed,0.91
SUB205085,P100916,S5191,2025-02-17 00:22:47.687344,22.5,completed,3.82
SUB205086,P100985,S5170,2025-02-17 00:58:53.608776,18.0,completed,3.95
SUB205087,P101450,S5447,2025-02-17 01:55:00.918041,8.7,completed,1.56
SUB205088,P100978,S5005,2025-02-17 02:06:24.349101,14.3,completed,2.38
SUB205089,P100282,S5118,2025-02-17 03:08:09.843237,10.5,completed,1.89
SUB205090,P100096,S5420,2025-02-17 04:25:04.064461,38.9,returned,0.0
SUB205091,P102016,S5065,2025-02-17 05:09:33.608229,13.7,completed,2.03
SUB205092,P102293,S5233,2025-02-17 06:04:55.796259,13.5,completed,1.99
SUB205093,P100677,S5182,2025-02-17 06:22:55.741697,11.7,timed_out,0.0
SUB205094,P102444,S5420,2025-02-17 09:09:14.900304,42.1,completed,7.8
SUB205095,P101524,S5034,2025-02-17 09:19:18.289396,17.2,completed,2.11
SUB205096,P100776,S5007,2025-02-17 09:48:27.405316,9.8,completed,1.29
SUB205097,P100578,S5164,2025-02-17 09:57:17.465319,15.4,completed,2.6
SUB205098,P101690,S5223,2025-02-17 10:53:19.391737,12.8,completed,1.76
SUB205099,P102449,S5307,2025-02-17 11:37:20.068947,30.1,completed,4.57
SUB205100,P100066,S5354,2025-02-17 11:58:33.438206,24.2,completed,5.67
SUB205101,P100362,S5038,2025-02-17 13:53:54.856113,32.0,completed,4.91
SUB205102,P102302,S5388,2025-02-17 15:35:25.795009,20.0,completed,3.85
SUB205103,P101085,S5052,2025-02-17 15:54:35.272317,10.8,returned,0.0
SUB205104,P100915,S5010,2025-02-17 16:03:29.491873,24.4,completed,3.21
SUB205105,P102133,S5074,2025-02-17 18:09:51.450690,17.6,completed,3.1
SUB205106,P102495,S5425,2025-02-17 18:57:44.555514,10.3,completed,2.54
SUB205107,P101524,S5307,2025-02-17 21:19:18.289396,34.8,completed,4.57
SUB205108,P100578,S5249,2025-02-18 00:57:17.465319,20.2,completed,2.91
SUB205109,P102343,S5267,2025-02-18 01:01:04.942488,27.4,completed,3.64
SUB205110,P101878,S5077,2025-02-18 01:10:49.997613,15.1,returned,0.0
SUB205111,P100896,S5397,2025-02-18 01:13:17.817717,20.9,returned,0.0
SUB205112,P102123,S5405,2025-02-18 02:24:29.632982,13.7,completed,2.48
SUB205113,P102323,S5209,2025-02-18 03:18:29.084577,22.9,timed_out,0.0
SUB205114,P100608,S5264,2025-02-18 05:20:19.594766,6.3,completed,0.77
SUB205115,P102338,S5438,2025-02-18 05:21:41.297043,15.6,rejected,0.0
SUB205116,P102063,S5169,2025-02-18 05:59:49.030399,14.1,rejected,0.0
SUB205117,P102605,S5055,2025-02-18 07:36:10.018316,12.4,completed,2.11
SUB205118,P101381,S5381,2025-02-18 07:53:16.448738,10.3,completed,2.26
SUB205119,P102987,S5026,2025-02-18 08:14:11.706602,37.3,completed,6.67
SUB205120,P102456,S5074,2025-02-18 08:19:20.246111,15.4,completed,3.1
SUB205121,P100746,S5041,2025-02-18 09:03:09.694094,15.5,completed,2.54
SUB205122,P100060,S5132,2025-02-18 10:11:21.821649,26.3,completed,4.18
SUB205123,P100180,S5307,2025-02-18 10:28:15.560223,36.5,completed,4.57
SUB205124,P102651,S5096,2025-02-18 11:06:04.025262,10.3,completed,1.96
SUB205125,P102305,S5168,2025-02-18 13:09:43.497985,5.9,completed,1.46
SUB205126,P100316,S5356,2025-02-18 13:28:01.896092,7.6,completed,1.33
SUB205127,P100743,S5332,2025-02-18 16:15:44.052427,7.6,completed,1.23
SUB205128,P101703,S5425,2025-02-18 16:18:16.159889,9.5,completed,2.54
SUB205129,P100175,S5004,2025-02-18 16:21:41.742141,15.4,completed,2.25
SUB205130,P100275,S5121,2025-02-18 16:29:08.604344,22.6,completed,4.46
SUB205131,P100570,S5115,2025-02-18 18:29:40.642345,2.5,completed,0.64
SUB205132,P100095,S5315,2025-02-18 18:40:18.129546,10.8,completed,1.77
SUB205133,P102458,S5115,2025-02-18 19:02:23.947582,3.0,completed,0.64
SUB205134,P102009,S5055,2025-02-18 20:43:53.776970,14.5,completed,2.11
SUB205135,P102564,S5107,2025-02-18 20:51:16.753826,11.6,completed,1.66
SUB205136,P100605,S5256,2025-02-18 21:45:51.735127,27.7,completed,4.49
SUB205137,P100848,S5148,2025-02-19 00:09:24.712006,16.2,completed,2.06
SUB205138,P100097,S5371,2025-02-19 00:37:53.168597,8.3,completed,1.32
SUB205139,P101068,S5171,2025-02-19 00:56:11.559144,2.4,completed,0.44
SUB205140,P100147,S5139,2025-02-19 01:00:12.565852,28.6,completed,6.16
SUB205141,P102358,S5034,2025-02-19 01:35:07.695909,13.5,timed_out,0.0
SUB205142,P101341,S5207,2025-02-19 01:44:19.571518,11.7,rejected,0.0
SUB205143,P102123,S5266,2025-02-19 02:24:29.632982,10.7,completed,1.78
SUB205144,P101290,S5258,2025-02-19 03:37:46.861222,23.5,completed,2.75
SUB205145,P101274,S5275,2025-02-19 04:45:43.688225,11.4,completed,1.52
SUB205146,P102458,S5004,2025-02-19 05:02:23.947582,13.0,completed,2.25
SUB205147,P102338,S5223,2025-02-19 06:21:41.297043,13.6,completed,1.76
SUB205148,P102298,S5248,2025-02-19 06:56:05.564878,13.9,completed,2.27
SUB205149,P100623,S5183,2025-02-19 07:18:31.151940,7.5,completed,1.35
SUB205150,P102077,S5169,2025-02-19 09:08:12.559943,17.0,completed,2.64
SUB205151,P101181,S5207,2025-02-19 11:20:38.307143,14.4,completed,1.78
SUB205152,P100316,S5332,2025-02-19 12:28:01.896092,9.9,completed,1.23
SUB205153,P102804,S5198,2025-02-19 12:49:54.119389,17.7,timed_out,0.0
SUB205154,P100268,S5433,2025-02-19 13:59:15.040584,13.3,completed,2.07
SUB205155,P102067,S5059,2025-02-19 15:18:42.798694,15.0,completed,2.37
SUB205156,P102063,S5164,2025-02-19 16:59:49.030399,15.6,completed,2.6
SUB205157,P100457,S5329,2025-02-19 17:28:36.542503,10.0,completed,2.64
SUB205158,P101137,S5336,2025-02-19 18:26:01.676522,14.1,returned,0.0
SUB205159,P101872,S5209,2025-02-19 19:00:40.970375,22.8,completed,4.12
SUB205160,P100595,S5431,2025-02-19 20:07:20.954872,11.4,completed,2.03
SUB205161,P102458,S5038,2025-02-19 22:02:23.947582,31.0,completed,4.91
SUB205162,P101287,S5056,2025-02-19 22:20:13.382039,31.2,completed,5.22
SUB205163,P102338,S5388,2025-02-19 22:21:41.297043,19.2,completed,3.85
SUB205164,P101501,S5114,2025-02-19 23:15:49.602141,30.3,completed,6.95
SUB205165,P102051,S5263,2025-02-20 00:12:17.029176,29.8,completed,5.29
SUB205166,P102335,S5316,2025-02-20 00:21:30.231620,6.3,completed,1.21
SUB205167,P100362,S5423,2025-02-20 00:53:54.856113,15.7,completed,2.7
SUB205168,P100985,S5033,2025-02-20 00:58:53.608776,17.6,completed,2.55
SUB205169,P101961,S5017,2025-02-20 01:20:33.317306,9.9,completed,2.08
SUB205170,P102229,S5194,2025-02-20 03:12:39.250004,21.7,timed_out,0.0
SUB205171,P100570,S5206,2025-02-20 04:29:40.642345,17.3,returned,0.0
SUB205172,P100857,S5200,2025-02-20 05:01:11.724319,20.1,completed,2.77
SUB205173,P102987,S5234,2025-02-20 05:14:11.706602,30.7,timed_out,0.0
SUB205174,P100019,S5358,2025-02-20 06:15:00.452941,8.1,completed,0.91
SUB205175,P100386,S5008,2025-02-20 07:52:24.198265,48.4,completed,9.33
SUB205176,P101485,S5264,2025-02-20 08:52:57.389523,6.1,completed,0.77
SUB205177,P100975,S5262,2025-02-20 10:35:17.896481,12.3,completed,2.3
SUB205178,P100743,S5341,2025-02-20 11:15:44.052427,19.0,rejected,0.0
SUB205179,P101369,S5205,2025-02-20 13:35:19.515166,21.5,completed,3.34
SUB205180,P100138,S5041,2025-02-20 14:17:17.743752,24.7,completed,2.54
SUB205181,P100904,S5250,2025-02-20 14:28:20.491329,5.7,completed,1.13
SUB205182,P102651,S5144,2025-02-20 15:06:04.025262,40.3,completed,6.85
SUB205183,P101690,S5279,2025-02-20 16:53:19.391737,11.6,completed,1.83
SUB205184,P100142,S5029,2025-02-20 17:30:36.671698,24.7,returned,0.0
SUB205185,P102572,S5185,2025-02-20 17:51:14.230357,30.4,completed,5.65
SUB205186,P102383,S5003,2025-02-20 18:39:08.885742,8.0,completed,1.74
SUB205187,P101878,S5262,2025-02-20 19:10:49.997613,13.2,timed_out,0.0
SUB205188,P100023,S5226,2025-02-20 19:55:33.503424,29.0,completed,4.72
SUB205189,P101878,S5441,2025-02-20 20:10:49.997613,22.8,completed,5.78
SUB205190,P101068,S5056,2025-02-20 20:56:11.559144,27.8,completed,5.22
SUB205191,P100978,S5340,2025-02-20 21:06:24.349101,10.2,completed,2.31
SUB205192,P102523,S5120,2025-02-20 21:52:22.531184,28.1,completed,3.32
SUB205193,P101443,S5065,2025-02-20 22:33:50.146842,10.6,completed,2.03
SUB205194,P100921,S5381,2025-02-21 00:10:10.499396,10.4,completed,2.26
SUB205195,P101188,S5205,2025-02-21 01:23:12.402576,19.0,completed,3.34
SUB205196,P102572,S5048,2025-02-21 03:51:14.230357,4.8,completed,0.86
SUB205197,P101767,S5082,2025-02-21 05:10:35.474564,7.0,completed,1.14
SUB205198,P100963,S5271,2025-02-21 07:34:38.614171,13.1,completed,2.99
SUB205199,P100097,S5208,2025-02-21 07:37:53.168597,5.4,completed,0.85
SUB205200,P102729,S5380,2025-02-21 07:40:59.490916,39.4,returned,0.0
SUB205201,P100350,S5422,2025-02-21 08:42:46.683450,38.6,completed,5.85
SUB205202,P100569,S5356,2025-02-21 08:45:57.343327,6.4,timed_out,0.0
SUB205203,P100915,S5203,2025-02-21 09:03:29.491873,11.6,completed,1.75
SUB205204,P101663,S5029,2025-02-21 10:14:38.309605,16.3,completed,2.96
SUB205205,P102277,S5424,2025-02-21 11:07:37.304860,17.0,returned,0.0
SUB205206,P100136,S5248,2025-02-21 11:43:40.653199,14.4,returned,0.0
SUB205207,P101118,S5405,2025-02-21 13:51:10.684797,13.9,completed,2.48
SUB205208,P101878,S5048,2025-02-21 14:10:49.997613,3.9,completed,0.86
SUB205209,P100784,S5219,2025-02-21 14:17:00.791259,30.9,completed,5.27
SUB205210,P102556,S5161,2025-02-21 14:24:57.197896,16.9,completed,1.91
SUB205211,P102804,S5017,2025-02-21 14:49:54.119389,9.9,completed,2.08
SUB205212,P100871,S5149,2025-02-21 15:18:48.846147,4.7,completed,1.19
SUB205213,P101212,S5411,2025-02-21 16:35:08.764101,40.8,completed,5.63
SUB205214,P100539,S5438,2025-02-21 16:58:39.812912,18.8,completed,3.47
SUB205215,P101237,S5055,2025-02-21 17:28:47.865013,12.9,completed,2.11
SUB205216,P102556,S5275,2025-02-21 20:24:57.197896,11.4,completed,1.52
SUB205217,P100066,S5191,2025-02-21 20:58:33.438206,16.7,completed,3.82
SUB205218,P101907,S5350,2025-02-21 21:50:00.715462,15.5,completed,3.08
SUB205219,P101726,S5356,2025-02-21 21:51:16.589895,5.6,returned,0.0
SUB205220,P100739,S5371,2025-02-21 22:11:54.642752,7.6,completed,1.32
SUB205221,P100784,S5424,2025-02-21 22:17:00.791259,17.0,returned,0.0
SUB205222,P101961,S5273,2025-02-21 23:20:33.317306,12.6,completed,1.67
SUB205223,P100142,S5144,2025-02-21 23:30:36.671698,32.1,completed,6.85
SUB205224,P100066,S5059,2025-02-22 00:58:33.438206,16.8,completed,2.37
SUB205225,P101443,S5216,2025-02-22 02:33:50.146842,17.8,completed,2.13
SUB205226,P102605,S5187,2025-02-22 03:36:10.018316,29.1,returned,0.0
SUB205227,P101545,S5168,2025-02-22 04:18:00.076162,8.9,completed,1.46
SUB205228,P102229,S5068,2025-02-22 05:12:39.250004,9.0,returned,0.0
SUB205229,P101539,S5093,2025-02-22 06:54:42.822690,15.4,completed,2.24
SUB205230,P101663,S5087,2025-02-22 08:14:38.309605,8.0,completed,1.52
SUB205231,P100066,S5206,2025-02-22 09:58:33.438206,11.9,completed,1.88
SUB205232,P100963,S5050,2025-02-22 10:34:38.614171,23.5,completed,3.96
SUB205233,P100852,S5198,2025-02-22 11:50:38.024849,12.4,completed,1.92
SUB205234,P101819,S5222,2025-02-22 13:29:10.312279,44.7,returned,0.0
SUB205235,P102245,S5385,2025-02-22 14:19:20.610628,21.0,completed,4.8
SUB205236,P102391,S5256,2025-02-22 14:30:21.363214,21.6,completed,4.49
SUB205237,P101204,S5425,2025-02-22 14:49:53.254996,9.9,completed,2.54
SUB205238,P102343,S5185,2025-02-22 15:01:04.942488,33.9,completed,5.65
SUB205239,P100904,S5101,2025-02-22 16:28:20.491329,9.1,completed,1.24
SUB205240,P102256,S5211,2025-02-22 16:39:59.180069,23.8,completed,3.62
SUB205241,P100608,S5343,2025-02-22 17:20:19.594766,37.5,completed,5.58
SUB205242,P102302,S5056,2025-02-22 17:35:25.795009,29.6,completed,5.22
SUB205243,P101068,S5121,2025-02-22 18:56:11.559144,34.7,completed,4.46
SUB205244,P102987,S5369,2025-02-22 19:14:11.706602,4.5,completed,0.67
SUB205245,P100578,S5001,2025-02-22 19:57:17.465319,7.0,completed,1.14
SUB205246,P101181,S5311,2025-02-22 21:20:38.307143,24.6,timed_out,0.0
SUB205247,P100904,S5315,2025-02-22 22:28:20.491329,11.0,completed,1.77
SUB205248,P102277,S5069,2025-02-23 00:07:37.304860,16.9,completed,2.97
SUB205249,P100969,S5222,2025-02-23 02:30:26.102223,37.8,completed,7.62
SUB205250,P100566,S5124,2025-02-23 02:46:40.026009,8.1,completed,1.46
SUB205251,P101076,S5161,2025-02-23 02:50:07.163773,14.0,completed,1.91
SUB205252,P101500,S5264,2025-02-23 03:17:07.397228,5.4,completed,0.77
SUB205253,P100871,S5229,2025-02-23 03:18:48.846147,54.7,completed,7.54
SUB205254,P102987,S5446,2025-02-23 04:14:11.706602,11.5,completed,2.29
SUB205255,P102009,S5273,2025-02-23 04:43:53.776970,12.9,completed,1.67
SUB205256,P101872,S5103,2025-02-23 05:00:40.970375,24.3,completed,3.8
SUB205257,P101181,S5279,2025-02-23 05:20:38.307143,8.4,completed,1.83
SUB205258,P102336,S5311,2025-02-23 05:48:21.770026,36.8,completed,6.06
SUB205259,P102133,S5033,2025-02-23 07:09:51.450690,16.8,completed,2.55
SUB205260,P101767,S5324,2025-02-23 07:10:35.474564,15.8,completed,2.12
SUB205261,P101545,S5340,2025-02-23 08:18:00.076162,12.4,completed,2.31
SUB205262,P101290,S5071,2025-02-23 08:37:46.861222,6.4,timed_out,0.0
SUB205263,P101329,S5441,2025-02-23 09:07:48.707258,28.3,completed,5.78
SUB205264,P100417,S5234,2025-02-23 10:20:19.783555,23.8,completed,3.29
SUB205265,P101479,S5103,2025-02-23 10:34:11.315533,18.2,completed,3.8
SUB205266,P100136,S5045,2025-02-23 10:43:40.653199,14.1,completed,2.51
SUB205267,P102685,S5021,2025-02-23 10:54:06.066527,10.4,completed,1.58
SUB205268,P101872,S5009,2025-02-23 11:00:40.970375,49.1,completed,7.89
SUB205269,P100227,S5205,2025-02-23 11:19:21.027830,17.4,completed,3.34
SUB205270,P100147,S5230,2025-02-23 12:00:12.565852,30.8,completed,4.69
SUB205271,P102773,S5375,2025-02-23 12:35:47.888443,54.9,completed,8.07
SUB205272,P100017,S5248,2025-02-23 12:54:00.520517,16.4,completed,2.27
SUB205273,P102723,S5233,2025-02-23 13:34:30.306036,10.1,completed,1.99
SUB205274,P102556,S5402,2025-02-23 14:24:57.197896,8.4,completed,1.21
SUB205275,P101109,S5282,2025-02-23 15:02:47.975989,17.0,completed,3.47
SUB205276,P101501,S5143,2025-02-23 15:15:49.602141,17.5,completed,2.39
SUB205277,P100677,S5132,2025-02-23 15:22:55.741697,18.2,completed,4.18
SUB205278,P100904,S5103,2025-02-23 15:28:20.491329,23.0,completed,3.8
SUB205279,P101125,S5427,2025-02-23 16:13:00.918610,22.1,completed,3.87
SUB205280,P100608,S5097,2025-02-23 17:20:19.594766,15.8,completed,2.1
SUB205281,P100969,S5040,2025-02-23 17:30:26.102223,32.8,completed,5.02
SUB205282,P101501,S5106,2025-02-23 20:15:49.602141,35.9,completed,5.46
SUB205283,P100692,S5402,2025-02-23 21:32:21.376272,8.7,completed,1.21
SUB205284,P101210,S5001,2025-02-23 22:06:23.808663,6.7,completed,1.14
SUB205285,P100175,S5150,2025-02-23 22:21:41.742141,7.2,completed,1.59
SUB205286,P101274,S5424,2025-02-23 23:45:43.688225,12.7,completed,2.82
SUB205287,P102450,S5083,2025-02-23 23:51:14.980486,6.8,completed,0.8
SUB205288,P102291,S5441,2025-02-23 23:53:19.688739,26.0,completed,5.78
SUB205289,P100142,S5003,2025-02-24 00:30:36.671698,7.3,returned,0.0
SUB205290,P101907,S5167,2025-02-24 00:50:00.715462,20.2,completed,2.09
SUB205291,P102336,S5200,2025-02-24 01:48:21.770026,17.3,completed,2.77
SUB205292,P100281,S5420,2025-02-24 02:07:19.576028,39.4,completed,7.8
SUB205293,P100295,S5389,2025-02-24 03:04:15.414131,32.6,completed,4.82
SUB205294,P102016,S5041,2025-02-24 03:09:33.608229,20.7,completed,2.54
SUB205295,P101443,S5164,2025-02-24 03:33:50.146842,19.0,completed,2.6
SUB205296,P101290,S5356,2025-02-24 03:37:46.861222,6.5,returned,0.0
SUB205297,P102067,S5076,2025-02-24 08:18:42.798694,4.9,completed,0.74
SUB205298,P102202,S5422,2025-02-24 08:27:38.306088,30.1,completed,5.85
SUB205299,P100533,S5205,2025-02-24 09:12:49.427056,21.7,completed,3.34
SUB205300,P102338,S5178,2025-02-24 09:21:41.297043,9.7,completed,1.47
SUB205301,P100175,S5376,2025-02-24 09:21:41.742141,19.6,completed,4.64
SUB205302,P100023,S5156,2025-02-24 09:55:33.503424,16.7,completed,1.7
SUB205303,P100915,S5115,2025-02-24 10:03:29.491873,3.1,completed,0.64
SUB205304,P100019,S5188,2025-02-24 10:15:00.452941,13.0,completed,1.52
SUB205305,P100743,S5191,2025-02-24 10:15:44.052427,22.9,completed,3.82
SUB205306,P100386,S5289,2025-02-24 10:52:24.198265,26.8,completed,6.11
SUB205307,P101405,S5085,2025-02-24 10:52:27.324575,15.5,timed_out,0.0
SUB205308,P100125,S5329,2025-02-24 11:02:36.748826,11.7,returned,0.0
SUB205309,P100350,S5405,2025-02-24 13:42:46.683450,12.0,completed,2.48
SUB205310,P101450,S5229,2025-02-24 13:55:00.918041,57.8,completed,7.54
SUB205311,P101878,S5036,2025-02-24 15:10:49.997613,3.2,completed,0.5
SUB205312,P100402,S5191,2025-02-24 15:29:17.234234,22.4,completed,3.82
SUB205313,P102685,S5087,2025-02-24 15:54:06.066527,11.1,completed,1.52
SUB205314,P100125,S5366,2025-02-24 16:02:36.748826,20.2,timed_out,0.0
SUB205315,P102723,S5282,2025-02-24 16:34:30.306036,17.6,completed,3.47
SUB205316,P101378,S5424,2025-02-24 17:26:27.825286,13.9,timed_out,0.0
SUB205317,P102723,S5016,2025-02-24 17:34:30.306036,8.4,completed,1.61
SUB205318,P100835,S5264,2025-02-24 17:48:37.440428,5.0,completed,0.77
SUB205319,P101274,S5199,2025-02-24 18:45:43.688225,18.6,returned,0.0
SUB205320,P102343,S5092,2025-02-24 19:01:04.942488,17.7,rejected,0.0
SUB205321,P102458,S5138,2025-02-24 20:02:23.947582,10.6,completed,1.79
SUB205322,P102987,S5418,2025-02-24 23:14:11.706602,12.1,completed,1.77
SUB205323,P100969,S5031,2025-02-25 01:30:26.102223,8.7,completed,0.91
SUB205324,P100095,S5286,2025-02-25 01:40:18.129546,28.2,completed,6.85
SUB205325,P100023,S5441,2025-02-25 01:55:33.503424,28.0,completed,5.78
SUB205326,P100041,S5423,2025-02-25 03:18:38.190832,14.0,completed,2.7
SUB205327,P102494,S5233,2025-02-25 04:57:09.527205,12.4,timed_out,0.0
SUB205328,P100569,S5194,2025-02-25 05:45:57.343327,20.7,completed,3.46
SUB205329,P102148,S5369,2025-02-25 06:46:38.679953,4.8,completed,0.67
SUB205330,P100227,S5029,2025-02-25 08:19:21.027830,24.1,completed,2.96
SUB205331,P101381,S5376,2025-02-25 08:53:16.448738,18.7,completed,4.64
SUB205332,P100180,S5402,2025-02-25 09:28:15.560223,9.3,completed,1.21
SUB205333,P102987,S5365,2025-02-25 11:14:11.706602,9.8,completed,1.75
SUB205334,P101181,S5048,2025-02-25 11:20:38.307143,4.9,timed_out,0.0
SUB205335,P100692,S5148,2025-02-25 11:32:21.376272,16.2,completed,2.06
SUB205336,P102605,S5365,2025-02-25 11:36:10.018316,11.6,returned,0.0
SUB205337,P101068,S5324,2025-02-25 11:56:11.559144,15.0,completed,2.12
SUB205338,P102198,S5048,2025-02-25 12:47:07.399037,4.1,completed,0.86
SUB205339,P100985,S5185,2025-02-25 12:58:53.608776,28.3,rejected,0.0
SUB205340,P102256,S5043,2025-02-25 13:39:59.180069,17.6,timed_out,0.0
SUB205341,P101421,S5069,2025-02-25 14:39:08.586862,12.2,completed,2.97
SUB205342,P100784,S5369,2025-02-25 15:17:00.791259,3.9,completed,0.67
SUB205343,P101188,S5350,2025-02-25 15:23:12.402576,15.4,completed,3.08
SUB205344,P102383,S5036,2025-02-25 15:39:08.885742,2.5,rejected,0.0
SUB205345,P102729,S5186,2025-02-25 15:40:59.490916,17.1,completed,2.4
SUB205346,P100784,S5376,2025-02-25 16:17:00.791259,26.3,completed,4.64
SUB205347,P100692,S5266,2025-02-25 16:32:21.376272,8.1,completed,1.78
SUB205348,P101421,S5262,2025-02-25 16:39:08.586862,14.4,completed,2.3
SUB205349,P100328,S5266,2025-02-25 18:25:11.815513,8.7,completed,1.78
SUB205350,P102202,S5388,2025-02-25 18:27:38.306088,13.0,completed,3.85
SUB205351,P102383,S5159,2025-02-25 18:39:08.885742,12.1,completed,2.83
SUB205352,P102229,S5071,2025-02-25 19:12:39.250004,7.9,completed,1.28
SUB205353,P100019,S5345,2025-02-25 19:15:00.452941,24.6,completed,3.79
SUB205354,P101232,S5069,2025-02-25 22:11:30.147814,15.7,completed,2.97
SUB205355,P100097,S5082,2025-02-25 22:37:53.168597,10.1,completed,1.14
SUB205356,P101405,S5382,2025-02-25 22:52:27.324575,8.9,returned,0.0
SUB205357,P101485,S5260,2025-02-25 22:52:57.389523,12.6,returned,0.0
SUB205358,P101210,S5352,2025-02-25 23:06:23.808663,9.8,completed,2.32
SUB205359,P102412,S5337,2025-02-25 23:07:34.069164,2.1,completed,0.41
SUB205360,P101545,S5138,2025-02-25 23:18:00.076162,9.2,completed,1.79
SUB205361,P100608,S5407,2025-02-25 23:20:19.594766,12.2,completed,1.37
SUB205362,P101767,S5167,2025-02-26 01:10:35.474564,17.4,completed,2.09
SUB205363,P100423,S5185,2025-02-26 01:24:11.459302,24.6,completed,5.65
SUB205364,P101485,S5061,2025-02-26 01:52:57.389523,9.7,completed,1.35
SUB205365,P101085,S5226,2025-02-26 01:54:35.272317,27.2,completed,4.72
SUB205366,P101009,S5032,2025-02-26 02:55:59.848673,10.6,rejected,0.0
SUB205367,P101587,S5059,2025-02-26 04:03:19.589213,14.2,completed,2.37
SUB205368,P102277,S5216,2025-02-26 09:07:37.304860,14.0,completed,2.13
SUB205369,P100852,S5139,2025-02-26 09:50:38.024849,28.2,completed,6.16
SUB205370,P102896,S5040,2025-02-26 09:56:16.449179,27.2,completed,5.02
SUB205371,P100784,S5194,2025-02-26 10:17:00.791259,24.1,completed,3.46
SUB205372,P102229,S5053,2025-02-26 12:12:39.250004,12.4,completed,1.9
SUB205373,P100533,S5095,2025-02-26 13:12:49.427056,7.8,completed,0.98
SUB205374,P100023,S5352,2025-02-26 13:55:33.503424,10.3,completed,2.32
SUB205375,P101068,S5427,2025-02-26 14:56:11.559144,19.5,completed,3.87
SUB205376,P101545,S5355,2025-02-26 15:18:00.076162,37.2,returned,0.0
SUB205377,P100175,S5209,2025-02-26 16:21:41.742141,29.6,returned,0.0
SUB205378,P100963,S5114,2025-02-26 17:34:38.614171,42.5,completed,6.95
SUB205379,P101137,S5183,2025-02-26 18:26:01.676522,6.3,rejected,0.0
SUB205380,P101450,S5016,2025-02-26 18:55:00.918041,8.6,completed,1.61
SUB205381,P101501,S5008,2025-02-26 20:15:49.602141,41.8,completed,9.33
SUB205382,P100801,S5013,2025-02-26 20:21:41.704462,11.1,completed,2.39
SUB205383,P101369,S5101,2025-02-26 20:35:19.515166,8.0,completed,1.24
SUB205384,P100623,S5300,2025-02-26 21:18:31.151940,36.7,completed,6.19
SUB205385,P101009,S5264,2025-02-26 21:55:59.848673,4.9,completed,0.77
SUB205386,P102158,S5067,2025-02-26 22:30:47.279906,14.6,completed,2.5
SUB205387,P100066,S5034,2025-02-26 22:58:33.438206,17.2,completed,2.11
SUB205388,P102077,S5223,2025-02-26 23:08:12.559943,14.0,completed,1.76
SUB205389,P100964,S5198,2025-02-26 23:52:57.606661,15.4,completed,1.92
SUB205390,P101877,S5422,2025-02-26 23:56:27.337980,30.9,rejected,0.0
SUB205391,P100180,S5153,2025-02-27 00:28:15.560223,38.4,completed,5.51
SUB205392,P100539,S5279,2025-02-27 00:58:39.812912,11.4,completed,1.83
SUB205393,P102458,S5043,2025-02-27 01:02:23.947582,11.8,completed,2.61
SUB205394,P100125,S5118,2025-02-27 01:02:36.748826,10.7,completed,1.89
SUB205395,P102277,S5169,2025-02-27 02:07:37.304860,16.3,completed,2.64
SUB205396,P102071,S5001,2025-02-27 02:35:30.185485,6.2,completed,1.14
SUB205397,P102336,S5264,2025-02-27 02:48:21.770026,5.2,completed,0.77
SUB205398,P100019,S5103,2025-02-27 03:15:00.452941,23.1,completed,3.8
SUB205399,P101285,S5032,2025-02-27 03:38:26.447096,12.4,completed,1.77
SUB205400,P102737,S5199,2025-02-27 04:28:48.239375,19.4,completed,2.43
SUB205401,P100933,S5354,2025-02-27 06:06:41.194240,22.6,completed,5.67
SUB205402,P102737,S5043,2025-02-27 07:28:48.239375,13.4,completed,2.61
SUB205403,P102605,S5004,2025-02-27 07:36:10.018316,13.2,completed,2.25
SUB205404,P100066,S5309,2025-02-27 07:58:33.438206,18.7,completed,3.84
SUB205405,P101137,S5343,2025-02-27 08:26:01.676522,27.4,completed,5.58
SUB205406,P100801,S5219,2025-02-27 12:21:41.704462,32.9,completed,5.27
SUB205407,P101485,S5070,2025-02-27 12:52:57.389523,15.0,completed,2.73
SUB205408,P102523,S5209,2025-02-27 13:52:22.531184,32.8,returned,0.0
SUB205409,P102277,S5053,2025-02-27 14:07:37.304860,11.9,completed,1.9
SUB205410,P101757,S5191,2025-02-27 15:22:26.948498,22.7,completed,3.82
SUB205411,P100863,S5095,2025-02-27 16:48:55.737971,6.1,completed,0.98
SUB205412,P100743,S5229,2025-02-27 17:15:44.052427,64.1,completed,7.54
SUB205413,P102449,S5083,2025-02-27 17:37:20.068947,7.8,completed,0.8
SUB205414,P101605,S5433,2025-02-27 17:50:10.630751,14.3,completed,2.07
SUB205415,P100552,S5366,2025-02-27 18:11:18.229325,25.6,completed,4.22
SUB205416,P102737,S5170,2025-02-27 18:28:48.239375,19.0,returned,0.0
SUB205417,P102121,S5113,2025-02-27 18:36:51.306396,12.5,completed,1.98
SUB205418,P102147,S5425,2025-02-27 18:59:52.997067,10.4,completed,2.54
SUB205419,P101961,S5337,2025-02-27 19:20:33.317306,1.9,completed,0.41
SUB205420,P102059,S5388,2025-02-27 20:17:55.234874,14.7,completed,3.85
SUB205421,P101378,S5385,2025-02-27 20:26:27.825286,26.5,completed,4.8
SUB205422,P100692,S5385,2025-02-27 20:32:21.376272,21.2,completed,4.8
SUB205423,P101093,S5159,2025-02-27 20:54:31.997593,17.8,completed,2.83
SUB205424,P102450,S5021,2025-02-27 21:51:14.980486,12.0,completed,1.58
SUB205425,P101631,S5407,2025-02-27 22:24:18.650926,10.0,completed,1.37
SUB205426,P100048,S5138,2025-02-27 22:45:25.972751,6.7,completed,1.79
SUB205427,P102312,S5346,2025-02-27 23:00:50.761992,63.2,completed,10.53
SUB205428,P100933,S5433,2025-02-27 23:06:41.194240,11.0,completed,2.07
SUB205429,P101009,S5186,2025-02-27 23:55:59.848673,20.2,timed_out,0.0
SUB205430,P102605,S5095,2025-02-28 00:36:10.018316,5.8,completed,0.98
SUB205431,P101857,S5070,2025-02-28 01:51:29.386968,11.4,completed,2.73
SUB205432,P101757,S5262,2025-02-28 02:22:26.948498,10.9,completed,2.3
SUB205433,P101421,S5124,2025-02-28 04:39:08.586862,7.3,completed,1.46
SUB205434,P102358,S5092,2025-02-28 05:35:07.695909,12.6,completed,2.72
SUB205435,P102051,S5407,2025-02-28 06:12:17.029176,8.3,completed,1.37
SUB205436,P101587,S5159,2025-02-28 07:03:19.589213,17.4,completed,2.83
SUB205437,P102229,S5263,2025-02-28 08:12:39.250004,26.8,completed,5.29
SUB205438,P102121,S5430,2025-02-28 09:36:51.306396,3.4,completed,0.51
SUB205439,P101076,S5004,2025-02-28 10:50:07.163773,12.8,completed,2.25
SUB205440,P100350,S5132,2025-02-28 11:42:46.683450,23.3,timed_out,0.0
SUB205441,P102391,S5128,2025-02-28 12:30:21.363214,29.9,completed,4.88
SUB205442,P102198,S5032,2025-02-28 12:47:07.399037,8.6,completed,1.77
SUB205443,P102622,S5346,2025-02-28 12:54:06.818942,51.8,completed,10.53
SUB205444,P100659,S5313,2025-02-28 12:56:17.581354,30.0,completed,4.36
SUB205445,P100854,S5121,2025-02-28 14:45:19.299129,35.5,completed,4.46
SUB205446,P100326,S5430,2025-02-28 14:54:34.128123,4.1,completed,0.51
SUB205447,P100326,S5422,2025-02-28 15:54:34.128123,40.3,timed_out,0.0
SUB205448,P101109,S5071,2025-02-28 16:02:47.975989,6.7,completed,1.28
SUB205449,P101285,S5115,2025-02-28 16:38:26.447096,2.4,completed,0.64
SUB205450,P102271,S5191,2025-02-28 21:34:12.201943,23.8,completed,3.82
SUB205451,P102572,S5134,2025-02-28 22:51:14.230357,19.3,completed,3.04
SUB205452,P102651,S5178,2025-02-28 23:06:04.025262,7.6,completed,1.47
SUB205453,P100608,S5371,2025-03-01 01:20:19.594766,5.4,completed,1.32
SUB205454,P101923,S5441,2025-03-01 01:58:41.347614,30.1,completed,5.78
SUB205455,P101373,S5053,2025-03-01 02:47:18.827322,11.5,completed,1.9
SUB205456,P101450,S5026,2025-03-01 02:55:00.918041,42.2,completed,6.67
SUB205457,P100854,S5263,2025-03-01 03:45:19.299129,25.0,completed,5.29
SUB205458,P100578,S5297,2025-03-01 03:57:17.465319,17.1,completed,2.85
SUB205459,P100066,S5021,2025-03-01 04:58:33.438206,8.7,timed_out,0.0
SUB205460,P101393,S5161,2025-03-01 05:43:06.087556,18.7,completed,1.91
SUB205461,P100180,S5286,2025-03-01 07:28:15.560223,35.9,completed,6.85
SUB205462,P100863,S5325,2025-03-01 07:48:55.737971,27.9,completed,5.38
SUB205463,P101923,S5103,2025-03-01 08:58:41.347614,20.1,completed,3.8
SUB205464,P101285,S5132,2025-03-01 13:38:26.447096,19.3,returned,0.0
SUB205465,P102336,S5207,2025-03-01 14:48:21.770026,16.2,timed_out,0.0
SUB205466,P100569,S5311,2025-03-01 17:45:57.343327,30.9,completed,6.06
SUB205467,P100066,S5127,2025-03-01 17:58:33.438206,14.8,completed,1.9
SUB205468,P102291,S5096,2025-03-01 19:53:19.688739,8.7,completed,1.96
SUB205469,P100328,S5277,2025-03-01 20:25:11.815513,3.6,completed,0.88
SUB205470,P101857,S5120,2025-03-01 20:51:29.386968,28.4,completed,3.32
SUB205471,P100848,S5397,2025-03-01 21:09:24.712006,20.3,timed_out,0.0
SUB205472,P101605,S5373,2025-03-01 21:50:10.630751,52.8,completed,7.36
SUB205473,P100216,S5016,2025-03-01 21:55:53.862026,10.7,completed,1.61
SUB205474,P100065,S5286,2025-03-01 23:05:21.763310,24.1,completed,6.85
SUB205475,P101878,S5102,2025-03-02 00:10:49.997613,14.5,completed,3.21
SUB205476,P101501,S5074,2025-03-02 01:15:49.602141,13.6,completed,3.1
SUB205477,P102391,S5208,2025-03-02 01:30:21.363214,4.4,completed,0.85
SUB205478,P101767,S5108,2025-03-02 02:10:35.474564,22.1,completed,3.24
SUB205479,P102737,S5340,2025-03-02 02:28:48.239375,13.7,completed,2.31
SUB205480,P101907,S5444,2025-03-02 02:50:00.715462,2.5,completed,0.33
SUB205481,P100216,S5055,2025-03-02 02:55:53.862026,15.5,completed,2.11
SUB205482,P101575,S5047,2025-03-02 03:33:18.073797,17.5,completed,2.56
SUB205483,P101009,S5161,2025-03-02 03:55:59.848673,18.6,completed,1.91
SUB205484,P102876,S5249,2025-03-02 03:59:06.465474,20.9,completed,2.91
SUB205485,P102383,S5026,2025-03-02 04:39:08.885742,41.0,completed,6.67
SUB205486,P101076,S5034,2025-03-02 04:50:07.163773,15.1,timed_out,0.0
SUB205487,P102158,S5311,2025-03-02 05:30:47.279906,35.0,returned,0.0
SUB205488,P100097,S5057,2025-03-02 06:37:53.168597,18.4,returned,0.0
SUB205489,P102288,S5300,2025-03-02 06:39:30.237777,27.9,completed,6.19
SUB205490,P101675,S5226,2025-03-02 07:01:01.408973,27.8,timed_out,0.0
SUB205491,P101894,S5056,2025-03-02 09:21:01.016721,24.4,completed,5.22
SUB205492,P100569,S5250,2025-03-02 09:45:57.343327,7.2,completed,1.13
SUB205493,P102685,S5172,2025-03-02 09:54:06.066527,12.8,completed,1.58
SUB205494,P101009,S5152,2025-03-02 09:55:59.848673,23.0,timed_out,0.0
SUB205495,P100451,S5183,2025-03-02 10:11:20.842622,7.9,completed,1.35
SUB205496,P100302,S5433,2025-03-02 10:54:04.476971,14.8,completed,2.07
SUB205497,P102685,S5311,2025-03-02 10:54:06.066527,27.7,completed,6.06
SUB205498,P101285,S5184,2025-03-02 12:38:26.447096,4.6,completed,1.05
SUB205499,P100835,S5420,2025-03-02 13:48:37.440428,37.4,completed,7.8
SUB205500,P100039,S5320,2025-03-02 13:50:12.852561,13.5,returned,0.0
SUB205501,P102085,S5068,2025-03-02 15:33:04.041305,8.2,completed,1.02
SUB205502,P102271,S5027,2025-03-02 15:34:12.201943,31.8,completed,7.63
SUB205503,P100041,S5211,2025-03-02 16:18:38.190832,17.4,timed_out,0.0
SUB205504,P100136,S5061,2025-03-02 16:43:40.653199,8.3,completed,1.35
SUB205505,P101443,S5268,2025-03-02 17:33:50.146842,20.9,completed,4.16
SUB205506,P101945,S5209,2025-03-02 19:09:45.665663,34.4,completed,4.12
SUB205507,P101878,S5025,2025-03-02 19:10:49.997613,12.5,completed,3.06
SUB205508,P101393,S5159,2025-03-02 19:43:06.087556,17.5,completed,2.83
SUB205509,P102444,S5050,2025-03-02 20:09:14.900304,25.3,returned,0.0
SUB205510,P102291,S5222,2025-03-02 20:53:19.688739,41.2,rejected,0.0
SUB205511,P101583,S5247,2025-03-02 22:46:39.204055,13.1,completed,2.43
SUB205512,P101210,S5417,2025-03-02 23:06:23.808663,12.3,completed,1.78
SUB205513,P101188,S5417,2025-03-02 23:23:12.402576,17.2,completed,1.78
SUB205514,P101133,S5048,2025-03-03 00:54:54.494792,4.4,completed,0.86
SUB205515,P101009,S5341,2025-03-03 00:55:59.848673,20.3,completed,3.95
SUB205516,P100835,S5029,2025-03-03 01:48:37.440428,23.7,completed,2.96
SUB205517,P102444,S5407,2025-03-03 02:09:14.900304,10.7,completed,1.37
SUB205518,P101524,S5379,2025-03-03 02:19:18.289396,9.8,returned,0.0
SUB205519,P101703,S5060,2025-03-03 03:18:16.159889,25.4,completed,3.23
SUB205520,P102059,S5053,2025-03-03 06:17:55.234874,12.9,returned,0.0
SUB205521,P101369,S5050,2025-03-03 06:35:19.515166,30.5,completed,3.96
SUB205522,P100095,S5229,2025-03-03 06:40:18.129546,60.5,completed,7.54
SUB205523,P101274,S5191,2025-03-03 06:45:43.688225,18.4,completed,3.82
SUB205524,P100739,S5375,2025-03-03 07:11:54.642752,60.2,completed,8.07
SUB205525,P100784,S5187,2025-03-03 07:17:00.791259,25.4,completed,3.11
SUB205526,P100328,S5423,2025-03-03 07:25:11.815513,18.2,rejected,0.0
SUB205527,P100326,S5275,2025-03-03 07:54:34.128123,10.9,completed,1.52
SUB205528,P100023,S5358,2025-03-03 07:55:33.503424,6.9,completed,0.91
SUB205529,P101587,S5384,2025-03-03 08:03:19.589213,17.1,completed,2.81
SUB205530,P100916,S5384,2025-03-03 08:22:47.687344,13.1,timed_out,0.0
SUB205531,P101450,S5085,2025-03-03 08:55:00.918041,16.7,timed_out,0.0
SUB205532,P102147,S5388,2025-03-03 08:59:52.997067,14.0,completed,3.85
SUB205533,P100933,S5438,2025-03-03 09:06:41.194240,16.9,rejected,0.0
SUB205534,P102323,S5315,2025-03-03 09:18:29.084577,12.8,completed,1.77
SUB205535,P101575,S5267,2025-03-03 10:33:18.073797,25.7,completed,3.64
SUB205536,P101545,S5223,2025-03-03 11:18:00.076162,13.4,completed,1.76
SUB205537,P102523,S5045,2025-03-03 11:52:22.531184,15.3,completed,2.51
SUB205538,P100739,S5220,2025-03-03 12:11:54.642752,7.5,completed,1.0
SUB205539,P100136,S5275,2025-03-03 14:43:40.653199,11.1,completed,1.52
SUB205540,P102158,S5208,2025-03-03 15:30:47.279906,5.2,completed,0.85
SUB205541,P102202,S5320,2025-03-03 16:27:38.306088,16.2,completed,3.5
SUB205542,P100539,S5405,2025-03-03 17:58:39.812912,14.4,completed,2.48
SUB205543,P100915,S5385,2025-03-03 18:03:29.491873,24.0,returned,0.0
SUB205544,P102523,S5092,2025-03-03 18:52:22.531184,14.1,completed,2.72
SUB205545,P100651,S5064,2025-03-03 19:18:59.353135,13.6,returned,0.0
SUB205546,P100275,S5226,2025-03-03 20:29:08.604344,22.8,completed,4.72
SUB205547,P101583,S5004,2025-03-03 20:46:39.204055,15.6,completed,2.25
SUB205548,P101420,S5285,2025-03-03 20:58:14.456381,14.4,completed,2.46
SUB205549,P101394,S5184,2025-03-03 22:39:44.216382,5.5,returned,0.0
SUB205550,P100429,S5158,2025-03-04 01:15:08.987265,3.1,completed,0.51
SUB205551,P100153,S5183,2025-03-04 01:57:14.114443,8.8,completed,1.35
SUB205552,P100569,S5311,2025-03-04 02:45:57.343327,34.0,completed,6.06
SUB205553,P100328,S5369,2025-03-04 03:25:11.815513,4.9,completed,0.67
SUB205554,P100985,S5385,2025-03-04 04:58:53.608776,25.4,completed,4.8
SUB205555,P101524,S5446,2025-03-04 05:19:18.289396,14.0,completed,2.29
SUB205556,P101237,S5134,2025-03-04 05:28:47.865013,19.8,completed,3.04
SUB205557,P102494,S5004,2025-03-04 05:57:09.527205,13.3,completed,2.25
SUB205558,P101878,S5009,2025-03-04 06:10:49.997613,41.9,timed_out,0.0
SUB205559,P102414,S5350,2025-03-04 09:40:56.135609,16.3,rejected,0.0
SUB205560,P100095,S5171,2025-03-04 10:40:18.129546,3.6,returned,0.0
SUB205561,P101767,S5198,2025-03-04 11:10:35.474564,16.2,returned,0.0
SUB205562,P100328,S5268,2025-03-04 12:25:11.815513,25.9,completed,4.16
SUB205563,P100096,S5345,2025-03-04 13:25:04.064461,19.5,completed,3.79
SUB205564,P100096,S5113,2025-03-04 14:25:04.064461,12.8,returned,0.0
SUB205565,P101675,S5085,2025-03-04 15:01:01.408973,23.4,completed,3.89
SUB205566,P101210,S5263,2025-03-04 15:06:23.808663,34.6,completed,5.29
SUB205567,P100985,S5007,2025-03-04 15:58:53.608776,11.2,completed,1.29
SUB205568,P101290,S5124,2025-03-04 16:37:46.861222,6.7,returned,0.0
SUB205569,P102148,S5129,2025-03-04 16:46:38.679953,10.2,timed_out,0.0
SUB205570,P100852,S5371,2025-03-04 17:50:38.024849,6.8,returned,0.0
SUB205571,P100282,S5300,2025-03-04 18:08:09.843237,42.7,completed,6.19
SUB205572,P102456,S5149,2025-03-04 18:19:20.246111,5.9,completed,1.19
SUB205573,P101181,S5095,2025-03-04 19:20:38.307143,8.5,completed,0.98
SUB205574,P101274,S5101,2025-03-04 19:45:43.688225,8.5,completed,1.24
SUB205575,P102158,S5111,2025-03-04 20:30:47.279906,9.8,completed,1.79
SUB205576,P101068,S5219,2025-03-04 20:56:11.559144,36.3,completed,5.27
SUB205577,P100096,S5275,2025-03-04 22:25:04.064461,12.1,rejected,0.0
SUB205578,P102876,S5315,2025-03-05 02:59:06.465474,15.8,rejected,0.0
SUB205579,P102804,S5258,2025-03-05 05:49:54.119389,23.0,completed,2.75
SUB205580,P102147,S5211,2025-03-05 05:59:52.997067,24.1,completed,3.62
SUB205581,P102051,S5423,2025-03-05 07:12:17.029176,16.2,completed,2.7
SUB205582,P100835,S5010,2025-03-05 07:48:37.440428,20.3,completed,3.21
SUB205583,P101133,S5446,2025-03-05 07:54:54.494792,10.8,returned,0.0
SUB205584,P102723,S5052,2025-03-05 08:34:30.306036,9.8,completed,1.48
SUB205585,P102651,S5220,2025-03-05 09:06:04.025262,8.8,completed,1.0
SUB205586,P101699,S5311,2025-03-05 09:23:13.548796,38.1,completed,6.06
SUB205587,P100023,S5356,2025-03-05 09:55:33.503424,7.8,completed,1.33
SUB205588,P102263,S5300,2025-03-05 10:30:02.583980,37.8,completed,6.19
SUB205589,P100896,S5016,2025-03-05 11:13:17.817717,8.1,completed,1.61
SUB205590,P101262,S5420,2025-03-05 11:35:16.844124,35.7,completed,7.8
SUB205591,P102494,S5194,2025-03-05 11:57:09.527205,20.6,completed,3.46
SUB205592,P102133,S5057,2025-03-05 13:09:51.450690,15.5,completed,3.43
SUB205593,P100552,S5004,2025-03-05 13:11:18.229325,16.8,completed,2.25
SUB205594,P101125,S5226,2025-03-05 13:13:00.918610,26.2,completed,4.72
SUB205595,P102728,S5175,2025-03-05 13:15:52.181374,8.9,completed,1.17
SUB205596,P101329,S5101,2025-03-05 14:07:48.707258,10.5,rejected,0.0
SUB205597,P102452,S5133,2025-03-05 15:45:19.129728,33.1,completed,5.5
SUB205598,P101133,S5249,2025-03-05 15:54:54.494792,16.1,completed,2.91
SUB205599,P100302,S5137,2025-03-05 16:54:04.476971,38.5,completed,6.57
SUB205600,P100985,S5047,2025-03-05 16:58:53.608776,23.8,completed,2.56
SUB205601,P102059,S5231,2025-03-05 17:17:55.234874,16.3,completed,3.05
SUB205602,P101381,S5285,2025-03-05 17:53:16.448738,12.2,completed,2.46
SUB205603,P101631,S5282,2025-03-05 19:24:18.650926,16.6,completed,3.47
SUB205604,P101640,S5162,2025-03-05 20:19:14.845302,9.0,completed,1.35
SUB205605,P100801,S5076,2025-03-05 20:21:41.704462,5.4,completed,0.74
SUB205606,P101618,S5148,2025-03-05 21:20:31.355485,16.5,completed,2.06
SUB205607,P102277,S5085,2025-03-05 22:07:37.304860,18.8,completed,3.89
SUB205608,P101237,S5143,2025-03-05 22:28:47.865013,12.0,timed_out,0.0
SUB205609,P102605,S5315,2025-03-06 02:36:10.018316,9.9,completed,1.77
SUB205610,P100097,S5266,2025-03-06 03:37:53.168597,8.8,completed,1.78
SUB205611,P101872,S5113,2025-03-06 04:00:40.970375,11.8,completed,1.98
SUB205612,P102412,S5134,2025-03-06 04:07:34.069164,20.5,completed,3.04
SUB205613,P100022,S5380,2025-03-06 04:40:24.273709,43.3,completed,9.78
SUB205614,P100933,S5149,2025-03-06 05:06:41.194240,4.6,completed,1.19
SUB205615,P100539,S5127,2025-03-06 07:58:39.812912,9.9,completed,1.9
SUB205616,P100569,S5152,2025-03-06 09:45:57.343327,20.3,completed,2.63
SUB205617,P100784,S5178,2025-03-06 10:17:00.791259,7.4,completed,1.47
SUB205618,P100525,S5098,2025-03-06 11:55:41.045594,1.9,completed,0.37
SUB205619,P102556,S5289,2025-03-06 12:24:57.197896,30.5,completed,6.11
SUB205620,P100570,S5226,2025-03-06 12:29:40.642345,28.0,completed,4.72
SUB205621,P102605,S5397,2025-03-06 13:36:10.018316,21.4,completed,2.96
SUB205622,P102031,S5127,2025-03-06 13:39:25.520058,11.9,completed,1.9
SUB205623,P100852,S5420,2025-03-06 13:50:38.024849,34.3,completed,7.8
SUB205624,P102271,S5431,2025-03-06 14:34:12.201943,11.5,completed,2.03
SUB205625,P102391,S5059,2025-03-06 15:30:21.363214,10.7,completed,2.37
SUB205626,P101485,S5233,2025-03-06 15:52:57.389523,14.6,completed,1.99
SUB205627,P100569,S5447,2025-03-06 16:45:57.343327,6.9,completed,1.56
SUB205628,P100019,S5249,2025-03-06 18:15:00.452941,18.1,completed,2.91
SUB205629,P100858,S5161,2025-03-06 18:16:01.616564,13.1,completed,1.91
SUB205630,P102183,S5153,2025-03-06 18:28:41.003522,31.8,completed,5.51
SUB205631,P101394,S5277,2025-03-06 19:39:44.216382,4.2,completed,0.88
SUB205632,P100659,S5248,2025-03-06 19:56:17.581354,17.7,completed,2.27
SUB205633,P102077,S5060,2025-03-06 20:08:12.559943,26.1,completed,3.23
SUB205634,P101369,S5264,2025-03-06 20:35:19.515166,5.7,completed,0.77
SUB205635,P101656,S5327,2025-03-06 20:53:36.799753,25.1,completed,4.13
SUB205636,P102629,S5033,2025-03-06 20:54:40.895013,20.2,completed,2.55
SUB205637,P102444,S5000,2025-03-06 21:09:14.900304,33.4,completed,6.05
SUB205638,P100552,S5249,2025-03-06 21:11:18.229325,19.5,completed,2.91
SUB205639,P102323,S5083,2025-03-06 21:18:29.084577,5.2,completed,0.8
SUB205640,P100295,S5266,2025-03-06 22:04:15.414131,9.4,rejected,0.0
SUB205641,P102685,S5422,2025-03-06 23:54:06.066527,37.7,completed,5.85
SUB205642,P102876,S5346,2025-03-07 00:59:06.465474,49.6,completed,10.53
SUB205643,P101381,S5188,2025-03-07 02:53:16.448738,14.4,completed,1.52
SUB205644,P102651,S5366,2025-03-07 03:06:04.025262,28.4,completed,4.22
SUB205645,P102987,S5156,2025-03-07 04:14:11.706602,16.2,rejected,0.0
SUB205646,P100651,S5373,2025-03-07 05:18:59.353135,49.4,completed,7.36
SUB205647,P100539,S5297,2025-03-07 06:58:39.812912,11.2,completed,2.85
SUB205648,P102773,S5438,2025-03-07 07:35:47.888443,14.2,completed,3.47
SUB205649,P101204,S5199,2025-03-07 07:49:53.254996,19.8,returned,0.0
SUB205650,P100039,S5213,2025-03-07 08:50:12.852561,8.0,completed,1.08
SUB205651,P100533,S5206,2025-03-07 09:12:49.427056,12.1,completed,1.88
SUB205652,P101085,S5115,2025-03-07 09:54:35.272317,3.1,completed,0.64
SUB205653,P100282,S5007,2025-03-07 10:08:09.843237,8.5,completed,1.29
SUB205654,P101857,S5220,2025-03-07 13:51:29.386968,6.0,completed,1.0
SUB205655,P100426,S5332,2025-03-07 14:13:32.745508,10.8,completed,1.23
SUB205656,P100023,S5328,2025-03-07 14:55:33.503424,45.2,completed,6.81
SUB205657,P102361,S5128,2025-03-07 15:17:02.983704,28.7,completed,4.88
SUB205658,P102085,S5082,2025-03-07 15:33:04.041305,7.6,timed_out,0.0
SUB205659,P101093,S5258,2025-03-07 15:54:31.997593,21.0,completed,2.75
SUB205660,P101378,S5341,2025-03-07 17:26:27.825286,23.4,completed,3.95
SUB205661,P100904,S5407,2025-03-07 17:28:20.491329,11.3,timed_out,0.0
SUB205662,P102647,S5172,2025-03-07 17:47:04.516181,14.9,completed,1.58
SUB205663,P101656,S5433,2025-03-07 17:53:36.799753,11.5,completed,2.07
SUB205664,P101640,S5263,2025-03-07 19:19:14.845302,23.2,completed,5.29
SUB205665,P102450,S5386,2025-03-07 19:51:14.980486,31.5,completed,4.46
SUB205666,P102728,S5099,2025-03-07 20:15:52.181374,25.1,completed,2.46
SUB205667,P101373,S5389,2025-03-07 20:47:18.827322,30.0,completed,4.82
SUB205668,P101076,S5447,2025-03-07 21:50:07.163773,8.5,completed,1.56
SUB205669,P101907,S5420,2025-03-07 22:50:00.715462,28.8,completed,7.8
SUB205670,P100023,S5207,2025-03-07 22:55:33.503424,18.1,completed,1.78
SUB205671,P102458,S5033,2025-03-07 23:02:23.947582,17.3,completed,2.55
SUB205672,P100896,S5260,2025-03-07 23:13:17.817717,11.1,completed,1.81
SUB205673,P100429,S5035,2025-03-08 00:15:08.987265,5.9,completed,1.11
SUB205674,P101501,S5312,2025-03-08 00:15:49.602141,10.6,completed,2.82
SUB205675,P100284,S5143,2025-03-08 03:47:05.564707,15.8,completed,2.39
SUB205676,P100019,S5271,2025-03-08 04:15:00.452941,13.2,timed_out,0.0
SUB205677,P101381,S5277,2025-03-08 04:53:16.448738,5.4,completed,0.88
SUB205678,P102271,S5365,2025-03-08 07:34:12.201943,11.0,completed,1.75
SUB205679,P101093,S5167,2025-03-08 08:54:31.997593,15.2,completed,2.09
SUB205680,P102651,S5198,2025-03-08 09:06:04.025262,18.1,returned,0.0
SUB205681,P102756,S5070,2025-03-08 09:16:28.407936,12.0,completed,2.73
SUB205682,P101420,S5172,2025-03-08 09:58:14.456381,11.5,completed,1.58
SUB205683,P100281,S5422,2025-03-08 10:07:19.576028,47.4,completed,5.85
SUB205684,P100697,S5437,2025-03-08 10:54:01.001839,6.0,completed,0.97
SUB205685,P100854,S5164,2025-03-08 11:45:19.299129,16.5,completed,2.6
SUB205686,P102450,S5375,2025-03-08 11:51:14.980486,43.0,completed,8.07
SUB205687,P100692,S5061,2025-03-08 12:32:21.376272,6.7,completed,1.35
SUB205688,P100250,S5124,2025-03-08 12:50:49.677380,6.5,completed,1.46
SUB205689,P101093,S5082,2025-03-08 12:54:31.997593,8.0,completed,1.14
SUB205690,P101961,S5076,2025-03-08 13:20:33.317306,6.4,completed,0.74
SUB205691,P101542,S5256,2025-03-08 14:00:16.430936,18.1,completed,4.49
SUB205692,P101961,S5389,2025-03-08 14:20:33.317306,24.4,completed,4.82
SUB205693,P101501,S5346,2025-03-08 15:15:49.602141,41.6,completed,10.53
SUB205694,P102729,S5289,2025-03-08 15:40:59.490916,28.9,completed,6.11
SUB205695,P102463,S5349,2025-03-08 16:12:23.320056,14.5,completed,2.02
SUB205696,P101341,S5052,2025-03-08 17:44:19.571518,7.8,completed,1.48
SUB205697,P101352,S5289,2025-03-08 19:08:30.556971,30.5,completed,6.11
SUB205698,P101894,S5255,2025-03-08 19:21:01.016721,24.2,completed,4.13
SUB205699,P102605,S5431,2025-03-08 20:36:10.018316,9.9,completed,2.03
SUB205700,P100350,S5057,2025-03-08 20:42:46.683450,19.4,completed,3.43
SUB205701,P101009,S5237,2025-03-08 20:55:59.848673,20.4,completed,2.36
SUB205702,P100153,S5365,2025-03-08 20:57:14.114443,9.8,completed,1.75
SUB205703,P100095,S5412,2025-03-08 21:40:18.129546,21.0,completed,5.45
SUB205704,P101879,S5442,2025-03-08 22:22:38.996594,12.2,returned,0.0
SUB205705,P101547,S5074,2025-03-08 23:54:43.361974,21.6,completed,3.1
SUB205706,P102361,S5263,2025-03-09 00:17:02.983704,23.8,completed,5.29
SUB205707,P102723,S5336,2025-03-09 01:34:30.306036,15.6,completed,2.55
SUB205708,P101421,S5138,2025-03-09 01:39:08.586862,8.9,completed,1.79
SUB205709,P101542,S5405,2025-03-09 02:00:16.430936,9.5,completed,2.48
SUB205710,P100295,S5424,2025-03-09 02:04:15.414131,15.1,completed,2.82
SUB205711,P100896,S5365,2025-03-09 02:13:17.817717,7.7,completed,1.75
SUB205712,P100302,S5305,2025-03-09 03:54:04.476971,5.6,completed,0.82
SUB205713,P100978,S5111,2025-03-09 05:06:24.349101,11.6,completed,1.79
SUB205714,P100175,S5010,2025-03-09 05:21:41.742141,17.8,completed,3.21
SUB205715,P102229,S5152,2025-03-09 06:12:39.250004,20.7,completed,2.63
SUB205716,P102685,S5052,2025-03-09 07:54:06.066527,8.3,completed,1.48
SUB205717,P102343,S5313,2025-03-09 08:01:04.942488,23.9,completed,4.36
SUB205718,P102132,S5068,2025-03-09 08:39:58.280940,8.2,completed,1.02
SUB205719,P102336,S5366,2025-03-09 08:48:21.770026,25.2,completed,4.22
SUB205720,P101369,S5248,2025-03-09 09:35:19.515166,13.9,completed,2.27
SUB205721,P100022,S5360,2025-03-09 09:40:24.273709,7.9,completed,1.58
SUB205722,P101699,S5185,2025-03-09 10:23:13.548796,36.7,completed,5.65
SUB205723,P102009,S5211,2025-03-09 11:43:53.776970,20.1,timed_out,0.0
SUB205724,P100787,S5317,2025-03-09 13:11:32.251966,13.2,rejected,0.0
SUB205725,P101961,S5424,2025-03-09 13:20:33.317306,14.9,returned,0.0
SUB205726,P100041,S5417,2025-03-09 14:18:38.190832,16.2,timed_out,0.0
SUB205727,P101485,S5148,2025-03-09 15:52:57.389523,15.8,completed,2.06
SUB205728,P102256,S5289,2025-03-09 16:39:59.180069,38.8,returned,0.0
SUB205729,P100570,S5263,2025-03-09 17:29:40.642345,24.2,rejected,0.0
SUB205730,P102385,S5385,2025-03-09 18:58:12.684853,20.7,completed,4.8
SUB205731,P100933,S5103,2025-03-09 19:06:41.194240,21.0,completed,3.8
SUB205732,P101329,S5231,2025-03-09 19:07:48.707258,10.4,returned,0.0
SUB205733,P100916,S5218,2025-03-09 19:22:47.687344,5.1,completed,1.24
SUB205734,P101408,S5134,2025-03-09 20:49:40.135546,21.3,completed,3.04
SUB205735,P101128,S5216,2025-03-09 20:50:27.548536,18.9,completed,2.13
SUB205736,P101009,S5425,2025-03-09 20:55:59.848673,13.3,completed,2.54
SUB205737,P102361,S5256,2025-03-09 21:17:02.983704,27.5,completed,4.49
SUB205738,P100282,S5277,2025-03-09 22:08:09.843237,5.3,completed,0.88
SUB205739,P102746,S5108,2025-03-09 22:16:57.919555,26.6,completed,3.24
SUB205740,P101181,S5373,2025-03-09 22:20:38.307143,39.3,completed,7.36
SUB205741,P101394,S5131,2025-03-09 22:39:44.216382,12.7,completed,2.11
SUB205742,P101179,S5216,2025-03-09 23:22:45.444350,18.7,timed_out,0.0
SUB205743,P101965,S5103,2025-03-09 23:22:45.529931,17.6,returned,0.0
SUB205744,P102271,S5129,2025-03-10 00:34:12.201943,7.8,completed,1.59
SUB205745,P101290,S5132,2025-03-10 05:37:46.861222,26.7,completed,4.18
SUB205746,P101204,S5021,2025-03-10 05:49:53.254996,9.8,completed,1.58
SUB205747,P101930,S5297,2025-03-10 05:57:52.724422,16.9,completed,2.85
SUB205748,P101470,S5230,2025-03-10 06:27:26.681533,28.9,completed,4.69
SUB205749,P100136,S5101,2025-03-10 06:43:40.653199,10.5,completed,1.24
SUB205750,P100306,S5093,2025-03-10 06:44:19.841821,14.1,completed,2.24
SUB205751,P100250,S5431,2025-03-10 07:50:49.677380,15.2,completed,2.03
SUB205752,P100963,S5089,2025-03-10 08:34:38.614171,24.0,completed,3.23
SUB205753,P100854,S5103,2025-03-10 08:45:19.299129,19.6,completed,3.8
SUB205754,P101500,S5040,2025-03-10 09:17:07.397228,28.0,returned,0.0
SUB205755,P101575,S5071,2025-03-10 09:33:18.073797,8.1,returned,0.0
SUB205756,P100041,S5266,2025-03-10 12:18:38.190832,9.3,completed,1.78
SUB205757,P102458,S5297,2025-03-10 13:02:23.947582,16.0,completed,2.85
SUB205758,P101703,S5386,2025-03-10 13:18:16.159889,34.8,returned,0.0
SUB205759,P101443,S5144,2025-03-10 13:33:50.146842,42.2,completed,6.85
SUB205760,P100302,S5064,2025-03-10 13:54:04.476971,13.5,completed,1.98
SUB205761,P102804,S5199,2025-03-10 14:49:54.119389,17.5,completed,2.43
SUB205762,P102450,S5057,2025-03-10 14:51:14.980486,13.8,completed,3.43
SUB205763,P102031,S5289,2025-03-10 15:39:25.520058,35.5,completed,6.11
SUB205764,P101857,S5329,2025-03-10 15:51:29.386968,14.5,completed,2.64
SUB205765,P101542,S5229,2025-03-10 16:00:16.430936,50.7,timed_out,0.0
SUB205766,P100915,S5152,2025-03-10 17:03:29.491873,17.5,completed,2.63
SUB205767,P100975,S5045,2025-03-10 17:35:17.896481,12.2,completed,2.51
SUB205768,P102804,S5055,2025-03-10 17:49:54.119389,16.1,completed,2.11
SUB205769,P100692,S5060,2025-03-10 21:32:21.376272,16.5,completed,3.23
SUB205770,P102385,S5085,2025-03-10 21:58:12.684853,15.3,timed_out,0.0
SUB205771,P100250,S5077,2025-03-11 00:50:49.677380,13.7,completed,2.08
SUB205772,P102133,S5153,2025-03-11 01:09:51.450690,31.5,completed,5.51
SUB205773,P102133,S5172,2025-03-11 02:09:51.450690,12.9,completed,1.58
SUB205774,P102441,S5386,2025-03-11 02:19:35.355589,35.0,timed_out,0.0
SUB205775,P100692,S5250,2025-03-11 02:32:21.376272,8.3,completed,1.13
SUB205776,P100359,S5237,2025-03-11 02:34:55.070881,20.2,completed,2.36
SUB205777,P102456,S5329,2025-03-11 03:19:20.246111,13.5,completed,2.64
SUB205778,P102288,S5032,2025-03-11 05:39:30.237777,8.2,completed,1.77
SUB205779,P101341,S5297,2025-03-11 06:44:19.571518,15.2,completed,2.85
SUB205780,P101352,S5430,2025-03-11 07:08:30.556971,3.9,completed,0.51
SUB205781,P101119,S5355,2025-03-11 08:24:40.491676,54.1,timed_out,0.0
SUB205782,P100138,S5376,2025-03-11 10:17:17.743752,21.6,completed,4.64
SUB205783,P101133,S5068,2025-03-11 10:54:54.494792,8.3,completed,1.02
SUB205784,P100651,S5381,2025-03-11 12:18:59.353135,12.0,completed,2.26
SUB205785,P102277,S5111,2025-03-11 13:07:37.304860,10.2,completed,1.79
SUB205786,P100651,S5033,2025-03-11 13:18:59.353135,13.8,returned,0.0
SUB205787,P102773,S5412,2025-03-11 13:35:47.888443,22.9,returned,0.0
SUB205788,P102804,S5417,2025-03-11 13:49:54.119389,14.5,timed_out,0.0
SUB205789,P102746,S5184,2025-03-11 14:16:57.919555,5.4,completed,1.05
SUB205790,P101907,S5199,2025-03-11 16:50:00.715462,16.9,rejected,0.0
SUB205791,P101290,S5061,2025-03-11 17:37:46.861222,6.8,completed,1.35
SUB205792,P101640,S5375,2025-03-11 18:19:14.845302,45.7,completed,8.07
SUB205793,P102729,S5289,2025-03-11 18:40:59.490916,32.2,completed,6.11
SUB205794,P100784,S5447,2025-03-11 19:17:00.791259,8.6,completed,1.56
SUB205795,P100048,S5194,2025-03-11 19:45:25.972751,22.6,completed,3.46
SUB205796,P101726,S5286,2025-03-11 19:51:16.589895,33.3,completed,6.85
SUB205797,P100896,S5411,2025-03-11 21:13:17.817717,41.9,completed,5.63
SUB205798,P102441,S5420,2025-03-11 21:19:35.355589,35.3,completed,7.8
SUB205799,P101703,S5188,2025-03-11 22:18:16.159889,14.2,completed,1.52
SUB205800,P100413,S5279,2025-03-11 22:44:47.376403,12.9,completed,1.83
SUB205801,P100697,S5194,2025-03-12 00:54:01.001839,23.9,completed,3.46
SUB205802,P101961,S5061,2025-03-12 01:20:33.317306,9.4,completed,1.35
SUB205803,P102773,S5168,2025-03-12 01:35:47.888443,5.9,completed,1.46
SUB205804,P101204,S5133,2025-03-12 01:49:53.254996,30.8,completed,5.5
SUB205805,P100402,S5077,2025-03-12 02:29:17.234234,12.2,completed,2.08
SUB205806,P101656,S5447,2025-03-12 04:53:36.799753,7.7,completed,1.56
SUB205807,P102773,S5184,2025-03-12 05:35:47.888443,6.9,completed,1.05
SUB205808,P101782,S5043,2025-03-12 06:06:49.138317,15.6,completed,2.61
SUB205809,P102277,S5382,2025-03-12 06:07:37.304860,6.9,completed,1.68
SUB205810,P100275,S5247,2025-03-12 07:29:08.604344,19.6,timed_out,0.0
SUB205811,P100969,S5349,2025-03-12 07:30:26.102223,12.9,completed,2.02
SUB205812,P101329,S5064,2025-03-12 08:07:48.707258,10.2,completed,1.98
SUB205813,P100402,S5358,2025-03-12 10:29:17.234234,7.5,completed,0.91
SUB205814,P100282,S5148,2025-03-12 12:08:09.843237,15.9,completed,2.06
SUB205815,P101690,S5064,2025-03-12 12:53:19.391737,11.7,completed,1.98
SUB205816,P102746,S5446,2025-03-12 13:16:57.919555,13.7,completed,2.29
SUB205817,P101093,S5120,2025-03-12 13:54:31.997593,18.6,completed,3.32
SUB205818,P102412,S5175,2025-03-12 15:07:34.069164,6.6,completed,1.17
SUB205819,P102502,S5208,2025-03-12 16:08:59.346407,5.3,completed,0.85
SUB205820,P100854,S5397,2025-03-12 16:45:19.299129,15.8,returned,0.0
SUB205821,P100047,S5056,2025-03-12 17:52:29.155675,24.2,completed,5.22
SUB205822,P102202,S5364,2025-03-12 19:27:38.306088,16.2,completed,2.63
SUB205823,P100302,S5365,2025-03-12 19:54:04.476971,10.1,completed,1.75
SUB205824,P101109,S5113,2025-03-12 20:02:47.975989,13.0,rejected,0.0
SUB205825,P102245,S5065,2025-03-12 20:19:20.610628,11.1,timed_out,0.0
SUB205826,P101068,S5312,2025-03-12 20:56:11.559144,14.0,completed,2.82
SUB205827,P101930,S5266,2025-03-12 20:57:52.724422,11.1,returned,0.0
SUB205828,P100539,S5096,2025-03-12 21:58:39.812912,7.0,completed,1.96
SUB205829,P101408,S5188,2025-03-12 22:49:40.135546,10.5,timed_out,0.0
SUB205830,P101109,S5360,2025-03-13 00:02:47.975989,11.7,rejected,0.0
SUB205831,P101119,S5128,2025-03-13 00:24:40.491676,26.6,completed,4.88
SUB205832,P101443,S5260,2025-03-13 00:33:50.146842,11.8,completed,1.81
SUB205833,P100835,S5305,2025-03-13 00:48:37.440428,4.0,rejected,0.0
SUB205834,P102737,S5219,2025-03-13 01:28:48.239375,36.4,completed,5.27
SUB205835,P102746,S5207,2025-03-13 02:16:57.919555,13.6,completed,1.78
SUB205836,P102737,S5043,2025-03-13 02:28:48.239375,16.5,completed,2.61
SUB205837,P102133,S5124,2025-03-13 04:09:51.450690,8.1,completed,1.46
SUB205838,P101961,S5267,2025-03-13 04:20:33.317306,26.9,completed,3.64
SUB205839,P100423,S5158,2025-03-13 04:24:11.459302,3.4,completed,0.51
SUB205840,P101832,S5398,2025-03-13 04:27:46.829133,3.9,returned,0.0
SUB205841,P101262,S5385,2025-03-13 04:35:16.844124,33.2,completed,4.8
SUB205842,P100018,S5115,2025-03-13 04:39:21.113261,2.3,returned,0.0
SUB205843,P102343,S5071,2025-03-13 05:01:04.942488,6.5,completed,1.28
SUB205844,P101381,S5355,2025-03-13 05:53:16.448738,56.7,completed,9.92
SUB205845,P102463,S5312,2025-03-13 06:12:23.320056,13.5,completed,2.82
SUB205846,P101352,S5417,2025-03-13 07:08:30.556971,15.1,completed,1.78
SUB205847,P101767,S5153,2025-03-13 07:10:35.474564,38.5,completed,5.51
SUB205848,P100023,S5288,2025-03-13 10:55:33.503424,24.0,completed,5.04
SUB205849,P102385,S5032,2025-03-13 10:58:12.684853,9.6,completed,1.77
SUB205850,P100402,S5233,2025-03-13 13:29:17.234234,10.7,completed,1.99
SUB205851,P102288,S5252,2025-03-13 13:39:30.237777,16.1,returned,0.0
SUB205852,P102323,S5162,2025-03-13 14:18:29.084577,9.7,completed,1.35
SUB205853,P101875,S5047,2025-03-13 14:58:08.118027,16.6,completed,2.56
SUB205854,P100863,S5386,2025-03-13 17:48:55.737971,31.1,completed,4.46
SUB205855,P101656,S5199,2025-03-13 17:53:36.799753,14.7,completed,2.43
SUB205856,P100302,S5433,2025-03-13 17:54:04.476971,13.1,timed_out,0.0
SUB205857,P100180,S5149,2025-03-13 19:28:15.560223,5.8,completed,1.19
SUB205858,P100863,S5424,2025-03-13 19:48:55.737971,14.0,completed,2.82
SUB205859,P101485,S5437,2025-03-13 19:52:57.389523,6.0,completed,0.97
SUB205860,P102617,S5444,2025-03-13 20:39:45.604805,2.0,completed,0.33
SUB205861,P102085,S5282,2025-03-13 21:33:04.041305,20.4,completed,3.47
SUB205862,P102414,S5340,2025-03-13 21:40:56.135609,13.9,completed,2.31
SUB205863,P101930,S5198,2025-03-13 21:57:52.724422,12.3,completed,1.92
SUB205864,P100858,S5427,2025-03-13 22:16:01.616564,24.6,completed,3.87
SUB205865,P101188,S5385,2025-03-13 22:23:12.402576,32.2,completed,4.8
SUB205866,P100423,S5255,2025-03-13 22:24:11.459302,20.6,completed,4.13
SUB205867,P101595,S5194,2025-03-13 23:09:05.501767,24.3,completed,3.46
SUB205868,P101539,S5132,2025-03-13 23:54:42.822690,25.2,completed,4.18
SUB205869,P101965,S5373,2025-03-14 00:22:45.529931,51.1,completed,7.36
SUB205870,P102235,S5352,2025-03-14 00:44:32.241647,13.0,completed,2.32
SUB205871,P102031,S5275,2025-03-14 01:39:25.520058,10.1,completed,1.52
SUB205872,P101128,S5041,2025-03-14 02:50:27.548536,16.8,completed,2.54
SUB205873,P102572,S5282,2025-03-14 03:51:14.230357,19.8,completed,3.47
SUB205874,P101485,S5226,2025-03-14 03:52:57.389523,32.0,returned,0.0
SUB205875,P102391,S5161,2025-03-14 04:30:21.363214,17.3,completed,1.91
SUB205876,P102496,S5307,2025-03-14 04:31:11.895022,26.1,completed,4.57
SUB205877,P101125,S5037,2025-03-14 06:13:00.918610,8.1,completed,1.34
SUB205878,P100858,S5121,2025-03-14 06:16:01.616564,30.4,completed,4.46
SUB205879,P102441,S5281,2025-03-14 06:19:35.355589,7.7,completed,1.47
SUB205880,P101274,S5442,2025-03-14 06:45:43.688225,11.0,completed,2.61
SUB205881,P101287,S5074,2025-03-14 07:20:13.382039,21.0,completed,3.1
SUB205882,P101763,S5405,2025-03-14 09:05:42.225837,13.6,completed,2.48
SUB205883,P101137,S5041,2025-03-14 09:26:01.676522,21.8,completed,2.54
SUB205884,P101287,S5442,2025-03-14 13:20:13.382039,10.1,completed,2.61
SUB205885,P102085,S5198,2025-03-14 14:33:04.041305,13.7,completed,1.92
SUB205886,P102617,S5340,2025-03-14 15:39:45.604805,12.8,completed,2.31
SUB205887,P100854,S5229,2025-03-14 15:45:19.299129,58.3,completed,7.54
SUB205888,P101690,S5328,2025-03-14 15:53:19.391737,54.4,completed,6.81
SUB205889,P102605,S5069,2025-03-14 16:36:10.018316,15.2,completed,2.97
SUB205890,P101605,S5169,2025-03-14 17:50:10.630751,17.4,completed,2.64
SUB205891,P101133,S5069,2025-03-14 17:54:54.494792,14.9,completed,2.97
SUB205892,P102463,S5407,2025-03-14 18:12:23.320056,11.6,completed,1.37
SUB205893,P100569,S5411,2025-03-14 20:45:57.343327,42.4,completed,5.63
SUB205894,P101092,S5316,2025-03-14 20:50:22.314022,5.3,completed,1.21
SUB205895,P100835,S5198,2025-03-14 21:48:37.440428,13.4,completed,1.92
SUB205896,P101421,S5152,2025-03-14 23:39:08.586862,21.8,completed,2.63
SUB205897,P101394,S5357,2025-03-14 23:39:44.216382,15.4,completed,2.46
SUB205898,P102363,S5133,2025-03-15 02:45:47.801212,30.5,completed,5.5
SUB205899,P100047,S5263,2025-03-15 03:52:29.155675,30.0,timed_out,0.0
SUB205900,P101119,S5234,2025-03-15 05:24:40.491676,21.5,completed,3.29
SUB205901,P101640,S5101,2025-03-15 06:19:14.845302,7.4,completed,1.24
SUB205902,P100569,S5143,2025-03-15 06:45:57.343327,12.0,completed,2.39
SUB205903,P101987,S5289,2025-03-15 07:32:41.147465,32.8,completed,6.11
SUB205904,P102383,S5040,2025-03-15 07:39:08.885742,37.7,returned,0.0
SUB205905,P102009,S5424,2025-03-15 07:43:53.776970,15.1,completed,2.82
SUB205906,P102255,S5016,2025-03-15 09:51:21.126576,9.6,completed,1.61
SUB205907,P101479,S5092,2025-03-15 11:34:11.315533,17.0,completed,2.72
SUB205908,P102645,S5247,2025-03-15 12:06:50.794589,20.5,completed,2.43
SUB205909,P101420,S5352,2025-03-15 13:58:14.456381,10.5,completed,2.32
SUB205910,P101736,S5026,2025-03-15 15:37:03.751009,28.3,completed,6.67
SUB205911,P101539,S5074,2025-03-15 15:54:42.822690,20.0,completed,3.1
SUB205912,P100147,S5273,2025-03-15 16:00:12.565852,14.8,completed,1.67
SUB205913,P101640,S5087,2025-03-15 17:19:14.845302,9.0,completed,1.52
SUB205914,P100096,S5071,2025-03-15 17:25:04.064461,7.8,returned,0.0
SUB205915,P102332,S5040,2025-03-15 18:14:06.740867,28.8,completed,5.02
SUB205916,P101408,S5411,2025-03-15 18:49:40.135546,43.2,completed,5.63
SUB205917,P101268,S5266,2025-03-15 20:06:37.951463,11.9,completed,1.78
SUB205918,P101285,S5315,2025-03-15 20:38:26.447096,13.3,completed,1.77
SUB205919,P102737,S5152,2025-03-15 21:28:48.239375,20.8,completed,2.63
SUB205920,P101421,S5009,2025-03-15 21:39:08.586862,54.0,completed,7.89
SUB205921,P100838,S5013,2025-03-15 21:45:50.749725,10.7,completed,2.39
SUB205922,P100791,S5052,2025-03-15 23:03:00.371276,9.7,completed,1.48
SUB205923,P101767,S5175,2025-03-15 23:10:35.474564,7.2,completed,1.17
SUB205924,P101524,S5077,2025-03-15 23:19:18.289396,15.8,completed,2.08
SUB205925,P100979,S5095,2025-03-15 23:45:38.528210,7.3,completed,0.98
SUB205926,P101420,S5264,2025-03-15 23:58:14.456381,6.0,completed,0.77
SUB205927,P100295,S5356,2025-03-16 00:04:15.414131,6.5,completed,1.33
SUB205928,P100863,S5369,2025-03-16 00:48:55.737971,4.7,completed,0.67
SUB205929,P100533,S5340,2025-03-16 02:12:49.427056,12.5,completed,2.31
SUB205930,P102235,S5374,2025-03-16 02:44:32.241647,13.5,completed,1.85
SUB205931,P101605,S5226,2025-03-16 02:50:10.630751,22.3,completed,4.72
SUB205932,P102158,S5083,2025-03-16 04:30:47.279906,7.9,completed,0.8
SUB205933,P100975,S5060,2025-03-16 04:35:17.896481,26.6,completed,3.23
SUB205934,P101500,S5101,2025-03-16 05:17:07.397228,9.9,completed,1.24
SUB205935,P101894,S5164,2025-03-16 05:21:01.016721,19.3,completed,2.6
SUB205936,P100175,S5405,2025-03-16 05:21:41.742141,10.6,completed,2.48
SUB205937,P102291,S5071,2025-03-16 05:53:19.688739,8.2,completed,1.28
SUB205938,P102059,S5036,2025-03-16 10:17:55.234874,3.0,completed,0.5
SUB205939,P101545,S5260,2025-03-16 12:18:00.076162,11.3,completed,1.81
SUB205940,P101699,S5003,2025-03-16 12:23:13.548796,7.4,completed,1.74
SUB205941,P100287,S5093,2025-03-16 13:16:10.916862,16.0,completed,2.24
SUB205942,P100963,S5375,2025-03-16 13:34:38.614171,46.9,completed,8.07
SUB205943,P101605,S5369,2025-03-16 14:50:10.630751,4.3,completed,0.67
SUB205944,P101539,S5038,2025-03-16 14:54:42.822690,24.8,completed,4.91
SUB205945,P101408,S5425,2025-03-16 15:49:40.135546,10.4,completed,2.54
SUB205946,P101879,S5148,2025-03-16 16:22:38.996594,11.5,timed_out,0.0
SUB205947,P102412,S5050,2025-03-16 18:07:34.069164,30.4,completed,3.96
SUB205948,P101961,S5222,2025-03-16 18:20:33.317306,46.8,completed,7.62
SUB205949,P100858,S5115,2025-03-16 20:16:01.616564,2.4,completed,0.64
SUB205950,P100302,S5056,2025-03-16 23:54:04.476971,31.1,completed,5.22
SUB205951,P101009,S5138,2025-03-16 23:55:59.848673,7.5,completed,1.79
SUB205952,P102412,S5198,2025-03-17 00:07:34.069164,18.7,completed,1.92
SUB205953,P100136,S5223,2025-03-17 00:43:40.653199,9.4,completed,1.76
SUB205954,P102332,S5444,2025-03-17 01:14:06.740867,2.0,completed,0.33
SUB205955,P101341,S5065,2025-03-17 01:44:19.571518,13.1,returned,0.0
SUB205956,P102622,S5038,2025-03-17 01:54:06.818942,23.9,completed,4.91
SUB205957,P100916,S5144,2025-03-17 02:22:47.687344,27.9,completed,6.85
SUB205958,P100413,S5207,2025-03-17 02:44:47.376403,12.7,returned,0.0
SUB205959,P100282,S5186,2025-03-17 03:08:09.843237,17.2,completed,2.4
SUB205960,P101763,S5007,2025-03-17 04:05:42.225837,10.8,completed,1.29
SUB205961,P102756,S5159,2025-03-17 04:16:28.407936,15.0,completed,2.83
SUB205962,P102235,S5034,2025-03-17 04:44:32.241647,12.7,completed,2.11
SUB205963,P102144,S5306,2025-03-17 04:51:06.540507,9.8,completed,1.96
SUB205964,P100175,S5445,2025-03-17 05:21:41.742141,10.4,completed,1.78
SUB205965,P102502,S5264,2025-03-17 06:08:59.346407,4.9,completed,0.77
SUB205966,P102773,S5405,2025-03-17 07:35:47.888443,9.6,completed,2.48
SUB205967,P101539,S5423,2025-03-17 07:54:42.822690,12.9,completed,2.7
SUB205968,P101068,S5060,2025-03-17 07:56:11.559144,25.4,returned,0.0
SUB205969,P102391,S5207,2025-03-17 08:30:21.363214,15.9,completed,1.78
SUB205970,P100784,S5442,2025-03-17 09:17:00.791259,14.0,timed_out,0.0
SUB205971,P100659,S5027,2025-03-17 10:56:17.581354,37.6,completed,7.63
SUB205972,P101268,S5025,2025-03-17 12:06:37.951463,13.2,completed,3.06
SUB205973,P100180,S5000,2025-03-17 12:28:15.560223,25.5,completed,6.05
SUB205974,P102880,S5175,2025-03-17 12:49:08.291233,8.5,timed_out,0.0
SUB205975,P101506,S5111,2025-03-17 12:52:24.417678,10.6,completed,1.79
SUB205976,P100019,S5231,2025-03-17 14:15:00.452941,11.3,completed,3.05
SUB205977,P101009,S5074,2025-03-17 14:55:59.848673,15.6,completed,3.1
SUB205978,P102756,S5336,2025-03-17 16:16:28.407936,14.3,completed,2.55
SUB205979,P102235,S5197,2025-03-17 16:44:32.241647,11.2,completed,1.83
SUB205980,P101274,S5219,2025-03-17 16:45:43.688225,38.5,completed,5.27
SUB205981,P102880,S5306,2025-03-17 17:49:08.291233,10.8,completed,1.96
SUB205982,P100041,S5418,2025-03-17 18:18:38.190832,12.3,completed,1.77
SUB205983,P100327,S5093,2025-03-17 20:32:36.360089,14.4,completed,2.24
SUB205984,P100359,S5106,2025-03-17 20:34:55.070881,34.6,completed,5.46
SUB205985,P100863,S5200,2025-03-17 20:48:55.737971,19.7,completed,2.77
SUB205986,P100169,S5379,2025-03-18 01:05:41.344291,9.9,completed,1.42
SUB205987,P101352,S5211,2025-03-18 01:08:30.556971,24.4,completed,3.62
SUB205988,P100136,S5447,2025-03-18 02:43:40.653199,7.3,completed,1.56
SUB205989,P101545,S5366,2025-03-18 03:18:00.076162,24.9,completed,4.22
SUB205990,P101443,S5290,2025-03-18 03:33:50.146842,5.8,timed_out,0.0
SUB205991,P102880,S5106,2025-03-18 03:49:08.291233,35.1,completed,5.46
SUB205992,P101945,S5277,2025-03-18 04:09:45.665663,4.4,completed,0.88
SUB205993,P100801,S5034,2025-03-18 04:21:41.704462,14.8,completed,2.11
SUB205994,P102132,S5007,2025-03-18 05:39:58.280940,11.1,completed,1.29
SUB205995,P100933,S5004,2025-03-18 06:06:41.194240,11.3,timed_out,0.0
SUB205996,P101506,S5021,2025-03-18 06:52:24.417678,8.6,completed,1.58
SUB205997,P100023,S5120,2025-03-18 06:55:33.503424,20.9,rejected,0.0
SUB205998,P102441,S5247,2025-03-18 07:19:35.355589,15.9,completed,2.43
SUB205999,P101618,S5003,2025-03-18 07:20:31.355485,8.2,completed,1.74
SUB206000,P101394,S5053,2025-03-18 07:39:44.216382,10.4,completed,1.9
SUB206001,P102132,S5151,2025-03-18 07:39:58.280940,24.1,completed,3.74
SUB206002,P101421,S5009,2025-03-18 08:39:08.586862,50.7,completed,7.89
SUB206003,P102617,S5277,2025-03-18 09:39:45.604805,3.8,completed,0.88
SUB206004,P101524,S5231,2025-03-18 10:19:18.289396,12.0,completed,3.05
SUB206005,P101547,S5171,2025-03-18 10:54:43.361974,3.3,completed,0.44
SUB206006,P101663,S5152,2025-03-18 11:14:38.309605,24.5,completed,2.63
SUB206007,P100281,S5026,2025-03-18 13:07:19.576028,37.6,completed,6.67
SUB206008,P102412,S5300,2025-03-18 14:07:34.069164,33.6,completed,6.19
SUB206009,P102502,S5442,2025-03-18 15:08:59.346407,10.5,completed,2.61
SUB206010,P102158,S5107,2025-03-18 15:30:47.279906,10.1,completed,1.66
SUB206011,P100692,S5252,2025-03-18 15:32:21.376272,16.6,completed,2.01
SUB206012,P100835,S5051,2025-03-18 15:48:37.440428,22.3,completed,4.21
SUB206013,P100326,S5316,2025-03-18 21:54:34.128123,7.3,returned,0.0
SUB206014,P100327,S5346,2025-03-18 22:32:36.360089,55.1,completed,10.53
SUB206015,P101443,S5059,2025-03-19 00:33:50.146842,15.7,completed,2.37
SUB206016,P102773,S5401,2025-03-19 00:35:47.888443,5.8,returned,0.0
SUB206017,P102198,S5411,2025-03-19 00:47:07.399037,43.3,completed,5.63
SUB206018,P100835,S5275,2025-03-19 00:48:37.440428,10.5,returned,0.0
SUB206019,P101009,S5118,2025-03-19 00:55:59.848673,8.5,timed_out,0.0
SUB206020,P100854,S5441,2025-03-19 01:45:19.299129,20.5,rejected,0.0
SUB206021,P102450,S5113,2025-03-19 01:51:14.980486,9.2,rejected,0.0
SUB206022,P100697,S5017,2025-03-19 01:54:01.001839,11.8,completed,2.08
SUB206023,P102629,S5187,2025-03-19 01:54:40.895013,24.6,completed,3.11
SUB206024,P101987,S5445,2025-03-19 02:32:41.147465,13.6,completed,1.78
SUB206025,P101857,S5159,2025-03-19 02:51:29.386968,13.9,rejected,0.0
SUB206026,P101547,S5247,2025-03-19 03:54:43.361974,15.0,completed,2.43
SUB206027,P100539,S5156,2025-03-19 03:58:39.812912,13.3,completed,1.7
SUB206028,P101287,S5223,2025-03-19 05:20:13.382039,14.7,completed,1.76
SUB206029,P100978,S5114,2025-03-19 06:06:24.349101,44.6,completed,6.95
SUB206030,P101660,S5315,2025-03-19 07:02:40.345429,14.9,completed,1.77
SUB206031,P100081,S5073,2025-03-19 07:15:58.950372,12.9,completed,2.27
SUB206032,P101832,S5132,2025-03-19 07:27:46.829133,17.8,completed,4.18
SUB206033,P100327,S5096,2025-03-19 07:32:36.360089,7.6,completed,1.96
SUB206034,P101111,S5386,2025-03-19 07:32:54.061118,30.8,completed,4.46
SUB206035,P101290,S5371,2025-03-19 08:37:46.861222,5.7,completed,1.32
SUB206036,P101381,S5077,2025-03-19 08:53:16.448738,16.0,completed,2.08
SUB206037,P101595,S5178,2025-03-19 09:09:05.501767,7.8,returned,0.0
SUB206038,P100858,S5161,2025-03-19 09:16:01.616564,13.7,completed,1.91
SUB206039,P102271,S5153,2025-03-19 09:34:12.201943,27.2,completed,5.51
SUB206040,P102301,S5360,2025-03-19 10:21:10.776448,11.7,completed,1.58
SUB206041,P102617,S5137,2025-03-19 11:39:45.604805,33.9,completed,6.57
SUB206042,P100216,S5127,2025-03-19 11:55:53.862026,10.5,timed_out,0.0
SUB206043,P101596,S5449,2025-03-19 12:46:25.737073,20.6,completed,3.0
SUB206044,P102148,S5281,2025-03-19 12:46:38.679953,7.6,completed,1.47
SUB206045,P101595,S5230,2025-03-19 13:09:05.501767,28.2,completed,4.69
SUB206046,P100023,S5354,2025-03-19 15:55:33.503424,28.9,completed,5.67
SUB206047,P102756,S5369,2025-03-19 17:16:28.407936,4.6,completed,0.67
SUB206048,P102828,S5341,2025-03-19 18:24:10.183502,20.7,completed,3.95
SUB206049,P102158,S5178,2025-03-19 18:30:47.279906,8.1,returned,0.0
SUB206050,P101857,S5209,2025-03-19 18:51:29.386968,30.0,rejected,0.0
SUB206051,P101394,S5358,2025-03-19 19:39:44.216382,6.4,timed_out,0.0
SUB206052,P101575,S5247,2025-03-19 22:33:18.073797,18.0,completed,2.43
SUB206053,P101109,S5248,2025-03-20 00:02:47.975989,15.4,timed_out,0.0
SUB206054,P100357,S5045,2025-03-20 00:03:36.988540,13.7,completed,2.51
SUB206055,P102271,S5115,2025-03-20 02:34:12.201943,2.9,completed,0.64
SUB206056,P102723,S5156,2025-03-20 02:34:30.306036,12.0,completed,1.7
SUB206057,P100413,S5444,2025-03-20 02:44:47.376403,2.3,completed,0.33
SUB206058,P101646,S5446,2025-03-20 04:50:25.422685,13.7,completed,2.29
SUB206059,P101605,S5164,2025-03-20 05:50:10.630751,16.3,completed,2.6
SUB206060,P101394,S5442,2025-03-20 06:39:44.216382,13.2,completed,2.61
SUB206061,P100743,S5048,2025-03-20 07:15:44.052427,4.4,completed,0.86
SUB206062,P102458,S5182,2025-03-20 08:02:23.947582,11.9,returned,0.0
SUB206063,P101879,S5357,2025-03-20 08:22:38.996594,14.3,completed,2.46
SUB206064,P100302,S5220,2025-03-20 08:54:04.476971,6.1,timed_out,0.0
SUB206065,P100018,S5440,2025-03-20 09:39:21.113261,22.9,timed_out,0.0
SUB206066,P101500,S5273,2025-03-20 10:17:07.397228,13.2,completed,1.67
SUB206067,P100096,S5248,2025-03-20 10:25:04.064461,15.8,completed,2.27
SUB206068,P100136,S5397,2025-03-20 11:43:40.653199,24.3,completed,2.96
SUB206069,P101086,S5231,2025-03-20 12:11:23.948499,14.6,completed,3.05
SUB206070,P102263,S5003,2025-03-20 13:30:02.583980,7.6,completed,1.74
SUB206071,P100968,S5369,2025-03-20 16:15:34.645273,3.9,completed,0.67
SUB206072,P102756,S5197,2025-03-20 16:16:28.407936,13.3,completed,1.83
SUB206073,P101500,S5153,2025-03-20 16:17:07.397228,29.4,completed,5.51
SUB206074,P102585,S5252,2025-03-20 17:14:45.405803,15.5,completed,2.01
SUB206075,P102452,S5151,2025-03-20 17:45:19.129728,20.7,completed,3.74
SUB206076,P101660,S5025,2025-03-20 19:02:40.345429,14.3,returned,0.0
SUB206077,P102797,S5106,2025-03-20 19:18:46.095698,36.6,completed,5.46
SUB206078,P102291,S5223,2025-03-20 22:53:19.688739,11.4,completed,1.76
SUB206079,P100221,S5207,2025-03-21 00:06:42.754049,14.0,completed,1.78
SUB206080,P100282,S5349,2025-03-21 00:08:09.843237,12.4,completed,2.02
SUB206081,P101767,S5297,2025-03-21 00:10:35.474564,11.2,completed,2.85
SUB206082,P100858,S5208,2025-03-21 00:16:01.616564,5.2,completed,0.85
SUB206083,P102502,S5230,2025-03-21 02:08:59.346407,30.0,completed,4.69
SUB206084,P102148,S5441,2025-03-21 02:46:38.679953,23.8,completed,5.78
SUB206085,P101280,S5098,2025-03-21 03:36:15.387330,2.1,completed,0.37
SUB206086,P102261,S5379,2025-03-21 03:45:51.335271,11.0,completed,1.42
SUB206087,P100659,S5334,2025-03-21 03:56:17.581354,19.5,completed,3.44
SUB206088,P100781,S5271,2025-03-21 04:00:47.404706,16.6,completed,2.99
SUB206089,P102059,S5162,2025-03-21 05:17:55.234874,9.5,completed,1.35
SUB206090,P101485,S5366,2025-03-21 05:52:57.389523,22.7,completed,4.22
SUB206091,P101542,S5057,2025-03-21 06:00:16.430936,14.6,completed,3.43
SUB206092,P100533,S5102,2025-03-21 06:12:49.427056,20.6,completed,3.21
SUB206093,P102085,S5025,2025-03-21 06:33:04.041305,15.4,completed,3.06
SUB206094,P100302,S5158,2025-03-21 06:54:04.476971,3.6,completed,0.51
SUB206095,P101987,S5248,2025-03-21 08:32:41.147465,17.3,completed,2.27
SUB206096,P102352,S5263,2025-03-21 09:04:36.683623,30.4,returned,0.0
SUB206097,P100169,S5366,2025-03-21 09:05:41.344291,24.2,completed,4.22
SUB206098,P101763,S5422,2025-03-21 09:05:42.225837,35.3,completed,5.85
SUB206099,P102987,S5286,2025-03-21 09:14:11.706602,30.2,completed,6.85
SUB206100,P102132,S5148,2025-03-21 11:39:58.280940,16.8,completed,2.06
SUB206101,P100136,S5273,2025-03-21 12:43:40.653199,15.6,completed,1.67
SUB206102,P102352,S5093,2025-03-21 13:04:36.683623,20.4,completed,2.24
SUB206103,P101763,S5418,2025-03-21 13:05:42.225837,10.2,completed,1.77
SUB206104,P102121,S5060,2025-03-21 13:36:51.306396,24.2,completed,3.23
SUB206105,P100915,S5103,2025-03-21 15:03:29.491873,23.4,completed,3.8
SUB206106,P101268,S5320,2025-03-21 16:06:37.951463,16.4,completed,3.5
SUB206107,P100039,S5350,2025-03-21 23:50:12.852561,19.4,completed,3.08
SUB206108,P101896,S5374,2025-03-22 00:02:29.420285,11.4,completed,1.85
SUB206109,P102255,S5262,2025-03-22 00:51:21.126576,13.5,completed,2.3
SUB206110,P102458,S5008,2025-03-22 01:02:23.947582,48.7,completed,9.33
SUB206111,P101763,S5412,2025-03-22 01:05:42.225837,23.6,completed,5.45
SUB206112,P102441,S5003,2025-03-22 02:19:35.355589,8.3,completed,1.74
SUB206113,P101675,S5071,2025-03-22 03:01:01.408973,7.8,completed,1.28
SUB206114,P101245,S5285,2025-03-22 03:07:38.883763,17.5,timed_out,0.0
SUB206115,P101085,S5036,2025-03-22 03:54:35.272317,3.3,completed,0.5
SUB206116,P102385,S5417,2025-03-22 03:58:12.684853,12.8,completed,1.78
SUB206117,P100787,S5159,2025-03-22 04:11:32.251966,14.0,completed,2.83
SUB206118,P100858,S5430,2025-03-22 04:16:01.616564,4.1,completed,0.51
SUB206119,P102288,S5076,2025-03-22 04:39:30.237777,6.7,completed,0.74
SUB206120,P101605,S5191,2025-03-22 04:50:10.630751,18.5,completed,3.82
SUB206121,P100287,S5334,2025-03-22 05:16:10.916862,25.4,completed,3.44
SUB206122,P101656,S5158,2025-03-22 05:53:36.799753,2.7,completed,0.51
SUB206123,P100357,S5048,2025-03-22 06:03:36.988540,5.4,completed,0.86
SUB206124,P100350,S5151,2025-03-22 06:42:46.683450,20.2,completed,3.74
SUB206125,P101357,S5442,2025-03-22 07:02:07.756860,14.7,completed,2.61
SUB206126,P101640,S5076,2025-03-22 09:19:14.845302,6.3,completed,0.74
SUB206127,P100533,S5059,2025-03-22 10:12:49.427056,15.5,completed,2.37
SUB206128,P101832,S5083,2025-03-22 11:27:46.829133,7.2,completed,0.8
SUB206129,P102729,S5168,2025-03-22 12:40:59.490916,7.1,completed,1.46
SUB206130,P101341,S5376,2025-03-22 12:44:19.571518,24.5,completed,4.64
SUB206131,P100019,S5252,2025-03-22 13:15:00.452941,12.1,completed,2.01
SUB206132,P100175,S5249,2025-03-22 13:21:41.742141,18.8,completed,2.91
SUB206133,P101965,S5013,2025-03-22 14:22:45.529931,8.7,completed,2.39
SUB206134,P102564,S5180,2025-03-22 16:51:16.753826,4.0,completed,0.73
SUB206135,P102685,S5055,2025-03-22 16:54:06.066527,13.9,completed,2.11
SUB206136,P102051,S5267,2025-03-22 18:12:17.029176,30.9,completed,3.64
SUB206137,P100402,S5412,2025-03-22 18:29:17.234234,31.5,completed,5.45
SUB206138,P102414,S5341,2025-03-22 19:40:56.135609,24.6,timed_out,0.0
SUB206139,P101605,S5327,2025-03-22 19:50:10.630751,29.8,completed,4.13
SUB206140,P102723,S5083,2025-03-22 20:34:30.306036,7.3,completed,0.8
SUB206141,P101961,S5118,2025-03-22 21:20:33.317306,9.2,completed,1.89
SUB206142,P102496,S5354,2025-03-22 21:31:11.895022,26.6,timed_out,0.0
SUB206143,P100030,S5118,2025-03-22 22:23:45.456222,11.2,rejected,0.0
SUB206144,P102405,S5021,2025-03-22 22:59:57.212828,12.6,rejected,0.0
SUB206145,P102293,S5381,2025-03-23 00:04:55.796259,10.9,completed,2.26
SUB206146,P100781,S5380,2025-03-23 02:00:47.404706,49.1,completed,9.78
SUB206147,P100125,S5036,2025-03-23 02:02:36.748826,2.5,completed,0.5
SUB206148,P102361,S5226,2025-03-23 02:17:02.983704,31.8,completed,4.72
SUB206149,P101987,S5030,2025-03-23 02:32:41.147465,12.3,completed,1.96
SUB206150,P101872,S5332,2025-03-23 07:00:40.970375,9.3,completed,1.23
SUB206151,P101568,S5365,2025-03-23 07:47:24.187824,10.0,completed,1.75
SUB206152,P102332,S5286,2025-03-23 08:14:06.740867,35.1,completed,6.85
SUB206153,P101182,S5083,2025-03-23 08:15:28.414315,6.4,completed,0.8
SUB206154,P100854,S5043,2025-03-23 08:45:19.299129,18.4,completed,2.61
SUB206155,P102291,S5084,2025-03-23 08:53:19.688739,6.3,completed,1.02
SUB206156,P101408,S5307,2025-03-23 09:49:40.135546,31.9,completed,4.57
SUB206157,P102629,S5026,2025-03-23 10:54:40.895013,36.1,completed,6.67
SUB206158,P102452,S5316,2025-03-23 11:45:19.129728,7.8,completed,1.21
SUB206159,P101850,S5376,2025-03-23 11:48:19.394174,16.8,completed,4.64
SUB206160,P101690,S5337,2025-03-23 11:53:19.391737,1.8,completed,0.41
SUB206161,P100346,S5209,2025-03-23 12:06:32.206869,26.1,completed,4.12
SUB206162,P101114,S5057,2025-03-23 12:36:43.140210,13.8,completed,3.43
SUB206163,P101640,S5422,2025-03-23 13:19:14.845302,33.0,completed,5.85
SUB206164,P101896,S5151,2025-03-23 14:02:29.420285,23.3,completed,3.74
SUB206165,P100423,S5017,2025-03-23 14:24:11.459302,12.7,completed,2.08
SUB206166,P101210,S5247,2025-03-23 15:06:23.808663,18.7,completed,2.43
SUB206167,P101267,S5098,2025-03-23 15:15:58.112595,2.3,completed,0.37
SUB206168,P100169,S5004,2025-03-23 16:05:41.344291,14.2,completed,2.25
SUB206169,P100756,S5128,2025-03-23 16:36:50.779022,22.8,completed,4.88
SUB206170,P100357,S5172,2025-03-23 17:03:36.988540,13.5,completed,1.58
SUB206171,P101726,S5440,2025-03-23 18:51:16.589895,15.1,completed,2.63
SUB206172,P102496,S5223,2025-03-23 19:31:11.895022,13.9,completed,1.76
SUB206173,P102441,S5279,2025-03-23 20:19:35.355589,10.8,completed,1.83
SUB206174,P101832,S5317,2025-03-23 21:27:46.829133,17.1,completed,2.19
SUB206175,P100662,S5007,2025-03-23 21:47:39.201478,11.9,returned,0.0
SUB206176,P101930,S5230,2025-03-23 22:57:52.724422,24.6,returned,0.0
SUB206177,P101181,S5004,2025-03-24 00:20:38.307143,13.2,completed,2.25
SUB206178,P101443,S5214,2025-03-24 00:33:50.146842,5.7,completed,0.8
SUB206179,P101092,S5016,2025-03-24 00:50:22.314022,8.0,completed,1.61
SUB206180,P102496,S5128,2025-03-24 04:31:11.895022,29.1,returned,0.0
SUB206181,P101408,S5074,2025-03-24 04:49:40.135546,18.9,completed,3.1
SUB206182,P101575,S5343,2025-03-24 05:33:18.073797,30.5,completed,5.58
SUB206183,P102265,S5093,2025-03-24 05:35:23.351474,14.1,completed,2.24
SUB206184,P102275,S5222,2025-03-24 07:27:58.543003,36.7,completed,7.62
SUB206185,P100019,S5132,2025-03-24 08:15:00.452941,19.2,completed,4.18
SUB206186,P102302,S5171,2025-03-24 08:35:25.795009,2.7,completed,0.44
SUB206187,P102161,S5038,2025-03-24 11:07:23.791652,20.4,completed,4.91
SUB206188,P100949,S5380,2025-03-24 11:40:05.855202,52.8,completed,9.78
SUB206189,P101420,S5316,2025-03-24 11:58:14.456381,8.2,timed_out,0.0
SUB206190,P102458,S5438,2025-03-24 12:02:23.947582,17.8,completed,3.47
SUB206191,P102245,S5070,2025-03-24 12:19:20.610628,16.8,completed,2.73
SUB206192,P101119,S5127,2025-03-24 12:24:40.491676,12.0,completed,1.9
SUB206193,P102617,S5050,2025-03-24 12:39:45.604805,33.1,completed,3.96
SUB206194,P101703,S5435,2025-03-24 15:18:16.159889,29.4,completed,4.04
SUB206195,P101237,S5198,2025-03-24 17:28:47.865013,13.5,completed,1.92
SUB206196,P101907,S5423,2025-03-24 17:50:00.715462,16.9,completed,2.7
SUB206197,P102622,S5349,2025-03-24 17:54:06.818942,14.4,completed,2.02
SUB206198,P102412,S5149,2025-03-24 18:07:34.069164,5.2,rejected,0.0
SUB206199,P102723,S5118,2025-03-24 18:34:30.306036,11.3,completed,1.89
SUB206200,P102828,S5320,2025-03-24 20:24:10.183502,16.4,completed,3.5
SUB206201,P100047,S5184,2025-03-24 20:52:29.155675,6.9,completed,1.05
SUB206202,P101268,S5384,2025-03-24 21:06:37.951463,17.0,completed,2.81
SUB206203,P102265,S5026,2025-03-24 21:35:23.351474,27.3,completed,6.67
SUB206204,P102746,S5087,2025-03-24 22:16:57.919555,9.4,completed,1.52
SUB206205,P100816,S5388,2025-03-24 22:57:23.354327,15.0,completed,3.85
SUB206206,P100046,S5282,2025-03-24 23:49:05.723747,17.2,completed,3.47
SUB206207,P100359,S5275,2025-03-25 01:34:55.070881,9.7,completed,1.52
SUB206208,P102454,S5131,2025-03-25 01:35:40.563368,12.0,completed,2.11
SUB206209,P100496,S5283,2025-03-25 02:02:32.941144,65.2,completed,12.16
SUB206210,P101618,S5388,2025-03-25 02:20:31.355485,13.0,completed,3.85
SUB206211,P102391,S5185,2025-03-25 02:30:21.363214,36.9,returned,0.0
SUB206212,P102496,S5151,2025-03-25 02:31:11.895022,20.5,completed,3.74
SUB206213,P101690,S5374,2025-03-25 02:53:19.391737,9.3,completed,1.85
SUB206214,P101782,S5106,2025-03-25 03:06:49.138317,25.7,completed,5.46
SUB206215,P102585,S5149,2025-03-25 04:14:45.405803,4.8,completed,1.19
SUB206216,P101896,S5248,2025-03-25 05:02:29.420285,14.0,completed,2.27
SUB206217,P101699,S5198,2025-03-25 05:23:13.548796,18.9,completed,1.92
SUB206218,P101595,S5307,2025-03-25 06:09:05.501767,32.8,completed,4.57
SUB206219,P102585,S5305,2025-03-25 06:14:45.405803,5.2,completed,0.82
SUB206220,P101292,S5381,2025-03-25 06:41:52.455912,9.7,completed,2.26
SUB206221,P101068,S5169,2025-03-25 06:56:11.559144,20.1,completed,2.64
SUB206222,P102797,S5220,2025-03-25 07:18:46.095698,8.6,completed,1.0
SUB206223,P100229,S5290,2025-03-25 08:05:48.975219,4.8,completed,1.01
SUB206224,P102291,S5433,2025-03-25 09:53:19.688739,10.4,completed,2.07
SUB206225,P102629,S5097,2025-03-25 11:54:40.895013,14.2,completed,2.1
SUB206226,P101578,S5134,2025-03-25 12:09:46.672530,21.0,completed,3.04
SUB206227,P100969,S5325,2025-03-25 12:30:26.102223,37.7,timed_out,0.0
SUB206228,P102255,S5013,2025-03-25 13:51:21.126576,13.8,completed,2.39
SUB206229,P100791,S5131,2025-03-25 14:03:00.371276,14.4,completed,2.11
SUB206230,P101782,S5032,2025-03-25 14:06:49.138317,10.9,returned,0.0
SUB206231,P100968,S5077,2025-03-25 14:15:34.645273,13.5,completed,2.08
SUB206232,P101290,S5312,2025-03-25 14:37:46.861222,14.8,returned,0.0
SUB206233,P101394,S5427,2025-03-25 14:39:44.216382,25.5,completed,3.87
SUB206234,P101542,S5430,2025-03-25 15:00:16.430936,4.0,completed,0.51
SUB206235,P101292,S5134,2025-03-25 15:41:52.455912,16.9,completed,3.04
SUB206236,P100791,S5219,2025-03-25 16:03:00.371276,40.6,completed,5.27
SUB206237,P101759,S5057,2025-03-25 16:31:07.560431,12.2,returned,0.0
SUB206238,P101930,S5281,2025-03-25 16:57:52.724422,7.2,completed,1.47
SUB206239,P101872,S5263,2025-03-25 17:00:40.970375,23.8,completed,5.29
SUB206240,P101782,S5108,2025-03-25 17:06:49.138317,27.1,completed,3.24
SUB206241,P102148,S5074,2025-03-25 19:46:38.679953,21.1,completed,3.1
SUB206242,P100350,S5032,2025-03-25 20:42:46.683450,11.2,completed,1.77
SUB206243,P102261,S5035,2025-03-25 20:45:51.335271,6.1,completed,1.11
SUB206244,P100569,S5096,2025-03-25 21:45:57.343327,10.8,completed,1.96
SUB206245,P100081,S5178,2025-03-25 23:15:58.950372,9.6,completed,1.47
SUB206246,P100510,S5275,2025-03-25 23:25:02.230794,10.5,completed,1.52
SUB206247,P100146,S5442,2025-03-25 23:29:58.819966,11.0,completed,2.61
SUB206248,P101763,S5199,2025-03-26 00:05:42.225837,19.7,completed,2.43
SUB206249,P101930,S5404,2025-03-26 00:57:52.724422,7.0,completed,1.2
SUB206250,P101965,S5220,2025-03-26 01:22:45.529931,7.8,completed,1.0
SUB206251,P101726,S5410,2025-03-26 01:51:16.589895,10.3,timed_out,0.0
SUB206252,P101394,S5121,2025-03-26 02:39:44.216382,32.4,completed,4.46
SUB206253,P102009,S5252,2025-03-26 04:43:53.776970,14.5,completed,2.01
SUB206254,P101068,S5175,2025-03-26 04:56:11.559144,6.8,completed,1.17
SUB206255,P100451,S5200,2025-03-26 05:11:20.842622,18.3,completed,2.77
SUB206256,P101699,S5139,2025-03-26 05:23:13.548796,37.5,completed,6.16
SUB206257,P101285,S5191,2025-03-26 05:38:26.447096,21.8,completed,3.82
SUB206258,P101092,S5168,2025-03-26 07:50:22.314022,8.6,completed,1.46
SUB206259,P102051,S5048,2025-03-26 08:12:17.029176,5.3,rejected,0.0
SUB206260,P102458,S5317,2025-03-26 09:02:23.947582,19.5,rejected,0.0
SUB206261,P102332,S5277,2025-03-26 09:14:06.740867,4.0,completed,0.88
SUB206262,P102275,S5107,2025-03-26 10:27:58.543003,8.5,completed,1.66
SUB206263,P102263,S5384,2025-03-26 10:30:02.583980,16.8,completed,2.81
SUB206264,P100327,S5003,2025-03-26 10:32:36.360089,9.1,rejected,0.0
SUB206265,P100949,S5356,2025-03-26 10:40:05.855202,7.4,returned,0.0
SUB206266,P101381,S5289,2025-03-26 10:53:16.448738,35.8,completed,6.11
SUB206267,P100413,S5017,2025-03-26 11:44:47.376403,10.4,completed,2.08
SUB206268,P100281,S5427,2025-03-26 12:07:19.576028,23.5,completed,3.87
SUB206269,P101443,S5393,2025-03-26 12:33:50.146842,21.3,completed,4.54
SUB206270,P100496,S5412,2025-03-26 13:02:32.941144,27.0,completed,5.45
SUB206271,P102290,S5424,2025-03-26 14:07:52.114655,13.4,completed,2.82
SUB206272,P102723,S5076,2025-03-26 14:34:30.306036,6.1,completed,0.74
SUB206273,P100146,S5311,2025-03-26 15:29:58.819966,34.5,rejected,0.0
SUB206274,P101369,S5102,2025-03-26 15:35:19.515166,20.0,completed,3.21
SUB206275,P101421,S5226,2025-03-26 15:39:08.586862,30.0,completed,4.72
SUB206276,P100978,S5175,2025-03-26 16:06:24.349101,7.6,completed,1.17
SUB206277,P102773,S5131,2025-03-26 17:35:47.888443,15.4,completed,2.11
SUB206278,P102464,S5182,2025-03-26 17:43:55.849445,13.8,completed,2.14
SUB206279,P101549,S5027,2025-03-26 19:33:47.280491,42.7,completed,7.63
SUB206280,P101133,S5134,2025-03-26 19:54:54.494792,21.1,returned,0.0
SUB206281,P100978,S5441,2025-03-26 21:06:24.349101,26.5,completed,5.78
SUB206282,P100749,S5209,2025-03-26 21:11:51.185910,29.3,completed,4.12
SUB206283,P101965,S5424,2025-03-26 21:22:45.529931,15.9,completed,2.82
SUB206284,P100949,S5076,2025-03-26 22:40:05.855202,4.9,completed,0.74
SUB206285,P100284,S5107,2025-03-26 23:47:05.564707,9.1,completed,1.66
SUB206286,P102117,S5405,2025-03-27 00:09:07.861523,9.3,completed,2.48
SUB206287,P101549,S5111,2025-03-27 00:33:47.280491,8.8,completed,1.79
SUB206288,P101114,S5087,2025-03-27 02:36:43.140210,8.8,completed,1.52
SUB206289,P100659,S5433,2025-03-27 03:56:17.581354,12.0,completed,2.07
SUB206290,P101699,S5248,2025-03-27 04:23:13.548796,12.9,completed,2.27
SUB206291,P102495,S5364,2025-03-27 04:57:44.555514,13.5,completed,2.63
SUB206292,P101930,S5313,2025-03-27 05:57:52.724422,32.1,completed,4.36
SUB206293,P102361,S5162,2025-03-27 06:17:02.983704,9.1,completed,1.35
SUB206294,P102496,S5438,2025-03-27 06:31:11.895022,19.7,completed,3.47
SUB206295,P102773,S5431,2025-03-27 07:35:47.888443,13.7,returned,0.0
SUB206296,P100153,S5398,2025-03-27 07:57:14.114443,2.8,timed_out,0.0
SUB206297,P102343,S5412,2025-03-27 08:01:04.942488,20.9,completed,5.45
SUB206298,P102358,S5231,2025-03-27 08:35:07.695909,15.9,returned,0.0
SUB206299,P102645,S5346,2025-03-27 09:06:50.794589,44.4,completed,10.53
SUB206300,P101699,S5222,2025-03-27 09:23:13.548796,31.7,returned,0.0
SUB206301,P102828,S5281,2025-03-27 09:24:10.183502,8.3,completed,1.47
SUB206302,P102046,S5376,2025-03-27 11:39:26.323379,22.3,returned,0.0
SUB206303,P101945,S5194,2025-03-27 12:09:45.665663,18.1,completed,3.46
SUB206304,P102265,S5427,2025-03-27 12:35:23.351474,27.4,completed,3.87
SUB206305,P102405,S5203,2025-03-27 12:59:57.212828,9.4,completed,1.75
SUB206306,P101545,S5398,2025-03-27 13:18:00.076162,2.6,completed,0.55
SUB206307,P102096,S5311,2025-03-27 13:53:55.628732,32.8,completed,6.06
SUB206308,P101894,S5085,2025-03-27 14:21:01.016721,24.6,completed,3.89
SUB206309,P101408,S5256,2025-03-27 14:49:40.135546,28.9,completed,4.49
SUB206310,P100023,S5271,2025-03-27 14:55:33.503424,12.0,completed,2.99
SUB206311,P101093,S5388,2025-03-27 16:54:31.997593,15.1,completed,3.85
SUB206312,P102132,S5111,2025-03-27 17:39:58.280940,11.1,completed,1.79
SUB206313,P100662,S5017,2025-03-27 17:47:39.201478,15.2,completed,2.08
SUB206314,P100559,S5149,2025-03-27 17:48:41.273183,4.7,completed,1.19
SUB206315,P100402,S5038,2025-03-27 19:29:17.234234,30.5,completed,4.91
SUB206316,P100969,S5025,2025-03-27 19:30:26.102223,15.1,completed,3.06
SUB206317,P102664,S5449,2025-03-27 19:45:45.472028,21.0,completed,3.0
SUB206318,P101285,S5144,2025-03-27 20:38:26.447096,42.5,completed,6.85
SUB206319,P102328,S5009,2025-03-27 21:25:36.655565,48.4,completed,7.89
SUB206320,P100835,S5060,2025-03-27 21:48:37.440428,25.8,completed,3.23
SUB206321,P100659,S5324,2025-03-27 21:56:17.581354,15.1,completed,2.12
SUB206322,P101290,S5209,2025-03-27 23:37:46.861222,24.3,timed_out,0.0
SUB206323,P102117,S5444,2025-03-28 00:09:07.861523,1.6,timed_out,0.0
SUB206324,P100968,S5315,2025-03-28 01:15:34.645273,12.5,completed,1.77
SUB206325,P100413,S5156,2025-03-28 01:44:47.376403,15.1,completed,1.7
SUB206326,P101987,S5052,2025-03-28 02:32:41.147465,7.5,completed,1.48
SUB206327,P100429,S5144,2025-03-28 03:15:08.987265,37.8,returned,0.0
SUB206328,P102361,S5384,2025-03-28 03:17:02.983704,17.3,completed,2.81
SUB206329,P101009,S5016,2025-03-28 03:55:59.848673,11.1,completed,1.61
SUB206330,P100180,S5082,2025-03-28 04:28:15.560223,9.4,completed,1.14
SUB206331,P101362,S5255,2025-03-28 05:36:48.597537,22.7,completed,4.13
SUB206332,P102564,S5168,2025-03-28 05:51:16.753826,5.6,completed,1.46
SUB206333,P101783,S5106,2025-03-28 05:57:48.602381,23.8,completed,5.46
SUB206334,P102301,S5437,2025-03-28 06:21:10.776448,6.7,completed,0.97
SUB206335,P102046,S5380,2025-03-28 06:39:26.323379,46.1,completed,9.78
SUB206336,P101763,S5060,2025-03-28 07:05:42.225837,17.0,completed,3.23
SUB206337,P101961,S5427,2025-03-28 07:20:33.317306,24.5,returned,0.0
SUB206338,P102414,S5286,2025-03-28 07:40:56.135609,35.3,completed,6.85
SUB206339,P101894,S5300,2025-03-28 08:21:01.016721,29.2,completed,6.19
SUB206340,P101956,S5183,2025-03-28 09:01:02.729755,9.3,completed,1.35
SUB206341,P102987,S5226,2025-03-28 09:14:11.706602,24.7,completed,4.72
SUB206342,P101450,S5230,2025-03-28 09:55:00.918041,29.0,returned,0.0
SUB206343,P100968,S5064,2025-03-28 11:15:34.645273,10.4,timed_out,0.0
SUB206344,P101508,S5075,2025-03-28 13:12:25.616149,6.1,rejected,0.0
SUB206345,P100193,S5312,2025-03-28 13:24:08.199817,14.5,completed,2.82
SUB206346,P101268,S5229,2025-03-28 14:06:37.951463,53.2,returned,0.0
SUB206347,P102645,S5114,2025-03-28 14:06:50.794589,31.7,completed,6.95
SUB206348,P101092,S5286,2025-03-28 14:50:22.314022,31.3,completed,6.85
SUB206349,P101524,S5286,2025-03-28 15:19:18.289396,27.8,completed,6.85
SUB206350,P101268,S5099,2025-03-28 18:06:37.951463,23.7,completed,2.46
SUB206351,P100281,S5001,2025-03-28 19:07:19.576028,7.8,rejected,0.0
SUB206352,P100559,S5027,2025-03-28 22:48:41.273183,45.6,completed,7.63
SUB206353,P100039,S5001,2025-03-28 22:50:12.852561,7.5,completed,1.14
SUB206354,P101170,S5230,2025-03-28 23:30:14.944601,34.0,completed,4.69
SUB206355,P102773,S5158,2025-03-29 00:35:47.888443,3.1,completed,0.51
SUB206356,P102880,S5082,2025-03-29 00:49:08.291233,9.6,returned,0.0
SUB206357,P101759,S5076,2025-03-29 02:31:07.560431,7.4,completed,0.74
SUB206358,P101896,S5374,2025-03-29 03:02:29.420285,11.4,completed,1.85
SUB206359,P102383,S5446,2025-03-29 03:39:08.885742,10.0,completed,2.29
SUB206360,P102265,S5032,2025-03-29 04:35:23.351474,8.2,completed,1.77
SUB206361,P101568,S5075,2025-03-29 04:47:24.187824,5.3,completed,0.89
SUB206362,P101086,S5206,2025-03-29 07:11:23.948499,15.6,completed,1.88
SUB206363,P100749,S5016,2025-03-29 07:11:51.185910,10.2,completed,1.61
SUB206364,P101188,S5393,2025-03-29 08:23:12.402576,16.3,completed,4.54
SUB206365,P102502,S5131,2025-03-29 09:08:59.346407,11.0,completed,2.11
SUB206366,P101706,S5384,2025-03-29 09:33:42.848387,11.5,returned,0.0
SUB206367,P102263,S5027,2025-03-29 10:30:02.583980,32.6,completed,7.63
SUB206368,P101956,S5296,2025-03-29 11:01:02.729755,15.1,completed,2.35
SUB206369,P102343,S5167,2025-03-29 11:01:04.942488,13.5,completed,2.09
SUB206370,P102488,S5084,2025-03-29 11:10:06.797823,5.8,completed,1.02
SUB206371,P102263,S5360,2025-03-29 12:30:02.583980,10.8,returned,0.0
SUB206372,P102496,S5034,2025-03-29 12:31:11.895022,12.8,completed,2.11
SUB206373,P100756,S5352,2025-03-29 12:36:50.779022,13.1,completed,2.32
SUB206374,P100978,S5148,2025-03-29 13:06:24.349101,13.1,completed,2.06
SUB206375,P100030,S5257,2025-03-29 13:23:45.456222,23.8,completed,5.22
SUB206376,P102441,S5168,2025-03-29 14:19:35.355589,6.8,completed,1.46
SUB206377,P102288,S5328,2025-03-29 16:39:30.237777,47.3,completed,6.81
SUB206378,P101280,S5148,2025-03-29 17:36:15.387330,12.4,completed,2.06
SUB206379,P101961,S5089,2025-03-29 18:20:33.317306,25.1,completed,3.23
SUB206380,P100413,S5171,2025-03-29 18:44:47.376403,2.5,completed,0.44
SUB206381,P100477,S5267,2025-03-29 18:50:20.583285,26.5,timed_out,0.0
SUB206382,P100975,S5067,2025-03-29 19:35:17.896481,18.8,returned,0.0
SUB206383,P101699,S5343,2025-03-29 20:23:13.548796,25.7,completed,5.58
SUB206384,P102464,S5271,2025-03-29 20:43:55.849445,16.9,completed,2.99
SUB206385,P100968,S5067,2025-03-29 21:15:34.645273,13.4,completed,2.5
SUB206386,P101421,S5356,2025-03-29 21:39:08.586862,8.6,completed,1.33
SUB206387,P102288,S5211,2025-03-29 21:39:30.237777,17.1,completed,3.62
SUB206388,P101656,S5216,2025-03-29 21:53:36.799753,13.0,completed,2.13
SUB206389,P101542,S5162,2025-03-29 22:00:16.430936,10.2,completed,1.35
SUB206390,P100096,S5266,2025-03-29 22:25:04.064461,9.4,completed,1.78
SUB206391,P100169,S5271,2025-03-29 23:05:41.344291,13.6,timed_out,0.0
SUB206392,P101381,S5397,2025-03-29 23:53:16.448738,19.5,completed,2.96
SUB206393,P100125,S5017,2025-03-30 01:02:36.748826,13.9,rejected,0.0
SUB206394,P101545,S5250,2025-03-30 02:18:00.076162,6.9,completed,1.13
SUB206395,P102328,S5285,2025-03-30 02:25:36.655565,17.6,rejected,0.0
SUB206396,P101646,S5003,2025-03-30 03:50:25.422685,7.5,returned,0.0
SUB206397,P101782,S5417,2025-03-30 04:06:49.138317,16.6,completed,1.78
SUB206398,P101381,S5306,2025-03-30 04:53:16.448738,11.3,completed,1.96
SUB206399,P101210,S5059,2025-03-30 07:06:23.808663,16.4,completed,2.37
SUB206400,P101443,S5222,2025-03-30 07:33:50.146842,31.2,completed,7.62
SUB206401,P101363,S5052,2025-03-30 07:37:45.021198,9.0,timed_out,0.0
SUB206402,P100350,S5161,2025-03-30 07:42:46.683450,13.0,completed,1.91
SUB206403,P101923,S5275,2025-03-30 07:58:41.347614,8.3,completed,1.52
SUB206404,P102255,S5005,2025-03-30 10:51:21.126576,18.5,completed,2.38
SUB206405,P101450,S5435,2025-03-30 10:55:00.918041,26.2,timed_out,0.0
SUB206406,P101210,S5420,2025-03-30 11:06:23.808663,29.8,completed,7.8
SUB206407,P101109,S5262,2025-03-30 12:02:47.975989,11.4,completed,2.3
SUB206408,P101896,S5327,2025-03-30 13:02:29.420285,31.7,completed,4.13
SUB206409,P101763,S5121,2025-03-30 13:05:42.225837,33.3,completed,4.46
SUB206410,P100816,S5191,2025-03-30 13:57:23.354327,21.4,completed,3.82
SUB206411,P101767,S5164,2025-03-30 15:10:35.474564,14.7,completed,2.6
SUB206412,P101485,S5328,2025-03-30 15:52:57.389523,45.9,completed,6.81
SUB206413,P102046,S5231,2025-03-30 17:39:26.323379,12.1,completed,3.05
SUB206414,P101945,S5360,2025-03-30 18:09:45.665663,11.8,completed,1.58
SUB206415,P100608,S5207,2025-03-30 18:20:19.594766,13.6,completed,1.78
SUB206416,P102328,S5114,2025-03-30 20:25:36.655565,42.0,completed,6.95
SUB206417,P100791,S5312,2025-03-30 21:03:00.371276,12.2,completed,2.82
SUB206418,P101703,S5405,2025-03-30 21:18:16.159889,11.7,completed,2.48
SUB206419,P101285,S5255,2025-03-30 22:38:26.447096,16.9,timed_out,0.0
SUB206420,P102332,S5276,2025-03-30 23:14:06.740867,18.9,completed,4.4
SUB206421,P102746,S5037,2025-03-30 23:16:57.919555,6.6,completed,1.34
SUB206422,P102302,S5070,2025-03-30 23:35:25.795009,14.8,completed,2.73
SUB206423,P102121,S5371,2025-03-30 23:36:51.306396,6.8,completed,1.32
SUB206424,P100281,S5233,2025-03-31 00:07:19.576028,15.1,completed,1.99
SUB206425,P102096,S5329,2025-03-31 00:53:55.628732,12.5,completed,2.64
SUB206426,P101133,S5397,2025-03-31 00:54:54.494792,22.8,completed,2.96
SUB206427,P101009,S5102,2025-03-31 00:55:59.848673,13.9,completed,3.21
SUB206428,P101783,S5376,2025-03-31 00:57:48.602381,20.3,completed,4.64
SUB206429,P100781,S5118,2025-03-31 01:00:47.404706,10.7,completed,1.89
SUB206430,P102585,S5041,2025-03-31 01:14:45.405803,17.7,completed,2.54
SUB206431,P101516,S5231,2025-03-31 01:20:06.666786,11.2,completed,3.05
SUB206432,P100904,S5275,2025-03-31 02:28:20.491329,7.5,completed,1.52
SUB206433,P100169,S5180,2025-03-31 04:05:41.344291,3.3,completed,0.73
SUB206434,P101767,S5226,2025-03-31 04:10:35.474564,25.7,completed,4.72
SUB206435,P101640,S5064,2025-03-31 04:19:14.845302,13.1,completed,1.98
SUB206436,P100413,S5005,2025-03-31 04:44:47.376403,19.3,completed,2.38
SUB206437,P102643,S5276,2025-03-31 04:54:18.698375,25.5,completed,4.4
SUB206438,P101506,S5053,2025-03-31 06:52:24.417678,12.5,returned,0.0
SUB206439,P101381,S5328,2025-03-31 06:53:16.448738,43.7,completed,6.81
SUB206440,P102502,S5381,2025-03-31 08:08:59.346407,10.1,completed,2.26
SUB206441,P100451,S5183,2025-03-31 08:11:20.842622,9.8,rejected,0.0
SUB206442,P101352,S5375,2025-03-31 10:08:30.556971,47.8,completed,8.07
SUB206443,P101706,S5410,2025-03-31 10:33:42.848387,7.1,completed,1.28
SUB206444,P101450,S5393,2025-03-31 11:55:00.918041,24.6,completed,4.54
SUB206445,P100544,S5402,2025-03-31 13:07:51.791033,7.5,completed,1.21
SUB206446,P101285,S5104,2025-03-31 13:38:26.447096,11.8,completed,3.03
SUB206447,P100047,S5092,2025-03-31 13:52:29.155675,11.2,completed,2.72
SUB206448,P101965,S5255,2025-03-31 14:22:45.529931,23.9,completed,4.13
SUB206449,P100175,S5074,2025-03-31 15:21:41.742141,18.3,completed,3.1
SUB206450,P101640,S5233,2025-03-31 16:19:14.845302,12.8,completed,1.99
SUB206451,P100949,S5167,2025-03-31 17:40:05.855202,18.0,completed,2.09
SUB206452,P101708,S5121,2025-03-31 17:50:44.525775,31.8,completed,4.46
SUB206453,P101009,S5385,2025-03-31 17:55:59.848673,30.2,completed,4.8
SUB206454,P102746,S5341,2025-03-31 18:16:57.919555,26.4,completed,3.95
SUB206455,P101170,S5132,2025-03-31 19:30:14.944601,17.6,completed,4.18
SUB206456,P100136,S5106,2025-03-31 20:43:40.653199,27.4,completed,5.46
SUB206457,P100023,S5425,2025-03-31 20:55:33.503424,10.8,completed,2.54
SUB206458,P100692,S5055,2025-03-31 21:32:21.376272,15.1,completed,2.11
SUB206459,P100413,S5131,2025-03-31 21:44:47.376403,16.9,completed,2.11
SUB206460,P102051,S5007,2025-03-31 23:12:17.029176,8.9,completed,1.29
SUB206461,P102441,S5380,2025-03-31 23:19:35.355589,34.7,completed,9.78
SUB206462,P102263,S5188,2025-03-31 23:30:02.583980,12.9,completed,1.52
SUB206463,P102458,S5069,2025-04-01 04:02:23.947582,12.7,completed,2.97
SUB206464,P100569,S5104,2025-04-01 04:45:57.343327,17.6,completed,3.03
SUB206465,P101170,S5438,2025-04-01 05:30:14.944601,17.8,completed,3.47
SUB206466,P102850,S5263,2025-04-01 05:41:48.454921,26.5,completed,5.29
SUB206467,P101137,S5258,2025-04-01 07:26:01.676522,17.0,completed,2.75
SUB206468,P102458,S5332,2025-04-01 08:02:23.947582,7.5,completed,1.23
SUB206469,P100570,S5200,2025-04-01 08:29:40.642345,23.4,completed,2.77
SUB206470,P100275,S5250,2025-04-01 09:29:08.604344,8.4,completed,1.13
SUB206471,P100784,S5148,2025-04-01 10:17:00.791259,15.8,completed,2.06
SUB206472,P102288,S5152,2025-04-01 11:39:30.237777,18.5,timed_out,0.0
SUB206473,P100136,S5053,2025-04-01 11:43:40.653199,10.8,completed,1.9
SUB206474,P101646,S5134,2025-04-01 12:50:25.422685,14.7,completed,3.04
SUB206475,P101501,S5127,2025-04-01 14:15:49.602141,13.6,completed,1.9
SUB206476,P100096,S5307,2025-04-01 14:25:04.064461,27.9,completed,4.57
SUB206477,P102575,S5442,2025-04-01 15:29:13.817093,12.5,completed,2.61
SUB206478,P101443,S5275,2025-04-01 15:33:50.146842,8.5,completed,1.52
SUB206479,P100510,S5118,2025-04-01 16:25:02.230794,11.0,completed,1.89
SUB206480,P101759,S5422,2025-04-01 17:31:07.560431,31.8,completed,5.85
SUB206481,P100327,S5386,2025-04-01 17:32:36.360089,34.6,completed,4.46
SUB206482,P101234,S5180,2025-04-01 17:52:56.522958,4.0,completed,0.73
SUB206483,P101170,S5048,2025-04-01 18:30:14.944601,4.6,rejected,0.0
SUB206484,P101170,S5417,2025-04-01 18:30:14.944601,11.9,completed,1.78
SUB206485,P102645,S5092,2025-04-01 19:06:50.794589,12.6,completed,2.72
SUB206486,P100949,S5075,2025-04-01 19:40:05.855202,6.7,completed,0.89
SUB206487,P100816,S5389,2025-04-01 19:57:23.354327,33.0,completed,4.82
SUB206488,P101542,S5393,2025-04-01 20:00:16.430936,25.3,completed,4.54
SUB206489,P101894,S5417,2025-04-01 21:21:01.016721,17.8,timed_out,0.0
SUB206490,P101965,S5077,2025-04-01 21:22:45.529931,11.3,completed,2.08
SUB206491,P100302,S5324,2025-04-01 21:54:04.476971,12.3,completed,2.12
SUB206492,P102488,S5005,2025-04-01 23:10:06.797823,19.1,completed,2.38
SUB206493,P100413,S5256,2025-04-01 23:44:47.376403,23.7,completed,4.49
SUB206494,P100835,S5290,2025-04-01 23:48:37.440428,5.0,completed,1.01
SUB206495,P102458,S5381,2025-04-02 00:02:23.947582,12.7,completed,2.26
SUB206496,P101945,S5070,2025-04-02 00:09:45.665663,16.4,completed,2.73
SUB206497,P100030,S5038,2025-04-02 00:23:45.456222,31.8,completed,4.91
SUB206498,P100491,S5417,2025-04-02 01:07:38.387301,17.8,completed,1.78
SUB206499,P100284,S5168,2025-04-02 02:47:05.564707,7.7,completed,1.46
SUB206500,P102579,S5290,2025-04-02 02:48:02.970325,5.5,completed,1.01
SUB206501,P101285,S5084,2025-04-02 03:38:26.447096,4.9,completed,1.02
SUB206502,P101280,S5191,2025-04-02 05:36:15.387330,25.2,completed,3.82
SUB206503,P102488,S5026,2025-04-02 06:10:06.797823,40.3,completed,6.67
SUB206504,P101093,S5403,2025-04-02 07:54:31.997593,19.1,completed,3.58
SUB206505,P100268,S5388,2025-04-02 07:59:15.040584,13.2,completed,3.85
SUB206506,P101568,S5297,2025-04-02 08:47:24.187824,12.9,completed,2.85
SUB206507,P100749,S5350,2025-04-02 09:11:51.185910,19.0,completed,3.08
SUB206508,P101182,S5092,2025-04-02 09:15:28.414315,11.1,completed,2.72
SUB206509,P102291,S5271,2025-04-02 10:53:19.688739,18.6,completed,2.99
SUB206510,P100904,S5447,2025-04-02 11:28:20.491329,8.6,completed,1.56
SUB206511,P100659,S5422,2025-04-02 11:56:17.581354,42.5,rejected,0.0
SUB206512,P100229,S5315,2025-04-02 13:05:48.975219,11.2,completed,1.77
SUB206513,P100491,S5258,2025-04-02 14:07:38.387301,21.8,completed,2.75
SUB206514,P102160,S5217,2025-04-02 14:44:04.749852,13.2,completed,1.51
SUB206515,P102148,S5180,2025-04-02 14:46:38.679953,3.2,completed,0.73
SUB206516,P100153,S5444,2025-04-02 14:57:14.114443,1.6,completed,0.33
SUB206517,P100346,S5010,2025-04-02 15:06:32.206869,18.3,completed,3.21
SUB206518,P102987,S5144,2025-04-02 15:14:11.706602,38.9,completed,6.85
SUB206519,P101475,S5068,2025-04-02 15:30:52.627009,6.4,completed,1.02
SUB206520,P101506,S5398,2025-04-02 17:52:24.417678,3.0,completed,0.55
SUB206521,P101045,S5306,2025-04-02 18:07:28.851805,14.0,returned,0.0
SUB206522,P101767,S5405,2025-04-02 19:10:35.474564,11.1,completed,2.48
SUB206523,P102367,S5231,2025-04-02 19:40:43.012759,15.2,completed,3.05
SUB206524,P100559,S5194,2025-04-02 20:48:41.273183,19.6,returned,0.0
SUB206525,P102457,S5170,2025-04-02 21:47:27.634464,16.0,returned,0.0
SUB206526,P101784,S5013,2025-04-02 21:50:30.380598,10.4,completed,2.39
SUB206527,P100749,S5127,2025-04-02 23:11:51.185910,10.3,completed,1.9
SUB206528,P100175,S5052,2025-04-02 23:21:41.742141,11.1,completed,1.48
SUB206529,P102850,S5268,2025-04-02 23:41:48.454921,22.2,completed,4.16
SUB206530,P100573,S5197,2025-04-02 23:55:19.820630,10.7,completed,1.83
SUB206531,P101568,S5159,2025-04-03 00:47:24.187824,16.7,completed,2.83
SUB206532,P100039,S5234,2025-04-03 00:50:12.852561,28.5,completed,3.29
SUB206533,P100295,S5138,2025-04-03 01:04:15.414131,7.2,completed,1.79
SUB206534,P102263,S5095,2025-04-03 06:30:02.583980,6.1,completed,0.98
SUB206535,P102275,S5266,2025-04-03 07:27:58.543003,8.4,completed,1.78
SUB206536,P102737,S5412,2025-04-03 07:28:48.239375,31.4,completed,5.45
SUB206537,P102605,S5071,2025-04-03 07:36:10.018316,7.2,completed,1.28
SUB206538,P102161,S5127,2025-04-03 08:07:23.791652,11.7,completed,1.9
SUB206539,P102245,S5447,2025-04-03 09:19:20.610628,8.3,completed,1.56
SUB206540,P100327,S5417,2025-04-03 09:32:36.360089,14.2,completed,1.78
SUB206541,P102685,S5030,2025-04-03 10:54:06.066527,10.4,completed,1.96
SUB206542,P101501,S5437,2025-04-03 12:15:49.602141,7.3,completed,0.97
SUB206543,P102622,S5098,2025-04-03 12:54:06.818942,2.4,completed,0.37
SUB206544,P101646,S5115,2025-04-03 13:50:25.422685,2.6,completed,0.64
SUB206545,P102746,S5104,2025-04-03 14:16:57.919555,13.1,completed,3.03
SUB206546,P100784,S5061,2025-04-03 14:17:00.791259,6.8,timed_out,0.0
SUB206547,P102463,S5412,2025-04-03 17:12:23.320056,32.2,completed,5.45
SUB206548,P100854,S5056,2025-04-03 19:45:19.299129,33.2,completed,5.22
SUB206549,P101109,S5313,2025-04-03 20:02:47.975989,31.1,completed,4.36
SUB206550,P100791,S5449,2025-04-03 20:03:00.371276,26.6,rejected,0.0
SUB206551,P102255,S5260,2025-04-03 21:51:21.126576,12.6,completed,1.81
SUB206552,P101877,S5437,2025-04-03 21:56:27.337980,5.6,completed,0.97
SUB206553,P101109,S5083,2025-04-03 22:02:47.975989,8.0,completed,0.8
SUB206554,P100451,S5367,2025-04-03 22:11:20.842622,18.0,completed,2.76
SUB206555,P102746,S5169,2025-04-03 22:16:57.919555,13.5,completed,2.64
SUB206556,P102328,S5408,2025-04-03 22:25:36.655565,14.4,completed,2.33
SUB206557,P100838,S5183,2025-04-03 22:45:50.749725,7.8,completed,1.35
SUB206558,P101575,S5445,2025-04-03 23:33:18.073797,14.5,completed,1.78
SUB206559,P100432,S5447,2025-04-03 23:51:57.534167,6.1,completed,1.56
SUB206560,P101170,S5446,2025-04-04 00:30:14.944601,11.9,completed,2.29
SUB206561,P101907,S5164,2025-04-04 00:50:00.715462,15.7,completed,2.6
SUB206562,P100573,S5007,2025-04-04 01:55:19.820630,8.3,timed_out,0.0
SUB206563,P101675,S5226,2025-04-04 02:01:01.408973,31.6,completed,4.72
SUB206564,P100570,S5313,2025-04-04 03:29:40.642345,26.2,completed,4.36
SUB206565,P100692,S5379,2025-04-04 04:32:21.376272,10.1,completed,1.42
SUB206566,P101280,S5403,2025-04-04 04:36:15.387330,14.8,completed,3.58
SUB206567,P101287,S5026,2025-04-04 05:20:13.382039,32.0,completed,6.67
SUB206568,P101819,S5048,2025-04-04 05:29:10.312279,5.6,returned,0.0
SUB206569,P101280,S5355,2025-04-04 05:36:15.387330,57.0,completed,9.92
SUB206570,P100781,S5403,2025-04-04 06:00:47.404706,17.2,completed,3.58
SUB206571,P102302,S5328,2025-04-04 06:35:25.795009,38.6,returned,0.0
SUB206572,P100054,S5099,2025-04-04 06:54:35.483231,17.6,returned,0.0
SUB206573,P100023,S5311,2025-04-04 06:55:33.503424,24.8,completed,6.06
SUB206574,P102202,S5098,2025-04-04 08:27:38.306088,1.6,timed_out,0.0
SUB206575,P102496,S5144,2025-04-04 08:31:11.895022,36.2,completed,6.85
SUB206576,P101987,S5010,2025-04-04 09:32:41.147465,18.6,completed,3.21
SUB206577,P102635,S5056,2025-04-04 09:44:57.045511,31.5,completed,5.22
SUB206578,P101109,S5313,2025-04-04 10:02:47.975989,23.1,rejected,0.0
SUB206579,P102544,S5150,2025-04-04 10:03:05.526619,7.8,completed,1.59
SUB206580,P101450,S5057,2025-04-04 11:55:00.918041,14.3,completed,3.43
SUB206581,P100295,S5167,2025-04-04 12:04:15.414131,16.6,completed,2.09
SUB206582,P100491,S5077,2025-04-04 12:07:38.387301,10.1,completed,2.08
SUB206583,P101394,S5219,2025-04-04 12:39:44.216382,31.2,completed,5.27
SUB206584,P102405,S5356,2025-04-04 12:59:57.212828,7.3,completed,1.33
SUB206585,P101524,S5004,2025-04-04 13:19:18.289396,14.3,completed,2.25
SUB206586,P102723,S5178,2025-04-04 13:34:30.306036,7.6,completed,1.47
SUB206587,P102265,S5229,2025-04-04 13:35:23.351474,46.4,completed,7.54
SUB206588,P102864,S5069,2025-04-04 15:13:35.389789,16.6,completed,2.97
SUB206589,P102575,S5049,2025-04-04 15:29:13.817093,27.5,completed,3.45
SUB206590,P102635,S5263,2025-04-04 15:44:57.045511,33.7,completed,5.29
SUB206591,P101782,S5027,2025-04-04 16:06:49.138317,36.8,completed,7.63
SUB206592,P100743,S5328,2025-04-04 16:15:44.052427,50.8,completed,6.81
SUB206593,P101819,S5276,2025-04-04 17:29:10.312279,21.2,returned,0.0
SUB206594,P100303,S5275,2025-04-04 18:24:22.240637,8.5,returned,0.0
SUB206595,P102051,S5131,2025-04-04 19:12:17.029176,14.9,completed,2.11
SUB206596,P102685,S5099,2025-04-04 19:54:06.066527,25.5,completed,2.46
SUB206597,P102352,S5083,2025-04-04 20:04:36.683623,7.2,rejected,0.0
SUB206598,P100287,S5017,2025-04-04 20:16:10.916862,10.6,completed,2.08
SUB206599,P100175,S5437,2025-04-04 20:21:41.742141,6.7,completed,0.97
SUB206600,P101832,S5070,2025-04-04 20:27:46.829133,16.9,completed,2.73
SUB206601,P100023,S5222,2025-04-04 21:55:33.503424,40.0,completed,7.62
SUB206602,P101675,S5424,2025-04-04 22:01:01.408973,17.0,completed,2.82
SUB206603,P100046,S5182,2025-04-04 23:49:05.723747,11.8,completed,2.14
SUB206604,P100781,S5441,2025-04-05 02:00:47.404706,21.5,rejected,0.0
SUB206605,P100491,S5404,2025-04-05 02:07:38.387301,8.5,completed,1.2
SUB206606,P100784,S5113,2025-04-05 02:17:00.791259,11.5,timed_out,0.0
SUB206607,P102444,S5052,2025-04-05 04:09:14.900304,10.2,completed,1.48
SUB206608,P101443,S5076,2025-04-05 04:33:50.146842,6.8,completed,0.74
SUB206609,P100979,S5010,2025-04-05 04:45:38.528210,15.9,completed,3.21
SUB206610,P102161,S5364,2025-04-05 06:07:23.791652,13.8,completed,2.63
SUB206611,P102265,S5247,2025-04-05 06:35:23.351474,13.0,completed,2.43
SUB206612,P101234,S5307,2025-04-05 06:52:56.522958,30.3,timed_out,0.0
SUB206613,P100881,S5172,2025-04-05 09:23:13.219135,15.3,completed,1.58
SUB206614,P100402,S5200,2025-04-05 09:29:17.234234,18.5,completed,2.77
SUB206615,P101872,S5061,2025-04-05 10:00:40.970375,9.4,completed,1.35
SUB206616,P102322,S5416,2025-04-05 14:38:38.047409,8.3,completed,1.12
SUB206617,P100533,S5131,2025-04-05 15:12:49.427056,12.8,completed,2.11
SUB206618,P102600,S5175,2025-04-05 15:55:23.585085,6.5,completed,1.17
SUB206619,P101896,S5182,2025-04-05 16:02:29.420285,13.2,completed,2.14
SUB206620,P102290,S5388,2025-04-05 16:07:52.114655,16.7,completed,3.85
SUB206621,P101703,S5262,2025-04-05 16:18:16.159889,12.7,completed,2.3
SUB206622,P102464,S5309,2025-04-05 16:43:55.849445,25.0,completed,3.84
SUB206623,P100781,S5281,2025-04-05 17:00:47.404706,8.8,timed_out,0.0
SUB206624,P101133,S5420,2025-04-05 17:54:54.494792,38.1,rejected,0.0
SUB206625,P100787,S5169,2025-04-05 18:11:32.251966,15.7,completed,2.64
SUB206626,P100046,S5383,2025-04-05 19:49:05.723747,18.9,timed_out,0.0
SUB206627,P101726,S5070,2025-04-05 19:51:16.589895,13.3,completed,2.73
SUB206628,P101923,S5150,2025-04-05 19:58:41.347614,9.8,completed,1.59
SUB206629,P100584,S5070,2025-04-05 20:43:33.081100,11.6,completed,2.73
SUB206630,P100547,S5085,2025-04-05 20:46:50.868175,23.3,completed,3.89
SUB206631,P100146,S5264,2025-04-05 21:29:58.819966,4.8,completed,0.77
SUB206632,P100039,S5050,2025-04-05 21:50:12.852561,21.6,completed,3.96
SUB206633,P100491,S5389,2025-04-05 22:07:38.387301,27.2,completed,4.82
SUB206634,P101663,S5150,2025-04-05 22:14:38.309605,9.0,completed,1.59
SUB206635,P101188,S5290,2025-04-05 23:23:12.402576,4.5,completed,1.01
SUB206636,P100275,S5418,2025-04-05 23:29:08.604344,9.6,completed,1.77
SUB206637,P100570,S5402,2025-04-05 23:29:40.642345,6.1,completed,1.21
SUB206638,P102358,S5320,2025-04-05 23:35:07.695909,19.6,timed_out,0.0
SUB206639,P101501,S5211,2025-04-06 00:15:49.602141,16.6,completed,3.62
SUB206640,P100287,S5345,2025-04-06 00:16:10.916862,19.4,completed,3.79
SUB206641,P102458,S5174,2025-04-06 03:02:23.947582,10.1,completed,1.75
SUB206642,P102617,S5000,2025-04-06 04:39:45.604805,28.0,completed,6.05
SUB206643,P100350,S5343,2025-04-06 04:42:46.683450,31.9,completed,5.58
SUB206644,P102464,S5410,2025-04-06 04:43:55.849445,9.4,completed,1.28
SUB206645,P101109,S5097,2025-04-06 05:02:47.975989,15.3,completed,2.1
SUB206646,P100125,S5096,2025-04-06 06:02:36.748826,8.5,completed,1.96
SUB206647,P102385,S5412,2025-04-06 06:58:12.684853,30.1,timed_out,0.0
SUB206648,P102502,S5315,2025-04-06 07:08:59.346407,12.8,rejected,0.0
SUB206649,P101767,S5111,2025-04-06 08:10:35.474564,9.4,completed,1.79
SUB206650,P100295,S5152,2025-04-06 09:04:15.414131,25.2,completed,2.63
SUB206651,P102265,S5372,2025-04-06 09:35:23.351474,10.2,completed,1.43
SUB206652,P101204,S5014,2025-04-06 09:49:53.254996,36.4,completed,5.76
SUB206653,P101783,S5107,2025-04-06 09:57:48.602381,8.7,completed,1.66
SUB206654,P100933,S5055,2025-04-06 11:06:41.194240,11.1,completed,2.11
SUB206655,P102252,S5096,2025-04-06 12:01:10.429801,8.0,completed,1.96
SUB206656,P102850,S5423,2025-04-06 13:41:48.454921,19.2,completed,2.7
SUB206657,P100659,S5010,2025-04-06 15:56:17.581354,16.1,completed,3.21
SUB206658,P102617,S5233,2025-04-06 16:39:45.604805,14.8,completed,1.99
SUB206659,P101133,S5325,2025-04-06 16:54:54.494792,34.4,returned,0.0
SUB206660,P101945,S5381,2025-04-06 19:09:45.665663,13.0,completed,2.26
SUB206661,P100749,S5315,2025-04-06 20:11:51.185910,11.0,completed,1.77
SUB206662,P100229,S5093,2025-04-06 21:05:48.975219,21.1,completed,2.24
SUB206663,P102322,S5182,2025-04-06 21:38:38.047409,13.8,completed,2.14
SUB206664,P102457,S5070,2025-04-06 22:47:27.634464,14.8,completed,2.73
SUB206665,P101153,S5164,2025-04-06 23:51:43.091606,15.3,completed,2.6
SUB206666,P101708,S5266,2025-04-07 00:50:44.525775,9.7,timed_out,0.0
SUB206667,P101923,S5418,2025-04-07 00:58:41.347614,11.3,completed,1.77
SUB206668,P100968,S5169,2025-04-07 01:15:34.645273,18.7,completed,2.64
SUB206669,P102367,S5376,2025-04-07 02:40:43.012759,16.7,completed,4.64
SUB206670,P102255,S5007,2025-04-07 03:51:21.126576,12.1,completed,1.29
SUB206671,P102323,S5219,2025-04-07 06:18:29.084577,44.6,completed,5.27
SUB206672,P100352,S5350,2025-04-07 06:38:30.220186,18.0,completed,3.08
SUB206673,P102643,S5255,2025-04-07 07:54:18.698375,25.6,completed,4.13
SUB206674,P101818,S5420,2025-04-07 07:55:18.247221,34.2,completed,7.8
SUB206675,P100041,S5172,2025-04-07 08:18:38.190832,15.7,completed,1.58
SUB206676,P101292,S5358,2025-04-07 08:41:52.455912,7.4,completed,0.91
SUB206677,P100268,S5430,2025-04-07 08:59:15.040584,2.8,completed,0.51
SUB206678,P100169,S5222,2025-04-07 10:05:41.344291,35.1,returned,0.0
SUB206679,P100544,S5053,2025-04-07 10:07:51.791033,11.8,completed,1.9
SUB206680,P101352,S5389,2025-04-07 11:08:30.556971,21.4,completed,4.82
SUB206681,P100451,S5184,2025-04-07 11:11:20.842622,6.8,returned,0.0
SUB206682,P101759,S5060,2025-04-07 11:31:07.560431,25.3,completed,3.23
SUB206683,P100816,S5311,2025-04-07 11:57:23.354327,36.7,rejected,0.0
SUB206684,P100608,S5357,2025-04-07 13:20:19.594766,14.9,completed,2.46
SUB206685,P101832,S5077,2025-04-07 13:27:46.829133,14.3,timed_out,0.0
SUB206686,P100045,S5132,2025-04-07 13:32:19.319059,25.1,returned,0.0
SUB206687,P102374,S5034,2025-04-07 13:56:47.026969,18.1,completed,2.11
SUB206688,P100871,S5334,2025-04-07 14:18:48.846147,18.0,completed,3.44
SUB206689,P102202,S5113,2025-04-07 14:27:38.306088,12.5,completed,1.98
SUB206690,P100095,S5355,2025-04-07 14:40:18.129546,41.2,completed,9.92
SUB206691,P102009,S5288,2025-04-07 14:43:53.776970,31.4,completed,5.04
SUB206692,P100573,S5013,2025-04-07 14:55:19.820630,8.8,completed,2.39
SUB206693,P102412,S5182,2025-04-07 15:07:34.069164,14.1,completed,2.14
SUB206694,P100791,S5148,2025-04-07 16:03:00.371276,14.7,completed,2.06
SUB206695,P100662,S5297,2025-04-07 16:47:39.201478,13.5,completed,2.85
SUB206696,P100039,S5216,2025-04-07 16:50:12.852561,16.0,completed,2.13
SUB206697,P102323,S5313,2025-04-07 18:18:29.084577,29.4,completed,4.36
SUB206698,P102795,S5252,2025-04-07 18:23:37.776769,13.0,completed,2.01
SUB206699,P102585,S5389,2025-04-07 19:14:45.405803,25.3,completed,4.82
SUB206700,P100915,S5216,2025-04-07 20:03:29.491873,14.4,completed,2.13
SUB206701,P100858,S5349,2025-04-07 21:16:01.616564,16.4,completed,2.02
SUB206702,P100295,S5324,2025-04-07 22:04:15.414131,17.9,completed,2.12
SUB206703,P102643,S5127,2025-04-07 22:54:18.698375,13.1,completed,1.9
SUB206704,P100355,S5258,2025-04-07 22:55:26.084722,17.2,completed,2.75
SUB206705,P101285,S5092,2025-04-07 23:38:26.447096,15.2,completed,2.72
SUB206706,P102457,S5093,2025-04-07 23:47:27.634464,18.4,completed,2.24
SUB206707,P101767,S5203,2025-04-08 00:10:35.474564,8.4,completed,1.75
SUB206708,P100023,S5184,2025-04-08 00:55:33.503424,4.9,completed,1.05
SUB206709,P101352,S5069,2025-04-08 02:08:30.556971,12.4,completed,2.97
SUB206710,P100096,S5218,2025-04-08 03:25:04.064461,5.7,rejected,0.0
SUB206711,P101566,S5150,2025-04-08 03:55:11.775346,10.5,completed,1.59
SUB206712,P101640,S5306,2025-04-08 05:19:14.845302,13.5,completed,1.96
SUB206713,P101894,S5056,2025-04-08 05:21:01.016721,34.4,completed,5.22
SUB206714,P102600,S5182,2025-04-08 05:55:23.585085,14.9,completed,2.14
SUB206715,P102488,S5025,2025-04-08 06:10:06.797823,17.0,completed,3.06
SUB206716,P102121,S5040,2025-04-08 06:36:51.306396,25.0,completed,5.02
SUB206717,P101568,S5180,2025-04-08 06:47:24.187824,3.8,completed,0.73
SUB206718,P100268,S5418,2025-04-08 06:59:15.040584,10.7,completed,1.77
SUB206719,P100357,S5026,2025-04-08 07:03:36.988540,42.4,completed,6.67
SUB206720,P100881,S5154,2025-04-08 07:23:13.219135,8.4,completed,1.75
SUB206721,P102457,S5346,2025-04-08 08:47:27.634464,55.8,completed,10.53
SUB206722,P101234,S5382,2025-04-08 08:52:56.522958,7.8,completed,1.68
SUB206723,P100238,S5076,2025-04-08 11:43:01.467554,4.7,completed,0.74
SUB206724,P101783,S5382,2025-04-08 11:57:48.602381,6.7,completed,1.68
SUB206725,P101640,S5266,2025-04-08 12:19:14.845302,9.7,completed,1.78
SUB206726,P101767,S5306,2025-04-08 13:10:35.474564,14.2,completed,1.96
SUB206727,P102685,S5040,2025-04-08 13:54:06.066527,25.4,completed,5.02
SUB206728,P100047,S5178,2025-04-08 14:52:29.155675,7.5,completed,1.47
SUB206729,P101880,S5008,2025-04-08 15:00:03.960149,43.3,rejected,0.0
SUB206730,P102458,S5431,2025-04-08 15:02:23.947582,13.4,timed_out,0.0
SUB206731,P102828,S5355,2025-04-08 16:24:10.183502,41.1,completed,9.92
SUB206732,P101225,S5034,2025-04-08 16:44:44.349542,15.6,completed,2.11
SUB206733,P102374,S5283,2025-04-08 16:56:47.026969,63.9,completed,12.16
SUB206734,P101442,S5171,2025-04-08 17:08:56.901287,2.5,completed,0.44
SUB206735,P102121,S5000,2025-04-08 17:36:51.306396,27.6,completed,6.05
SUB206736,P100101,S5089,2025-04-08 17:43:05.037504,30.7,completed,3.23
SUB206737,P101818,S5069,2025-04-08 18:55:18.247221,17.3,completed,2.97
SUB206738,P102458,S5038,2025-04-08 20:02:23.947582,22.0,completed,4.91
SUB206739,P102749,S5350,2025-04-08 23:20:42.101131,15.8,completed,3.08
SUB206740,P100018,S5056,2025-04-09 00:39:21.113261,31.2,completed,5.22
SUB206741,P102096,S5040,2025-04-09 00:53:55.628732,32.3,completed,5.02
SUB206742,P100041,S5038,2025-04-09 01:18:38.190832,26.3,completed,4.91
SUB206743,P100871,S5376,2025-04-09 01:18:48.846147,19.4,returned,0.0
SUB206744,P100174,S5052,2025-04-09 01:47:01.737893,10.8,completed,1.48
SUB206745,P101923,S5097,2025-04-09 01:58:41.347614,16.3,completed,2.1
SUB206746,P101125,S5155,2025-04-09 04:13:00.918610,24.9,completed,2.42
SUB206747,P101170,S5297,2025-04-09 04:30:14.944601,16.2,completed,2.85
SUB206748,P101443,S5393,2025-04-09 04:33:50.146842,22.5,completed,4.54
SUB206749,P100968,S5162,2025-04-09 06:15:34.645273,7.2,completed,1.35
SUB206750,P101475,S5083,2025-04-09 06:30:52.627009,6.4,returned,0.0
SUB206751,P101640,S5195,2025-04-09 07:19:14.845302,13.5,completed,2.24
SUB206752,P102441,S5139,2025-04-09 07:19:35.355589,40.1,completed,6.16
SUB206753,P102502,S5139,2025-04-09 08:08:59.346407,26.7,completed,6.16
SUB206754,P100429,S5449,2025-04-09 08:15:08.987265,21.5,completed,3.0
SUB206755,P101877,S5427,2025-04-09 08:56:27.337980,18.7,returned,0.0
SUB206756,P102444,S5402,2025-04-09 09:09:14.900304,6.4,completed,1.21
SUB206757,P101663,S5369,2025-04-09 09:14:38.309605,3.5,completed,0.67
SUB206758,P101170,S5449,2025-04-09 09:30:14.944601,26.9,completed,3.0
SUB206759,P101605,S5437,2025-04-09 09:50:10.630751,8.0,completed,0.97
SUB206760,P102117,S5032,2025-04-09 10:09:07.861523,8.5,completed,1.77
SUB206761,P102585,S5230,2025-04-09 10:14:45.405803,31.3,completed,4.69
SUB206762,P102797,S5121,2025-04-09 10:18:46.095698,28.2,completed,4.46
SUB206763,P100355,S5352,2025-04-09 10:55:26.084722,10.9,completed,2.32
SUB206764,P100743,S5153,2025-04-09 11:15:44.052427,37.1,completed,5.51
SUB206765,P101894,S5050,2025-04-09 11:21:01.016721,31.1,completed,3.96
SUB206766,P100541,S5320,2025-04-09 11:29:20.434338,15.5,completed,3.5
SUB206767,P100041,S5336,2025-04-09 12:18:38.190832,18.3,completed,2.55
SUB206768,P100275,S5007,2025-04-09 12:29:08.604344,8.6,completed,1.29
SUB206769,P101703,S5282,2025-04-09 13:18:16.159889,16.9,completed,3.47
SUB206770,P102863,S5296,2025-04-09 13:39:44.940202,12.4,rejected,0.0
SUB206771,P100432,S5345,2025-04-09 13:51:57.534167,15.9,completed,3.79
SUB206772,P102096,S5172,2025-04-09 13:53:55.628732,10.6,completed,1.58
SUB206773,P102753,S5149,2025-04-09 15:30:34.371813,6.3,returned,0.0
SUB206774,P102496,S5113,2025-04-09 15:31:11.895022,10.1,completed,1.98
SUB206775,P101153,S5373,2025-04-09 15:51:43.091606,46.4,completed,7.36
SUB206776,P101443,S5047,2025-04-09 16:33:50.146842,21.9,rejected,0.0
SUB206777,P102055,S5257,2025-04-09 17:06:55.762351,24.9,completed,5.22
SUB206778,P101443,S5101,2025-04-09 18:33:50.146842,8.9,completed,1.24
SUB206779,P102016,S5042,2025-04-09 19:09:33.608229,36.8,completed,6.13
SUB206780,P101578,S5305,2025-04-09 19:09:46.672530,3.6,completed,0.82
SUB206781,P102753,S5410,2025-04-09 19:30:34.371813,10.0,completed,1.28
SUB206782,P102046,S5206,2025-04-09 19:39:26.323379,12.6,completed,1.88
SUB206783,P101292,S5148,2025-04-09 20:41:52.455912,15.4,rejected,0.0
SUB206784,P100854,S5051,2025-04-09 20:45:19.299129,30.7,completed,4.21
SUB206785,P100146,S5449,2025-04-09 21:29:58.819966,24.9,completed,3.0
SUB206786,P101516,S5198,2025-04-09 22:20:06.666786,18.7,rejected,0.0
SUB206787,P101617,S5259,2025-04-09 22:52:18.376137,52.5,completed,8.82
SUB206788,P100491,S5369,2025-04-09 23:07:38.387301,4.6,returned,0.0
SUB206789,P101508,S5026,2025-04-10 00:12:25.616149,30.0,completed,6.67
SUB206790,P101154,S5082,2025-04-10 00:14:43.829597,7.4,completed,1.14
SUB206791,P100858,S5435,2025-04-10 00:16:01.616564,32.1,completed,4.04
SUB206792,P101369,S5226,2025-04-10 00:35:19.515166,28.9,completed,4.72
SUB206793,P102585,S5185,2025-04-10 01:14:45.405803,31.8,completed,5.65
SUB206794,P101706,S5250,2025-04-10 01:33:42.848387,5.2,completed,1.13
SUB206795,P101335,S5257,2025-04-10 01:33:47.727433,24.8,returned,0.0
SUB206796,P100697,S5324,2025-04-10 01:54:01.001839,16.0,completed,2.12
SUB206797,P102328,S5197,2025-04-10 02:25:36.655565,13.2,returned,0.0
SUB206798,P102737,S5056,2025-04-10 02:28:48.239375,24.5,completed,5.22
SUB206799,P100541,S5021,2025-04-10 02:29:20.434338,10.2,completed,1.58
SUB206800,P101508,S5095,2025-04-10 03:12:25.616149,9.0,completed,0.98
SUB206801,P102029,S5070,2025-04-10 04:19:21.928813,11.5,completed,2.73
SUB206802,P101617,S5413,2025-04-10 05:52:18.376137,14.5,completed,2.69
SUB206803,P102291,S5104,2025-04-10 05:53:19.688739,18.2,completed,3.03
SUB206804,P100496,S5376,2025-04-10 06:02:32.941144,26.4,completed,4.64
SUB206805,P101086,S5138,2025-04-10 06:11:23.948499,8.1,completed,1.79
SUB206806,P102046,S5263,2025-04-10 06:39:26.323379,30.2,completed,5.29
SUB206807,P102863,S5014,2025-04-10 06:39:44.940202,24.1,completed,5.76
SUB206808,P102252,S5335,2025-04-10 07:01:10.429801,23.7,completed,5.53
SUB206809,P102753,S5098,2025-04-10 08:30:34.371813,2.1,rejected,0.0
SUB206810,P101726,S5263,2025-04-10 09:51:16.589895,32.7,completed,5.29
SUB206811,P101188,S5095,2025-04-10 10:23:12.402576,8.5,completed,0.98
SUB206812,P100039,S5143,2025-04-10 11:50:12.852561,14.3,timed_out,0.0
SUB206813,P102132,S5174,2025-04-10 12:39:58.280940,13.6,completed,1.75
SUB206814,P102332,S5300,2025-04-10 14:14:06.740867,39.7,completed,6.19
SUB206815,P102263,S5017,2025-04-10 14:30:02.583980,10.0,completed,2.08
SUB206816,P101784,S5311,2025-04-10 14:50:30.380598,26.0,completed,6.06
SUB206817,P101186,S5429,2025-04-10 15:01:12.535046,31.8,rejected,0.0
SUB206818,P100624,S5279,2025-04-10 15:23:32.119254,10.9,completed,1.83
SUB206819,P100659,S5045,2025-04-10 16:56:17.581354,14.9,completed,2.51
SUB206820,P102374,S5286,2025-04-10 16:56:47.026969,33.8,returned,0.0
SUB206821,P100784,S5070,2025-04-10 17:17:00.791259,13.9,completed,2.73
SUB206822,P100302,S5316,2025-04-10 19:54:04.476971,6.9,timed_out,0.0
SUB206823,P101485,S5026,2025-04-10 20:52:57.389523,37.5,returned,0.0
SUB206824,P102585,S5360,2025-04-10 21:14:45.405803,9.7,completed,1.58
SUB206825,P101956,S5133,2025-04-10 22:01:02.729755,21.2,completed,5.5
SUB206826,P101369,S5183,2025-04-10 22:35:19.515166,8.0,completed,1.35
SUB206827,P100081,S5352,2025-04-10 23:15:58.950372,11.9,completed,2.32
SUB206828,P101470,S5076,2025-04-10 23:27:26.681533,5.1,completed,0.74
SUB206829,P101566,S5115,2025-04-10 23:55:11.775346,3.3,completed,0.64
SUB206830,P100019,S5004,2025-04-11 00:15:00.452941,15.6,completed,2.25
SUB206831,P102009,S5440,2025-04-11 00:43:53.776970,20.3,completed,2.63
SUB206832,P100284,S5088,2025-04-11 00:47:05.564707,5.7,completed,1.54
SUB206833,P100153,S5417,2025-04-11 01:57:14.114443,11.4,completed,1.78
SUB206834,P101420,S5171,2025-04-11 01:58:14.456381,2.6,completed,0.44
SUB206835,P102753,S5158,2025-04-11 02:30:34.371813,3.6,completed,0.51
SUB206836,P100584,S5279,2025-04-11 02:43:33.081100,9.1,completed,1.83
SUB206837,P101930,S5375,2025-04-11 02:57:52.724422,46.3,completed,8.07
SUB206838,P101421,S5135,2025-04-11 03:39:08.586862,6.7,completed,1.23
SUB206839,P101703,S5184,2025-04-11 04:18:16.159889,4.5,completed,1.05
SUB206840,P101137,S5027,2025-04-11 04:26:01.676522,32.8,completed,7.63
SUB206841,P100543,S5076,2025-04-11 06:46:57.400518,7.3,completed,0.74
SUB206842,P100346,S5037,2025-04-11 10:06:32.206869,8.1,returned,0.0
SUB206843,P100854,S5071,2025-04-11 10:45:19.299129,8.0,completed,1.28
SUB206844,P101930,S5082,2025-04-11 10:57:52.724422,10.0,completed,1.14
SUB206845,P100451,S5382,2025-04-11 12:11:20.842622,8.8,completed,1.68
SUB206846,P102361,S5323,2025-04-11 12:17:02.983704,21.7,completed,6.03
SUB206847,P100413,S5382,2025-04-11 14:44:47.376403,10.6,completed,1.68
SUB206848,P101420,S5138,2025-04-11 14:58:14.456381,9.2,completed,1.79
SUB206849,P100327,S5115,2025-04-11 15:32:36.360089,2.8,completed,0.64
SUB206850,P101188,S5038,2025-04-11 16:23:12.402576,29.5,completed,4.91
SUB206851,P102880,S5080,2025-04-11 17:49:08.291233,11.8,completed,2.72
SUB206852,P101457,S5014,2025-04-11 18:01:16.576729,32.1,completed,5.76
SUB206853,P100570,S5388,2025-04-11 18:29:40.642345,15.7,completed,3.85
SUB206854,P102184,S5223,2025-04-11 19:27:03.533949,9.2,completed,1.76
SUB206855,P100413,S5306,2025-04-11 19:44:47.376403,12.3,timed_out,0.0
SUB206856,P100327,S5175,2025-04-11 20:32:36.360089,7.4,completed,1.17
SUB206857,P100647,S5442,2025-04-11 21:31:30.399806,11.8,completed,2.61
SUB206858,P100295,S5043,2025-04-11 22:04:15.414131,14.1,timed_out,0.0
SUB206859,P100295,S5056,2025-04-11 23:04:15.414131,29.6,completed,5.22
SUB206860,P102161,S5267,2025-04-12 00:07:23.791652,29.1,rejected,0.0
SUB206861,P101287,S5096,2025-04-12 00:20:13.382039,11.0,completed,1.96
SUB206862,P101783,S5288,2025-04-12 01:57:48.602381,33.1,completed,5.04
SUB206863,P100357,S5195,2025-04-12 02:03:36.988540,14.5,completed,2.24
SUB206864,P100287,S5438,2025-04-12 02:16:10.916862,21.9,completed,3.47
SUB206865,P102564,S5258,2025-04-12 02:51:16.753826,21.1,completed,2.75
SUB206866,P102828,S5104,2025-04-12 05:24:10.183502,11.9,completed,3.03
SUB206867,P100756,S5301,2025-04-12 06:36:50.779022,35.5,completed,6.85
SUB206868,P100781,S5345,2025-04-12 07:00:47.404706,18.4,completed,3.79
SUB206869,P101420,S5174,2025-04-12 07:58:14.456381,11.4,completed,1.75
SUB206870,P101769,S5238,2025-04-12 12:19:46.780244,25.9,completed,3.77
SUB206871,P101759,S5187,2025-04-12 12:31:07.560431,26.9,completed,3.11
SUB206872,P102811,S5329,2025-04-12 13:20:57.000333,14.9,completed,2.64
SUB206873,P102016,S5264,2025-04-12 14:09:33.608229,6.8,timed_out,0.0
SUB206874,P101154,S5271,2025-04-12 14:14:43.829597,13.5,completed,2.99
SUB206875,P102575,S5231,2025-04-12 14:29:13.817093,13.6,completed,3.05
SUB206876,P101459,S5092,2025-04-12 15:46:35.703678,13.4,completed,2.72
SUB206877,P101782,S5198,2025-04-12 16:06:49.138317,16.0,timed_out,0.0
SUB206878,P101907,S5099,2025-04-12 16:50:00.715462,20.5,completed,2.46
SUB206879,P100486,S5400,2025-04-12 17:35:16.203743,13.3,completed,2.24
SUB206880,P101880,S5185,2025-04-12 18:00:03.960149,24.8,completed,5.65
SUB206881,P100547,S5214,2025-04-12 18:46:50.868175,5.6,completed,0.8
SUB206882,P101124,S5332,2025-04-12 20:14:08.304583,9.1,completed,1.23
SUB206883,P100624,S5099,2025-04-12 20:23:32.119254,18.8,completed,2.46
SUB206884,P101450,S5122,2025-04-12 22:55:00.918041,25.6,completed,5.07
SUB206885,P101457,S5264,2025-04-13 00:01:16.576729,6.9,timed_out,0.0
SUB206886,P100287,S5388,2025-04-13 01:16:10.916862,20.0,completed,3.85
SUB206887,P102265,S5035,2025-04-13 01:35:23.351474,7.8,completed,1.11
SUB206888,P101285,S5031,2025-04-13 01:38:26.447096,7.1,completed,0.91
SUB206889,P100683,S5222,2025-04-13 02:29:31.267052,39.2,completed,7.62
SUB206890,P101020,S5153,2025-04-13 03:03:59.224612,28.6,completed,5.51
SUB206891,P100101,S5427,2025-04-13 03:43:05.037504,26.7,timed_out,0.0
SUB206892,P102343,S5118,2025-04-13 04:01:04.942488,12.0,completed,1.89
SUB206893,P100030,S5343,2025-04-13 04:23:45.456222,27.1,completed,5.58
SUB206894,P100095,S5184,2025-04-13 04:40:18.129546,5.7,returned,0.0
SUB206895,P101362,S5040,2025-04-13 05:36:48.597537,28.3,completed,5.02
SUB206896,P101285,S5334,2025-04-13 05:38:26.447096,26.4,completed,3.44
SUB206897,P101907,S5092,2025-04-13 05:50:00.715462,11.7,completed,2.72
SUB206898,P100949,S5380,2025-04-13 06:40:05.855202,40.2,completed,9.78
SUB206899,P101093,S5401,2025-04-13 06:54:31.997593,5.9,completed,1.35
SUB206900,P100081,S5030,2025-04-13 07:15:58.950372,10.6,completed,1.96
SUB206901,P101086,S5036,2025-04-13 08:11:23.948499,2.9,completed,0.5
SUB206902,P100275,S5418,2025-04-13 08:29:08.604344,8.5,completed,1.77
SUB206903,P100003,S5043,2025-04-13 08:38:20.373423,13.4,completed,2.61
SUB206904,P102031,S5259,2025-04-13 08:39:25.520058,39.7,completed,8.82
SUB206905,P102464,S5115,2025-04-13 09:43:55.849445,2.9,completed,0.64
SUB206906,P101154,S5365,2025-04-13 10:14:43.829597,8.8,completed,1.75
SUB206907,P102753,S5182,2025-04-13 10:30:34.371813,10.6,completed,2.14
SUB206908,P100295,S5068,2025-04-13 12:04:15.414131,7.8,returned,0.0
SUB206909,P102252,S5379,2025-04-13 13:01:10.429801,8.2,completed,1.42
SUB206910,P102291,S5138,2025-04-13 13:53:19.688739,7.5,completed,1.79
SUB206911,P100697,S5037,2025-04-13 13:54:01.001839,8.8,completed,1.34
SUB206912,P101085,S5437,2025-04-13 13:54:35.272317,5.5,completed,0.97
SUB206913,P102458,S5203,2025-04-13 15:02:23.947582,8.2,completed,1.75
SUB206914,P101442,S5277,2025-04-13 16:08:56.901287,4.7,completed,0.88
SUB206915,P102723,S5320,2025-04-13 17:34:30.306036,15.5,returned,0.0
SUB206916,P100003,S5217,2025-04-13 18:38:20.373423,14.2,completed,1.51
SUB206917,P101632,S5009,2025-04-13 19:03:25.259026,54.2,completed,7.89
SUB206918,P100114,S5403,2025-04-13 19:04:39.759021,18.1,completed,3.58
SUB206919,P102811,S5312,2025-04-13 19:20:57.000333,10.9,completed,2.82
SUB206920,P100046,S5010,2025-04-13 19:49:05.723747,17.9,completed,3.21
SUB206921,P101907,S5442,2025-04-13 19:50:00.715462,11.6,completed,2.61
SUB206922,P100697,S5197,2025-04-13 20:54:01.001839,11.8,completed,1.83
SUB206923,P101682,S5174,2025-04-13 21:22:25.942108,10.2,completed,1.75
SUB206924,P101124,S5265,2025-04-13 22:14:08.304583,17.5,completed,3.01
SUB206925,P101818,S5104,2025-04-13 22:55:18.247221,13.4,completed,3.03
SUB206926,P100429,S5256,2025-04-13 23:15:08.987265,27.1,completed,4.49
SUB206927,P100732,S5124,2025-04-14 02:04:31.042817,8.1,completed,1.46
SUB206928,P102367,S5195,2025-04-14 02:40:43.012759,15.7,completed,2.24
SUB206929,P100544,S5389,2025-04-14 03:07:51.791033,33.0,timed_out,0.0
SUB206930,P101442,S5214,2025-04-14 04:08:56.901287,4.8,timed_out,0.0
SUB206931,P101618,S5214,2025-04-14 04:20:31.355485,5.4,completed,0.8
SUB206932,P102579,S5266,2025-04-14 04:48:02.970325,10.8,completed,1.78
SUB206933,P101134,S5003,2025-04-14 05:15:50.277155,7.9,completed,1.74
SUB206934,P100624,S5323,2025-04-14 05:23:32.119254,24.6,completed,6.03
SUB206935,P102458,S5200,2025-04-14 06:02:23.947582,23.6,completed,2.77
SUB206936,P100193,S5327,2025-04-14 07:24:08.199817,26.8,completed,4.13
SUB206937,P101586,S5263,2025-04-14 08:57:07.440791,24.3,completed,5.29
SUB206938,P102383,S5098,2025-04-14 09:39:08.885742,1.7,completed,0.37
SUB206939,P102046,S5424,2025-04-14 09:39:26.323379,14.1,completed,2.82
SUB206940,P101124,S5416,2025-04-14 10:14:08.304583,8.4,completed,1.12
SUB206941,P102864,S5247,2025-04-14 11:13:35.389789,14.5,completed,2.43
SUB206942,P101287,S5185,2025-04-14 11:20:13.382039,26.5,completed,5.65
SUB206943,P100781,S5433,2025-04-14 12:00:47.404706,10.5,completed,2.07
SUB206944,P100510,S5393,2025-04-14 12:25:02.230794,23.4,completed,4.54
SUB206945,P100709,S5260,2025-04-14 12:53:39.668219,10.0,completed,1.81
SUB206946,P101450,S5364,2025-04-14 12:55:00.918041,13.4,completed,2.63
SUB206947,P100732,S5365,2025-04-14 13:04:31.042817,9.1,completed,1.75
SUB206948,P101618,S5206,2025-04-14 13:20:31.355485,17.2,completed,1.88
SUB206949,P100647,S5114,2025-04-14 14:31:30.399806,36.4,timed_out,0.0
SUB206950,P101285,S5385,2025-04-14 14:38:26.447096,25.8,completed,4.8
SUB206951,P102600,S5097,2025-04-14 14:55:23.585085,10.4,completed,2.1
SUB206952,P100978,S5315,2025-04-14 15:06:24.349101,11.5,completed,1.77
SUB206953,P101933,S5420,2025-04-14 16:38:41.669441,31.9,completed,7.8
SUB206954,P102323,S5257,2025-04-14 17:18:29.084577,25.1,completed,5.22
SUB206955,P101335,S5231,2025-04-14 17:33:47.727433,12.5,completed,3.05
SUB206956,P101819,S5007,2025-04-14 18:29:10.312279,10.8,completed,1.29
SUB206957,P100039,S5000,2025-04-14 18:50:12.852561,26.3,completed,6.05
SUB206958,P100784,S5290,2025-04-14 19:17:00.791259,6.7,completed,1.01
SUB206959,P101280,S5071,2025-04-14 19:36:15.387330,5.4,completed,1.28
SUB206960,P100543,S5132,2025-04-14 19:46:57.400518,19.1,returned,0.0
SUB206961,P102458,S5001,2025-04-14 21:02:23.947582,6.5,completed,1.14
SUB206962,P101849,S5045,2025-04-14 21:20:32.401950,15.1,completed,2.51
SUB206963,P101461,S5288,2025-04-14 21:33:31.202955,33.3,completed,5.04
SUB206964,P101769,S5135,2025-04-14 22:19:46.780244,5.6,completed,1.23
SUB206965,P101933,S5412,2025-04-14 22:38:41.669441,24.4,completed,5.45
SUB206966,P102863,S5273,2025-04-14 23:39:44.940202,10.9,completed,1.67
SUB206967,P102263,S5380,2025-04-15 00:30:02.583980,41.5,completed,9.78
SUB206968,P101398,S5174,2025-04-15 01:49:54.730779,10.3,completed,1.75
SUB206969,P101956,S5339,2025-04-15 02:01:02.729755,35.0,completed,5.17
SUB206970,P100418,S5222,2025-04-15 02:01:53.585881,46.4,completed,7.62
SUB206971,P100491,S5352,2025-04-15 02:07:38.387301,14.0,completed,2.32
SUB206972,P100327,S5352,2025-04-15 04:32:36.360089,10.0,completed,2.32
SUB206973,P100414,S5185,2025-04-15 04:38:53.940632,33.7,timed_out,0.0
SUB206974,P101708,S5134,2025-04-15 04:50:44.525775,16.8,completed,3.04
SUB206975,P100295,S5064,2025-04-15 05:04:15.414131,14.6,completed,1.98
SUB206976,P100429,S5229,2025-04-15 05:15:08.987265,43.9,completed,7.54
SUB206977,P100975,S5267,2025-04-15 06:35:17.896481,34.2,completed,3.64
SUB206978,P100355,S5138,2025-04-15 06:55:26.084722,7.2,completed,1.79
SUB206979,P102579,S5449,2025-04-15 07:48:02.970325,23.8,completed,3.0
SUB206980,P102643,S5297,2025-04-15 07:54:18.698375,12.8,completed,2.85
SUB206981,P101793,S5113,2025-04-15 08:41:05.843607,11.8,completed,1.98
SUB206982,P102055,S5089,2025-04-15 09:06:55.762351,30.0,completed,3.23
SUB206983,P100886,S5095,2025-04-15 09:50:35.571001,8.2,completed,0.98
SUB206984,P100081,S5061,2025-04-15 11:15:58.950372,10.0,completed,1.35
SUB206985,P101872,S5134,2025-04-15 12:00:40.970375,14.5,completed,3.04
SUB206986,P100030,S5128,2025-04-15 12:23:45.456222,25.1,completed,4.88
SUB206987,P102863,S5031,2025-04-15 13:39:44.940202,5.9,completed,0.91
SUB206988,P102178,S5092,2025-04-15 14:02:41.877673,17.5,completed,2.72
SUB206989,P101109,S5001,2025-04-15 14:02:47.975989,6.2,completed,1.14
SUB206990,P100968,S5216,2025-04-15 14:15:34.645273,19.4,completed,2.13
SUB206991,P101292,S5057,2025-04-15 14:41:52.455912,15.6,completed,3.43
SUB206992,P102579,S5149,2025-04-15 14:48:02.970325,7.0,rejected,0.0
SUB206993,P101186,S5393,2025-04-15 15:01:12.535046,22.8,completed,4.54
SUB206994,P100933,S5383,2025-04-15 15:06:41.194240,15.8,completed,3.52
SUB206995,P101125,S5422,2025-04-15 16:13:00.918610,38.8,completed,5.85
SUB206996,P100968,S5352,2025-04-15 16:15:34.645273,13.4,completed,2.32
SUB206997,P102502,S5329,2025-04-15 17:08:59.346407,11.5,completed,2.64
SUB206998,P100081,S5029,2025-04-15 17:15:58.950372,17.4,completed,2.96
SUB206999,P101850,S5077,2025-04-15 17:48:19.394174,15.4,completed,2.08
SUB207000,P100559,S5115,2025-04-15 17:48:41.273183,2.9,completed,0.64
SUB207001,P100046,S5354,2025-04-15 17:49:05.723747,31.1,completed,5.67
SUB207002,P100596,S5053,2025-04-15 18:01:24.545593,12.0,completed,1.9
SUB207003,P101225,S5132,2025-04-15 18:44:44.349542,25.0,completed,4.18
SUB207004,P100659,S5229,2025-04-15 18:56:17.581354,40.7,completed,7.54
SUB207005,P102457,S5127,2025-04-15 19:47:27.634464,9.5,completed,1.9
SUB207006,P101767,S5281,2025-04-15 20:10:35.474564,7.7,completed,1.47
SUB207007,P102441,S5374,2025-04-15 20:19:35.355589,10.5,completed,1.85
SUB207008,P100413,S5448,2025-04-15 20:44:47.376403,4.1,completed,0.76
SUB207009,P102055,S5159,2025-04-15 21:06:55.762351,14.9,completed,2.83
SUB207010,P100429,S5404,2025-04-15 21:15:08.987265,7.5,completed,1.2
SUB207011,P101457,S5132,2025-04-15 22:01:16.576729,23.6,completed,4.18
SUB207012,P102016,S5393,2025-04-15 23:09:33.608229,20.4,completed,4.54
SUB207013,P100429,S5052,2025-04-15 23:15:08.987265,11.1,completed,1.48
SUB207014,P101362,S5208,2025-04-15 23:36:48.597537,4.6,timed_out,0.0
SUB207015,P100991,S5149,2025-04-16 00:15:33.001221,5.9,completed,1.19
SUB207016,P101287,S5181,2025-04-16 00:20:13.382039,7.3,completed,1.59
SUB207017,P100030,S5372,2025-04-16 00:23:45.456222,10.4,completed,1.43
SUB207018,P100975,S5174,2025-04-16 00:35:17.896481,14.0,completed,1.75
SUB207019,P101500,S5135,2025-04-16 02:17:07.397228,7.9,completed,1.23
SUB207020,P102275,S5184,2025-04-16 02:27:58.543003,4.3,completed,1.05
SUB207021,P100238,S5371,2025-04-16 02:43:01.467554,7.3,timed_out,0.0
SUB207022,P101398,S5071,2025-04-16 02:49:54.730779,7.3,completed,1.28
SUB207023,P102290,S5230,2025-04-16 03:07:52.114655,38.2,completed,4.69
SUB207024,P100791,S5211,2025-04-16 04:03:00.371276,24.7,completed,3.62
SUB207025,P100295,S5403,2025-04-16 04:04:15.414131,21.3,completed,3.58
SUB207026,P101299,S5328,2025-04-16 04:09:58.503230,53.4,completed,6.81
SUB207027,P100749,S5203,2025-04-16 04:11:51.185910,12.1,completed,1.75
SUB207028,P102749,S5027,2025-04-16 06:20:42.101131,49.3,completed,7.63
SUB207029,P100352,S5382,2025-04-16 06:38:30.220186,7.7,completed,1.68
SUB207030,P101675,S5311,2025-04-16 08:01:01.408973,34.2,completed,6.06
SUB207031,P100608,S5052,2025-04-16 09:20:19.594766,9.5,completed,1.48
SUB207032,P102617,S5237,2025-04-16 09:39:45.604805,19.5,completed,2.36
SUB207033,P102235,S5374,2025-04-16 09:44:32.241647,13.6,returned,0.0
SUB207034,P102987,S5070,2025-04-16 11:14:11.706602,17.3,completed,2.73
SUB207035,P102085,S5235,2025-04-16 14:33:04.041305,12.1,rejected,0.0
SUB207036,P102575,S5267,2025-04-16 15:29:13.817093,28.9,completed,3.64
SUB207037,P102463,S5249,2025-04-16 16:12:23.320056,21.5,completed,2.91
SUB207038,P102863,S5139,2025-04-16 16:39:44.940202,37.8,completed,6.16
SUB207039,P101292,S5049,2025-04-16 16:41:52.455912,29.7,returned,0.0
SUB207040,P101894,S5164,2025-04-16 17:21:01.016721,17.5,completed,2.6
SUB207041,P101137,S5174,2025-04-16 17:26:01.676522,10.0,completed,1.75
SUB207042,P102753,S5341,2025-04-16 17:30:34.371813,27.8,completed,3.95
SUB207043,P101767,S5303,2025-04-16 20:10:35.474564,4.3,completed,0.63
SUB207044,P101923,S5266,2025-04-16 20:58:41.347614,12.3,returned,0.0
SUB207045,P101956,S5346,2025-04-16 21:01:02.729755,49.8,completed,10.53
SUB207046,P100451,S5107,2025-04-16 21:11:20.842622,8.5,completed,1.66
SUB207047,P102737,S5424,2025-04-16 22:28:48.239375,12.9,completed,2.82
SUB207048,P102753,S5404,2025-04-16 22:30:34.371813,6.5,returned,0.0
SUB207049,P102685,S5288,2025-04-16 22:54:06.066527,35.0,completed,5.04
SUB207050,P101763,S5301,2025-04-16 23:05:42.225837,42.3,completed,6.85
SUB207051,P102756,S5340,2025-04-16 23:16:28.407936,15.4,completed,2.31
SUB207052,P101783,S5061,2025-04-16 23:57:48.602381,8.8,completed,1.35
SUB207053,P101945,S5257,2025-04-17 00:09:45.665663,25.7,completed,5.22
SUB207054,P101124,S5111,2025-04-17 00:14:08.304583,11.6,completed,1.79
SUB207055,P102987,S5216,2025-04-17 00:14:11.706602,15.0,completed,2.13
SUB207056,P100287,S5034,2025-04-17 01:16:10.916862,11.8,completed,2.11
SUB207057,P102502,S5231,2025-04-17 02:08:59.346407,13.5,completed,3.05
SUB207058,P100749,S5447,2025-04-17 03:11:51.185910,8.1,completed,1.56
SUB207059,P101835,S5213,2025-04-17 03:59:21.451147,9.0,completed,1.08
SUB207060,P100570,S5108,2025-04-17 04:29:40.642345,19.9,completed,3.24
SUB207061,P101540,S5434,2025-04-17 04:35:47.652850,18.5,completed,2.96
SUB207062,P102332,S5296,2025-04-17 05:14:06.740867,10.6,completed,2.35
SUB207063,P101545,S5036,2025-04-17 05:18:00.076162,3.7,completed,0.5
SUB207064,P101796,S5365,2025-04-17 05:56:35.061784,9.2,returned,0.0
SUB207065,P100357,S5213,2025-04-17 06:03:36.988540,8.5,completed,1.08
SUB207066,P102457,S5104,2025-04-17 06:47:27.634464,16.4,completed,3.03
SUB207067,P101204,S5208,2025-04-17 07:49:53.254996,4.0,completed,0.85
SUB207068,P102290,S5380,2025-04-17 08:07:52.114655,49.8,completed,9.78
SUB207069,P100784,S5076,2025-04-17 08:17:00.791259,7.2,completed,0.74
SUB207070,P100697,S5373,2025-04-17 08:54:01.001839,43.0,completed,7.36
SUB207071,P100697,S5185,2025-04-17 09:54:01.001839,26.7,completed,5.65
SUB207072,P101682,S5035,2025-04-17 12:22:25.942108,5.7,completed,1.11
SUB207073,P101086,S5169,2025-04-17 13:11:23.948499,13.9,completed,2.64
SUB207074,P101640,S5256,2025-04-17 13:19:14.845302,22.6,completed,4.49
SUB207075,P100732,S5188,2025-04-17 14:04:31.042817,11.2,completed,1.52
SUB207076,P100570,S5235,2025-04-17 14:29:40.642345,13.7,completed,1.93
SUB207077,P100003,S5104,2025-04-17 14:38:20.373423,12.3,completed,3.03
SUB207078,P100791,S5366,2025-04-17 17:03:00.371276,26.1,completed,4.22
SUB207079,P100624,S5438,2025-04-17 17:23:32.119254,15.8,completed,3.47
SUB207080,P102723,S5384,2025-04-17 17:34:30.306036,11.6,rejected,0.0
SUB207081,P100359,S5267,2025-04-17 17:34:55.070881,28.2,completed,3.64
SUB207082,P101682,S5093,2025-04-17 18:22:25.942108,18.3,completed,2.24
SUB207083,P100647,S5369,2025-04-17 18:31:30.399806,4.1,completed,0.67
SUB207084,P101225,S5159,2025-04-17 18:44:44.349542,12.7,completed,2.83
SUB207085,P100854,S5034,2025-04-17 19:45:19.299129,16.0,returned,0.0
SUB207086,P101009,S5001,2025-04-17 19:55:59.848673,8.0,completed,1.14
SUB207087,P101640,S5258,2025-04-17 20:19:14.845302,15.4,completed,2.75
SUB207088,P102414,S5186,2025-04-17 20:40:56.135609,18.6,completed,2.4
SUB207089,P102198,S5323,2025-04-17 22:47:07.399037,30.5,completed,6.03
SUB207090,P102864,S5040,2025-04-18 02:13:35.389789,24.4,completed,5.02
SUB207091,P102016,S5041,2025-04-18 03:09:33.608229,18.7,completed,2.54
SUB207092,P100872,S5172,2025-04-18 04:59:22.092375,12.0,completed,1.58
SUB207093,P101632,S5446,2025-04-18 05:03:25.259026,14.0,rejected,0.0
SUB207094,P101420,S5275,2025-04-18 05:58:14.456381,9.1,returned,0.0
SUB207095,P101287,S5097,2025-04-18 06:20:13.382039,12.3,completed,2.1
SUB207096,P102850,S5341,2025-04-18 07:41:48.454921,24.1,completed,3.95
SUB207097,P102955,S5257,2025-04-18 08:09:21.359736,29.0,completed,5.22
SUB207098,P100429,S5174,2025-04-18 08:15:08.987265,11.6,completed,1.75
SUB207099,P100041,S5445,2025-04-18 08:18:38.190832,12.2,completed,1.78
SUB207100,P100327,S5385,2025-04-18 08:32:36.360089,30.4,completed,4.8
SUB207101,P100159,S5103,2025-04-18 08:54:23.952119,17.2,completed,3.8
SUB207102,P102645,S5041,2025-04-18 09:06:50.794589,23.5,completed,2.54
SUB207103,P101335,S5203,2025-04-18 09:33:47.727433,9.5,completed,1.75
SUB207104,P101806,S5372,2025-04-18 09:48:38.170487,8.5,completed,1.43
SUB207105,P100871,S5155,2025-04-18 11:18:48.846147,23.7,timed_out,0.0
SUB207106,P102457,S5357,2025-04-18 12:47:27.634464,14.0,completed,2.46
SUB207107,P102463,S5208,2025-04-18 13:12:23.320056,4.7,completed,0.85
SUB207108,P100095,S5180,2025-04-18 13:40:18.129546,3.8,completed,0.73
SUB207109,P100838,S5108,2025-04-18 14:45:50.749725,22.6,completed,3.24
SUB207110,P101763,S5056,2025-04-18 15:05:42.225837,22.4,completed,5.22
SUB207111,P100547,S5379,2025-04-18 15:46:50.868175,8.6,completed,1.42
SUB207112,P101796,S5349,2025-04-18 15:56:35.061784,14.9,timed_out,0.0
SUB207113,P100743,S5380,2025-04-18 16:15:44.052427,38.1,completed,9.78
SUB207114,P102530,S5303,2025-04-18 16:48:48.549517,5.3,completed,0.63
SUB207115,P102412,S5283,2025-04-18 17:07:34.069164,79.2,completed,12.16
SUB207116,P101328,S5181,2025-04-18 17:30:33.013186,7.3,completed,1.59
SUB207117,P102600,S5290,2025-04-18 17:55:23.585085,5.0,completed,1.01
SUB207118,P100054,S5082,2025-04-18 18:54:35.483231,9.0,completed,1.14
SUB207119,P100429,S5373,2025-04-18 19:15:08.987265,47.6,completed,7.36
SUB207120,P102361,S5400,2025-04-18 21:17:02.983704,13.6,completed,2.24
SUB207121,P101617,S5073,2025-04-18 21:52:18.376137,11.7,completed,2.27
SUB207122,P100096,S5288,2025-04-18 22:25:04.064461,27.8,completed,5.04
SUB207123,P101362,S5199,2025-04-18 22:36:48.597537,19.7,completed,2.43
SUB207124,P102255,S5248,2025-04-18 23:51:21.126576,14.8,timed_out,0.0
SUB207125,P100991,S5122,2025-04-19 00:15:33.001221,22.7,completed,5.07
SUB207126,P102502,S5010,2025-04-19 01:08:59.346407,23.3,completed,3.21
SUB207127,P100486,S5143,2025-04-19 02:35:16.203743,16.8,completed,2.39
SUB207128,P101835,S5087,2025-04-19 02:59:21.451147,11.5,completed,1.52
SUB207129,P100114,S5372,2025-04-19 03:04:39.759021,9.1,completed,1.43
SUB207130,P101524,S5237,2025-04-19 04:19:18.289396,17.5,completed,2.36
SUB207131,P102198,S5226,2025-04-19 04:47:07.399037,32.7,completed,4.72
SUB207132,P101549,S5129,2025-04-19 05:33:47.280491,11.8,completed,1.59
SUB207133,P100697,S5273,2025-04-19 05:54:01.001839,10.8,completed,1.67
SUB207134,P100608,S5349,2025-04-19 06:20:19.594766,10.7,completed,2.02
SUB207135,P102160,S5132,2025-04-19 07:44:04.749852,19.3,completed,4.18
SUB207136,P100169,S5043,2025-04-19 08:05:41.344291,13.4,completed,2.61
SUB207137,P102265,S5111,2025-04-19 08:35:23.351474,10.9,completed,1.79
SUB207138,P101759,S5026,2025-04-19 09:31:07.560431,42.1,completed,6.67
SUB207139,P100159,S5314,2025-04-19 09:54:23.952119,31.9,completed,4.48
SUB207140,P101328,S5161,2025-04-19 10:30:33.013186,13.3,completed,1.91
SUB207141,P101703,S5447,2025-04-19 11:18:16.159889,7.9,completed,1.56
SUB207142,P102723,S5156,2025-04-19 11:34:30.306036,13.2,completed,1.7
SUB207143,P102235,S5153,2025-04-19 12:44:32.241647,27.4,completed,5.51
SUB207144,P101617,S5250,2025-04-19 13:52:18.376137,5.7,completed,1.13
SUB207145,P101783,S5127,2025-04-19 13:57:48.602381,9.8,completed,1.9
SUB207146,P100046,S5148,2025-04-19 14:49:05.723747,14.3,completed,2.06
SUB207147,P102117,S5438,2025-04-19 15:09:07.861523,16.4,completed,3.47
SUB207148,P100709,S5442,2025-04-19 15:53:39.668219,9.4,completed,2.61
SUB207149,P100229,S5257,2025-04-19 16:05:48.975219,26.5,completed,5.22
SUB207150,P101284,S5205,2025-04-19 17:07:21.003957,17.3,completed,3.34
SUB207151,P102332,S5233,2025-04-19 18:14:06.740867,10.2,completed,1.99
SUB207152,P101450,S5186,2025-04-19 18:55:00.918041,19.3,completed,2.4
SUB207153,P100544,S5446,2025-04-19 19:07:51.791033,14.5,completed,2.29
SUB207154,P102585,S5170,2025-04-19 19:14:45.405803,24.6,rejected,0.0
SUB207155,P102009,S5404,2025-04-19 19:43:53.776970,6.1,completed,1.2
SUB207156,P102055,S5073,2025-04-19 20:06:55.762351,13.4,completed,2.27
SUB207157,P102987,S5241,2025-04-19 20:14:11.706602,17.0,completed,2.37
SUB207158,P100136,S5042,2025-04-19 20:43:40.653199,44.0,completed,6.13
SUB207159,P102458,S5048,2025-04-19 21:02:23.947582,4.5,completed,0.86
SUB207160,P100229,S5026,2025-04-19 21:05:48.975219,29.1,completed,6.67
SUB207161,P102161,S5315,2025-04-19 22:07:23.791652,12.6,completed,1.77
SUB207162,P102441,S5410,2025-04-19 22:19:35.355589,9.9,completed,1.28
SUB207163,P102891,S5220,2025-04-19 22:43:38.213294,8.6,completed,1.0
SUB207164,P100257,S5305,2025-04-19 22:47:57.824935,4.8,completed,0.82
SUB207165,P100659,S5303,2025-04-19 22:56:17.581354,5.0,completed,0.63
SUB207166,P102645,S5397,2025-04-19 23:06:50.794589,22.6,completed,2.96
SUB207167,P101154,S5051,2025-04-19 23:14:43.829597,25.0,completed,4.21
SUB207168,P101204,S5433,2025-04-20 00:49:53.254996,9.3,completed,2.07
SUB207169,P100220,S5229,2025-04-20 02:11:17.472849,61.9,completed,7.54
SUB207170,P101806,S5321,2025-04-20 02:48:38.170487,13.1,rejected,0.0
SUB207171,P100287,S5256,2025-04-20 05:16:10.916862,22.5,completed,4.49
SUB207172,P102291,S5365,2025-04-20 05:53:19.688739,9.4,completed,1.75
SUB207173,P100275,S5067,2025-04-20 06:29:08.604344,13.5,returned,0.0
SUB207174,P102255,S5138,2025-04-20 06:51:21.126576,9.2,completed,1.79
SUB207175,P100046,S5334,2025-04-20 07:49:05.723747,23.6,completed,3.44
SUB207176,P100968,S5237,2025-04-20 08:15:34.645273,15.7,completed,2.36
SUB207177,P100054,S5346,2025-04-20 08:54:35.483231,52.1,completed,10.53
SUB207178,P101880,S5379,2025-04-20 09:00:03.960149,11.0,completed,1.42
SUB207179,P102016,S5317,2025-04-20 09:09:33.608229,13.1,completed,2.19
SUB207180,P100275,S5001,2025-04-20 09:29:08.604344,7.2,completed,1.14
SUB207181,P102502,S5285,2025-04-20 10:08:59.346407,16.8,completed,2.46
SUB207182,P101443,S5341,2025-04-20 10:33:50.146842,28.7,completed,3.95
SUB207183,P102605,S5153,2025-04-20 10:36:10.018316,26.2,completed,5.51
SUB207184,P100756,S5306,2025-04-20 11:36:50.779022,11.8,completed,1.96
SUB207185,P101234,S5051,2025-04-20 11:52:56.522958,30.1,completed,4.21
SUB207186,P101545,S5340,2025-04-20 12:18:00.076162,13.9,completed,2.31
SUB207187,P101086,S5056,2025-04-20 13:11:23.948499,34.7,returned,0.0
SUB207188,P102441,S5152,2025-04-20 13:19:35.355589,20.6,completed,2.63
SUB207189,P102737,S5138,2025-04-20 13:28:48.239375,10.0,completed,1.79
SUB207190,P102891,S5178,2025-04-20 13:43:38.213294,7.7,completed,1.47
SUB207191,P101708,S5032,2025-04-20 13:50:44.525775,11.8,completed,1.77
SUB207192,P100327,S5088,2025-04-20 15:32:36.360089,6.6,completed,1.54
SUB207193,P102635,S5164,2025-04-20 16:44:57.045511,19.3,completed,2.6
SUB207194,P102575,S5048,2025-04-20 17:29:13.817093,5.0,completed,0.86
SUB207195,P102753,S5083,2025-04-20 17:30:34.371813,6.3,completed,0.8
SUB207196,P101907,S5093,2025-04-20 17:50:00.715462,16.8,completed,2.24
SUB207197,P100414,S5255,2025-04-20 18:38:53.940632,16.4,completed,4.13
SUB207198,P102617,S5131,2025-04-20 18:39:45.604805,11.6,completed,2.11
SUB207199,P101708,S5358,2025-04-20 18:50:44.525775,5.2,completed,0.91
SUB207200,P102389,S5364,2025-04-20 18:58:32.803531,19.6,completed,2.63
SUB207201,P101759,S5104,2025-04-20 19:31:07.560431,14.3,completed,3.03
SUB207202,P102160,S5045,2025-04-20 19:44:04.749852,16.5,returned,0.0
SUB207203,P102383,S5223,2025-04-20 21:39:08.885742,13.6,completed,1.76
SUB207204,P100438,S5273,2025-04-20 21:53:40.836139,12.8,completed,1.67
SUB207205,P100435,S5182,2025-04-20 23:10:48.145291,14.0,completed,2.14
SUB207206,P102737,S5435,2025-04-21 00:28:48.239375,28.7,completed,4.04
SUB207207,P102291,S5122,2025-04-21 01:53:19.688739,28.5,completed,5.07
SUB207208,P101068,S5161,2025-04-21 01:56:11.559144,17.9,completed,1.91
SUB207209,P101880,S5263,2025-04-21 02:00:03.960149,27.8,returned,0.0
SUB207210,P100287,S5014,2025-04-21 02:16:10.916862,25.4,rejected,0.0
SUB207211,P101130,S5405,2025-04-21 03:08:17.222218,11.5,completed,2.48
SUB207212,P102561,S5400,2025-04-21 03:21:33.076683,16.1,completed,2.24
SUB207213,P102473,S5153,2025-04-21 04:12:45.588871,34.9,completed,5.51
SUB207214,P102414,S5337,2025-04-21 04:40:56.135609,2.6,completed,0.41
SUB207215,P100257,S5174,2025-04-21 04:47:57.824935,12.3,completed,1.75
SUB207216,P102685,S5188,2025-04-21 05:54:06.066527,10.6,completed,1.52
SUB207217,P100435,S5300,2025-04-21 06:10:48.145291,41.5,completed,6.19
SUB207218,P100787,S5376,2025-04-21 06:11:32.251966,21.2,timed_out,0.0
SUB207219,P100743,S5151,2025-04-21 06:15:44.052427,19.1,returned,0.0
SUB207220,P102361,S5393,2025-04-21 06:17:02.983704,24.6,completed,4.54
SUB207221,P101225,S5026,2025-04-21 07:44:44.349542,28.1,completed,6.67
SUB207222,P101125,S5005,2025-04-21 08:13:00.918610,12.1,completed,2.38
SUB207223,P101154,S5332,2025-04-21 08:14:43.829597,10.7,completed,1.23
SUB207224,P102405,S5416,2025-04-21 08:59:57.212828,7.5,completed,1.12
SUB207225,P101137,S5042,2025-04-21 09:26:01.676522,41.5,completed,6.13
SUB207226,P102749,S5168,2025-04-21 10:20:42.101131,7.8,completed,1.46
SUB207227,P100559,S5373,2025-04-21 10:48:41.273183,55.6,completed,7.36
SUB207228,P101420,S5249,2025-04-21 10:58:14.456381,19.3,completed,2.91
SUB207229,P101109,S5096,2025-04-21 11:02:47.975989,10.9,completed,1.96
SUB207230,P101442,S5268,2025-04-21 11:08:56.901287,24.0,completed,4.16
SUB207231,P100220,S5036,2025-04-21 11:11:17.472849,3.2,completed,0.5
SUB207232,P102473,S5438,2025-04-21 11:12:45.588871,22.1,timed_out,0.0
SUB207233,P101298,S5444,2025-04-21 11:13:13.984108,2.1,completed,0.33
SUB207234,P101353,S5367,2025-04-21 11:40:44.161113,18.4,completed,2.76
SUB207235,P100275,S5194,2025-04-21 12:29:08.604344,19.2,completed,3.46
SUB207236,P100359,S5226,2025-04-21 12:34:55.070881,22.6,rejected,0.0
SUB207237,P102773,S5388,2025-04-21 13:35:47.888443,13.9,completed,3.85
SUB207238,P101134,S5328,2025-04-21 14:15:50.277155,46.4,completed,6.81
SUB207239,P102831,S5340,2025-04-21 15:55:42.038774,11.9,completed,2.31
SUB207240,P100359,S5122,2025-04-21 17:34:55.070881,26.2,completed,5.07
SUB207241,P102121,S5043,2025-04-21 19:36:51.306396,15.0,completed,2.61
SUB207242,P101796,S5368,2025-04-21 19:56:35.061784,22.9,completed,4.1
SUB207243,P101763,S5004,2025-04-21 22:05:42.225837,14.7,completed,2.25
SUB207244,P101649,S5382,2025-04-21 22:18:03.612907,10.2,completed,1.68
SUB207245,P100756,S5042,2025-04-21 22:36:50.779022,48.4,completed,6.13
SUB207246,P100357,S5058,2025-04-21 23:03:36.988540,11.9,completed,1.95
SUB207247,P102749,S5416,2025-04-21 23:20:42.101131,6.6,timed_out,0.0
SUB207248,P101449,S5307,2025-04-21 23:57:22.618525,33.4,completed,4.57
SUB207249,P101545,S5337,2025-04-22 00:18:00.076162,1.7,completed,0.41
SUB207250,P101170,S5133,2025-04-22 00:30:14.944601,31.2,completed,5.5
SUB207251,P101125,S5018,2025-04-22 01:13:00.918610,20.9,completed,4.0
SUB207252,P100681,S5000,2025-04-22 01:56:31.269634,32.1,completed,6.05
SUB207253,P101896,S5155,2025-04-22 03:02:29.420285,20.4,completed,2.42
SUB207254,P100096,S5214,2025-04-22 04:25:04.064461,6.8,completed,0.8
SUB207255,P101717,S5334,2025-04-22 04:30:06.669616,27.2,completed,3.44
SUB207256,P100781,S5364,2025-04-22 05:00:47.404706,14.7,completed,2.63
SUB207257,P102385,S5429,2025-04-22 05:58:12.684853,28.5,completed,5.74
SUB207258,P100533,S5325,2025-04-22 06:12:49.427056,31.3,completed,5.38
SUB207259,P102265,S5148,2025-04-22 06:35:23.351474,16.1,completed,2.06
SUB207260,P102405,S5055,2025-04-22 08:59:57.212828,16.0,completed,2.11
SUB207261,P101682,S5200,2025-04-22 11:22:25.942108,24.3,completed,2.77
SUB207262,P100275,S5297,2025-04-22 11:29:08.604344,17.3,rejected,0.0
SUB207263,P102410,S5058,2025-04-22 12:20:07.057856,10.8,completed,1.95
SUB207264,P101225,S5226,2025-04-22 12:44:44.349542,26.8,completed,4.72
SUB207265,P102328,S5161,2025-04-22 14:25:36.655565,12.4,completed,1.91
SUB207266,P100951,S5115,2025-04-22 15:02:14.251078,3.4,completed,0.64
SUB207267,P101449,S5096,2025-04-22 15:57:22.618525,8.9,completed,1.96
SUB207268,P101292,S5101,2025-04-22 18:41:52.455912,10.5,completed,1.24
SUB207269,P102502,S5413,2025-04-22 20:08:59.346407,14.2,completed,2.69
SUB207270,P100541,S5213,2025-04-22 20:29:20.434338,11.2,completed,1.08
SUB207271,P101475,S5211,2025-04-22 20:30:52.627009,19.7,completed,3.62
SUB207272,P102585,S5397,2025-04-22 21:14:45.405803,16.4,completed,2.96
SUB207273,P102267,S5444,2025-04-22 23:17:24.893304,2.5,completed,0.33
SUB207274,P102891,S5097,2025-04-22 23:43:38.213294,12.4,completed,2.1
SUB207275,P101605,S5045,2025-04-22 23:50:10.630751,14.6,returned,0.0
SUB207276,P101421,S5016,2025-04-23 00:39:08.586862,10.0,returned,0.0
SUB207277,P100229,S5393,2025-04-23 01:05:48.975219,20.4,completed,4.54
SUB207278,P101328,S5069,2025-04-23 01:30:33.013186,13.7,completed,2.97
SUB207279,P100221,S5052,2025-04-23 02:06:42.754049,10.9,completed,1.48
SUB207280,P100101,S5030,2025-04-23 02:43:05.037504,8.4,completed,1.96
SUB207281,P100816,S5003,2025-04-23 03:57:23.354327,10.1,completed,1.74
SUB207282,P101109,S5036,2025-04-23 04:02:47.975989,3.4,completed,0.5
SUB207283,P102797,S5043,2025-04-23 04:18:46.095698,14.4,completed,2.61
SUB207284,P100854,S5328,2025-04-23 04:45:19.299129,56.4,completed,6.81
SUB207285,P100647,S5282,2025-04-23 05:31:30.399806,20.1,completed,3.47
SUB207286,P101284,S5431,2025-04-23 06:07:21.003957,9.5,completed,2.03
SUB207287,P100838,S5036,2025-04-23 06:45:50.749725,3.4,completed,0.5
SUB207288,P101137,S5038,2025-04-23 08:26:01.676522,29.3,completed,4.91
SUB207289,P100438,S5283,2025-04-23 08:53:40.836139,62.1,completed,12.16
SUB207290,P100681,S5315,2025-04-23 08:56:31.269634,11.9,completed,1.77
SUB207291,P101793,S5074,2025-04-23 09:41:05.843607,17.1,completed,3.1
SUB207292,P101675,S5234,2025-04-23 11:01:01.408973,28.2,completed,3.29
SUB207293,P101045,S5438,2025-04-23 11:07:28.851805,18.5,completed,3.47
SUB207294,P100858,S5141,2025-04-23 11:16:01.616564,12.3,completed,2.82
SUB207295,P102055,S5058,2025-04-23 12:06:55.762351,11.6,completed,1.95
SUB207296,P101153,S5334,2025-04-23 12:51:43.091606,24.9,completed,3.44
SUB207297,P101206,S5209,2025-04-23 13:03:36.367107,28.2,returned,0.0
SUB207298,P100295,S5276,2025-04-23 15:04:15.414131,23.7,completed,4.4
SUB207299,P101124,S5050,2025-04-23 16:14:08.304583,23.0,completed,3.96
SUB207300,P100257,S5379,2025-04-23 17:47:57.824935,8.0,completed,1.42
SUB207301,P100816,S5301,2025-04-23 18:57:23.354327,39.0,completed,6.85
SUB207302,P100322,S5042,2025-04-23 19:01:16.936753,50.0,completed,6.13
SUB207303,P101782,S5356,2025-04-23 19:06:49.138317,6.4,completed,1.33
SUB207304,P100009,S5258,2025-04-23 19:10:44.809425,23.4,completed,2.75
SUB207305,P100429,S5029,2025-04-23 19:15:08.987265,21.8,returned,0.0
SUB207306,P101793,S5403,2025-04-23 19:41:05.843607,16.7,completed,3.58
SUB207307,P102343,S5014,2025-04-23 20:01:04.942488,30.6,returned,0.0
SUB207308,P102518,S5281,2025-04-23 21:11:53.217038,8.9,completed,1.47
SUB207309,P101663,S5336,2025-04-23 21:14:38.309605,15.8,completed,2.55
SUB207310,P100543,S5055,2025-04-23 21:46:57.400518,13.2,completed,2.11
SUB207311,P101586,S5289,2025-04-23 21:57:07.440791,40.8,completed,6.11
SUB207312,P102161,S5380,2025-04-23 22:07:23.791652,44.2,completed,9.78
SUB207313,P100435,S5357,2025-04-23 22:10:48.145291,16.4,completed,2.46
SUB207314,P102585,S5241,2025-04-23 23:14:45.405803,17.1,completed,2.37
SUB207315,P102367,S5188,2025-04-23 23:40:43.012759,9.8,completed,1.52
SUB207316,P102383,S5151,2025-04-24 00:39:08.885742,27.2,completed,3.74
SUB207317,P102863,S5002,2025-04-24 00:39:44.940202,40.6,completed,7.35
SUB207318,P102117,S5209,2025-04-24 01:09:07.861523,22.7,completed,4.12
SUB207319,P100743,S5208,2025-04-24 01:15:44.052427,5.9,completed,0.85
SUB207320,P101137,S5424,2025-04-24 01:26:01.676522,17.8,completed,2.82
SUB207321,P102361,S5217,2025-04-24 03:17:02.983704,14.9,completed,1.51
SUB207322,P101640,S5200,2025-04-24 04:19:14.845302,20.8,completed,2.77
SUB207323,P102441,S5053,2025-04-24 04:19:35.355589,12.1,completed,1.9
SUB207324,P101108,S5413,2025-04-24 04:26:51.378617,13.0,completed,2.69
SUB207325,P100886,S5317,2025-04-24 04:50:35.571001,13.1,completed,2.19
SUB207326,P101020,S5336,2025-04-24 05:03:59.224612,13.0,completed,2.55
SUB207327,P100275,S5359,2025-04-24 05:29:08.604344,13.6,timed_out,0.0
SUB207328,P102956,S5404,2025-04-24 06:18:45.748830,7.1,rejected,0.0
SUB207329,P102263,S5373,2025-04-24 07:30:02.583980,46.8,completed,7.36
SUB207330,P102383,S5438,2025-04-24 09:39:08.885742,15.9,timed_out,0.0
SUB207331,P100327,S5198,2025-04-24 10:32:36.360089,18.1,completed,1.92
SUB207332,P102934,S5433,2025-04-24 11:01:04.288740,10.3,completed,2.07
SUB207333,P101020,S5213,2025-04-24 11:03:59.224612,8.2,completed,1.08
SUB207334,P102255,S5296,2025-04-24 11:51:21.126576,10.0,completed,2.35
SUB207335,P102921,S5412,2025-04-24 11:51:34.202635,30.2,completed,5.45
SUB207336,P101362,S5213,2025-04-24 12:36:48.597537,8.1,completed,1.08
SUB207337,P100491,S5365,2025-04-24 13:07:38.387301,9.1,timed_out,0.0
SUB207338,P101134,S5221,2025-04-24 15:15:50.277155,11.1,completed,1.67
SUB207339,P101708,S5096,2025-04-24 15:50:44.525775,9.4,completed,1.96
SUB207340,P102255,S5162,2025-04-24 15:51:21.126576,8.4,returned,0.0
SUB207341,P100681,S5247,2025-04-24 15:56:31.269634,16.7,completed,2.43
SUB207342,P101399,S5419,2025-04-24 16:50:32.867459,10.6,completed,1.81
SUB207343,P101009,S5005,2025-04-24 16:55:59.848673,12.5,completed,2.38
SUB207344,P102178,S5069,2025-04-24 17:02:41.877673,17.8,completed,2.97
SUB207345,P101632,S5312,2025-04-24 17:03:25.259026,10.7,completed,2.82
SUB207346,P100584,S5332,2025-04-24 17:43:33.081100,9.6,completed,1.23
SUB207347,P100327,S5349,2025-04-24 18:32:36.360089,11.2,completed,2.02
SUB207348,P100046,S5134,2025-04-24 18:49:05.723747,20.8,completed,3.04
SUB207349,P100732,S5188,2025-04-24 19:04:31.042817,11.4,completed,1.52
SUB207350,P101649,S5354,2025-04-24 19:18:03.612907,31.9,completed,5.67
SUB207351,P102797,S5175,2025-04-24 19:18:46.095698,9.0,returned,0.0
SUB207352,P100193,S5411,2025-04-24 19:24:08.199817,37.3,completed,5.63
SUB207353,P101708,S5419,2025-04-24 19:50:44.525775,10.7,completed,1.81
SUB207354,P102385,S5129,2025-04-24 19:58:12.684853,9.0,completed,1.59
SUB207355,P102955,S5053,2025-04-24 20:09:21.359736,11.0,rejected,0.0
SUB207356,P100681,S5071,2025-04-24 22:56:31.269634,6.5,returned,0.0
SUB207357,P101923,S5084,2025-04-24 22:58:41.347614,5.9,returned,0.0
SUB207358,P101717,S5235,2025-04-24 23:30:06.669616,9.9,completed,1.93
SUB207359,P102880,S5423,2025-04-24 23:49:08.291233,15.5,completed,2.7
SUB207360,P101784,S5021,2025-04-25 00:50:30.380598,11.5,returned,0.0
SUB207361,P102252,S5444,2025-04-25 02:01:10.429801,2.2,completed,0.33
SUB207362,P100327,S5205,2025-04-25 02:32:36.360089,17.3,completed,3.34
SUB207363,P102361,S5059,2025-04-25 04:17:02.983704,13.3,completed,2.37
SUB207364,P102850,S5256,2025-04-25 04:41:48.454921,20.3,completed,4.49
SUB207365,P100432,S5023,2025-04-25 04:51:57.534167,27.5,completed,5.41
SUB207366,P100709,S5115,2025-04-25 04:53:39.668219,2.4,completed,0.64
SUB207367,P101442,S5186,2025-04-25 05:08:56.901287,16.8,completed,2.4
SUB207368,P102773,S5108,2025-04-25 05:35:47.888443,17.5,completed,3.24
SUB207369,P101045,S5005,2025-04-25 06:07:28.851805,12.1,completed,2.38
SUB207370,P102737,S5248,2025-04-25 06:28:48.239375,15.4,returned,0.0
SUB207371,P102579,S5132,2025-04-25 06:48:02.970325,17.3,completed,4.18
SUB207372,P101806,S5138,2025-04-25 06:48:38.170487,7.2,completed,1.79
SUB207373,P101907,S5183,2025-04-25 06:50:00.715462,9.6,completed,1.35
SUB207374,P101619,S5402,2025-04-25 07:03:28.484194,6.5,completed,1.21
SUB207375,P102464,S5030,2025-04-25 07:43:55.849445,10.7,completed,1.96
SUB207376,P100816,S5336,2025-04-25 07:57:23.354327,15.4,completed,2.55
SUB207377,P102265,S5392,2025-04-25 08:35:23.351474,15.9,completed,3.57
SUB207378,P102412,S5238,2025-04-25 09:07:34.069164,22.6,completed,3.77
SUB207379,P100435,S5343,2025-04-25 10:10:48.145291,26.2,completed,5.58
SUB207380,P102956,S5288,2025-04-25 10:18:45.748830,34.9,completed,5.04
SUB207381,P102811,S5055,2025-04-25 10:20:57.000333,14.8,completed,2.11
SUB207382,P100096,S5203,2025-04-25 11:25:04.064461,9.2,completed,1.75
SUB207383,P102214,S5068,2025-04-25 11:31:45.532869,6.2,completed,1.02
SUB207384,P102956,S5374,2025-04-25 12:18:45.748830,13.7,completed,1.85
SUB207385,P102441,S5402,2025-04-25 12:19:35.355589,8.1,completed,1.21
SUB207386,P101353,S5025,2025-04-25 12:40:44.161113,15.2,completed,3.06
SUB207387,P102585,S5190,2025-04-25 13:14:45.405803,18.1,completed,3.43
SUB207388,P100547,S5263,2025-04-25 13:46:50.868175,31.2,completed,5.29
SUB207389,P100435,S5003,2025-04-25 16:10:48.145291,7.6,completed,1.74
SUB207390,P100835,S5445,2025-04-25 16:48:37.440428,10.0,completed,1.78
SUB207391,P102880,S5097,2025-04-25 16:49:08.291233,15.4,completed,2.1
SUB207392,P101450,S5288,2025-04-25 17:55:00.918041,28.9,completed,5.04
SUB207393,P102267,S5029,2025-04-25 19:17:24.893304,22.6,completed,2.96
SUB207394,P101170,S5268,2025-04-25 20:30:14.944601,29.8,completed,4.16
SUB207395,P100137,S5273,2025-04-25 20:58:02.469119,11.9,completed,1.67
SUB207396,P102863,S5184,2025-04-25 21:39:44.940202,6.0,completed,1.05
SUB207397,P100096,S5401,2025-04-25 23:25:04.064461,5.6,timed_out,0.0
SUB207398,P101306,S5285,2025-04-26 00:11:37.786283,16.6,completed,2.46
SUB207399,P102473,S5074,2025-04-26 00:12:45.588871,17.2,completed,3.1
SUB207400,P100295,S5220,2025-04-26 01:04:15.414131,8.0,completed,1.0
SUB207401,P101328,S5036,2025-04-26 01:30:33.013186,3.3,completed,0.5
SUB207402,P100596,S5169,2025-04-26 02:01:24.545593,18.1,returned,0.0
SUB207403,P101767,S5324,2025-04-26 02:10:35.474564,12.3,completed,2.12
SUB207404,P101114,S5365,2025-04-26 02:36:43.140210,9.2,completed,1.75
SUB207405,P102955,S5164,2025-04-26 03:09:21.359736,14.4,completed,2.6
SUB207406,P100435,S5199,2025-04-26 03:10:48.145291,20.2,completed,2.43
SUB207407,P102773,S5282,2025-04-26 03:35:47.888443,20.2,completed,3.47
SUB207408,P101784,S5340,2025-04-26 03:50:30.380598,11.3,completed,2.31
SUB207409,P101572,S5405,2025-04-26 04:07:39.902613,10.4,completed,2.48
SUB207410,P101717,S5051,2025-04-26 05:30:06.669616,23.3,completed,4.21
SUB207411,P102635,S5209,2025-04-26 05:44:57.045511,21.3,completed,4.12
SUB207412,P101679,S5223,2025-04-26 06:31:04.621977,14.1,completed,1.76
SUB207413,P100975,S5077,2025-04-26 07:35:17.896481,10.5,completed,2.08
SUB207414,P102132,S5106,2025-04-26 08:39:58.280940,26.8,completed,5.46
SUB207415,P100723,S5053,2025-04-26 08:49:49.831276,10.8,completed,1.9
SUB207416,P100864,S5233,2025-04-26 09:14:57.785662,10.3,completed,1.99
SUB207417,P100541,S5282,2025-04-26 09:29:20.434338,17.5,completed,3.47
SUB207418,P101717,S5252,2025-04-26 09:30:06.669616,14.0,timed_out,0.0
SUB207419,P102952,S5068,2025-04-26 10:40:12.776489,6.3,completed,1.02
SUB207420,P100387,S5339,2025-04-26 11:37:10.612955,34.0,completed,5.17
SUB207421,P101442,S5085,2025-04-26 12:08:56.901287,16.5,returned,0.0
SUB207422,P100749,S5427,2025-04-26 12:11:51.185910,28.0,completed,3.87
SUB207423,P102564,S5047,2025-04-26 13:51:16.753826,20.1,completed,2.56
SUB207424,P101649,S5132,2025-04-26 14:18:03.612907,20.4,timed_out,0.0
SUB207425,P100038,S5382,2025-04-26 15:42:44.345927,6.6,completed,1.68
SUB207426,P101408,S5099,2025-04-26 15:49:40.135546,22.4,completed,2.46
SUB207427,P101068,S5230,2025-04-26 15:56:11.559144,26.9,completed,4.69
SUB207428,P101335,S5124,2025-04-26 18:33:47.727433,7.9,completed,1.46
SUB207429,P100414,S5033,2025-04-26 18:38:53.940632,14.6,completed,2.55
SUB207430,P101408,S5303,2025-04-26 18:49:40.135546,3.4,completed,0.63
SUB207431,P101724,S5429,2025-04-26 18:54:07.187861,27.1,completed,5.74
SUB207432,P102161,S5379,2025-04-26 19:07:23.791652,10.6,completed,1.42
SUB207433,P100041,S5186,2025-04-26 20:18:38.190832,14.4,completed,2.4
SUB207434,P101717,S5174,2025-04-26 20:30:06.669616,11.6,completed,1.75
SUB207435,P102374,S5301,2025-04-26 20:56:47.026969,39.4,completed,6.85
SUB207436,P101475,S5069,2025-04-26 21:30:52.627009,18.5,returned,0.0
SUB207437,P101335,S5381,2025-04-26 21:33:47.727433,10.9,completed,2.26
SUB207438,P101420,S5106,2025-04-27 00:58:14.456381,27.0,completed,5.46
SUB207439,P100743,S5129,2025-04-27 01:15:44.052427,7.7,completed,1.59
SUB207440,P101956,S5241,2025-04-27 02:01:02.729755,14.1,completed,2.37
SUB207441,P102121,S5185,2025-04-27 02:36:51.306396,30.4,completed,5.65
SUB207442,P102880,S5259,2025-04-27 02:49:08.291233,46.8,completed,8.82
SUB207443,P100432,S5332,2025-04-27 03:51:57.534167,8.0,completed,1.23
SUB207444,P100413,S5372,2025-04-27 04:44:47.376403,8.1,completed,1.43
SUB207445,P102600,S5428,2025-04-27 05:55:23.585085,3.5,completed,0.53
SUB207446,P102412,S5139,2025-04-27 06:07:34.069164,29.3,completed,6.16
SUB207447,P102374,S5120,2025-04-27 06:56:47.026969,27.3,returned,0.0
SUB207448,P101399,S5407,2025-04-27 09:50:32.867459,10.0,completed,1.37
SUB207449,P101923,S5312,2025-04-27 09:58:41.347614,12.4,completed,2.82
SUB207450,P102987,S5329,2025-04-27 10:14:11.706602,10.9,completed,2.64
SUB207451,P101545,S5207,2025-04-27 11:18:00.076162,13.8,completed,1.78
SUB207452,P102441,S5367,2025-04-27 11:19:35.355589,17.3,completed,2.76
SUB207453,P102520,S5178,2025-04-27 12:44:56.967535,11.6,completed,1.47
SUB207454,P100418,S5172,2025-04-27 13:01:53.585881,14.8,completed,1.58
SUB207455,P101896,S5259,2025-04-27 13:02:29.420285,39.7,completed,8.82
SUB207456,P100877,S5292,2025-04-27 13:55:07.360943,27.5,rejected,0.0
SUB207457,P100295,S5256,2025-04-27 15:04:15.414131,27.3,completed,4.49
SUB207458,P102137,S5300,2025-04-27 15:13:50.456765,33.3,completed,6.19
SUB207459,P100541,S5101,2025-04-27 18:29:20.434338,8.0,returned,0.0
SUB207460,P101540,S5229,2025-04-27 18:35:47.652850,64.0,completed,7.54
SUB207461,P100114,S5182,2025-04-27 19:04:39.759021,11.3,completed,2.14
SUB207462,P102361,S5045,2025-04-27 19:17:02.983704,14.9,completed,2.51
SUB207463,P101896,S5098,2025-04-27 20:02:29.420285,2.3,completed,0.37
SUB207464,P100229,S5367,2025-04-27 22:05:48.975219,20.3,completed,2.76
SUB207465,P101663,S5440,2025-04-27 23:14:38.309605,16.5,completed,2.63
SUB207466,P101849,S5099,2025-04-28 00:20:32.401950,17.0,completed,2.46
SUB207467,P101953,S5255,2025-04-28 01:22:42.176850,21.8,completed,4.13
SUB207468,P101186,S5291,2025-04-28 02:01:12.535046,22.0,rejected,0.0
SUB207469,P101782,S5213,2025-04-28 04:06:49.138317,9.1,completed,1.08
SUB207470,P101741,S5190,2025-04-28 04:11:33.690200,19.2,completed,3.43
SUB207471,P101068,S5053,2025-04-28 04:56:11.559144,10.9,completed,1.9
SUB207472,P102441,S5211,2025-04-28 06:19:35.355589,22.6,completed,3.62
SUB207473,P102255,S5154,2025-04-28 06:51:21.126576,9.9,returned,0.0
SUB207474,P101682,S5216,2025-04-28 07:22:25.942108,12.9,completed,2.13
SUB207475,P100193,S5223,2025-04-28 08:24:08.199817,11.3,completed,1.76
SUB207476,P102850,S5183,2025-04-28 09:41:48.454921,8.9,timed_out,0.0
SUB207477,P101292,S5002,2025-04-28 09:41:52.455912,33.6,completed,7.35
SUB207478,P102235,S5448,2025-04-28 09:44:32.241647,3.8,completed,0.76
SUB207479,P100414,S5412,2025-04-28 10:38:53.940632,33.8,completed,5.45
SUB207480,P102389,S5122,2025-04-28 10:58:32.803531,20.6,completed,5.07
SUB207481,P100229,S5170,2025-04-28 11:05:48.975219,24.8,completed,3.95
SUB207482,P100978,S5350,2025-04-28 11:06:24.349101,13.7,completed,3.08
SUB207483,P102943,S5159,2025-04-28 11:11:47.462204,15.7,completed,2.83
SUB207484,P101137,S5366,2025-04-28 12:26:01.676522,25.1,completed,4.22
SUB207485,P101475,S5007,2025-04-28 12:30:52.627009,8.4,completed,1.29
SUB207486,P100045,S5440,2025-04-28 13:32:19.319059,16.9,completed,2.63
SUB207487,P102265,S5211,2025-04-28 13:35:23.351474,16.8,completed,3.62
SUB207488,P101933,S5134,2025-04-28 13:38:41.669441,17.9,completed,3.04
SUB207489,P101292,S5115,2025-04-28 13:41:52.455912,3.1,timed_out,0.0
SUB207490,P100302,S5198,2025-04-28 13:54:04.476971,14.9,completed,1.92
SUB207491,P101125,S5027,2025-04-28 14:13:00.918610,47.0,completed,7.63
SUB207492,P102343,S5114,2025-04-28 15:01:04.942488,44.4,completed,6.95
SUB207493,P101287,S5309,2025-04-28 15:20:13.382039,21.5,returned,0.0
SUB207494,P101572,S5365,2025-04-28 16:07:39.902613,8.9,completed,1.75
SUB207495,P100438,S5223,2025-04-28 16:53:40.836139,11.5,timed_out,0.0
SUB207496,P102441,S5041,2025-04-28 18:19:35.355589,20.6,completed,2.54
SUB207497,P101524,S5055,2025-04-28 19:19:18.289396,10.2,completed,2.11
SUB207498,P101420,S5095,2025-04-28 19:58:14.456381,5.8,completed,0.98
SUB207499,P101724,S5009,2025-04-28 20:54:07.187861,41.2,completed,7.89
SUB207500,P100756,S5104,2025-04-28 22:36:50.779022,12.1,completed,3.03
SUB207501,P100877,S5335,2025-04-28 22:55:07.360943,33.3,completed,5.53
SUB207502,P101872,S5349,2025-04-28 23:00:40.970375,13.5,returned,0.0
SUB207503,P100267,S5180,2025-04-28 23:10:54.897831,3.9,completed,0.73
SUB207504,P102463,S5191,2025-04-28 23:12:23.320056,22.0,completed,3.82
SUB207505,P102265,S5249,2025-04-29 00:35:23.351474,15.4,completed,2.91
SUB207506,P101759,S5137,2025-04-29 01:31:07.560431,27.7,rejected,0.0
SUB207507,P101366,S5360,2025-04-29 01:56:31.974260,8.1,completed,1.58
SUB207508,P102389,S5084,2025-04-29 01:58:32.803531,5.2,completed,1.02
SUB207509,P102916,S5419,2025-04-29 02:10:32.229888,13.3,completed,1.81
SUB207510,P101679,S5102,2025-04-29 02:31:04.621977,16.2,completed,3.21
SUB207511,P100257,S5138,2025-04-29 02:47:57.824935,9.8,completed,1.79
SUB207512,P101824,S5148,2025-04-29 03:04:47.117658,13.0,completed,2.06
SUB207513,P102332,S5203,2025-04-29 03:14:06.740867,9.4,completed,1.75
SUB207514,P101137,S5143,2025-04-29 03:26:01.676522,16.0,completed,2.39
SUB207515,P101449,S5088,2025-04-29 03:57:22.618525,7.5,completed,1.54
SUB207516,P101206,S5259,2025-04-29 04:03:36.367107,35.1,completed,8.82
SUB207517,P101086,S5248,2025-04-29 04:11:23.948499,13.8,returned,0.0
SUB207518,P102031,S5321,2025-04-29 04:39:25.520058,15.3,completed,3.12
SUB207519,P102966,S5042,2025-04-29 04:44:53.645454,57.8,completed,6.13
SUB207520,P100723,S5061,2025-04-29 04:49:49.831276,8.6,completed,1.35
SUB207521,P101399,S5281,2025-04-29 04:50:32.867459,10.0,completed,1.47
SUB207522,P100041,S5034,2025-04-29 05:18:38.190832,13.2,rejected,0.0
SUB207523,P101443,S5181,2025-04-29 05:33:50.146842,7.6,rejected,0.0
SUB207524,P100596,S5404,2025-04-29 06:01:24.545593,5.7,completed,1.2
SUB207525,P100854,S5118,2025-04-29 06:45:19.299129,11.3,completed,1.89
SUB207526,P100877,S5410,2025-04-29 06:55:07.360943,7.1,completed,1.28
SUB207527,P102374,S5323,2025-04-29 06:56:47.026969,33.7,completed,6.03
SUB207528,P102631,S5336,2025-04-29 07:16:45.797354,17.4,completed,2.55
SUB207529,P100193,S5285,2025-04-29 07:24:08.199817,15.4,completed,2.46
SUB207530,P100414,S5107,2025-04-29 07:38:53.940632,10.8,completed,1.66
SUB207531,P102797,S5328,2025-04-29 08:18:46.095698,46.2,completed,6.81
SUB207532,P101045,S5031,2025-04-29 09:07:28.851805,6.1,completed,0.91
SUB207533,P100570,S5195,2025-04-29 09:29:40.642345,18.1,completed,2.24
SUB207534,P102987,S5009,2025-04-29 10:14:11.706602,56.5,completed,7.89
SUB207535,P102322,S5224,2025-04-29 10:38:38.047409,30.6,completed,3.95
SUB207536,P102332,S5045,2025-04-29 11:14:06.740867,16.4,completed,2.51
SUB207537,P102753,S5187,2025-04-29 11:30:34.371813,28.3,completed,3.11
SUB207538,P101362,S5349,2025-04-29 11:36:48.597537,13.7,completed,2.02
SUB207539,P100387,S5424,2025-04-29 11:37:10.612955,18.2,completed,2.82
SUB207540,P102891,S5372,2025-04-29 11:43:38.213294,6.7,completed,1.43
SUB207541,P101186,S5437,2025-04-29 12:01:12.535046,5.3,completed,0.97
SUB207542,P102916,S5039,2025-04-29 12:10:32.229888,29.1,completed,4.36
SUB207543,P102137,S5049,2025-04-29 12:13:50.456765,27.8,returned,0.0
SUB207544,P100153,S5122,2025-04-29 12:57:14.114443,27.1,completed,5.07
SUB207545,P100321,S5167,2025-04-29 13:15:34.877166,21.4,completed,2.09
SUB207546,P100756,S5307,2025-04-29 13:36:50.779022,26.9,returned,0.0
SUB207547,P102385,S5043,2025-04-29 13:58:12.684853,16.4,completed,2.61
SUB207548,P100872,S5423,2025-04-29 13:59:22.092375,12.8,completed,2.7
SUB207549,P102797,S5032,2025-04-29 14:18:46.095698,12.1,completed,1.77
SUB207550,P102921,S5442,2025-04-29 14:51:34.202635,14.9,completed,2.61
SUB207551,P101632,S5374,2025-04-29 17:03:25.259026,9.1,completed,1.85
SUB207552,P101450,S5405,2025-04-29 17:55:00.918041,14.3,completed,2.48
SUB207553,P101930,S5058,2025-04-29 17:57:52.724422,13.6,completed,1.95
SUB207554,P100881,S5355,2025-04-29 19:23:13.219135,41.4,completed,9.92
SUB207555,P100047,S5042,2025-04-29 19:52:29.155675,43.3,completed,6.13
SUB207556,P100267,S5314,2025-04-29 20:10:54.897831,30.5,completed,4.48
SUB207557,P100041,S5442,2025-04-29 20:18:38.190832,13.2,rejected,0.0
SUB207558,P100756,S5111,2025-04-29 20:36:50.779022,8.3,completed,1.79
SUB207559,P101134,S5402,2025-04-29 21:15:50.277155,7.6,completed,1.21
SUB207560,P101896,S5108,2025-04-29 23:02:29.420285,19.1,completed,3.24
SUB207561,P102645,S5061,2025-04-29 23:06:50.794589,7.4,completed,1.35
SUB207562,P101572,S5393,2025-04-30 01:07:39.902613,20.8,completed,4.54
SUB207563,P101835,S5360,2025-04-30 01:59:21.451147,7.7,completed,1.58
SUB207564,P101632,S5087,2025-04-30 02:03:25.259026,11.5,completed,1.52
SUB207565,P101244,S5360,2025-04-30 02:27:26.288305,7.7,completed,1.58
SUB207566,P100780,S5099,2025-04-30 02:37:04.096539,16.8,completed,2.46
SUB207567,P100838,S5380,2025-04-30 02:45:50.749725,41.4,timed_out,0.0
SUB207568,P100432,S5376,2025-04-30 02:51:57.534167,26.0,completed,4.64
SUB207569,P101328,S5381,2025-04-30 03:30:33.013186,14.4,completed,2.26
SUB207570,P100991,S5229,2025-04-30 04:15:33.001221,40.5,completed,7.54
SUB207571,P100413,S5199,2025-04-30 05:44:47.376403,20.8,completed,2.43
SUB207572,P102685,S5416,2025-04-30 06:54:06.066527,8.9,completed,1.12
SUB207573,P101362,S5000,2025-04-30 07:36:48.597537,28.8,timed_out,0.0
SUB207574,P102255,S5191,2025-04-30 09:51:21.126576,20.4,completed,3.82
SUB207575,P102561,S5434,2025-04-30 10:21:33.076683,14.9,completed,2.96
SUB207576,P100570,S5400,2025-04-30 10:29:40.642345,14.4,timed_out,0.0
SUB207577,P101470,S5320,2025-04-30 13:27:26.681533,17.1,completed,3.5
SUB207578,P101292,S5384,2025-04-30 13:41:52.455912,16.3,completed,2.81
SUB207579,P101907,S5307,2025-04-30 13:50:00.715462,32.5,returned,0.0
SUB207580,P100137,S5267,2025-04-30 13:58:02.469119,32.6,completed,3.64
SUB207581,P102361,S5009,2025-04-30 14:17:02.983704,45.8,rejected,0.0
SUB207582,P101111,S5265,2025-04-30 14:32:54.061118,15.4,completed,3.01
SUB207583,P100541,S5004,2025-04-30 15:29:20.434338,14.9,completed,2.25
SUB207584,P100388,S5433,2025-04-30 15:45:14.680578,9.7,completed,2.07
SUB207585,P101457,S5035,2025-04-30 16:01:16.576729,7.6,completed,1.11
SUB207586,P100284,S5282,2025-04-30 17:47:05.564707,17.6,completed,3.47
SUB207587,P102723,S5070,2025-04-30 18:34:30.306036,16.3,completed,2.73
SUB207588,P101362,S5111,2025-04-30 19:36:48.597537,9.4,completed,1.79
SUB207589,P101186,S5111,2025-04-30 20:01:12.535046,11.3,completed,1.79
SUB207590,P101292,S5038,2025-04-30 20:41:52.455912,28.7,returned,0.0
SUB207591,P100835,S5082,2025-04-30 20:48:37.440428,7.9,completed,1.14
SUB207592,P101833,S5224,2025-04-30 21:53:14.231593,31.4,completed,3.95
SUB207593,P100732,S5058,2025-04-30 22:04:31.042817,13.9,completed,1.95
SUB207594,P102473,S5114,2025-04-30 22:12:45.588871,40.6,completed,6.95
SUB207595,P101364,S5185,2025-04-30 22:36:46.338242,35.4,rejected,0.0
SUB207596,P100756,S5279,2025-04-30 22:36:50.779022,9.4,completed,1.83
SUB207597,P101186,S5051,2025-04-30 23:01:12.535046,32.2,completed,4.21
SUB207598,P101953,S5311,2025-04-30 23:22:42.176850,30.5,rejected,0.0
SUB207599,P100302,S5134,2025-04-30 23:54:04.476971,20.7,rejected,0.0
SUB207600,P101618,S5277,2025-05-01 00:20:31.355485,3.6,completed,0.88
SUB207601,P100388,S5376,2025-05-01 00:45:14.680578,23.4,completed,4.64
SUB207602,P100697,S5114,2025-05-01 00:54:01.001839,34.7,timed_out,0.0
SUB207603,P101549,S5124,2025-05-01 01:33:47.280491,8.4,completed,1.46
SUB207604,P101443,S5438,2025-05-01 01:33:50.146842,16.1,completed,3.47
SUB207605,P101724,S5027,2025-05-01 01:54:07.187861,48.0,completed,7.63
SUB207606,P100732,S5070,2025-05-01 03:04:31.042817,16.8,completed,2.73
SUB207607,P102795,S5312,2025-05-01 05:23:37.776769,14.2,completed,2.82
SUB207608,P100559,S5135,2025-05-01 05:48:41.273183,6.4,timed_out,0.0
SUB207609,P100169,S5288,2025-05-01 06:05:41.344291,37.1,completed,5.04
SUB207610,P101703,S5002,2025-05-01 06:18:16.159889,43.5,completed,7.35
SUB207611,P100327,S5354,2025-05-01 06:32:36.360089,30.9,completed,5.67
SUB207612,P101586,S5428,2025-05-01 06:57:07.440791,3.7,completed,0.53
SUB207613,P101835,S5082,2025-05-01 06:59:21.451147,9.2,timed_out,0.0
SUB207614,P101632,S5235,2025-05-01 09:03:25.259026,14.5,timed_out,0.0
SUB207615,P101020,S5277,2025-05-01 09:03:59.224612,3.5,completed,0.88
SUB207616,P100257,S5025,2025-05-01 09:47:57.824935,12.7,completed,3.06
SUB207617,P100978,S5373,2025-05-01 10:06:24.349101,49.4,completed,7.36
SUB207618,P101632,S5328,2025-05-01 11:03:25.259026,54.5,completed,6.81
SUB207619,P102328,S5107,2025-05-01 11:25:36.655565,8.6,completed,1.66
SUB207620,P100653,S5375,2025-05-01 12:33:17.213591,38.8,completed,8.07
SUB207621,P100877,S5379,2025-05-01 12:55:07.360943,9.3,rejected,0.0
SUB207622,P102966,S5276,2025-05-01 13:44:53.645454,27.7,completed,4.4
SUB207623,P102152,S5275,2025-05-01 14:03:09.682704,9.2,completed,1.52
SUB207624,P102955,S5321,2025-05-01 14:09:21.359736,17.1,completed,3.12
SUB207625,P100435,S5265,2025-05-01 14:10:48.145291,17.9,completed,3.01
SUB207626,P100653,S5323,2025-05-01 14:33:17.213591,25.4,completed,6.03
SUB207627,P101408,S5355,2025-05-01 14:49:40.135546,50.4,completed,9.92
SUB207628,P100787,S5393,2025-05-01 15:11:32.251966,24.9,completed,4.54
SUB207629,P102202,S5171,2025-05-01 15:27:38.306088,3.0,completed,0.44
SUB207630,P102046,S5412,2025-05-01 16:39:26.323379,24.5,completed,5.45
SUB207631,P101706,S5305,2025-05-01 17:33:42.848387,3.5,completed,0.82
SUB207632,P102647,S5258,2025-05-01 17:47:04.516181,16.2,completed,2.75
SUB207633,P100438,S5222,2025-05-01 17:53:40.836139,34.4,completed,7.62
SUB207634,P100302,S5181,2025-05-01 17:54:04.476971,7.7,completed,1.59
SUB207635,P100683,S5425,2025-05-01 19:29:31.267052,12.3,completed,2.54
SUB207636,P100438,S5373,2025-05-01 19:53:40.836139,48.2,completed,7.36
SUB207637,P100229,S5198,2025-05-01 20:05:48.975219,15.2,completed,1.92
SUB207638,P102951,S5221,2025-05-01 20:35:52.275997,13.5,completed,1.67
SUB207639,P102944,S5411,2025-05-01 21:17:01.719711,41.9,completed,5.63
SUB207640,P102605,S5080,2025-05-01 21:36:10.018316,14.8,completed,2.72
SUB207641,P100238,S5408,2025-05-01 21:43:01.467554,16.0,completed,2.33
SUB207642,P101888,S5345,2025-05-01 22:15:19.610142,22.8,completed,3.79
SUB207643,P101811,S5420,2025-05-01 22:49:45.746016,38.6,completed,7.8
SUB207644,P102956,S5113,2025-05-01 23:18:45.748830,9.2,completed,1.98
SUB207645,P100047,S5061,2025-05-01 23:52:29.155675,8.8,timed_out,0.0
SUB207646,P101930,S5088,2025-05-01 23:57:52.724422,6.3,completed,1.54
SUB207647,P101450,S5277,2025-05-02 00:55:00.918041,4.5,completed,0.88
SUB207648,P101682,S5313,2025-05-02 01:22:25.942108,24.5,completed,4.36
SUB207649,P101708,S5244,2025-05-02 01:50:44.525775,12.7,timed_out,0.0
SUB207650,P100451,S5324,2025-05-02 02:11:20.842622,17.6,completed,2.12
SUB207651,P100193,S5316,2025-05-02 02:24:08.199817,7.8,completed,1.21
SUB207652,P100359,S5144,2025-05-02 02:34:55.070881,44.0,completed,6.85
SUB207653,P102944,S5146,2025-05-02 03:17:01.719711,35.3,completed,6.57
SUB207654,P102322,S5313,2025-05-02 03:38:38.047409,27.4,completed,4.36
SUB207655,P100777,S5135,2025-05-02 05:05:51.295803,6.8,returned,0.0
SUB207656,P100541,S5075,2025-05-02 05:29:20.434338,8.2,completed,0.89
SUB207657,P102117,S5184,2025-05-02 06:09:07.861523,4.8,completed,1.05
SUB207658,P102361,S5248,2025-05-02 06:17:02.983704,15.7,completed,2.27
SUB207659,P101703,S5332,2025-05-02 06:18:16.159889,7.3,completed,1.23
SUB207660,P100238,S5384,2025-05-02 06:43:01.467554,12.3,timed_out,0.0
SUB207661,P101640,S5008,2025-05-02 07:19:14.845302,43.2,completed,9.33
SUB207662,P102737,S5038,2025-05-02 07:28:48.239375,22.4,completed,4.91
SUB207663,P101421,S5237,2025-05-02 07:39:08.586862,14.5,completed,2.36
SUB207664,P102934,S5069,2025-05-02 08:01:04.288740,14.4,completed,2.97
SUB207665,P102383,S5380,2025-05-02 08:39:08.885742,48.9,returned,0.0
SUB207666,P100951,S5023,2025-05-02 09:02:14.251078,30.3,completed,5.41
SUB207667,P100835,S5311,2025-05-02 10:48:37.440428,29.2,rejected,0.0
SUB207668,P102458,S5231,2025-05-02 11:02:23.947582,13.7,completed,3.05
SUB207669,P102685,S5016,2025-05-02 11:54:06.066527,10.2,completed,1.61
SUB207670,P100357,S5083,2025-05-02 12:03:36.988540,6.9,completed,0.8
SUB207671,P101663,S5014,2025-05-02 12:14:38.309605,25.8,completed,5.76
SUB207672,P101953,S5411,2025-05-02 13:22:42.176850,29.3,completed,5.63
SUB207673,P101708,S5340,2025-05-02 13:50:44.525775,10.7,completed,2.31
SUB207674,P100509,S5171,2025-05-02 14:42:39.375446,2.9,completed,0.44
SUB207675,P100749,S5258,2025-05-02 16:11:51.185910,16.4,completed,2.75
SUB207676,P102085,S5410,2025-05-02 16:33:04.041305,9.0,completed,1.28
SUB207677,P100137,S5305,2025-05-02 17:58:02.469119,5.1,returned,0.0
SUB207678,P102987,S5092,2025-05-02 18:14:11.706602,16.3,completed,2.72
SUB207679,P100692,S5039,2025-05-02 18:32:21.376272,24.4,completed,4.36
SUB207680,P100054,S5041,2025-05-02 18:54:35.483231,19.6,completed,2.54
SUB207681,P101782,S5010,2025-05-02 19:06:49.138317,17.4,completed,3.21
SUB207682,P101134,S5154,2025-05-02 19:15:50.277155,9.6,returned,0.0
SUB207683,P101443,S5133,2025-05-02 19:33:50.146842,24.0,rejected,0.0
SUB207684,P102891,S5446,2025-05-02 19:43:38.213294,14.6,completed,2.29
SUB207685,P102235,S5029,2025-05-02 19:44:32.241647,18.0,completed,2.96
SUB207686,P101708,S5335,2025-05-02 19:50:44.525775,24.7,completed,5.53
SUB207687,P100732,S5263,2025-05-02 20:04:31.042817,32.7,timed_out,0.0
SUB207688,P100732,S5020,2025-05-02 20:04:31.042817,22.0,rejected,0.0
SUB207689,P100398,S5050,2025-05-02 21:24:20.184764,26.2,completed,3.96
SUB207690,P100991,S5341,2025-05-02 23:15:33.001221,17.8,returned,0.0
SUB207691,P101791,S5198,2025-05-03 01:24:13.359350,14.2,completed,1.92
SUB207692,P102952,S5065,2025-05-03 01:40:12.776489,8.8,returned,0.0
SUB207693,P101586,S5153,2025-05-03 01:57:07.440791,35.9,completed,5.51
SUB207694,P102473,S5097,2025-05-03 02:12:45.588871,15.3,returned,0.0
SUB207695,P100275,S5375,2025-05-03 03:29:08.604344,55.4,rejected,0.0
SUB207696,P100054,S5381,2025-05-03 04:54:35.483231,14.2,completed,2.26
SUB207697,P101767,S5070,2025-05-03 05:10:35.474564,16.4,completed,2.73
SUB207698,P101114,S5121,2025-05-03 05:36:43.140210,35.3,completed,4.46
SUB207699,P102422,S5423,2025-05-03 05:37:41.680592,12.7,completed,2.7
SUB207700,P101793,S5385,2025-05-03 07:41:05.843607,22.8,completed,4.8
SUB207701,P101782,S5346,2025-05-03 08:06:49.138317,47.2,completed,10.53
SUB207702,P102699,S5231,2025-05-03 09:05:15.839633,11.4,completed,3.05
SUB207703,P100619,S5352,2025-05-03 09:33:45.032348,11.1,completed,2.32
SUB207704,P102152,S5205,2025-05-03 10:03:09.682704,17.8,completed,3.34
SUB207705,P102245,S5226,2025-05-03 10:19:20.610628,25.4,completed,4.72
SUB207706,P100777,S5300,2025-05-03 11:05:51.295803,35.7,completed,6.19
SUB207707,P102541,S5216,2025-05-03 11:21:45.441149,18.6,completed,2.13
SUB207708,P101485,S5281,2025-05-03 11:52:57.389523,9.1,completed,1.47
SUB207709,P101894,S5253,2025-05-03 12:21:01.016721,4.2,completed,0.87
SUB207710,P100030,S5218,2025-05-03 12:23:45.456222,5.7,completed,1.24
SUB207711,P101617,S5084,2025-05-03 12:52:18.376137,5.8,completed,1.02
SUB207712,P100968,S5382,2025-05-03 13:15:34.645273,8.4,completed,1.68
SUB207713,P102496,S5009,2025-05-03 13:31:11.895022,40.1,completed,7.89
SUB207714,P100136,S5390,2025-05-03 14:43:40.653199,28.7,returned,0.0
SUB207715,P100854,S5253,2025-05-03 14:45:19.299129,4.2,completed,0.87
SUB207716,P101880,S5181,2025-05-03 15:00:03.960149,8.4,completed,1.59
SUB207717,P100041,S5398,2025-05-03 16:18:38.190832,3.0,completed,0.55
SUB207718,P100624,S5141,2025-05-03 16:23:32.119254,16.1,rejected,0.0
SUB207719,P100398,S5038,2025-05-03 16:24:20.184764,26.9,completed,4.91
SUB207720,P100414,S5420,2025-05-03 16:38:53.940632,38.0,completed,7.8
SUB207721,P101888,S5441,2025-05-03 18:15:19.610142,23.3,completed,5.78
SUB207722,P102602,S5366,2025-05-03 19:53:46.058100,26.8,completed,4.22
SUB207723,P102605,S5014,2025-05-03 20:36:10.018316,23.5,completed,5.76
SUB207724,P100756,S5067,2025-05-03 20:36:50.779022,14.4,timed_out,0.0
SUB207725,P100653,S5156,2025-05-03 21:33:17.213591,13.8,completed,1.7
SUB207726,P100398,S5210,2025-05-03 22:24:20.184764,11.1,completed,1.79
SUB207727,P100835,S5234,2025-05-03 23:48:37.440428,30.1,completed,3.29
SUB207728,P102699,S5071,2025-05-04 00:05:15.839633,8.3,completed,1.28
SUB207729,P102473,S5084,2025-05-04 00:12:45.588871,6.4,completed,1.02
SUB207730,P101791,S5172,2025-05-04 00:24:13.359350,15.0,completed,1.58
SUB207731,P101284,S5135,2025-05-04 01:07:21.003957,6.1,completed,1.23
SUB207732,P101137,S5356,2025-05-04 01:26:01.676522,6.6,returned,0.0
SUB207733,P102255,S5139,2025-05-04 01:51:21.126576,29.1,completed,6.16
SUB207734,P100418,S5129,2025-05-04 02:01:53.585881,9.8,completed,1.59
SUB207735,P100756,S5004,2025-05-04 02:36:50.779022,12.8,completed,2.25
SUB207736,P100584,S5164,2025-05-04 02:43:33.081100,17.0,completed,2.6
SUB207737,P100238,S5241,2025-05-04 03:43:01.467554,12.8,completed,2.37
SUB207738,P100065,S5366,2025-05-04 04:05:21.763310,19.3,completed,4.22
SUB207739,P101986,S5345,2025-05-04 04:09:38.500875,18.0,completed,3.79
SUB207740,P101894,S5368,2025-05-04 04:21:01.016721,21.1,completed,4.1
SUB207741,P100872,S5050,2025-05-04 04:59:22.092375,29.6,completed,3.96
SUB207742,P101619,S5208,2025-05-04 05:03:28.484194,4.5,completed,0.85
SUB207743,P100858,S5418,2025-05-04 05:16:01.616564,11.2,completed,1.77
SUB207744,P102046,S5219,2025-05-04 05:39:26.323379,31.2,completed,5.27
SUB207745,P101945,S5317,2025-05-04 06:09:45.665663,18.8,completed,2.19
SUB207746,P101907,S5402,2025-05-04 07:50:00.715462,7.2,completed,1.21
SUB207747,P101796,S5034,2025-05-04 09:56:35.061784,12.5,rejected,0.0
SUB207748,P101872,S5250,2025-05-04 10:00:40.970375,6.4,completed,1.13
SUB207749,P101763,S5219,2025-05-04 11:05:42.225837,35.9,completed,5.27
SUB207750,P102737,S5283,2025-05-04 11:28:48.239375,72.1,completed,12.16
SUB207751,P101791,S5181,2025-05-04 13:24:13.359350,7.1,completed,1.59
SUB207752,P102488,S5009,2025-05-04 14:10:06.797823,52.3,completed,7.89
SUB207753,P100692,S5061,2025-05-04 14:32:21.376272,9.5,completed,1.35
SUB207754,P102579,S5433,2025-05-04 15:48:02.970325,12.3,completed,2.07
SUB207755,P100357,S5307,2025-05-04 16:03:36.988540,34.4,completed,4.57
SUB207756,P102541,S5174,2025-05-04 16:21:45.441149,14.4,rejected,0.0
SUB207757,P101134,S5276,2025-05-04 17:15:50.277155,18.7,completed,4.4
SUB207758,P100692,S5413,2025-05-04 17:32:21.376272,10.5,completed,2.69
SUB207759,P101475,S5207,2025-05-04 18:30:52.627009,12.9,completed,1.78
SUB207760,P102605,S5005,2025-05-04 18:36:10.018316,13.8,completed,2.38
SUB207761,P100723,S5161,2025-05-04 18:49:49.831276,15.0,returned,0.0
SUB207762,P100991,S5332,2025-05-04 19:15:33.001221,7.0,completed,1.23
SUB207763,P101353,S5121,2025-05-04 19:40:44.161113,33.9,completed,4.46
SUB207764,P102723,S5263,2025-05-04 20:34:30.306036,33.3,completed,5.29
SUB207765,P100854,S5043,2025-05-04 20:45:19.299129,14.7,completed,2.61
SUB207766,P101366,S5344,2025-05-04 20:56:31.974260,31.9,completed,5.0
SUB207767,P101835,S5223,2025-05-04 20:59:21.451147,12.2,completed,1.76
SUB207768,P101782,S5229,2025-05-04 21:06:49.138317,42.2,completed,7.54
SUB207769,P100835,S5038,2025-05-04 21:48:37.440428,30.5,timed_out,0.0
SUB207770,P101485,S5156,2025-05-04 21:52:57.389523,12.4,completed,1.7
SUB207771,P100096,S5194,2025-05-04 22:25:04.064461,25.2,rejected,0.0
SUB207772,P101930,S5139,2025-05-04 22:57:52.724422,40.2,completed,6.16
SUB207773,P100872,S5049,2025-05-04 22:59:22.092375,19.8,completed,3.45
SUB207774,P102265,S5263,2025-05-05 00:35:23.351474,31.9,completed,5.29
SUB207775,P100749,S5417,2025-05-05 01:11:51.185910,14.9,completed,1.78
SUB207776,P102585,S5329,2025-05-05 02:14:45.405803,12.1,completed,2.64
SUB207777,P102730,S5076,2025-05-05 02:16:07.637577,5.2,completed,0.74
SUB207778,P100047,S5356,2025-05-05 02:52:29.155675,6.2,completed,1.33
SUB207779,P102753,S5442,2025-05-05 03:30:34.371813,12.8,completed,2.61
SUB207780,P101724,S5375,2025-05-05 03:54:07.187861,54.7,completed,8.07
SUB207781,P100429,S5142,2025-05-05 04:15:08.987265,9.6,completed,1.79
SUB207782,P100692,S5120,2025-05-05 05:32:21.376272,18.6,completed,3.32
SUB207783,P102160,S5122,2025-05-05 05:44:04.749852,23.2,completed,5.07
SUB207784,P100137,S5234,2025-05-05 05:58:02.469119,32.0,completed,3.29
SUB207785,P102046,S5175,2025-05-05 06:39:26.323379,7.6,completed,1.17
SUB207786,P100509,S5115,2025-05-05 06:42:39.375446,3.0,completed,0.64
SUB207787,P101398,S5111,2025-05-05 06:49:54.730779,9.7,completed,1.79
SUB207788,P100743,S5051,2025-05-05 07:15:44.052427,30.3,completed,4.21
SUB207789,P102753,S5356,2025-05-05 07:30:34.371813,6.8,completed,1.33
SUB207790,P101540,S5375,2025-05-05 07:35:47.652850,61.4,completed,8.07
SUB207791,P102530,S5120,2025-05-05 07:48:48.549517,19.9,completed,3.32
SUB207792,P102502,S5250,2025-05-05 08:08:59.346407,6.6,completed,1.13
SUB207793,P100787,S5356,2025-05-05 08:11:32.251966,5.9,completed,1.33
SUB207794,P100858,S5103,2025-05-05 08:16:01.616564,23.6,completed,3.8
SUB207795,P102631,S5051,2025-05-05 08:16:45.797354,24.4,completed,4.21
SUB207796,P102328,S5013,2025-05-05 08:25:36.655565,12.8,completed,2.39
SUB207797,P100438,S5354,2025-05-05 08:53:40.836139,32.9,completed,5.67
SUB207798,P101824,S5152,2025-05-05 09:04:47.117658,18.9,completed,2.63
SUB207799,P100972,S5267,2025-05-05 09:12:27.014772,24.7,completed,3.64
SUB207800,P100193,S5014,2025-05-05 09:24:08.199817,29.4,completed,5.76
SUB207801,P101888,S5336,2025-05-05 11:15:19.610142,15.3,completed,2.55
SUB207802,P101363,S5307,2025-05-05 11:37:45.021198,35.6,completed,4.57
SUB207803,P102891,S5098,2025-05-05 11:43:38.213294,1.8,completed,0.37
SUB207804,P101109,S5306,2025-05-05 12:02:47.975989,13.7,completed,1.96
SUB207805,P100777,S5146,2025-05-05 13:05:51.295803,35.6,completed,6.57
SUB207806,P102473,S5389,2025-05-05 13:12:45.588871,28.7,completed,4.82
SUB207807,P101649,S5088,2025-05-05 13:18:03.612907,6.4,completed,1.54
SUB207808,P102956,S5438,2025-05-05 14:18:45.748830,19.2,completed,3.47
SUB207809,P100327,S5060,2025-05-05 15:32:36.360089,21.5,completed,3.23
SUB207810,P102934,S5383,2025-05-05 16:01:04.288740,19.8,completed,3.52
SUB207811,P102921,S5082,2025-05-05 16:51:34.202635,7.2,completed,1.14
SUB207812,P102916,S5093,2025-05-05 17:10:32.229888,18.4,completed,2.24
SUB207813,P101545,S5262,2025-05-05 17:18:00.076162,13.6,completed,2.3
SUB207814,P100486,S5403,2025-05-05 17:35:16.203743,19.7,completed,3.58
SUB207815,P102579,S5312,2025-05-05 18:48:02.970325,9.5,completed,2.82
SUB207816,P101572,S5098,2025-05-05 19:07:39.902613,2.2,returned,0.0
SUB207817,P102414,S5009,2025-05-05 20:40:56.135609,45.2,completed,7.89
SUB207818,P100046,S5093,2025-05-05 21:49:05.723747,14.0,completed,2.24
SUB207819,P102412,S5350,2025-05-05 22:07:34.069164,19.8,completed,3.08
SUB207820,P101353,S5233,2025-05-05 22:40:44.161113,11.9,completed,1.99
SUB207821,P100413,S5190,2025-05-05 22:44:47.376403,27.2,completed,3.43
SUB207822,P102275,S5374,2025-05-05 23:27:58.543003,11.9,completed,1.85
SUB207823,P101421,S5087,2025-05-05 23:39:08.586862,11.3,rejected,0.0
SUB207824,P100275,S5264,2025-05-06 00:29:08.604344,5.0,completed,0.77
SUB207825,P100541,S5158,2025-05-06 00:29:20.434338,3.5,returned,0.0
SUB207826,P101225,S5167,2025-05-06 01:44:44.349542,14.9,completed,2.09
SUB207827,P100009,S5042,2025-05-06 02:10:44.809425,44.7,returned,0.0
SUB207828,P100267,S5305,2025-05-06 02:10:54.897831,5.2,completed,0.82
SUB207829,P102291,S5379,2025-05-06 02:53:19.688739,10.9,completed,1.42
SUB207830,P102501,S5283,2025-05-06 02:53:56.212082,60.7,completed,12.16
SUB207831,P100787,S5208,2025-05-06 03:11:32.251966,5.8,completed,0.85
SUB207832,P102602,S5048,2025-05-06 03:53:46.058100,5.3,completed,0.86
SUB207833,P101682,S5405,2025-05-06 04:22:25.942108,9.3,rejected,0.0
SUB207834,P102955,S5345,2025-05-06 05:09:21.359736,18.2,completed,3.79
SUB207835,P100756,S5187,2025-05-06 05:36:50.779022,27.6,completed,3.11
SUB207836,P100864,S5168,2025-05-06 06:14:57.785662,7.4,completed,1.46
SUB207837,P102737,S5097,2025-05-06 06:28:48.239375,15.1,completed,2.1
SUB207838,P101328,S5403,2025-05-06 06:30:33.013186,23.3,completed,3.58
SUB207839,P100327,S5444,2025-05-06 06:32:36.360089,2.3,completed,0.33
SUB207840,P102956,S5102,2025-05-06 07:18:45.748830,19.4,completed,3.21
SUB207841,P101475,S5259,2025-05-06 07:30:52.627009,37.7,completed,8.82
SUB207842,P101108,S5134,2025-05-06 08:26:51.378617,18.4,completed,3.04
SUB207843,P101759,S5099,2025-05-06 08:31:07.560431,22.4,completed,2.46
SUB207844,P101933,S5418,2025-05-06 08:38:41.669441,8.6,completed,1.77
SUB207845,P101362,S5141,2025-05-06 09:36:48.597537,16.4,completed,2.82
SUB207846,P100257,S5065,2025-05-06 09:47:57.824935,13.1,completed,2.03
SUB207847,P100692,S5437,2025-05-06 10:32:21.376272,5.6,completed,0.97
SUB207848,P100387,S5433,2025-05-06 10:37:10.612955,9.6,completed,2.07
SUB207849,P101068,S5148,2025-05-06 10:56:11.559144,12.8,completed,2.06
SUB207850,P101398,S5317,2025-05-06 12:49:54.730779,16.5,completed,2.19
SUB207851,P100784,S5419,2025-05-06 13:17:00.791259,10.3,completed,1.81
SUB207852,P100229,S5373,2025-05-06 15:05:48.975219,53.3,completed,7.36
SUB207853,P102811,S5329,2025-05-06 15:20:57.000333,13.6,completed,2.64
SUB207854,P102723,S5426,2025-05-06 16:34:30.306036,13.1,completed,2.16
SUB207855,P100968,S5194,2025-05-06 17:15:34.645273,23.6,completed,3.46
SUB207856,P100653,S5272,2025-05-06 17:33:17.213591,19.1,completed,1.99
SUB207857,P101796,S5000,2025-05-06 19:56:35.061784,24.3,completed,6.05
SUB207858,P100296,S5292,2025-05-06 22:59:24.039263,41.4,completed,4.41
SUB207859,P101689,S5137,2025-05-06 23:46:59.152238,29.8,completed,6.57
SUB207860,P101109,S5380,2025-05-07 00:02:47.975989,44.0,rejected,0.0
SUB207861,P102265,S5444,2025-05-07 01:35:23.351474,2.1,completed,0.33
SUB207862,P100169,S5139,2025-05-07 02:05:41.344291,37.4,completed,6.16
SUB207863,P100972,S5027,2025-05-07 02:12:27.014772,32.9,completed,7.63
SUB207864,P100533,S5107,2025-05-07 02:12:49.427056,11.5,completed,1.66
SUB207865,P100851,S5268,2025-05-07 03:57:57.675236,25.9,returned,0.0
SUB207866,P102412,S5171,2025-05-07 04:07:34.069164,3.7,returned,0.0
SUB207867,P101945,S5350,2025-05-07 04:09:45.665663,17.9,completed,3.08
SUB207868,P100533,S5206,2025-05-07 04:12:49.427056,15.0,completed,1.88
SUB207869,P100387,S5374,2025-05-07 04:37:10.612955,13.7,completed,1.85
SUB207870,P100095,S5124,2025-05-07 04:40:18.129546,7.0,completed,1.46
SUB207871,P100683,S5282,2025-05-07 05:29:31.267052,23.9,completed,3.47
SUB207872,P101153,S5016,2025-05-07 05:51:43.091606,11.1,completed,1.61
SUB207873,P101796,S5300,2025-05-07 06:56:35.061784,40.4,completed,6.19
SUB207874,P100114,S5313,2025-05-07 07:04:39.759021,30.2,completed,4.36
SUB207875,P100749,S5340,2025-05-07 08:11:51.185910,14.4,completed,2.31
SUB207876,P102595,S5337,2025-05-07 08:40:09.800568,1.6,completed,0.41
SUB207877,P102635,S5255,2025-05-07 09:44:57.045511,22.4,returned,0.0
SUB207878,P100114,S5276,2025-05-07 10:04:39.759021,18.6,completed,4.4
SUB207879,P101649,S5020,2025-05-07 10:18:03.612907,23.4,rejected,0.0
SUB207880,P102753,S5447,2025-05-07 10:30:34.371813,6.8,timed_out,0.0
SUB207881,P100327,S5025,2025-05-07 10:32:36.360089,15.6,completed,3.06
SUB207882,P100835,S5151,2025-05-07 10:48:37.440428,22.0,rejected,0.0
SUB207883,P101572,S5132,2025-05-07 12:07:39.902613,24.2,completed,4.18
SUB207884,P101362,S5172,2025-05-07 12:36:48.597537,10.6,completed,1.58
SUB207885,P101446,S5219,2025-05-07 12:40:54.701365,37.1,completed,5.27
SUB207886,P101689,S5323,2025-05-07 14:46:59.152238,31.1,completed,6.03
SUB207887,P102372,S5325,2025-05-07 14:59:18.439949,34.5,rejected,0.0
SUB207888,P102916,S5446,2025-05-07 16:10:32.229888,13.4,completed,2.29
SUB207889,P102276,S5394,2025-05-07 16:32:11.748763,19.3,completed,2.62
SUB207890,P100991,S5106,2025-05-07 17:15:33.001221,33.8,completed,5.46
SUB207891,P100596,S5020,2025-05-07 18:01:24.545593,21.5,completed,4.2
SUB207892,P100327,S5030,2025-05-07 19:32:36.360089,12.5,rejected,0.0
SUB207893,P101292,S5135,2025-05-07 19:41:52.455912,5.8,completed,1.23
SUB207894,P101605,S5155,2025-05-07 19:50:10.630751,17.5,completed,2.42
SUB207895,P100287,S5115,2025-05-07 21:16:10.916862,2.6,completed,0.64
SUB207896,P100136,S5400,2025-05-07 21:43:40.653199,10.4,completed,2.24
SUB207897,P101114,S5032,2025-05-07 22:36:43.140210,10.8,completed,1.77
SUB207898,P100114,S5040,2025-05-07 23:04:39.759021,35.6,completed,5.02
SUB207899,P102137,S5138,2025-05-07 23:13:50.456765,8.7,completed,1.79
SUB207900,P100619,S5372,2025-05-07 23:33:45.032348,7.4,completed,1.43
SUB207901,P102204,S5084,2025-05-07 23:46:22.899518,5.3,completed,1.02
SUB207902,P100978,S5168,2025-05-08 00:06:24.349101,8.4,completed,1.46
SUB207903,P100743,S5183,2025-05-08 00:15:44.052427,7.8,completed,1.35
SUB207904,P101292,S5355,2025-05-08 00:41:52.455912,48.1,completed,9.92
SUB207905,P102600,S5118,2025-05-08 00:55:23.585085,8.5,returned,0.0
SUB207906,P101649,S5272,2025-05-08 02:18:03.612907,15.5,completed,1.99
SUB207907,P101953,S5328,2025-05-08 02:22:42.176850,60.3,completed,6.81
SUB207908,P100304,S5058,2025-05-08 04:56:53.631265,10.4,completed,1.95
SUB207909,P102952,S5037,2025-05-08 05:40:12.776489,7.0,completed,1.34
SUB207910,P100968,S5063,2025-05-08 07:15:34.645273,33.1,completed,5.72
SUB207911,P101953,S5434,2025-05-08 07:22:42.176850,18.1,timed_out,0.0
SUB207912,P102210,S5197,2025-05-08 07:41:30.871573,11.5,completed,1.83
SUB207913,P100346,S5190,2025-05-08 09:06:32.206869,22.4,completed,3.43
SUB207914,P102987,S5235,2025-05-08 09:14:11.706602,14.3,completed,1.93
SUB207915,P100346,S5198,2025-05-08 11:06:32.206869,12.2,completed,1.92
SUB207916,P101020,S5311,2025-05-08 12:03:59.224612,33.9,returned,0.0
SUB207917,P101894,S5047,2025-05-08 12:21:01.016721,17.6,completed,2.56
SUB207918,P101107,S5014,2025-05-08 13:06:22.003671,32.9,completed,5.76
SUB207919,P101178,S5411,2025-05-08 13:32:44.098320,43.4,completed,5.63
SUB207920,P102530,S5114,2025-05-08 13:48:48.549517,31.4,completed,6.95
SUB207921,P100743,S5178,2025-05-08 14:15:44.052427,9.4,timed_out,0.0
SUB207922,P101292,S5074,2025-05-08 15:41:52.455912,20.6,completed,3.1
SUB207923,P100169,S5182,2025-05-08 16:05:41.344291,11.6,completed,2.14
SUB207924,P102613,S5220,2025-05-08 16:27:25.643053,9.1,completed,1.0
SUB207925,P102202,S5104,2025-05-08 16:27:38.306088,15.0,completed,3.03
SUB207926,P100619,S5290,2025-05-08 16:33:45.032348,5.3,completed,1.01
SUB207927,P100835,S5050,2025-05-08 16:48:37.440428,30.1,completed,3.96
SUB207928,P102966,S5253,2025-05-08 18:44:53.645454,4.8,completed,0.87
SUB207929,P101549,S5313,2025-05-08 20:33:47.280491,24.2,timed_out,0.0
SUB207930,P102560,S5144,2025-05-08 22:26:24.048856,44.5,completed,6.85
SUB207931,P102685,S5060,2025-05-08 22:54:06.066527,17.9,completed,3.23
SUB207932,P102276,S5231,2025-05-08 23:32:11.748763,13.3,rejected,0.0
SUB207933,P100559,S5403,2025-05-08 23:48:41.273183,15.0,completed,3.58
SUB207934,P100981,S5052,2025-05-09 00:12:45.742116,9.9,completed,1.48
SUB207935,P100777,S5009,2025-05-09 01:05:51.295803,39.2,completed,7.89
SUB207936,P100749,S5120,2025-05-09 02:11:51.185910,18.9,completed,3.32
SUB207937,P102561,S5111,2025-05-09 02:21:33.076683,8.7,completed,1.79
SUB207938,P102722,S5075,2025-05-09 05:36:08.708914,6.8,completed,0.89
SUB207939,P102132,S5224,2025-05-09 06:39:58.280940,37.4,completed,3.95
SUB207940,P100046,S5226,2025-05-09 06:49:05.723747,34.0,completed,4.72
SUB207941,P102444,S5306,2025-05-09 07:09:14.900304,13.0,completed,1.96
SUB207942,P100041,S5356,2025-05-09 07:18:38.190832,7.6,timed_out,0.0
SUB207943,P100352,S5272,2025-05-09 07:38:30.220186,19.7,completed,1.99
SUB207944,P102046,S5016,2025-05-09 07:39:26.323379,10.9,completed,1.61
SUB207945,P100584,S5036,2025-05-09 07:43:33.081100,2.3,completed,0.5
SUB207946,P101420,S5349,2025-05-09 07:58:14.456381,15.0,completed,2.02
SUB207947,P100220,S5138,2025-05-09 08:11:17.472849,8.5,completed,1.79
SUB207948,P100137,S5259,2025-05-09 08:58:02.469119,47.9,completed,8.82
SUB207949,P101986,S5219,2025-05-09 09:09:38.500875,31.4,completed,5.27
SUB207950,P100881,S5438,2025-05-09 09:23:13.219135,18.1,completed,3.47
SUB207951,P102831,S5427,2025-05-09 09:55:42.038774,25.1,completed,3.87
SUB207952,P101009,S5143,2025-05-09 09:55:59.848673,16.8,completed,2.39
SUB207953,P102276,S5302,2025-05-09 10:32:11.748763,10.8,completed,1.84
SUB207954,P102966,S5037,2025-05-09 10:44:53.645454,7.0,completed,1.34
SUB207955,P100295,S5390,2025-05-09 11:04:15.414131,42.9,completed,7.54
SUB207956,P100304,S5386,2025-05-09 11:56:53.631265,27.8,returned,0.0
SUB207957,P100114,S5368,2025-05-09 13:04:39.759021,18.7,completed,4.1
SUB207958,P101306,S5283,2025-05-09 13:11:37.786283,68.1,completed,12.16
SUB207959,P102631,S5161,2025-05-09 13:16:45.797354,13.5,completed,1.91
SUB207960,P102828,S5108,2025-05-09 13:24:10.183502,27.9,completed,3.24
SUB207961,P102539,S5298,2025-05-09 16:25:49.598445,9.7,completed,1.22
SUB207962,P101449,S5410,2025-05-09 16:57:22.618525,8.3,completed,1.28
SUB207963,P102178,S5367,2025-05-09 17:02:41.877673,15.6,completed,2.76
SUB207964,P100559,S5320,2025-05-09 17:48:41.273183,15.3,completed,3.5
SUB207965,P100302,S5449,2025-05-09 17:54:04.476971,29.5,completed,3.0
SUB207966,P102121,S5398,2025-05-09 19:36:51.306396,2.7,completed,0.55
SUB207967,P101292,S5115,2025-05-09 19:41:52.455912,3.3,completed,0.64
SUB207968,P101759,S5250,2025-05-09 20:31:07.560431,8.0,completed,1.13
SUB207969,P102730,S5350,2025-05-09 22:16:07.637577,13.1,completed,3.08
SUB207970,P101500,S5032,2025-05-09 22:17:07.397228,10.6,completed,1.77
SUB207971,P102541,S5380,2025-05-09 23:21:45.441149,43.0,completed,9.78
SUB207972,P102564,S5430,2025-05-09 23:51:16.753826,3.3,completed,0.51
SUB207973,P102685,S5041,2025-05-09 23:54:06.066527,20.7,completed,2.54
SUB207974,P100662,S5182,2025-05-10 00:47:39.201478,13.5,completed,2.14
SUB207975,P100549,S5188,2025-05-10 01:06:50.167223,11.2,completed,1.52
SUB207976,P100009,S5229,2025-05-10 01:10:44.809425,61.7,completed,7.54
SUB207977,P101471,S5142,2025-05-10 01:40:36.481328,11.2,completed,1.79
SUB207978,P101292,S5059,2025-05-10 01:41:52.455912,16.1,completed,2.37
SUB207979,P102635,S5043,2025-05-10 01:44:57.045511,13.6,returned,0.0
SUB207980,P101461,S5380,2025-05-10 03:33:31.202955,55.2,completed,9.78
SUB207981,P102328,S5303,2025-05-10 04:25:36.655565,5.1,completed,0.63
SUB207982,P100287,S5211,2025-05-10 05:16:10.916862,18.7,returned,0.0
SUB207983,P100872,S5000,2025-05-10 05:59:22.092375,28.2,completed,6.05
SUB207984,P101703,S5230,2025-05-10 06:18:16.159889,24.5,completed,4.69
SUB207985,P101485,S5249,2025-05-10 06:52:57.389523,19.6,completed,2.91
SUB207986,P102753,S5266,2025-05-10 07:30:34.371813,9.6,completed,1.78
SUB207987,P101589,S5413,2025-05-10 07:33:23.282282,14.0,completed,2.69
SUB207988,P102635,S5221,2025-05-10 07:44:57.045511,10.4,timed_out,0.0
SUB207989,P101811,S5086,2025-05-10 07:49:45.746016,43.4,completed,10.04
SUB207990,P100723,S5353,2025-05-10 07:49:49.831276,20.5,completed,2.92
SUB207991,P102564,S5285,2025-05-10 08:51:16.753826,17.2,completed,2.46
SUB207992,P101109,S5178,2025-05-10 09:02:47.975989,11.0,timed_out,0.0
SUB207993,P102600,S5207,2025-05-10 09:55:23.585085,18.3,completed,1.78
SUB207994,P100304,S5442,2025-05-10 10:56:53.631265,10.1,completed,2.61
SUB207995,P100784,S5248,2025-05-10 11:17:00.791259,15.1,completed,2.27
SUB207996,P100096,S5095,2025-05-10 11:25:04.064461,6.2,completed,0.98
SUB207997,P102575,S5418,2025-05-10 11:29:13.817093,9.6,completed,1.77
SUB207998,P101443,S5416,2025-05-10 11:33:50.146842,6.3,completed,1.12
SUB207999,P100352,S5266,2025-05-10 11:38:30.220186,10.0,returned,0.0
SUB208000,P101689,S5335,2025-05-10 12:46:59.152238,36.8,completed,5.53
SUB208001,P101923,S5356,2025-05-10 13:58:41.347614,7.7,completed,1.33
SUB208002,P100777,S5071,2025-05-10 14:05:51.295803,6.4,completed,1.28
SUB208003,P102749,S5026,2025-05-10 14:20:42.101131,37.8,completed,6.67
SUB208004,P102773,S5261,2025-05-10 15:35:47.888443,5.7,completed,1.0
SUB208005,P101617,S5088,2025-05-10 15:52:18.376137,6.5,completed,1.54
SUB208006,P102520,S5127,2025-05-10 17:44:56.967535,12.7,completed,1.9
SUB208007,P102255,S5075,2025-05-10 17:51:21.126576,5.6,returned,0.0
SUB208008,P100302,S5133,2025-05-10 17:54:04.476971,27.2,completed,5.5
SUB208009,P101107,S5058,2025-05-10 18:06:22.003671,9.6,completed,1.95
SUB208010,P100302,S5312,2025-05-10 18:54:04.476971,10.7,completed,2.82
SUB208011,P100229,S5437,2025-05-10 19:05:48.975219,5.7,completed,0.97
SUB208012,P100327,S5364,2025-05-10 19:32:36.360089,17.7,completed,2.63
SUB208013,P100972,S5005,2025-05-10 20:12:27.014772,16.1,completed,2.38
SUB208014,P100968,S5051,2025-05-10 20:15:34.645273,26.4,completed,4.21
SUB208015,P101824,S5320,2025-05-10 21:04:47.117658,16.3,returned,0.0
SUB208016,P102520,S5103,2025-05-10 21:44:56.967535,16.5,rejected,0.0
SUB208017,P101907,S5429,2025-05-10 21:50:00.715462,25.0,completed,5.74
SUB208018,P100959,S5366,2025-05-10 22:20:17.917379,23.7,completed,4.22
SUB208019,P102541,S5315,2025-05-10 23:21:45.441149,12.5,completed,1.77
SUB208020,P101953,S5047,2025-05-10 23:22:42.176850,20.0,completed,2.56
SUB208021,P101186,S5290,2025-05-11 00:01:12.535046,5.5,timed_out,0.0
SUB208022,P100229,S5121,2025-05-11 00:05:48.975219,28.2,completed,4.46
SUB208023,P100608,S5036,2025-05-11 02:20:19.594766,2.5,completed,0.5
SUB208024,P102214,S5216,2025-05-11 03:31:45.532869,17.6,completed,2.13
SUB208025,P100877,S5354,2025-05-11 03:55:07.360943,26.8,completed,5.67
SUB208026,P100047,S5211,2025-05-11 05:52:29.155675,17.3,completed,3.62
SUB208027,P101186,S5152,2025-05-11 06:01:12.535046,22.6,timed_out,0.0
SUB208028,P102245,S5106,2025-05-11 06:19:20.610628,34.2,completed,5.46
SUB208029,P100608,S5336,2025-05-11 06:20:19.594766,18.6,completed,2.55
SUB208030,P102322,S5124,2025-05-11 08:38:38.047409,6.4,timed_out,0.0
SUB208031,P100046,S5131,2025-05-11 08:49:05.723747,14.9,completed,2.11
SUB208032,P101907,S5004,2025-05-11 08:50:00.715462,13.0,completed,2.25
SUB208033,P100533,S5102,2025-05-11 11:12:49.427056,13.3,completed,3.21
SUB208034,P100608,S5341,2025-05-11 11:20:19.594766,17.9,completed,3.95
SUB208035,P100653,S5300,2025-05-11 11:33:17.213591,34.2,completed,6.19
SUB208036,P102846,S5138,2025-05-11 11:52:39.635421,9.3,completed,1.79
SUB208037,P100549,S5356,2025-05-11 12:06:50.167223,8.5,completed,1.33
SUB208038,P101894,S5293,2025-05-11 12:21:01.016721,16.4,completed,2.39
SUB208039,P101178,S5168,2025-05-11 12:32:44.098320,8.4,completed,1.46
SUB208040,P101763,S5372,2025-05-11 13:05:42.225837,7.9,completed,1.43
SUB208041,P100778,S5343,2025-05-11 13:06:52.141348,37.8,completed,5.58
SUB208042,P101244,S5184,2025-05-11 13:27:26.288305,6.9,completed,1.05
SUB208043,P102595,S5357,2025-05-11 13:40:09.800568,18.5,completed,2.46
SUB208044,P100238,S5388,2025-05-11 13:43:01.467554,14.9,completed,3.85
SUB208045,P102255,S5259,2025-05-11 13:51:21.126576,41.7,completed,8.82
SUB208046,P100047,S5158,2025-05-11 13:52:29.155675,2.3,returned,0.0
SUB208047,P101443,S5265,2025-05-11 15:33:50.146842,12.7,completed,3.01
SUB208048,P100766,S5384,2025-05-11 15:48:36.350522,16.7,completed,2.81
SUB208049,P102600,S5275,2025-05-11 16:55:23.585085,8.3,completed,1.52
SUB208050,P102007,S5447,2025-05-11 17:05:14.395867,9.7,completed,1.56
SUB208051,P101953,S5368,2025-05-11 18:22:42.176850,22.8,completed,4.1
SUB208052,P102575,S5203,2025-05-11 18:29:13.817093,10.6,completed,1.75
SUB208053,P102723,S5004,2025-05-11 19:34:30.306036,14.1,rejected,0.0
SUB208054,P100509,S5067,2025-05-11 19:42:39.375446,17.5,completed,2.5
SUB208055,P101986,S5122,2025-05-11 21:09:38.500875,21.9,completed,5.07
SUB208056,P100451,S5185,2025-05-11 21:11:20.842622,25.6,completed,5.65
SUB208057,P100709,S5261,2025-05-11 21:53:39.668219,4.8,completed,1.0
SUB208058,P101420,S5005,2025-05-11 22:58:14.456381,16.7,timed_out,0.0
SUB208059,P102585,S5008,2025-05-11 23:14:45.405803,36.0,completed,9.33
SUB208060,P102966,S5032,2025-05-11 23:44:53.645454,12.0,completed,1.77
SUB208061,P100596,S5365,2025-05-12 00:01:24.545593,11.7,completed,1.75
SUB208062,P102943,S5446,2025-05-12 00:11:47.462204,10.4,completed,2.29
SUB208063,P101244,S5281,2025-05-12 00:27:26.288305,9.6,completed,1.47
SUB208064,P102276,S5118,2025-05-12 01:32:11.748763,11.7,completed,1.89
SUB208065,P100486,S5404,2025-05-12 02:35:16.203743,6.0,completed,1.2
SUB208066,P102488,S5183,2025-05-12 03:10:06.797823,7.2,completed,1.35
SUB208067,P100608,S5233,2025-05-12 03:20:19.594766,12.7,completed,1.99
SUB208068,P101986,S5182,2025-05-12 04:09:38.500875,10.8,completed,2.14
SUB208069,P101450,S5037,2025-05-12 04:55:00.918041,6.8,completed,1.34
SUB208070,P100872,S5076,2025-05-12 04:59:22.092375,5.9,completed,0.74
SUB208071,P101549,S5025,2025-05-12 05:33:47.280491,15.9,returned,0.0
SUB208072,P101363,S5073,2025-05-12 05:37:45.021198,10.1,completed,2.27
SUB208073,P100159,S5082,2025-05-12 05:54:23.952119,9.5,completed,1.14
SUB208074,P102441,S5111,2025-05-12 06:19:35.355589,7.7,completed,1.79
SUB208075,P101225,S5286,2025-05-12 06:44:44.349542,32.2,completed,6.85
SUB208076,P102815,S5191,2025-05-12 07:12:19.313699,17.7,completed,3.82
SUB208077,P102137,S5448,2025-05-12 07:13:50.456765,3.9,completed,0.76
SUB208078,P100918,S5045,2025-05-12 08:52:05.063542,17.2,completed,2.51
SUB208079,P101299,S5262,2025-05-12 12:09:58.503230,15.0,completed,2.3
SUB208080,P101421,S5162,2025-05-12 12:39:08.586862,9.3,completed,1.35
SUB208081,P100723,S5107,2025-05-12 12:49:49.831276,11.1,completed,1.66
SUB208082,P100723,S5346,2025-05-12 12:49:49.831276,55.1,completed,10.53
SUB208083,P102944,S5393,2025-05-12 13:17:01.719711,17.3,completed,4.54
SUB208084,P100749,S5303,2025-05-12 14:11:51.185910,4.0,completed,0.63
SUB208085,P101933,S5098,2025-05-12 14:38:41.669441,2.2,returned,0.0
SUB208086,P100584,S5323,2025-05-12 14:43:33.081100,30.4,timed_out,0.0
SUB208087,P100229,S5180,2025-05-12 15:05:48.975219,2.8,completed,0.73
SUB208088,P101045,S5316,2025-05-12 15:07:28.851805,5.5,completed,1.21
SUB208089,P101791,S5350,2025-05-12 15:24:13.359350,13.0,completed,3.08
SUB208090,P102214,S5291,2025-05-12 15:31:45.532869,21.7,completed,3.36
SUB208091,P102722,S5276,2025-05-12 15:36:08.708914,29.2,completed,4.4
SUB208092,P100756,S5410,2025-05-12 15:36:50.779022,8.5,timed_out,0.0
SUB208093,P102441,S5436,2025-05-12 16:19:35.355589,21.5,completed,4.74
SUB208094,P100858,S5221,2025-05-12 17:16:01.616564,10.4,completed,1.67
SUB208095,P101206,S5226,2025-05-12 18:03:36.367107,26.7,completed,4.72
SUB208096,P100295,S5448,2025-05-12 18:04:15.414131,4.8,returned,0.0
SUB208097,P101986,S5337,2025-05-12 18:09:38.500875,1.6,completed,0.41
SUB208098,P100749,S5002,2025-05-12 18:11:51.185910,45.5,completed,7.35
SUB208099,P100743,S5411,2025-05-12 18:15:44.052427,43.0,completed,5.63
SUB208100,P102441,S5417,2025-05-12 18:19:35.355589,11.6,completed,1.78
SUB208101,P102635,S5056,2025-05-12 18:44:57.045511,26.4,completed,5.22
SUB208102,P101835,S5379,2025-05-12 19:59:21.451147,9.1,timed_out,0.0
SUB208103,P101328,S5413,2025-05-12 20:30:33.013186,13.6,completed,2.69
SUB208104,P100559,S5039,2025-05-12 20:48:41.273183,32.4,completed,4.36
SUB208105,P102441,S5274,2025-05-12 21:19:35.355589,8.0,completed,1.5
SUB208106,P102322,S5413,2025-05-12 21:38:38.047409,15.2,completed,2.69
SUB208107,P102737,S5216,2025-05-12 22:28:48.239375,15.0,returned,0.0
SUB208108,P101225,S5277,2025-05-12 22:44:44.349542,3.6,completed,0.88
SUB208109,P100755,S5424,2025-05-12 22:46:50.155461,12.6,completed,2.82
SUB208110,P102613,S5106,2025-05-12 23:27:25.643053,29.3,completed,5.46
SUB208111,P102442,S5337,2025-05-12 23:58:32.121158,1.6,completed,0.41
SUB208112,P101923,S5114,2025-05-12 23:58:41.347614,46.3,completed,6.95
SUB208113,P102620,S5174,2025-05-13 00:42:55.281439,10.8,returned,0.0
SUB208114,P101589,S5052,2025-05-13 01:33:23.282282,10.3,completed,1.48
SUB208115,P101353,S5029,2025-05-13 01:40:44.161113,25.1,completed,2.96
SUB208116,P100414,S5074,2025-05-13 02:38:53.940632,17.6,completed,3.1
SUB208117,P102414,S5313,2025-05-13 02:40:56.135609,29.5,completed,4.36
SUB208118,P100755,S5158,2025-05-13 02:46:50.155461,2.4,rejected,0.0
SUB208119,P102560,S5109,2025-05-13 04:26:24.048856,19.2,completed,3.53
SUB208120,P100681,S5093,2025-05-13 04:56:31.269634,16.2,completed,2.24
SUB208121,P102561,S5137,2025-05-13 05:21:33.076683,33.6,completed,6.57
SUB208122,P101633,S5190,2025-05-13 05:22:33.003817,24.0,completed,3.43
SUB208123,P101200,S5267,2025-05-13 07:31:25.423072,25.5,completed,3.64
SUB208124,P102046,S5108,2025-05-13 08:39:26.323379,21.3,completed,3.24
SUB208125,P101986,S5162,2025-05-13 09:09:38.500875,8.4,completed,1.35
SUB208126,P102488,S5095,2025-05-13 09:10:06.797823,6.9,completed,0.98
SUB208127,P102916,S5025,2025-05-13 10:10:32.229888,14.8,completed,3.06
SUB208128,P101443,S5132,2025-05-13 10:33:50.146842,17.8,completed,4.18
SUB208129,P100596,S5379,2025-05-13 12:01:24.545593,10.3,completed,1.42
SUB208130,P101206,S5097,2025-05-13 12:03:36.367107,11.7,returned,0.0
SUB208131,P100838,S5226,2025-05-13 12:45:50.749725,25.5,completed,4.72
SUB208132,P101485,S5241,2025-05-13 12:52:57.389523,13.7,completed,2.37
SUB208133,P100438,S5315,2025-05-13 13:53:40.836139,11.3,completed,1.77
SUB208134,P100030,S5392,2025-05-13 15:23:45.456222,24.1,completed,3.57
SUB208135,P102539,S5051,2025-05-13 15:25:49.598445,28.3,completed,4.21
SUB208136,P102891,S5052,2025-05-13 15:43:38.213294,9.6,completed,1.48
SUB208137,P102255,S5045,2025-05-13 15:51:21.126576,13.8,completed,2.51
SUB208138,P100918,S5327,2025-05-13 15:52:05.063542,24.8,returned,0.0
SUB208139,P101649,S5373,2025-05-13 16:18:03.612907,42.6,completed,7.36
SUB208140,P100828,S5118,2025-05-13 16:47:28.807503,10.3,completed,1.89
SUB208141,P100766,S5047,2025-05-13 16:48:36.350522,22.8,completed,2.56
SUB208142,P101154,S5127,2025-05-13 17:14:43.829597,13.1,completed,1.9
SUB208143,P102530,S5200,2025-05-13 17:48:48.549517,20.1,completed,2.77
SUB208144,P100362,S5074,2025-05-13 17:53:54.856113,19.3,completed,3.1
SUB208145,P102735,S5320,2025-05-13 17:56:36.532434,15.4,completed,3.5
SUB208146,P100153,S5087,2025-05-13 17:57:14.114443,10.3,completed,1.52
SUB208147,P102735,S5122,2025-05-13 18:56:36.532434,28.2,completed,5.07
SUB208148,P101284,S5106,2025-05-13 19:07:21.003957,30.6,completed,5.46
SUB208149,P100743,S5417,2025-05-13 20:15:44.052427,16.1,returned,0.0
SUB208150,P101806,S5400,2025-05-13 20:48:38.170487,10.6,completed,2.24
SUB208151,P102019,S5315,2025-05-13 21:54:26.099713,15.2,completed,1.77
SUB208152,P100732,S5268,2025-05-13 22:04:31.042817,28.6,completed,4.16
SUB208153,P100972,S5042,2025-05-13 22:12:27.014772,49.0,completed,6.13
SUB208154,P100429,S5403,2025-05-13 22:15:08.987265,18.0,completed,3.58
SUB208155,P101485,S5073,2025-05-13 22:52:57.389523,9.9,completed,2.27
SUB208156,P100054,S5183,2025-05-13 23:54:35.483231,9.7,completed,1.35
SUB208157,P102178,S5167,2025-05-14 03:02:41.877673,13.5,completed,2.09
SUB208158,P100972,S5345,2025-05-14 03:12:27.014772,16.1,completed,3.79
SUB208159,P101364,S5329,2025-05-14 03:36:46.338242,12.7,completed,2.64
SUB208160,P102016,S5312,2025-05-14 04:09:33.608229,11.5,completed,2.82
SUB208161,P101682,S5251,2025-05-14 04:22:25.942108,10.8,completed,2.19
SUB208162,P102104,S5261,2025-05-14 05:22:50.619073,6.6,completed,1.0
SUB208163,P100279,S5259,2025-05-14 05:36:42.191018,48.7,completed,8.82
SUB208164,P101362,S5446,2025-05-14 06:36:48.597537,10.1,completed,2.29
SUB208165,P100659,S5296,2025-05-14 06:56:17.581354,10.4,completed,2.35
SUB208166,P100683,S5071,2025-05-14 07:29:31.267052,5.7,completed,1.28
SUB208167,P102831,S5099,2025-05-14 07:55:42.038774,21.9,completed,2.46
SUB208168,P101125,S5059,2025-05-14 09:13:00.918610,15.3,completed,2.37
SUB208169,P102579,S5410,2025-05-14 09:48:02.970325,7.3,completed,1.28
SUB208170,P100296,S5325,2025-05-14 09:59:24.039263,36.8,returned,0.0
SUB208171,P100086,S5435,2025-05-14 10:10:00.805703,27.3,completed,4.04
SUB208172,P102753,S5045,2025-05-14 10:30:34.371813,19.2,completed,2.51
SUB208173,P101178,S5139,2025-05-14 12:32:44.098320,34.3,completed,6.16
SUB208174,P102943,S5264,2025-05-14 13:11:47.462204,4.9,completed,0.77
SUB208175,P101724,S5060,2025-05-14 13:54:07.187861,19.4,completed,3.23
SUB208176,P100851,S5124,2025-05-14 13:57:57.675236,8.4,completed,1.46
SUB208177,P101178,S5273,2025-05-14 14:32:44.098320,10.6,completed,1.67
SUB208178,P100096,S5301,2025-05-14 16:25:04.064461,28.9,completed,6.85
SUB208179,P101362,S5207,2025-05-14 17:36:48.597537,17.2,completed,1.78
SUB208180,P100851,S5202,2025-05-14 17:57:57.675236,15.4,completed,2.42
SUB208181,P101086,S5050,2025-05-14 18:11:23.948499,34.6,completed,3.96
SUB208182,P102952,S5181,2025-05-14 18:40:12.776489,9.2,completed,1.59
SUB208183,P101293,S5359,2025-05-14 18:52:39.628261,13.0,completed,2.5
SUB208184,P101545,S5343,2025-05-14 19:18:00.076162,23.6,completed,5.58
SUB208185,P102385,S5129,2025-05-14 19:58:12.684853,9.1,completed,1.59
SUB208186,P102952,S5380,2025-05-14 20:40:12.776489,52.1,completed,9.78
SUB208187,P100885,S5138,2025-05-14 20:48:02.142018,9.7,returned,0.0
SUB208188,P101485,S5191,2025-05-14 20:52:57.389523,25.1,returned,0.0
SUB208189,P102412,S5332,2025-05-14 21:07:34.069164,9.4,completed,1.23
SUB208190,P100429,S5008,2025-05-14 21:15:08.987265,51.3,completed,9.33
SUB208191,P102560,S5111,2025-05-14 21:26:24.048856,9.2,completed,1.79
SUB208192,P100387,S5077,2025-05-14 21:37:10.612955,12.8,completed,2.08
SUB208193,P101769,S5138,2025-05-14 22:19:46.780244,6.8,completed,1.79
SUB208194,P101753,S5233,2025-05-14 22:25:09.153126,13.4,completed,1.99
SUB208195,P100432,S5031,2025-05-14 22:51:57.534167,8.0,completed,0.91
SUB208196,P100918,S5425,2025-05-14 22:52:05.063542,9.4,completed,2.54
SUB208197,P100774,S5063,2025-05-14 23:26:39.060126,30.3,completed,5.72
SUB208198,P101353,S5031,2025-05-14 23:40:44.161113,5.9,completed,0.91
SUB208199,P100136,S5314,2025-05-14 23:43:40.653199,31.7,completed,4.48
SUB208200,P100419,S5256,2025-05-14 23:54:36.802179,18.9,completed,4.49
SUB208201,P102230,S5355,2025-05-15 00:06:49.079453,49.8,completed,9.92
SUB208202,P102502,S5281,2025-05-15 02:08:59.346407,9.3,completed,1.47
SUB208203,P102007,S5078,2025-05-15 04:05:14.395867,19.4,completed,2.96
SUB208204,P100398,S5009,2025-05-15 04:24:20.184764,49.5,completed,7.89
SUB208205,P100362,S5223,2025-05-15 04:53:54.856113,12.0,completed,1.76
SUB208206,P101449,S5141,2025-05-15 04:57:22.618525,13.8,completed,2.82
SUB208207,P100418,S5065,2025-05-15 05:01:53.585881,10.8,completed,2.03
SUB208208,P101109,S5441,2025-05-15 06:02:47.975989,23.4,completed,5.78
SUB208209,P102944,S5151,2025-05-15 06:17:01.719711,19.5,completed,3.74
SUB208210,P100608,S5253,2025-05-15 07:20:19.594766,6.0,completed,0.87
SUB208211,P102230,S5026,2025-05-15 08:06:49.079453,28.7,completed,6.67
SUB208212,P101805,S5230,2025-05-15 08:12:21.130800,27.0,completed,4.69
SUB208213,P100959,S5137,2025-05-15 09:20:17.917379,39.1,returned,0.0
SUB208214,P102560,S5341,2025-05-15 09:26:24.048856,25.4,completed,3.95
SUB208215,P102161,S5306,2025-05-15 10:07:23.791652,13.4,completed,1.96
SUB208216,P100271,S5344,2025-05-15 10:21:08.797115,21.0,completed,5.0
SUB208217,P100683,S5029,2025-05-15 10:29:31.267052,17.4,completed,2.96
SUB208218,P102730,S5182,2025-05-15 11:16:07.637577,14.2,returned,0.0
SUB208219,P101327,S5185,2025-05-15 11:24:40.384225,26.4,completed,5.65
SUB208220,P102265,S5275,2025-05-15 11:35:23.351474,11.6,completed,1.52
SUB208221,P101364,S5184,2025-05-15 11:36:46.338242,5.9,completed,1.05
SUB208222,P102322,S5440,2025-05-15 11:38:38.047409,20.2,completed,2.63
SUB208223,P102383,S5175,2025-05-15 11:39:08.885742,8.7,completed,1.17
SUB208224,P102613,S5358,2025-05-15 13:27:25.643053,6.2,completed,0.91
SUB208225,P100414,S5020,2025-05-15 13:38:53.940632,25.8,completed,4.2
SUB208226,P100559,S5206,2025-05-15 13:48:41.273183,13.7,completed,1.88
SUB208227,P101586,S5380,2025-05-15 13:57:07.440791,42.6,completed,9.78
SUB208228,P102230,S5320,2025-05-15 14:06:49.079453,16.4,completed,3.5
SUB208229,P101125,S5365,2025-05-15 15:13:00.918610,10.3,completed,1.75
SUB208230,P102245,S5154,2025-05-15 16:19:20.610628,9.6,completed,1.75
SUB208231,P100709,S5257,2025-05-15 17:53:39.668219,30.1,completed,5.22
SUB208232,P102613,S5121,2025-05-15 18:27:25.643053,28.1,completed,4.46
SUB208233,P100838,S5089,2025-05-15 18:45:50.749725,29.9,completed,3.23
SUB208234,P100159,S5010,2025-05-15 18:54:23.952119,20.3,completed,3.21
SUB208235,P101586,S5403,2025-05-15 18:57:07.440791,18.4,completed,3.58
SUB208236,P101292,S5234,2025-05-15 19:41:52.455912,28.2,completed,3.29
SUB208237,P101703,S5335,2025-05-15 20:18:16.159889,36.6,completed,5.53
SUB208238,P102564,S5220,2025-05-15 20:51:16.753826,7.4,completed,1.0
SUB208239,P102723,S5221,2025-05-15 21:34:30.306036,11.7,completed,1.67
SUB208240,P102973,S5445,2025-05-15 21:50:19.094507,14.5,completed,1.78
SUB208241,P101894,S5000,2025-05-15 23:21:01.016721,28.5,completed,6.05
SUB208242,P100533,S5251,2025-05-16 00:12:49.427056,14.3,completed,2.19
SUB208243,P100435,S5347,2025-05-16 01:10:48.145291,16.3,completed,3.44
SUB208244,P100096,S5257,2025-05-16 01:25:04.064461,20.2,completed,5.22
SUB208245,P102595,S5398,2025-05-16 01:40:09.800568,3.8,completed,0.55
SUB208246,P101272,S5081,2025-05-16 01:49:54.889534,15.2,completed,3.29
SUB208247,P100918,S5356,2025-05-16 01:52:05.063542,8.1,returned,0.0
SUB208248,P100749,S5231,2025-05-16 02:11:51.185910,15.5,completed,3.05
SUB208249,P102698,S5325,2025-05-16 02:58:32.323405,26.1,completed,5.38
SUB208250,P100357,S5208,2025-05-16 03:03:36.988540,5.0,completed,0.85
SUB208251,P102137,S5252,2025-05-16 03:13:50.456765,13.3,completed,2.01
SUB208252,P101894,S5327,2025-05-16 03:21:01.016721,24.3,completed,4.13
SUB208253,P101475,S5144,2025-05-16 03:30:52.627009,34.3,completed,6.85
SUB208254,P102046,S5053,2025-05-16 03:39:26.323379,9.0,returned,0.0
SUB208255,P102602,S5208,2025-05-16 04:53:46.058100,5.6,rejected,0.0
SUB208256,P100296,S5288,2025-05-16 04:59:24.039263,32.0,completed,5.04
SUB208257,P102560,S5393,2025-05-16 06:26:24.048856,23.2,completed,4.54
SUB208258,P102275,S5216,2025-05-16 06:27:58.543003,13.1,completed,2.13
SUB208259,P100413,S5188,2025-05-16 08:44:47.376403,12.6,completed,1.52
SUB208260,P101107,S5281,2025-05-16 09:06:22.003671,7.7,completed,1.47
SUB208261,P100778,S5218,2025-05-16 09:06:52.141348,6.2,completed,1.24
SUB208262,P101986,S5277,2025-05-16 09:09:38.500875,4.5,completed,0.88
SUB208263,P100759,S5065,2025-05-16 09:30:53.223945,13.3,returned,0.0
SUB208264,P101706,S5356,2025-05-16 10:33:42.848387,8.7,completed,1.33
SUB208265,P102132,S5297,2025-05-16 11:39:58.280940,13.4,completed,2.85
SUB208266,P100968,S5208,2025-05-16 12:15:34.645273,4.3,completed,0.85
SUB208267,P102561,S5252,2025-05-16 12:21:33.076683,18.6,completed,2.01
SUB208268,P102541,S5325,2025-05-16 12:21:45.441149,25.2,completed,5.38
SUB208269,P102613,S5300,2025-05-16 12:27:25.643053,39.9,completed,6.19
SUB208270,P102753,S5268,2025-05-16 12:30:34.371813,21.5,completed,4.16
SUB208271,P100038,S5320,2025-05-16 12:42:44.345927,15.3,completed,3.5
SUB208272,P101545,S5353,2025-05-16 13:18:00.076162,16.9,completed,2.92
SUB208273,P100092,S5169,2025-05-16 13:45:16.848301,17.5,completed,2.64
SUB208274,P100094,S5057,2025-05-16 13:55:35.885426,17.6,completed,3.43
SUB208275,P102202,S5403,2025-05-16 14:27:38.306088,21.8,completed,3.58
SUB208276,P102737,S5433,2025-05-16 14:28:48.239375,11.7,completed,2.07
SUB208277,P101945,S5223,2025-05-16 15:09:45.665663,11.1,completed,1.76
SUB208278,P101633,S5247,2025-05-16 15:22:33.003817,14.6,completed,2.43
SUB208279,P102046,S5156,2025-05-16 15:39:26.323379,14.8,completed,1.7
SUB208280,P100126,S5120,2025-05-16 16:11:09.393216,18.4,completed,3.32
SUB208281,P100220,S5323,2025-05-16 16:11:17.472849,25.5,completed,6.03
SUB208282,P100429,S5083,2025-05-16 16:15:08.987265,7.3,completed,0.8
SUB208283,P100558,S5334,2025-05-16 16:41:24.112349,24.9,completed,3.44
SUB208284,P100229,S5135,2025-05-16 17:05:48.975219,7.7,completed,1.23
SUB208285,P102541,S5360,2025-05-16 17:21:45.441149,10.8,completed,1.58
SUB208286,P102422,S5341,2025-05-16 17:37:41.680592,18.6,timed_out,0.0
SUB208287,P100362,S5420,2025-05-16 18:53:54.856113,40.3,completed,7.8
SUB208288,P101353,S5132,2025-05-16 19:40:44.161113,24.4,completed,4.18
SUB208289,P101213,S5037,2025-05-16 20:19:58.739644,9.5,rejected,0.0
SUB208290,P101213,S5431,2025-05-16 20:19:58.739644,13.1,completed,2.03
SUB208291,P100327,S5322,2025-05-16 20:32:36.360089,5.9,completed,0.75
SUB208292,P100596,S5401,2025-05-16 21:01:24.545593,6.0,completed,1.35
SUB208293,P101805,S5350,2025-05-16 21:12:21.130800,15.4,completed,3.08
SUB208294,P101763,S5070,2025-05-16 22:05:42.225837,16.3,completed,2.73
SUB208295,P102412,S5214,2025-05-16 22:07:34.069164,6.2,completed,0.8
SUB208296,P102412,S5086,2025-05-16 23:07:34.069164,45.2,completed,10.04
SUB208297,P101769,S5428,2025-05-16 23:19:46.780244,4.9,timed_out,0.0
SUB208298,P102160,S5293,2025-05-16 23:44:04.749852,14.1,completed,2.39
SUB208299,P102552,S5444,2025-05-16 23:59:45.815095,2.4,completed,0.33
SUB208300,P100418,S5131,2025-05-17 00:01:53.585881,13.0,completed,2.11
SUB208301,P102230,S5067,2025-05-17 00:06:49.079453,16.5,completed,2.5
SUB208302,P102029,S5249,2025-05-17 00:19:21.928813,22.2,rejected,0.0
SUB208303,P102748,S5018,2025-05-17 00:42:39.934809,23.7,completed,4.0
SUB208304,P102831,S5004,2025-05-17 00:55:42.038774,14.4,completed,2.25
SUB208305,P100420,S5218,2025-05-17 01:16:06.565324,5.4,completed,1.24
SUB208306,P100114,S5237,2025-05-17 03:04:39.759021,15.1,completed,2.36
SUB208307,P100981,S5168,2025-05-17 03:12:45.742116,8.9,completed,1.46
SUB208308,P100435,S5071,2025-05-17 05:10:48.145291,5.5,completed,1.28
SUB208309,P101206,S5198,2025-05-17 07:03:36.367107,14.4,completed,1.92
SUB208310,P100238,S5146,2025-05-17 07:43:01.467554,31.7,completed,6.57
SUB208311,P100346,S5290,2025-05-17 08:06:32.206869,5.8,completed,1.01
SUB208312,P101942,S5042,2025-05-17 08:49:00.435438,39.6,completed,6.13
SUB208313,P102737,S5373,2025-05-17 10:28:48.239375,47.8,completed,7.36
SUB208314,P102595,S5404,2025-05-17 10:40:09.800568,6.9,completed,1.2
SUB208315,P102955,S5180,2025-05-17 11:09:21.359736,4.1,completed,0.73
SUB208316,P102117,S5143,2025-05-17 12:09:07.861523,13.9,completed,2.39
SUB208317,P102595,S5065,2025-05-17 12:40:09.800568,12.3,completed,2.03
SUB208318,P101242,S5097,2025-05-17 12:44:50.771033,13.2,completed,2.1
SUB208319,P102811,S5384,2025-05-17 13:20:57.000333,14.2,completed,2.81
SUB208320,P101806,S5057,2025-05-17 14:48:38.170487,15.3,completed,3.43
SUB208321,P100419,S5207,2025-05-17 15:54:36.802179,12.4,completed,1.78
SUB208322,P101632,S5252,2025-05-17 16:03:25.259026,14.3,completed,2.01
SUB208323,P102656,S5056,2025-05-17 16:07:05.858180,24.2,completed,5.22
SUB208324,P101589,S5344,2025-05-17 16:33:23.282282,25.3,completed,5.0
SUB208325,P102152,S5065,2025-05-17 18:03:09.682704,9.4,completed,2.03
SUB208326,P101327,S5050,2025-05-17 18:24:40.384225,26.5,completed,3.96
SUB208327,P102121,S5034,2025-05-17 19:36:51.306396,17.2,completed,2.11
SUB208328,P100038,S5071,2025-05-17 19:42:44.345927,8.1,completed,1.28
SUB208329,P101956,S5410,2025-05-17 21:01:02.729755,7.7,completed,1.28
SUB208330,P101649,S5279,2025-05-17 21:18:03.612907,8.3,completed,1.83
SUB208331,P100352,S5393,2025-05-17 22:38:30.220186,18.1,completed,4.54
SUB208332,P101109,S5376,2025-05-18 00:02:47.975989,24.3,completed,4.64
SUB208333,P102204,S5261,2025-05-18 00:46:22.899518,5.7,completed,1.0
SUB208334,P101586,S5009,2025-05-18 00:57:07.440791,44.8,returned,0.0
SUB208335,P100991,S5141,2025-05-18 01:15:33.001221,14.4,completed,2.82
SUB208336,P100030,S5256,2025-05-18 01:23:45.456222,21.0,completed,4.49
SUB208337,P102501,S5068,2025-05-18 01:53:56.212082,8.9,completed,1.02
SUB208338,P101398,S5170,2025-05-18 02:49:54.730779,22.7,completed,3.95
SUB208339,P101398,S5230,2025-05-18 02:49:54.730779,30.8,completed,4.69
SUB208340,P100881,S5268,2025-05-18 03:23:13.219135,32.8,completed,4.16
SUB208341,P100086,S5431,2025-05-18 04:10:00.805703,13.8,timed_out,0.0
SUB208342,P101806,S5365,2025-05-18 04:48:38.170487,11.5,completed,1.75
SUB208343,P101880,S5303,2025-05-18 06:00:03.960149,4.4,completed,0.63
SUB208344,P101213,S5320,2025-05-18 06:19:58.739644,15.6,completed,3.5
SUB208345,P101244,S5088,2025-05-18 07:27:26.288305,8.2,completed,1.54
SUB208346,P102389,S5087,2025-05-18 07:58:32.803531,9.8,returned,0.0
SUB208347,P101888,S5198,2025-05-18 08:15:19.610142,14.8,completed,1.92
SUB208348,P102204,S5055,2025-05-18 08:46:22.899518,15.0,completed,2.11
SUB208349,P100094,S5065,2025-05-18 08:55:35.885426,13.4,returned,0.0
SUB208350,P101545,S5383,2025-05-18 09:18:00.076162,21.2,completed,3.52
SUB208351,P102850,S5282,2025-05-18 09:41:48.454921,23.4,completed,3.47
SUB208352,P102170,S5027,2025-05-18 09:43:08.254928,37.1,completed,7.63
SUB208353,P102117,S5064,2025-05-18 10:09:07.861523,13.7,completed,1.98
SUB208354,P102585,S5257,2025-05-18 10:14:45.405803,27.1,returned,0.0
SUB208355,P102944,S5231,2025-05-18 10:17:01.719711,13.3,completed,3.05
SUB208356,P102046,S5058,2025-05-18 10:39:26.323379,10.8,completed,1.95
SUB208357,P100611,S5328,2025-05-18 10:50:40.275691,42.5,completed,6.81
SUB208358,P100743,S5429,2025-05-18 11:15:44.052427,32.7,completed,5.74
SUB208359,P102955,S5007,2025-05-18 12:09:21.359736,11.0,completed,1.29
SUB208360,P102255,S5374,2025-05-18 12:51:21.126576,10.3,completed,1.85
SUB208361,P101206,S5130,2025-05-18 13:03:36.367107,16.8,completed,2.35
SUB208362,P100533,S5259,2025-05-18 13:12:49.427056,49.1,completed,8.82
SUB208363,P102956,S5021,2025-05-18 14:18:45.748830,10.4,rejected,0.0
SUB208364,P100533,S5350,2025-05-18 15:12:49.427056,17.2,completed,3.08
SUB208365,P102753,S5107,2025-05-18 15:30:34.371813,8.5,completed,1.66
SUB208366,P102959,S5291,2025-05-18 16:23:44.403799,16.3,completed,3.36
SUB208367,P100096,S5237,2025-05-18 17:25:04.064461,16.0,completed,2.36
SUB208368,P101545,S5014,2025-05-18 18:18:00.076162,29.8,completed,5.76
SUB208369,P100608,S5209,2025-05-18 19:20:19.594766,24.5,completed,4.12
SUB208370,P100864,S5352,2025-05-18 20:14:57.785662,10.9,completed,2.32
SUB208371,P100153,S5122,2025-05-18 20:57:14.114443,21.4,completed,5.07
SUB208372,P102410,S5008,2025-05-18 21:20:07.057856,32.9,timed_out,0.0
SUB208373,P100302,S5398,2025-05-18 21:54:04.476971,3.5,completed,0.55
SUB208374,P102019,S5389,2025-05-18 21:54:26.099713,29.8,completed,4.82
SUB208375,P100451,S5332,2025-05-18 22:11:20.842622,7.7,completed,1.23
SUB208376,P100096,S5354,2025-05-19 00:25:04.064461,35.8,completed,5.67
SUB208377,P102104,S5302,2025-05-19 01:22:50.619073,8.9,completed,1.84
SUB208378,P100193,S5184,2025-05-19 03:24:08.199817,4.5,completed,1.05
SUB208379,P102458,S5009,2025-05-19 05:02:23.947582,54.7,completed,7.89
SUB208380,P100858,S5323,2025-05-19 05:16:01.616564,31.5,completed,6.03
SUB208381,P101307,S5289,2025-05-19 06:12:56.275564,33.5,completed,6.11
SUB208382,P102730,S5334,2025-05-19 06:16:07.637577,17.7,completed,3.44
SUB208383,P102385,S5085,2025-05-19 08:58:12.684853,17.7,completed,3.89
SUB208384,P101225,S5257,2025-05-19 09:44:44.349542,19.7,completed,5.22
SUB208385,P101605,S5084,2025-05-19 09:50:10.630751,4.8,completed,1.02
SUB208386,P102944,S5274,2025-05-19 10:17:01.719711,6.4,completed,1.5
SUB208387,P101178,S5200,2025-05-19 10:32:44.098320,25.2,completed,2.77
SUB208388,P102170,S5381,2025-05-19 10:43:08.254928,10.3,completed,2.26
SUB208389,P100096,S5441,2025-05-19 11:25:04.064461,22.7,completed,5.78
SUB208390,P100559,S5163,2025-05-19 11:48:41.273183,17.8,timed_out,0.0
SUB208391,P102019,S5413,2025-05-19 12:54:26.099713,11.6,completed,2.69
SUB208392,P100828,S5258,2025-05-19 13:47:28.807503,20.0,completed,2.75
SUB208393,P100885,S5292,2025-05-19 13:48:02.142018,38.1,completed,4.41
SUB208394,P100723,S5322,2025-05-19 13:49:49.831276,5.5,completed,0.75
SUB208395,P101206,S5092,2025-05-19 14:03:36.367107,17.4,completed,2.72
SUB208396,P102105,S5038,2025-05-19 14:23:28.625488,29.8,completed,4.91
SUB208397,P101942,S5057,2025-05-19 14:49:00.435438,12.3,completed,3.43
SUB208398,P100549,S5106,2025-05-19 15:06:50.167223,30.2,completed,5.46
SUB208399,P100092,S5229,2025-05-19 15:45:16.848301,57.6,completed,7.54
SUB208400,P102944,S5376,2025-05-19 16:17:01.719711,16.7,completed,4.64
SUB208401,P100193,S5222,2025-05-19 16:24:08.199817,34.7,completed,7.62
SUB208402,P100559,S5344,2025-05-19 16:48:41.273183,23.5,completed,5.0
SUB208403,P101125,S5154,2025-05-19 17:13:00.918610,8.5,completed,1.75
SUB208404,P102600,S5445,2025-05-19 17:55:23.585085,11.4,completed,1.78
SUB208405,P100435,S5216,2025-05-19 19:10:48.145291,13.1,completed,2.13
SUB208406,P101386,S5347,2025-05-19 20:23:29.162442,16.6,completed,3.44
SUB208407,P101759,S5064,2025-05-19 20:31:07.560431,11.0,completed,1.98
SUB208408,P102838,S5085,2025-05-19 20:41:41.557217,19.6,completed,3.89
SUB208409,P102095,S5181,2025-05-19 21:48:34.229920,8.5,completed,1.59
SUB208410,P102959,S5072,2025-05-19 23:23:44.403799,15.4,timed_out,0.0
SUB208411,P101791,S5354,2025-05-19 23:24:13.359350,28.8,completed,5.67
SUB208412,P101307,S5063,2025-05-20 00:12:56.275564,25.8,completed,5.72
SUB208413,P100619,S5258,2025-05-20 00:33:45.032348,15.6,completed,2.75
SUB208414,P101708,S5055,2025-05-20 00:50:44.525775,16.1,completed,2.11
SUB208415,P102698,S5274,2025-05-20 01:58:32.323405,7.6,returned,0.0
SUB208416,P100503,S5244,2025-05-20 02:05:31.961696,15.0,completed,2.03
SUB208417,P100136,S5259,2025-05-20 02:43:40.653199,41.5,completed,8.82
SUB208418,P100279,S5346,2025-05-20 03:36:42.191018,57.8,returned,0.0
SUB208419,P100854,S5211,2025-05-20 03:45:19.299129,20.2,completed,3.62
SUB208420,P101485,S5077,2025-05-20 03:52:57.389523,10.6,completed,2.08
SUB208421,P101272,S5252,2025-05-20 08:49:54.889534,18.3,completed,2.01
SUB208422,P101109,S5345,2025-05-20 09:02:47.975989,22.4,completed,3.79
SUB208423,P101767,S5209,2025-05-20 10:10:35.474564,22.5,completed,4.12
SUB208424,P102385,S5210,2025-05-20 10:58:12.684853,9.8,completed,1.79
SUB208425,P101545,S5041,2025-05-20 11:18:00.076162,21.9,completed,2.54
SUB208426,P101894,S5184,2025-05-20 11:21:01.016721,6.1,completed,1.05
SUB208427,P102539,S5188,2025-05-20 11:25:49.598445,14.4,completed,1.52
SUB208428,P101540,S5352,2025-05-20 11:35:47.652850,11.9,completed,2.32
SUB208429,P102160,S5260,2025-05-20 11:44:04.749852,8.7,rejected,0.0
SUB208430,P100357,S5043,2025-05-20 12:03:36.988540,13.2,completed,2.61
SUB208431,P102699,S5413,2025-05-20 12:05:15.839633,13.8,completed,2.69
SUB208432,P102560,S5356,2025-05-20 12:26:24.048856,7.9,rejected,0.0
SUB208433,P102065,S5283,2025-05-20 12:38:01.368896,61.1,completed,12.16
SUB208434,P102595,S5000,2025-05-20 12:40:09.800568,22.8,completed,6.05
SUB208435,P101851,S5135,2025-05-20 14:27:58.156545,6.1,completed,1.23
SUB208436,P102422,S5384,2025-05-20 14:37:41.680592,17.2,completed,2.81
SUB208437,P101703,S5250,2025-05-20 15:18:16.159889,7.3,completed,1.13
SUB208438,P100611,S5298,2025-05-20 15:50:40.275691,7.3,completed,1.22
SUB208439,P101835,S5208,2025-05-20 15:59:21.451147,5.3,completed,0.85
SUB208440,P100385,S5175,2025-05-20 17:05:04.022431,7.0,completed,1.17
SUB208441,P102501,S5352,2025-05-20 17:53:56.212082,11.0,completed,2.32
SUB208442,P101663,S5127,2025-05-20 18:14:38.309605,12.5,completed,1.9
SUB208443,P102322,S5107,2025-05-20 18:38:38.047409,10.7,timed_out,0.0
SUB208444,P101471,S5317,2025-05-20 18:40:36.481328,17.8,completed,2.19
SUB208445,P100413,S5085,2025-05-20 18:44:47.376403,22.6,timed_out,0.0
SUB208446,P102496,S5148,2025-05-20 19:31:11.895022,16.0,completed,2.06
SUB208447,P102815,S5335,2025-05-20 21:12:19.313699,31.9,completed,5.53
SUB208448,P100352,S5303,2025-05-20 21:38:30.220186,3.4,completed,0.63
SUB208449,P101899,S5256,2025-05-20 23:33:11.653925,18.6,completed,4.49
SUB208450,P100414,S5282,2025-05-20 23:38:53.940632,18.4,timed_out,0.0
SUB208451,P100438,S5018,2025-05-20 23:53:40.836139,28.7,completed,4.0
SUB208452,P100058,S5224,2025-05-21 00:07:29.417148,28.6,completed,3.95
SUB208453,P100972,S5040,2025-05-21 00:12:27.014772,28.7,completed,5.02
SUB208454,P102722,S5419,2025-05-21 01:36:08.708914,14.8,completed,1.81
SUB208455,P101835,S5179,2025-05-21 01:59:21.451147,7.7,completed,1.28
SUB208456,P101633,S5113,2025-05-21 02:22:33.003817,11.5,completed,1.98
SUB208457,P101335,S5142,2025-05-21 02:33:47.727433,8.4,completed,1.79
SUB208458,P100137,S5255,2025-05-21 02:58:02.469119,25.6,completed,4.13
SUB208459,P100429,S5429,2025-05-21 04:15:08.987265,25.3,completed,5.74
SUB208460,P102642,S5326,2025-05-21 05:02:06.342954,29.7,completed,4.23
SUB208461,P102952,S5102,2025-05-21 05:40:12.776489,19.8,completed,3.21
SUB208462,P101450,S5097,2025-05-21 06:55:00.918041,16.5,timed_out,0.0
SUB208463,P101689,S5272,2025-05-21 07:46:59.152238,19.1,completed,1.99
SUB208464,P100951,S5352,2025-05-21 09:02:14.251078,11.9,timed_out,0.0
SUB208465,P100707,S5253,2025-05-21 10:06:47.141215,5.6,completed,0.87
SUB208466,P101242,S5292,2025-05-21 10:44:50.771033,32.7,completed,4.41
SUB208467,P100388,S5273,2025-05-21 10:45:14.680578,13.7,completed,1.67
SUB208468,P101724,S5291,2025-05-21 10:54:07.187861,17.8,completed,3.36
SUB208469,P100054,S5217,2025-05-21 12:54:35.483231,9.5,completed,1.51
SUB208470,P100295,S5040,2025-05-21 13:04:15.414131,37.2,completed,5.02
SUB208471,P101663,S5009,2025-05-21 13:14:38.309605,51.5,completed,7.89
SUB208472,P101165,S5429,2025-05-21 13:36:39.565837,28.4,completed,5.74
SUB208473,P100723,S5343,2025-05-21 13:49:49.831276,37.5,timed_out,0.0
SUB208474,P100877,S5149,2025-05-21 13:55:07.360943,5.2,completed,1.19
SUB208475,P102369,S5042,2025-05-21 14:30:17.624035,51.0,completed,6.13
SUB208476,P100723,S5397,2025-05-21 14:49:49.831276,20.4,completed,2.96
SUB208477,P102815,S5328,2025-05-21 15:12:19.313699,60.1,completed,6.81
SUB208478,P100413,S5214,2025-05-21 16:44:47.376403,6.1,completed,0.8
SUB208479,P102392,S5038,2025-05-21 17:11:05.806393,22.4,completed,4.91
SUB208480,P102442,S5236,2025-05-21 19:58:32.121158,26.4,completed,3.29
SUB208481,P102496,S5007,2025-05-21 20:31:11.895022,12.0,completed,1.29
SUB208482,P102502,S5036,2025-05-21 21:08:59.346407,2.5,completed,0.5
SUB208483,P102987,S5060,2025-05-21 22:14:11.706602,18.0,completed,3.23
SUB208484,P101457,S5204,2025-05-22 00:01:16.576729,4.0,completed,0.66
SUB208485,P101206,S5288,2025-05-22 00:03:36.367107,32.0,timed_out,0.0
SUB208486,P102328,S5164,2025-05-22 00:25:36.655565,19.2,timed_out,0.0
SUB208487,P102560,S5385,2025-05-22 00:26:24.048856,25.8,completed,4.8
SUB208488,P102354,S5403,2025-05-22 00:26:58.821016,18.6,completed,3.58
SUB208489,P102065,S5305,2025-05-22 00:38:01.368896,3.8,completed,0.82
SUB208490,P100287,S5427,2025-05-22 01:16:10.916862,19.9,completed,3.87
SUB208491,P101682,S5448,2025-05-22 01:22:25.942108,5.1,returned,0.0
SUB208492,P100419,S5420,2025-05-22 01:54:36.802179,32.6,completed,7.8
SUB208493,P100755,S5070,2025-05-22 02:46:50.155461,14.1,returned,0.0
SUB208494,P101485,S5199,2025-05-22 02:52:57.389523,19.1,rejected,0.0
SUB208495,P102685,S5114,2025-05-22 02:54:06.066527,41.2,completed,6.95
SUB208496,P100296,S5428,2025-05-22 02:59:24.039263,4.6,completed,0.53
SUB208497,P102121,S5252,2025-05-22 03:36:51.306396,12.7,completed,2.01
SUB208498,P102531,S5349,2025-05-22 03:44:23.867036,15.8,completed,2.02
SUB208499,P100295,S5417,2025-05-22 04:04:15.414131,16.4,completed,1.78
SUB208500,P101791,S5004,2025-05-22 04:24:13.359350,16.5,completed,2.25
SUB208501,P100398,S5312,2025-05-22 04:24:20.184764,15.0,returned,0.0
SUB208502,P100413,S5151,2025-05-22 04:44:47.376403,28.3,completed,3.74
SUB208503,P102488,S5276,2025-05-22 05:10:06.797823,26.9,completed,4.4
SUB208504,P101767,S5203,2025-05-22 05:10:35.474564,8.6,completed,1.75
SUB208505,P100302,S5041,2025-05-22 05:54:04.476971,19.5,completed,2.54
SUB208506,P102891,S5424,2025-05-22 06:43:38.213294,18.2,returned,0.0
SUB208507,P100267,S5162,2025-05-22 07:10:54.897831,9.5,completed,1.35
SUB208508,P102473,S5315,2025-05-22 07:12:45.588871,14.9,completed,1.77
SUB208509,P101449,S5371,2025-05-22 07:57:22.618525,6.4,completed,1.32
SUB208510,P101545,S5438,2025-05-22 08:18:00.076162,17.1,completed,3.47
SUB208511,P101292,S5381,2025-05-22 08:41:52.455912,9.3,completed,2.26
SUB208512,P100749,S5032,2025-05-22 09:11:51.185910,11.0,completed,1.77
SUB208513,P101703,S5032,2025-05-22 09:18:16.159889,10.2,completed,1.77
SUB208514,P100271,S5185,2025-05-22 09:21:08.797115,28.0,returned,0.0
SUB208515,P100304,S5152,2025-05-22 09:56:53.631265,18.1,returned,0.0
SUB208516,P101449,S5444,2025-05-22 09:57:22.618525,1.7,completed,0.33
SUB208517,P101545,S5061,2025-05-22 10:18:00.076162,8.9,completed,1.35
SUB208518,P102863,S5366,2025-05-22 10:39:44.940202,28.9,completed,4.22
SUB208519,P100509,S5425,2025-05-22 11:42:39.375446,13.4,returned,0.0
SUB208520,P101293,S5108,2025-05-22 11:52:39.628261,22.0,timed_out,0.0
SUB208521,P102600,S5181,2025-05-22 11:55:23.585085,9.6,completed,1.59
SUB208522,P102952,S5268,2025-05-22 12:40:12.776489,30.5,completed,4.16
SUB208523,P101200,S5057,2025-05-22 13:31:25.423072,15.1,completed,3.43
SUB208524,P101004,S5248,2025-05-22 13:32:52.367906,12.1,completed,2.27
SUB208525,P102265,S5359,2025-05-22 13:35:23.351474,14.0,completed,2.5
SUB208526,P100287,S5064,2025-05-22 14:16:10.916862,13.1,timed_out,0.0
SUB208527,P102983,S5194,2025-05-22 15:24:58.869963,23.8,completed,3.46
SUB208528,P100136,S5102,2025-05-22 15:43:40.653199,13.6,completed,3.21
SUB208529,P102160,S5088,2025-05-22 15:44:04.749852,6.2,completed,1.54
SUB208530,P102501,S5099,2025-05-22 15:53:56.212082,21.6,completed,2.46
SUB208531,P101476,S5178,2025-05-22 16:52:21.035529,9.1,completed,1.47
SUB208532,P101930,S5381,2025-05-22 17:57:52.724422,11.9,completed,2.26
SUB208533,P100435,S5032,2025-05-22 18:10:48.145291,8.2,completed,1.77
SUB208534,P102322,S5431,2025-05-22 19:38:38.047409,12.1,rejected,0.0
SUB208535,P100558,S5197,2025-05-22 19:41:24.112349,11.2,completed,1.83
SUB208536,P100414,S5156,2025-05-22 20:38:53.940632,12.1,rejected,0.0
SUB208537,P101806,S5185,2025-05-22 20:48:38.170487,35.0,completed,5.65
SUB208538,P100872,S5180,2025-05-22 20:59:22.092375,3.5,completed,0.73
SUB208539,P102637,S5290,2025-05-22 22:11:09.180203,4.6,completed,1.01
SUB208540,P100743,S5148,2025-05-22 22:15:44.052427,15.9,completed,2.06
SUB208541,P101564,S5437,2025-05-22 22:27:24.401299,5.9,rejected,0.0
SUB208542,P101153,S5108,2025-05-22 22:51:43.091606,20.1,completed,3.24
SUB208543,P102502,S5376,2025-05-23 00:08:59.346407,24.4,rejected,0.0
SUB208544,P102722,S5279,2025-05-23 00:36:08.708914,13.1,completed,1.83
SUB208545,P102473,S5188,2025-05-23 01:12:45.588871,13.9,completed,1.52
SUB208546,P100398,S5058,2025-05-23 02:24:20.184764,12.8,completed,1.95
SUB208547,P101178,S5021,2025-05-23 02:32:44.098320,10.2,completed,1.58
SUB208548,P101956,S5018,2025-05-23 03:01:02.729755,21.6,completed,4.0
SUB208549,P101649,S5194,2025-05-23 03:18:03.612907,21.3,completed,3.46
SUB208550,P102410,S5413,2025-05-23 03:20:07.057856,13.5,completed,2.69
SUB208551,P102291,S5246,2025-05-23 03:53:19.688739,12.9,completed,2.45
SUB208552,P100279,S5025,2025-05-23 04:36:42.191018,13.8,completed,3.06
SUB208553,P101589,S5379,2025-05-23 05:33:23.282282,7.5,completed,1.42
SUB208554,P100257,S5122,2025-05-23 05:47:57.824935,27.4,completed,5.07
SUB208555,P100968,S5411,2025-05-23 06:15:34.645273,41.1,completed,5.63
SUB208556,P102730,S5267,2025-05-23 06:16:07.637577,31.0,completed,3.64
SUB208557,P102753,S5027,2025-05-23 06:30:34.371813,48.9,returned,0.0
SUB208558,P102473,S5104,2025-05-23 07:12:45.588871,13.3,completed,3.03
SUB208559,P100608,S5049,2025-05-23 07:20:19.594766,27.5,completed,3.45
SUB208560,P101476,S5273,2025-05-23 07:52:21.035529,11.3,completed,1.67
SUB208561,P100820,S5115,2025-05-23 08:58:30.209356,2.6,completed,0.64
SUB208562,P101244,S5255,2025-05-23 10:27:26.288305,17.3,completed,4.13
SUB208563,P100271,S5129,2025-05-23 12:21:08.797115,9.2,completed,1.59
SUB208564,P101818,S5376,2025-05-23 12:55:18.247221,18.0,completed,4.64
SUB208565,P101759,S5114,2025-05-23 13:31:07.560431,31.1,completed,6.95
SUB208566,P102422,S5339,2025-05-23 13:37:41.680592,24.2,completed,5.17
SUB208567,P101186,S5410,2025-05-23 14:01:12.535046,9.2,completed,1.28
SUB208568,P100624,S5352,2025-05-23 16:23:32.119254,12.7,completed,2.32
SUB208569,P102753,S5379,2025-05-23 17:30:34.371813,7.3,completed,1.42
SUB208570,P102385,S5016,2025-05-23 17:58:12.684853,10.0,completed,1.61
SUB208571,P101923,S5038,2025-05-23 17:58:41.347614,31.8,completed,4.91
SUB208572,P101153,S5005,2025-05-23 18:51:43.091606,18.8,returned,0.0
SUB208573,P102137,S5288,2025-05-23 19:13:50.456765,28.0,completed,5.04
SUB208574,P101178,S5413,2025-05-23 19:32:44.098320,16.0,completed,2.69
SUB208575,P102464,S5373,2025-05-23 19:43:55.849445,54.7,returned,0.0
SUB208576,P101109,S5393,2025-05-23 20:02:47.975989,25.9,completed,4.54
SUB208577,P100420,S5274,2025-05-23 20:16:06.565324,5.7,completed,1.5
SUB208578,P102422,S5181,2025-05-23 20:37:41.680592,10.9,completed,1.59
SUB208579,P100287,S5095,2025-05-23 21:16:10.916862,8.2,returned,0.0
SUB208580,P102561,S5355,2025-05-23 22:21:33.076683,40.0,completed,9.92
SUB208581,P101475,S5043,2025-05-24 00:30:52.627009,17.3,completed,2.61
SUB208582,P102772,S5437,2025-05-24 00:38:24.459909,5.3,completed,0.97
SUB208583,P102473,S5389,2025-05-24 01:12:45.588871,22.1,completed,4.82
SUB208584,P102595,S5249,2025-05-24 01:40:09.800568,18.9,completed,2.91
SUB208585,P102699,S5107,2025-05-24 02:05:15.839633,9.8,completed,1.66
SUB208586,P102332,S5323,2025-05-24 02:14:06.740867,31.3,rejected,0.0
SUB208587,P102256,S5129,2025-05-24 02:39:59.180069,7.8,completed,1.59
SUB208588,P100559,S5291,2025-05-24 02:48:41.273183,19.5,completed,3.36
SUB208589,P100835,S5344,2025-05-24 04:48:37.440428,31.6,timed_out,0.0
SUB208590,P101806,S5149,2025-05-24 04:48:38.170487,5.5,completed,1.19
SUB208591,P102530,S5422,2025-05-24 04:48:48.549517,30.7,timed_out,0.0
SUB208592,P101589,S5230,2025-05-24 05:33:23.282282,32.3,completed,4.69
SUB208593,P102410,S5061,2025-05-24 06:20:07.057856,9.3,completed,1.35
SUB208594,P102656,S5144,2025-05-24 07:07:05.858180,29.8,completed,6.85
SUB208595,P101649,S5067,2025-05-24 07:18:03.612907,15.9,completed,2.5
SUB208596,P102541,S5134,2025-05-24 07:21:45.441149,20.9,completed,3.04
SUB208597,P101475,S5095,2025-05-24 07:30:52.627009,8.3,completed,0.98
SUB208598,P100095,S5099,2025-05-24 07:40:18.129546,21.2,completed,2.46
SUB208599,P100388,S5322,2025-05-24 07:45:14.680578,7.1,completed,0.75
SUB208600,P101835,S5005,2025-05-24 07:59:21.451147,12.3,completed,2.38
SUB208601,P100732,S5403,2025-05-24 08:04:31.042817,17.7,completed,3.58
SUB208602,P102561,S5096,2025-05-24 08:21:33.076683,9.1,completed,1.96
SUB208603,P101029,S5371,2025-05-24 08:28:31.647798,6.6,completed,1.32
SUB208604,P100257,S5295,2025-05-24 08:47:57.824935,20.9,timed_out,0.0
SUB208605,P102464,S5210,2025-05-24 10:43:55.849445,11.9,completed,1.79
SUB208606,P101107,S5025,2025-05-24 11:06:22.003671,11.5,completed,3.06
SUB208607,P101791,S5266,2025-05-24 11:24:13.359350,8.4,completed,1.78
SUB208608,P102722,S5381,2025-05-24 11:36:08.708914,13.4,completed,2.26
SUB208609,P102502,S5186,2025-05-24 13:08:59.346407,17.8,completed,2.4
SUB208610,P102637,S5178,2025-05-24 13:11:09.180203,9.2,completed,1.47
SUB208611,P101109,S5198,2025-05-24 14:02:47.975989,18.7,completed,1.92
SUB208612,P100062,S5108,2025-05-24 15:44:26.859794,24.8,completed,3.24
SUB208613,P101811,S5168,2025-05-24 15:49:45.746016,8.5,completed,1.46
SUB208614,P101724,S5223,2025-05-24 15:54:07.187861,12.8,completed,1.76
SUB208615,P100058,S5333,2025-05-24 16:07:29.417148,11.9,timed_out,0.0
SUB208616,P100095,S5050,2025-05-24 16:40:18.129546,34.5,completed,3.96
SUB208617,P100438,S5333,2025-05-24 16:53:40.836139,17.2,completed,1.94
SUB208618,P101449,S5149,2025-05-24 16:57:22.618525,6.3,returned,0.0
SUB208619,P101894,S5076,2025-05-24 17:21:01.016721,6.1,returned,0.0
SUB208620,P100854,S5426,2025-05-24 17:45:19.299129,17.1,completed,2.16
SUB208621,P101769,S5040,2025-05-24 19:19:46.780244,26.8,completed,5.02
SUB208622,P101682,S5109,2025-05-24 19:22:25.942108,22.2,timed_out,0.0
SUB208623,P101753,S5426,2025-05-24 19:25:09.153126,17.0,completed,2.16
SUB208624,P100038,S5353,2025-05-24 20:42:44.345927,14.4,completed,2.92
SUB208625,P100732,S5302,2025-05-24 21:04:31.042817,13.1,completed,1.84
SUB208626,P101717,S5146,2025-05-24 21:30:06.669616,35.5,completed,6.57
SUB208627,P102324,S5045,2025-05-24 21:44:32.502386,13.4,completed,2.51
SUB208628,P101447,S5016,2025-05-24 21:50:48.827689,10.8,completed,1.61
SUB208629,P101617,S5051,2025-05-24 21:52:18.376137,32.5,completed,4.21
SUB208630,P101485,S5274,2025-05-24 22:52:57.389523,6.6,completed,1.5
SUB208631,P101086,S5237,2025-05-24 23:11:23.948499,17.3,completed,2.36
SUB208632,P100275,S5052,2025-05-24 23:29:08.604344,10.6,completed,1.48
SUB208633,P100541,S5261,2025-05-24 23:29:20.434338,5.9,completed,1.0
SUB208634,P101450,S5341,2025-05-24 23:55:00.918041,23.8,completed,3.95
SUB208635,P100549,S5420,2025-05-25 00:06:50.167223,36.8,completed,7.8
SUB208636,P100030,S5130,2025-05-25 01:23:45.456222,23.9,completed,2.35
SUB208637,P101896,S5103,2025-05-25 02:02:29.420285,23.4,completed,3.8
SUB208638,P100120,S5140,2025-05-25 03:21:05.264445,8.1,completed,1.71
SUB208639,P100709,S5238,2025-05-25 03:53:39.668219,31.7,completed,3.77
SUB208640,P100659,S5010,2025-05-25 04:56:17.581354,22.4,completed,3.21
SUB208641,P100828,S5206,2025-05-25 06:47:28.807503,12.0,completed,1.88
SUB208642,P102783,S5272,2025-05-25 06:48:11.776589,18.1,returned,0.0
SUB208643,P101485,S5115,2025-05-25 06:52:57.389523,2.8,completed,0.64
SUB208644,P102145,S5326,2025-05-25 07:25:23.368456,26.0,completed,4.23
SUB208645,P102046,S5170,2025-05-25 09:39:26.323379,23.5,completed,3.95
SUB208646,P101160,S5120,2025-05-25 09:41:53.911759,24.0,completed,3.32
SUB208647,P102019,S5221,2025-05-25 10:54:26.099713,9.5,completed,1.67
SUB208648,P101309,S5175,2025-05-25 11:12:52.859789,10.0,completed,1.17
SUB208649,P102541,S5430,2025-05-25 11:21:45.441149,3.9,timed_out,0.0
SUB208650,P101309,S5014,2025-05-25 12:12:52.859789,37.3,completed,5.76
SUB208651,P101080,S5224,2025-05-25 12:59:50.310577,38.0,timed_out,0.0
SUB208652,P102698,S5002,2025-05-25 13:58:32.323405,43.1,completed,7.35
SUB208653,P100541,S5445,2025-05-25 15:29:20.434338,14.7,completed,1.78
SUB208654,P102105,S5018,2025-05-25 16:23:28.625488,31.1,completed,4.0
SUB208655,P100611,S5161,2025-05-25 16:50:40.275691,15.0,completed,1.91
SUB208656,P101107,S5296,2025-05-25 17:06:22.003671,14.2,completed,2.35
SUB208657,P100858,S5353,2025-05-25 17:16:01.616564,20.2,completed,2.92
SUB208658,P102730,S5009,2025-05-25 17:16:07.637577,44.7,completed,7.89
SUB208659,P101420,S5031,2025-05-25 17:58:14.456381,6.0,completed,0.91
SUB208660,P102492,S5323,2025-05-25 18:10:37.449514,31.5,completed,6.03
SUB208661,P102585,S5065,2025-05-25 19:14:45.405803,12.6,timed_out,0.0
SUB208662,P101421,S5216,2025-05-25 19:39:08.586862,13.7,completed,2.13
SUB208663,P102539,S5401,2025-05-25 20:25:49.598445,6.2,completed,1.35
SUB208664,P100308,S5142,2025-05-25 20:55:52.359778,10.0,completed,1.79
SUB208665,P101475,S5008,2025-05-25 21:30:52.627009,45.6,completed,9.33
SUB208666,P101564,S5231,2025-05-25 22:27:24.401299,14.3,timed_out,0.0
SUB208667,P101421,S5172,2025-05-25 22:39:08.586862,10.6,timed_out,0.0
SUB208668,P102369,S5417,2025-05-25 23:30:17.624035,14.9,completed,1.78
SUB208669,P101399,S5437,2025-05-25 23:50:32.867459,5.2,completed,0.97
SUB208670,P102501,S5427,2025-05-25 23:53:56.212082,25.7,timed_out,0.0
SUB208671,P101649,S5190,2025-05-26 00:18:03.612907,18.4,completed,3.43
SUB208672,P100257,S5405,2025-05-26 01:47:57.824935,12.0,completed,2.48
SUB208673,P101399,S5340,2025-05-26 01:50:32.867459,11.7,completed,2.31
SUB208674,P101421,S5156,2025-05-26 02:39:08.586862,11.1,returned,0.0
SUB208675,P102458,S5339,2025-05-26 03:02:23.947582,36.1,completed,5.17
SUB208676,P100054,S5224,2025-05-26 03:54:35.483231,31.1,completed,3.95
SUB208677,P101420,S5150,2025-05-26 03:58:14.456381,9.4,completed,1.59
SUB208678,P100659,S5429,2025-05-26 04:56:17.581354,31.8,completed,5.74
SUB208679,P100165,S5297,2025-05-26 05:10:30.261650,14.5,completed,2.85
SUB208680,P101225,S5127,2025-05-26 05:44:44.349542,13.1,completed,1.9
SUB208681,P102955,S5038,2025-05-26 06:09:21.359736,26.1,completed,4.91
SUB208682,P100552,S5159,2025-05-26 06:11:18.229325,12.3,completed,2.83
SUB208683,P102983,S5146,2025-05-26 06:24:58.869963,34.7,completed,6.57
SUB208684,P102635,S5109,2025-05-26 06:44:57.045511,22.6,completed,3.53
SUB208685,P101818,S5399,2025-05-26 06:55:18.247221,9.8,completed,2.23
SUB208686,P100413,S5214,2025-05-26 07:44:47.376403,6.9,completed,0.8
SUB208687,P102642,S5188,2025-05-26 09:02:06.342954,13.3,returned,0.0
SUB208688,P101109,S5027,2025-05-26 09:02:47.975989,35.4,completed,7.63
SUB208689,P101109,S5392,2025-05-26 09:02:47.975989,16.0,completed,3.57
SUB208690,P102137,S5333,2025-05-26 09:13:50.456765,16.3,timed_out,0.0
SUB208691,P102926,S5255,2025-05-26 09:22:43.743516,22.5,returned,0.0
SUB208692,P101689,S5241,2025-05-26 09:46:59.152238,17.2,completed,2.37
SUB208693,P100611,S5302,2025-05-26 09:50:40.275691,13.5,completed,1.84
SUB208694,P101769,S5217,2025-05-26 10:19:46.780244,12.3,completed,1.51
SUB208695,P100749,S5140,2025-05-26 11:11:51.185910,8.9,completed,1.71
SUB208696,P102730,S5214,2025-05-26 11:16:07.637577,6.7,completed,0.8
SUB208697,P101213,S5015,2025-05-26 11:19:58.739644,30.9,timed_out,0.0
SUB208698,P100414,S5188,2025-05-26 11:38:53.940632,11.7,completed,1.52
SUB208699,P101261,S5069,2025-05-26 11:49:57.183928,19.4,completed,2.97
SUB208700,P100931,S5124,2025-05-26 11:51:25.803193,8.1,completed,1.46
SUB208701,P100357,S5430,2025-05-26 12:03:36.988540,2.9,completed,0.51
SUB208702,P100327,S5222,2025-05-26 12:32:36.360089,41.2,completed,7.62
SUB208703,P101125,S5178,2025-05-26 13:13:00.918610,8.6,completed,1.47
SUB208704,P102059,S5052,2025-05-26 13:17:55.234874,6.9,completed,1.48
SUB208705,P100413,S5398,2025-05-26 13:44:47.376403,2.7,completed,0.55
SUB208706,P101399,S5341,2025-05-26 13:50:32.867459,18.6,timed_out,0.0
SUB208707,P100972,S5032,2025-05-26 14:12:27.014772,11.8,completed,1.77
SUB208708,P102496,S5137,2025-05-26 14:31:11.895022,31.7,completed,6.57
SUB208709,P102170,S5001,2025-05-26 14:43:08.254928,6.0,completed,1.14
SUB208710,P101205,S5241,2025-05-26 15:37:49.321861,15.6,timed_out,0.0
SUB208711,P100003,S5289,2025-05-26 16:38:20.373423,42.2,completed,6.11
SUB208712,P100238,S5355,2025-05-26 16:43:01.467554,53.8,completed,9.92
SUB208713,P100388,S5106,2025-05-26 16:45:14.680578,36.2,completed,5.46
SUB208714,P100683,S5032,2025-05-26 19:29:31.267052,8.9,completed,1.77
SUB208715,P102891,S5227,2025-05-26 20:43:38.213294,25.0,completed,5.59
SUB208716,P102275,S5146,2025-05-26 21:27:58.543003,27.8,completed,6.57
SUB208717,P101362,S5390,2025-05-26 21:36:48.597537,31.1,completed,7.54
SUB208718,P101674,S5355,2025-05-26 23:26:03.563829,43.9,completed,9.92
SUB208719,P102414,S5221,2025-05-26 23:40:56.135609,12.2,completed,1.67
SUB208720,P102531,S5090,2025-05-26 23:44:23.867036,22.4,completed,4.43
SUB208721,P100431,S5120,2025-05-26 23:57:01.376375,28.7,rejected,0.0
SUB208722,P101851,S5195,2025-05-27 01:27:58.156545,18.0,completed,2.24
SUB208723,P102216,S5216,2025-05-27 01:54:11.981603,16.6,completed,2.13
SUB208724,P102255,S5372,2025-05-27 02:51:21.126576,8.9,completed,1.43
SUB208725,P102385,S5345,2025-05-27 02:58:12.684853,15.8,completed,3.79
SUB208726,P100732,S5159,2025-05-27 04:04:31.042817,17.5,completed,2.83
SUB208727,P102170,S5132,2025-05-27 04:43:08.254928,20.7,completed,4.18
SUB208728,P101292,S5349,2025-05-27 05:41:52.455912,11.2,completed,2.02
SUB208729,P102441,S5064,2025-05-27 06:19:35.355589,12.5,completed,1.98
SUB208730,P102496,S5423,2025-05-27 06:31:11.895022,17.2,completed,2.7
SUB208731,P100058,S5065,2025-05-27 07:07:29.417148,10.1,returned,0.0
SUB208732,P101165,S5359,2025-05-27 07:36:39.565837,13.9,completed,2.5
SUB208733,P101689,S5097,2025-05-27 07:46:59.152238,13.4,completed,2.1
SUB208734,P101724,S5067,2025-05-27 07:54:07.187861,15.5,rejected,0.0
SUB208735,P102046,S5008,2025-05-27 08:39:26.323379,41.0,completed,9.33
SUB208736,P102137,S5344,2025-05-27 09:13:50.456765,22.9,completed,5.0
SUB208737,P102811,S5080,2025-05-27 09:20:57.000333,15.0,completed,2.72
SUB208738,P102202,S5372,2025-05-27 09:27:38.306088,6.7,completed,1.43
SUB208739,P102256,S5004,2025-05-27 10:39:59.180069,16.5,completed,2.25
SUB208740,P100552,S5286,2025-05-27 11:11:18.229325,30.9,completed,6.85
SUB208741,P100692,S5042,2025-05-27 11:32:21.376272,37.7,returned,0.0
SUB208742,P102748,S5418,2025-05-27 11:42:39.934809,8.6,completed,1.77
SUB208743,P100357,S5317,2025-05-27 12:03:36.988540,19.3,completed,2.19
SUB208744,P100435,S5032,2025-05-27 12:10:48.145291,8.5,completed,1.77
SUB208745,P102392,S5324,2025-05-27 12:11:05.806393,13.1,completed,2.12
SUB208746,P102441,S5049,2025-05-27 12:19:35.355589,27.1,completed,3.45
SUB208747,P101109,S5446,2025-05-27 13:02:47.975989,12.6,completed,2.29
SUB208748,P101759,S5092,2025-05-27 13:31:07.560431,12.7,completed,2.72
SUB208749,P100107,S5153,2025-05-27 15:52:53.103135,29.6,completed,5.51
SUB208750,P102560,S5041,2025-05-27 16:26:24.048856,23.3,completed,2.54
SUB208751,P101653,S5067,2025-05-27 16:41:23.874831,18.9,completed,2.5
SUB208752,P102735,S5169,2025-05-27 16:56:36.532434,13.2,completed,2.64
SUB208753,P101545,S5159,2025-05-27 17:18:00.076162,16.0,completed,2.83
SUB208754,P102838,S5080,2025-05-27 17:41:41.557217,10.8,completed,2.72
SUB208755,P102730,S5238,2025-05-27 18:16:07.637577,24.5,completed,3.77
SUB208756,P100835,S5296,2025-05-27 18:48:37.440428,10.3,completed,2.35
SUB208757,P102723,S5053,2025-05-27 19:34:30.306036,11.9,completed,1.9
SUB208758,P100431,S5098,2025-05-27 19:57:01.376375,1.7,completed,0.37
SUB208759,P101879,S5251,2025-05-27 22:22:38.996594,11.5,completed,2.19
SUB208760,P101942,S5158,2025-05-27 22:49:00.435438,2.7,completed,0.51
SUB208761,P100851,S5230,2025-05-28 00:57:57.675236,37.3,completed,4.69
SUB208762,P102595,S5025,2025-05-28 02:40:09.800568,17.9,completed,3.06
SUB208763,P100114,S5368,2025-05-28 04:04:39.759021,17.1,completed,4.1
SUB208764,P100086,S5234,2025-05-28 04:10:00.805703,24.4,completed,3.29
SUB208765,P100707,S5024,2025-05-28 05:06:47.141215,9.5,completed,1.93
SUB208766,P102363,S5098,2025-05-28 05:45:47.801212,2.4,rejected,0.0
SUB208767,P101153,S5333,2025-05-28 05:51:43.091606,18.2,completed,1.94
SUB208768,P100755,S5162,2025-05-28 06:46:50.155461,9.1,completed,1.35
SUB208769,P101586,S5015,2025-05-28 07:57:07.440791,26.6,completed,6.38
SUB208770,P100552,S5211,2025-05-28 09:11:18.229325,25.1,completed,3.62
SUB208771,P100094,S5101,2025-05-28 10:55:35.885426,9.7,completed,1.24
SUB208772,P102256,S5017,2025-05-28 12:39:59.180069,15.0,completed,2.08
SUB208773,P101994,S5075,2025-05-28 12:53:57.655550,7.6,completed,0.89
SUB208774,P102161,S5315,2025-05-28 13:07:23.791652,10.2,completed,1.77
SUB208775,P102737,S5026,2025-05-28 13:28:48.239375,34.7,completed,6.67
SUB208776,P100054,S5297,2025-05-28 14:54:35.483231,15.1,completed,2.85
SUB208777,P101930,S5205,2025-05-28 14:57:52.724422,19.0,completed,3.34
SUB208778,P102410,S5307,2025-05-28 15:20:07.057856,32.9,completed,4.57
SUB208779,P101633,S5186,2025-05-28 15:22:33.003817,16.7,completed,2.4
SUB208780,P100193,S5219,2025-05-28 17:24:08.199817,43.8,completed,5.27
SUB208781,P101420,S5248,2025-05-28 17:58:14.456381,15.3,completed,2.27
SUB208782,P100549,S5203,2025-05-28 19:06:50.167223,11.5,completed,1.75
SUB208783,P100137,S5139,2025-05-28 19:58:02.469119,25.5,completed,6.16
SUB208784,P100756,S5184,2025-05-28 20:36:50.779022,4.6,completed,1.05
SUB208785,P101292,S5359,2025-05-28 20:41:52.455912,11.2,completed,2.5
SUB208786,P101930,S5008,2025-05-28 20:57:52.724422,51.5,completed,9.33
SUB208787,P100357,S5285,2025-05-28 21:03:36.988540,18.3,completed,2.46
SUB208788,P101476,S5155,2025-05-28 21:52:21.035529,21.2,completed,2.42
SUB208789,P100271,S5422,2025-05-28 22:21:08.797115,38.8,completed,5.85
SUB208790,P102635,S5289,2025-05-28 23:44:57.045511,39.1,completed,6.11
SUB208791,P101186,S5171,2025-05-29 00:01:12.535046,3.3,completed,0.44
SUB208792,P101649,S5313,2025-05-29 00:18:03.612907,31.0,returned,0.0
SUB208793,P102585,S5283,2025-05-29 01:14:45.405803,71.4,completed,12.16
SUB208794,P100438,S5059,2025-05-29 01:53:40.836139,13.8,completed,2.37
SUB208795,P100398,S5237,2025-05-29 03:24:20.184764,12.8,completed,2.36
SUB208796,P102699,S5073,2025-05-29 04:05:15.839633,11.4,completed,2.27
SUB208797,P100126,S5404,2025-05-29 04:11:09.393216,6.4,completed,1.2
SUB208798,P100438,S5417,2025-05-29 04:53:40.836139,14.2,completed,1.78
SUB208799,P101753,S5072,2025-05-29 05:25:09.153126,10.1,completed,2.03
SUB208800,P102422,S5151,2025-05-29 05:37:41.680592,26.8,completed,3.74
SUB208801,P100413,S5268,2025-05-29 05:44:47.376403,27.0,completed,4.16
SUB208802,P102291,S5015,2025-05-29 06:53:19.688739,25.4,completed,6.38
SUB208803,P101552,S5143,2025-05-29 08:23:14.077836,14.4,completed,2.39
SUB208804,P100707,S5089,2025-05-29 09:06:47.141215,23.3,completed,3.23
SUB208805,P100835,S5212,2025-05-29 09:48:37.440428,3.2,completed,0.76
SUB208806,P102530,S5237,2025-05-29 09:48:48.549517,16.4,completed,2.36
SUB208807,P102161,S5170,2025-05-29 10:07:23.791652,21.7,completed,3.95
SUB208808,P100848,S5184,2025-05-29 10:09:24.712006,4.7,completed,1.05
SUB208809,P102369,S5405,2025-05-29 10:30:17.624035,9.3,returned,0.0
SUB208810,P100030,S5250,2025-05-29 11:23:45.456222,5.8,completed,1.13
SUB208811,P101280,S5440,2025-05-29 11:36:15.387330,15.6,completed,2.63
SUB208812,P101767,S5112,2025-05-29 12:10:35.474564,17.9,completed,3.34
SUB208813,P102216,S5419,2025-05-29 12:54:11.981603,11.2,completed,1.81
SUB208814,P102917,S5080,2025-05-29 13:00:24.525865,11.4,completed,2.72
SUB208815,P100398,S5227,2025-05-29 13:24:20.184764,24.9,completed,5.59
SUB208816,P101806,S5251,2025-05-29 13:48:38.170487,13.2,completed,2.19
SUB208817,P100559,S5164,2025-05-29 13:48:41.273183,14.2,completed,2.6
SUB208818,P100624,S5060,2025-05-29 14:23:32.119254,20.2,completed,3.23
SUB208819,P102496,S5408,2025-05-29 14:31:11.895022,16.5,completed,2.33
SUB208820,P101806,S5436,2025-05-29 14:48:38.170487,27.4,rejected,0.0
SUB208821,P100086,S5174,2025-05-29 15:10:00.805703,10.1,completed,1.75
SUB208822,P101225,S5065,2025-05-29 16:44:44.349542,10.3,completed,2.03
SUB208823,P102363,S5029,2025-05-29 17:45:47.801212,17.6,completed,2.96
SUB208824,P102783,S5357,2025-05-29 17:48:11.776589,17.2,completed,2.46
SUB208825,P100012,S5335,2025-05-29 18:16:27.569135,36.5,completed,5.53
SUB208826,P100271,S5144,2025-05-29 18:21:08.797115,39.7,completed,6.85
SUB208827,P100608,S5179,2025-05-29 19:20:19.594766,11.0,completed,1.28
SUB208828,P102520,S5154,2025-05-29 19:44:56.967535,8.0,completed,1.75
SUB208829,P101880,S5384,2025-05-29 20:00:03.960149,14.2,completed,2.81
SUB208830,P102392,S5013,2025-05-29 20:11:05.806393,11.2,completed,2.39
SUB208831,P100515,S5102,2025-05-29 20:31:13.694397,16.1,completed,3.21
SUB208832,P101280,S5050,2025-05-29 21:36:15.387330,23.7,completed,3.96
SUB208833,P100771,S5124,2025-05-29 21:44:45.928675,8.0,completed,1.46
SUB208834,P101605,S5140,2025-05-29 21:50:10.630751,8.9,completed,1.71
SUB208835,P101244,S5252,2025-05-29 22:27:26.288305,13.8,completed,2.01
SUB208836,P102175,S5155,2025-05-29 23:03:58.532908,17.6,completed,2.42
SUB208837,P101449,S5159,2025-05-30 00:57:22.618525,16.8,completed,2.83
SUB208838,P102811,S5178,2025-05-30 01:20:57.000333,10.5,timed_out,0.0
SUB208839,P100559,S5089,2025-05-30 01:48:41.273183,24.7,completed,3.23
SUB208840,P100892,S5169,2025-05-30 02:17:55.478415,20.3,completed,2.64
SUB208841,P102502,S5206,2025-05-30 04:08:59.346407,12.3,completed,1.88
SUB208842,P100252,S5003,2025-05-30 04:09:57.081103,8.5,completed,1.74
SUB208843,P102520,S5148,2025-05-30 04:44:56.967535,16.0,completed,2.06
SUB208844,P101166,S5026,2025-05-30 06:55:21.517282,38.3,completed,6.67
SUB208845,P100094,S5171,2025-05-30 06:55:35.885426,3.4,completed,0.44
SUB208846,P100692,S5053,2025-05-30 07:32:21.376272,11.4,timed_out,0.0
SUB208847,P101930,S5292,2025-05-30 07:57:52.724422,38.5,completed,4.41
SUB208848,P102322,S5316,2025-05-30 08:38:38.047409,5.4,completed,1.21
SUB208849,P101242,S5413,2025-05-30 09:44:50.771033,13.4,completed,2.69
SUB208850,P102699,S5203,2025-05-30 10:05:15.839633,10.9,rejected,0.0
SUB208851,P102104,S5399,2025-05-30 10:22:50.619073,8.5,completed,2.23
SUB208852,P101328,S5107,2025-05-30 10:30:33.013186,10.9,completed,1.66
SUB208853,P102065,S5385,2025-05-30 10:38:01.368896,32.4,completed,4.8
SUB208854,P102748,S5258,2025-05-30 11:42:39.934809,22.6,completed,2.75
SUB208855,P102560,S5187,2025-05-30 12:26:24.048856,28.6,completed,3.11
SUB208856,P100414,S5128,2025-05-30 12:38:53.940632,19.2,completed,4.88
SUB208857,P100683,S5112,2025-05-30 13:29:31.267052,15.1,completed,3.34
SUB208858,P102955,S5394,2025-05-30 14:09:21.359736,20.3,completed,2.62
SUB208859,P101267,S5171,2025-05-30 14:15:58.112595,2.9,completed,0.44
SUB208860,P100094,S5349,2025-05-30 14:55:35.885426,15.9,completed,2.02
SUB208861,P100533,S5102,2025-05-30 15:12:49.427056,20.7,completed,3.21
SUB208862,P102385,S5081,2025-05-30 15:58:12.684853,17.8,returned,0.0
SUB208863,P100252,S5139,2025-05-30 16:09:57.081103,24.9,completed,6.16
SUB208864,P100683,S5257,2025-05-30 16:29:31.267052,20.0,completed,5.22
SUB208865,P100683,S5306,2025-05-30 18:29:31.267052,10.7,completed,1.96
SUB208866,P102539,S5063,2025-05-30 19:25:49.598445,28.7,completed,5.72
SUB208867,P102846,S5102,2025-05-30 19:52:39.635421,13.6,completed,3.21
SUB208868,P100429,S5430,2025-05-30 20:15:08.987265,2.7,completed,0.51
SUB208869,P101153,S5078,2025-05-30 20:51:43.091606,13.3,completed,2.96
SUB208870,P102328,S5219,2025-05-30 21:25:36.655565,47.6,completed,5.27
SUB208871,P102637,S5405,2025-05-30 23:11:09.180203,11.9,completed,2.48
SUB208872,P100828,S5244,2025-05-30 23:47:28.807503,10.5,completed,2.03
SUB208873,P101213,S5252,2025-05-31 01:19:58.739644,12.8,completed,2.01
SUB208874,P102966,S5323,2025-05-31 01:44:53.645454,25.4,completed,6.03
SUB208875,P100659,S5272,2025-05-31 01:56:17.581354,15.3,completed,1.99
SUB208876,P101200,S5098,2025-05-31 03:31:25.423072,2.5,completed,0.37
SUB208877,P102926,S5445,2025-05-31 04:22:43.743516,11.1,completed,1.78
SUB208878,P102753,S5303,2025-05-31 04:30:34.371813,4.7,completed,0.63
SUB208879,P102422,S5375,2025-05-31 05:37:41.680592,58.1,completed,8.07
SUB208880,P101630,S5437,2025-05-31 05:48:58.136877,7.9,completed,0.97
SUB208881,P100308,S5154,2025-05-31 06:55:52.359778,9.3,completed,1.75
SUB208882,P101753,S5056,2025-05-31 07:25:09.153126,31.0,completed,5.22
SUB208883,P100596,S5375,2025-05-31 08:01:24.545593,59.6,timed_out,0.0
SUB208884,P102442,S5122,2025-05-31 08:58:32.121158,29.8,completed,5.07
SUB208885,P102143,S5376,2025-05-31 08:58:47.006359,17.5,completed,4.64
SUB208886,P101835,S5355,2025-05-31 08:59:21.451147,48.8,completed,9.92
SUB208887,P102815,S5067,2025-05-31 10:12:19.313699,17.2,completed,2.5
SUB208888,P101267,S5184,2025-05-31 10:15:58.112595,4.9,timed_out,0.0
SUB208889,P101689,S5013,2025-05-31 10:46:59.152238,13.4,completed,2.39
SUB208890,P102685,S5118,2025-05-31 12:54:06.066527,11.8,completed,1.89
SUB208891,P100851,S5184,2025-05-31 13:57:57.675236,6.8,returned,0.0
SUB208892,P101663,S5315,2025-05-31 14:14:38.309605,12.8,completed,1.77
SUB208893,P102552,S5206,2025-05-31 15:59:45.815095,15.8,completed,1.88
SUB208894,P101186,S5345,2025-05-31 16:01:12.535046,22.5,returned,0.0
SUB208895,P100058,S5032,2025-05-31 16:07:29.417148,9.1,completed,1.77
SUB208896,P102422,S5407,2025-05-31 16:37:41.680592,10.5,returned,0.0
SUB208897,P100835,S5095,2025-05-31 16:48:37.440428,8.1,returned,0.0
SUB208898,P100503,S5237,2025-05-31 18:05:31.961696,20.2,completed,2.36
SUB208899,P100570,S5140,2025-05-31 18:29:40.642345,10.1,completed,1.71
SUB208900,P101186,S5298,2025-05-31 19:01:12.535046,8.2,timed_out,0.0
SUB208901,P100295,S5281,2025-05-31 19:04:15.414131,7.9,completed,1.47
SUB208902,P100438,S5032,2025-05-31 19:53:40.836139,12.4,completed,1.77
SUB208903,P102216,S5313,2025-05-31 19:54:11.981603,29.0,completed,4.36
SUB208904,P102007,S5136,2025-05-31 21:05:14.395867,21.7,completed,2.97
SUB208905,P102473,S5238,2025-05-31 21:12:45.588871,25.6,completed,3.77
SUB208906,P100991,S5407,2025-05-31 21:15:33.001221,8.9,completed,1.37
SUB208907,P102966,S5002,2025-05-31 21:44:53.645454,49.9,returned,0.0
SUB208908,P101123,S5230,2025-05-31 22:16:09.185295,30.2,completed,4.69
SUB208909,P101942,S5418,2025-05-31 22:49:00.435438,9.8,completed,1.77
SUB208910,P101806,S5407,2025-05-31 23:48:38.170487,10.5,completed,1.37
SUB208911,P101225,S5424,2025-06-01 00:44:44.349542,14.3,completed,2.82
SUB208912,P100092,S5061,2025-06-01 00:45:16.848301,10.7,completed,1.35
SUB208913,P102492,S5397,2025-06-01 01:10:37.449514,22.7,timed_out,0.0
SUB208914,P100972,S5085,2025-06-01 01:12:27.014772,17.9,completed,3.89
SUB208915,P100854,S5223,2025-06-01 01:45:19.299129,13.9,completed,1.76
SUB208916,P100755,S5075,2025-06-01 01:46:50.155461,5.4,completed,0.89
SUB208917,P100943,S5186,2025-06-01 01:56:55.556807,18.7,completed,2.4
SUB208918,P101457,S5345,2025-06-01 02:01:16.576729,21.1,completed,3.79
SUB208919,P100229,S5010,2025-06-01 03:05:48.975219,20.1,completed,3.21
SUB208920,P102959,S5349,2025-06-01 03:23:44.403799,15.8,timed_out,0.0
SUB208921,P101205,S5223,2025-06-01 03:37:49.321861,13.4,completed,1.76
SUB208922,P102322,S5356,2025-06-01 04:38:38.047409,6.0,completed,1.33
SUB208923,P102891,S5032,2025-06-01 06:43:38.213294,8.9,completed,1.77
SUB208924,P102214,S5000,2025-06-01 07:31:45.532869,26.8,completed,6.05
SUB208925,P101485,S5383,2025-06-01 07:52:57.389523,15.9,completed,3.52
SUB208926,P102530,S5247,2025-06-01 08:48:48.549517,18.6,completed,2.43
SUB208927,P100086,S5184,2025-06-01 09:10:00.805703,6.9,completed,1.05
SUB208928,P102783,S5385,2025-06-01 09:48:11.776589,24.7,completed,4.8
SUB208929,P100058,S5222,2025-06-01 10:07:29.417148,41.9,completed,7.62
SUB208930,P102392,S5292,2025-06-01 10:11:05.806393,35.7,timed_out,0.0
SUB208931,P102105,S5064,2025-06-01 10:23:28.625488,13.3,completed,1.98
SUB208932,P100275,S5102,2025-06-01 10:29:08.604344,12.9,completed,3.21
SUB208933,P101443,S5219,2025-06-01 11:33:50.146842,29.6,timed_out,0.0
SUB208934,P102656,S5375,2025-06-01 13:07:05.858180,49.2,completed,8.07
SUB208935,P102392,S5419,2025-06-01 13:11:05.806393,14.7,completed,1.81
SUB208936,P100972,S5051,2025-06-01 13:12:27.014772,22.4,completed,4.21
SUB208937,P100308,S5281,2025-06-01 13:55:52.359778,9.1,completed,1.47
SUB208938,P100707,S5405,2025-06-01 14:06:47.141215,10.4,timed_out,0.0
SUB208939,P100608,S5413,2025-06-01 14:20:19.594766,12.5,completed,2.69
SUB208940,P101125,S5420,2025-06-01 15:13:00.918610,38.7,completed,7.8
SUB208941,P101942,S5403,2025-06-01 15:49:00.435438,21.6,completed,3.58
SUB208942,P100327,S5015,2025-06-01 16:32:36.360089,37.6,completed,6.38
SUB208943,P102256,S5140,2025-06-01 16:39:59.180069,8.2,completed,1.71
SUB208944,P102016,S5339,2025-06-01 17:09:33.608229,34.5,returned,0.0
SUB208945,P101640,S5161,2025-06-01 17:19:14.845302,16.5,completed,1.91
SUB208946,P101724,S5444,2025-06-01 17:54:07.187861,2.6,completed,0.33
SUB208947,P101586,S5002,2025-06-01 17:57:07.440791,32.6,completed,7.35
SUB208948,P100608,S5133,2025-06-01 18:20:19.594766,32.4,completed,5.5
SUB208949,P102737,S5444,2025-06-01 18:28:48.239375,2.5,completed,0.33
SUB208950,P102188,S5026,2025-06-01 19:11:51.236907,41.4,completed,6.67
SUB208951,P102216,S5422,2025-06-01 19:54:11.981603,44.5,completed,5.85
SUB208952,P102244,S5404,2025-06-01 20:13:37.680929,6.3,completed,1.2
SUB208953,P102783,S5013,2025-06-01 20:48:11.776589,10.6,completed,2.39
SUB208954,P100086,S5305,2025-06-01 21:10:00.805703,5.6,completed,0.82
SUB208955,P100012,S5303,2025-06-01 21:16:27.569135,5.2,completed,0.63
SUB208956,P101753,S5313,2025-06-01 21:25:09.153126,28.2,completed,4.36
SUB208957,P100094,S5132,2025-06-01 21:55:35.885426,21.0,completed,4.18
SUB208958,P101586,S5136,2025-06-01 22:57:07.440791,19.4,returned,0.0
SUB208959,P100153,S5003,2025-06-01 22:57:14.114443,9.6,completed,1.74
SUB208960,P102781,S5410,2025-06-01 23:59:40.752210,9.0,timed_out,0.0
SUB208961,P100275,S5408,2025-06-02 00:29:08.604344,17.0,completed,2.33
SUB208962,P102846,S5431,2025-06-02 00:52:39.635421,15.1,completed,2.03
SUB208963,P101244,S5307,2025-06-02 01:27:26.288305,30.1,completed,4.57
SUB208964,P101653,S5403,2025-06-02 01:41:23.874831,20.0,completed,3.58
SUB208965,P101457,S5124,2025-06-02 02:01:16.576729,7.4,completed,1.46
SUB208966,P100659,S5061,2025-06-02 02:56:17.581354,7.1,completed,1.35
SUB208967,P102392,S5266,2025-06-02 03:11:05.806393,12.5,returned,0.0
SUB208968,P100388,S5292,2025-06-02 03:45:14.680578,29.7,completed,4.41
SUB208969,P102496,S5379,2025-06-02 04:31:11.895022,9.8,completed,1.42
SUB208970,P102121,S5129,2025-06-02 04:36:51.306396,10.2,completed,1.59
SUB208971,P101293,S5112,2025-06-02 04:52:39.628261,17.8,completed,3.34
SUB208972,P101724,S5329,2025-06-02 04:54:07.187861,12.8,completed,2.64
SUB208973,P102265,S5390,2025-06-02 05:35:23.351474,34.4,completed,7.54
SUB208974,P100858,S5407,2025-06-02 07:16:01.616564,10.8,completed,1.37
SUB208975,P101540,S5276,2025-06-02 07:35:47.652850,24.2,completed,4.4
SUB208976,P102579,S5111,2025-06-02 07:48:02.970325,10.1,completed,1.79
SUB208977,P102137,S5113,2025-06-02 08:13:50.456765,10.5,completed,1.98
SUB208978,P102831,S5358,2025-06-02 08:55:42.038774,7.9,completed,0.91
SUB208979,P100659,S5223,2025-06-02 08:56:17.581354,11.1,rejected,0.0
SUB208980,P100619,S5080,2025-06-02 09:33:45.032348,12.4,completed,2.72
SUB208981,P102322,S5215,2025-06-02 09:38:38.047409,21.1,completed,3.07
SUB208982,P102383,S5272,2025-06-02 09:39:08.885742,16.2,completed,1.99
SUB208983,P101102,S5098,2025-06-02 09:59:04.045346,2.1,returned,0.0
SUB208984,P102166,S5247,2025-06-02 10:26:14.561907,15.6,completed,2.43
SUB208985,P101564,S5111,2025-06-02 10:27:24.401299,7.6,completed,1.79
SUB208986,P101307,S5402,2025-06-02 12:12:56.275564,6.3,completed,1.21
SUB208987,P102541,S5127,2025-06-02 12:21:45.441149,11.8,completed,1.9
SUB208988,P101335,S5416,2025-06-02 12:33:47.727433,6.1,completed,1.12
SUB208989,P102255,S5374,2025-06-02 12:51:21.126576,12.7,completed,1.85
SUB208990,P100238,S5264,2025-06-02 13:43:01.467554,5.4,completed,0.77
SUB208991,P100756,S5244,2025-06-02 14:36:50.779022,13.5,completed,2.03
SUB208992,P101109,S5406,2025-06-02 15:02:47.975989,9.6,returned,0.0
SUB208993,P100791,S5230,2025-06-02 15:03:00.371276,33.5,completed,4.69
SUB208994,P101421,S5010,2025-06-02 16:39:08.586862,19.4,completed,3.21
SUB208995,P100062,S5053,2025-06-02 16:44:26.859794,8.6,completed,1.9
SUB208996,P100270,S5151,2025-06-02 18:11:25.624765,26.6,completed,3.74
SUB208997,P102552,S5416,2025-06-02 18:59:45.815095,6.9,returned,0.0
SUB208998,P102175,S5104,2025-06-02 19:03:58.532908,16.3,completed,3.03
SUB208999,P101703,S5442,2025-06-02 19:18:16.159889,11.4,completed,2.61
SUB209000,P102128,S5067,2025-06-02 19:41:26.078859,16.8,completed,2.5
SUB209001,P101806,S5162,2025-06-02 19:48:38.170487,11.2,completed,1.35
SUB209002,P101979,S5302,2025-06-02 20:32:25.679227,10.0,completed,1.84
SUB209003,P100249,S5072,2025-06-02 20:44:28.790293,10.4,completed,2.03
SUB209004,P100012,S5100,2025-06-02 21:16:27.569135,17.1,completed,2.55
SUB209005,P101272,S5159,2025-06-02 21:49:54.889534,17.9,completed,2.83
SUB209006,P101293,S5327,2025-06-02 21:52:39.628261,24.5,completed,4.13
SUB209007,P100046,S5101,2025-06-02 22:49:05.723747,10.5,returned,0.0
SUB209008,P101234,S5032,2025-06-02 23:52:56.522958,10.7,completed,1.77
SUB209009,P102585,S5393,2025-06-03 00:14:45.405803,21.1,completed,4.54
SUB209010,P102952,S5010,2025-06-03 00:40:12.776489,20.9,completed,3.21
SUB209011,P100418,S5231,2025-06-03 01:01:53.585881,15.1,completed,3.05
SUB209012,P102976,S5367,2025-06-03 01:47:00.252851,23.5,completed,2.76
SUB209013,P100659,S5144,2025-06-03 01:56:17.581354,43.3,completed,6.85
SUB209014,P101930,S5223,2025-06-03 01:57:52.724422,11.0,completed,1.76
SUB209015,P102059,S5302,2025-06-03 02:17:55.234874,12.1,completed,1.84
SUB209016,P102917,S5143,2025-06-03 03:00:24.525865,16.2,returned,0.0
SUB209017,P101309,S5234,2025-06-03 03:12:52.859789,23.8,completed,3.29
SUB209018,P102531,S5057,2025-06-03 03:44:23.867036,16.3,completed,3.43
SUB209019,P101907,S5064,2025-06-03 03:50:00.715462,12.0,completed,1.98
SUB209020,P100252,S5018,2025-06-03 04:09:57.081103,29.1,completed,4.0
SUB209021,P100943,S5189,2025-06-03 04:56:55.556807,7.7,completed,2.15
SUB209022,P100114,S5265,2025-06-03 05:04:39.759021,16.3,completed,3.01
SUB209023,P101165,S5206,2025-06-03 05:36:39.565837,13.7,completed,1.88
SUB209024,P100413,S5010,2025-06-03 05:44:47.376403,21.4,completed,3.21
SUB209025,P101328,S5140,2025-06-03 08:30:33.013186,8.3,completed,1.71
SUB209026,P101930,S5056,2025-06-03 08:57:52.724422,23.9,completed,5.22
SUB209027,P100541,S5427,2025-06-03 09:29:20.434338,19.7,completed,3.87
SUB209028,P101806,S5316,2025-06-03 09:48:38.170487,6.2,completed,1.21
SUB209029,P101328,S5444,2025-06-03 10:30:33.013186,2.4,completed,0.33
SUB209030,P101717,S5261,2025-06-03 11:30:06.669616,4.3,completed,1.0
SUB209031,P100709,S5265,2025-06-03 11:53:39.668219,19.1,completed,3.01
SUB209032,P102916,S5069,2025-06-03 12:10:32.229888,14.4,timed_out,0.0
SUB209033,P100435,S5020,2025-06-03 12:10:48.145291,18.8,completed,4.2
SUB209034,P102473,S5388,2025-06-03 13:12:45.588871,20.9,completed,3.85
SUB209035,P101564,S5230,2025-06-03 13:27:24.401299,25.3,completed,4.69
SUB209036,P100549,S5412,2025-06-03 15:06:50.167223,28.5,completed,5.45
SUB209037,P102117,S5076,2025-06-03 16:09:07.861523,5.4,returned,0.0
SUB209038,P101552,S5230,2025-06-03 16:23:14.077836,24.7,timed_out,0.0
SUB209039,P102950,S5058,2025-06-03 16:49:08.628177,10.8,completed,1.95
SUB209040,P101779,S5183,2025-06-03 16:55:22.755869,8.1,completed,1.35
SUB209041,P101186,S5437,2025-06-03 17:01:12.535046,5.3,completed,0.97
SUB209042,P102065,S5170,2025-06-03 17:38:01.368896,17.3,completed,3.95
SUB209043,P101641,S5321,2025-06-03 17:52:16.488971,13.8,completed,3.12
SUB209044,P101102,S5016,2025-06-03 17:59:04.045346,10.0,completed,1.61
SUB209045,P100296,S5068,2025-06-03 17:59:24.039263,8.9,rejected,0.0
SUB209046,P102244,S5429,2025-06-03 18:13:37.680929,31.9,rejected,0.0
SUB209047,P101981,S5316,2025-06-03 18:21:25.647623,6.7,completed,1.21
SUB209048,P101242,S5149,2025-06-03 18:44:50.771033,5.0,completed,1.19
SUB209049,P100169,S5427,2025-06-03 19:05:41.344291,30.2,completed,3.87
SUB209050,P101475,S5276,2025-06-03 19:30:52.627009,24.6,completed,4.4
SUB209051,P102511,S5411,2025-06-03 20:34:00.972935,47.3,completed,5.63
SUB209052,P100388,S5175,2025-06-03 20:45:14.680578,7.1,completed,1.17
SUB209053,P100723,S5002,2025-06-03 20:49:49.831276,34.6,completed,7.35
SUB209054,P101399,S5177,2025-06-03 20:50:32.867459,27.9,completed,4.72
SUB209055,P101672,S5437,2025-06-03 20:52:07.548913,6.5,completed,0.97
SUB209056,P100743,S5007,2025-06-03 21:15:44.052427,7.8,completed,1.29
SUB209057,P102265,S5136,2025-06-03 21:35:23.351474,18.5,completed,2.97
SUB209058,P100336,S5375,2025-06-03 21:57:23.270789,44.9,timed_out,0.0
SUB209059,P102247,S5410,2025-06-03 22:06:25.870196,9.0,completed,1.28
SUB209060,P102508,S5417,2025-06-03 22:14:43.882242,14.1,completed,1.78
SUB209061,P100743,S5204,2025-06-03 22:15:44.052427,3.5,completed,0.66
SUB209062,P101328,S5354,2025-06-04 00:30:33.013186,29.2,completed,5.67
SUB209063,P102831,S5262,2025-06-04 00:55:42.038774,12.5,completed,2.3
SUB209064,P102922,S5229,2025-06-04 01:20:14.300054,40.2,returned,0.0
SUB209065,P100303,S5207,2025-06-04 01:24:22.240637,14.0,completed,1.78
SUB209066,P102520,S5098,2025-06-04 01:44:56.967535,2.1,completed,0.37
SUB209067,P101817,S5178,2025-06-04 02:18:26.343408,11.0,completed,1.47
SUB209068,P101485,S5033,2025-06-04 02:52:57.389523,19.6,completed,2.55
SUB209069,P102216,S5290,2025-06-04 02:54:11.981603,6.7,completed,1.01
SUB209070,P101178,S5431,2025-06-04 03:32:44.098320,11.7,completed,2.03
SUB209071,P101806,S5298,2025-06-04 03:48:38.170487,10.2,timed_out,0.0
SUB209072,P101107,S5293,2025-06-04 04:06:22.003671,15.7,completed,2.39
SUB209073,P100838,S5422,2025-06-04 04:45:50.749725,31.3,completed,5.85
SUB209074,P102959,S5430,2025-06-04 05:23:44.403799,3.1,completed,0.51
SUB209075,P100943,S5150,2025-06-04 05:56:55.556807,7.1,completed,1.59
SUB209076,P100858,S5203,2025-06-04 06:16:01.616564,11.9,completed,1.75
SUB209077,P101683,S5216,2025-06-04 06:38:05.173525,15.4,completed,2.13
SUB209078,P102324,S5353,2025-06-04 06:44:32.502386,17.4,completed,2.92
SUB209079,P100552,S5323,2025-06-04 07:11:18.229325,31.2,completed,6.03
SUB209080,P100692,S5066,2025-06-04 07:32:21.376272,12.2,completed,1.9
SUB209081,P102230,S5187,2025-06-04 08:06:49.079453,24.6,completed,3.11
SUB209082,P101633,S5393,2025-06-04 08:22:33.003817,18.3,completed,4.54
SUB209083,P101852,S5098,2025-06-04 08:51:26.776880,2.5,completed,0.37
SUB209084,P101633,S5301,2025-06-04 10:22:33.003817,39.9,completed,6.85
SUB209085,P102560,S5013,2025-06-04 10:26:24.048856,13.2,completed,2.39
SUB209086,P101060,S5125,2025-06-04 10:40:36.876937,5.1,completed,1.2
SUB209087,P100257,S5007,2025-06-04 10:47:57.824935,9.5,completed,1.29
SUB209088,P101280,S5255,2025-06-04 11:36:15.387330,21.0,completed,4.13
SUB209089,P101933,S5385,2025-06-04 11:38:41.669441,20.6,timed_out,0.0
SUB209090,P101872,S5237,2025-06-04 12:00:40.970375,15.3,completed,2.36
SUB209091,P102247,S5341,2025-06-04 12:06:25.870196,28.5,completed,3.95
SUB209092,P100165,S5184,2025-06-04 12:10:30.261650,6.0,completed,1.05
SUB209093,P101457,S5083,2025-06-04 13:01:16.576729,5.2,completed,0.8
SUB209094,P102073,S5015,2025-06-04 13:22:56.270159,28.5,returned,0.0
SUB209095,P102065,S5087,2025-06-04 13:38:01.368896,9.4,completed,1.52
SUB209096,P100419,S5260,2025-06-04 13:54:36.802179,9.2,completed,1.81
SUB209097,P102916,S5129,2025-06-04 16:10:32.229888,8.5,completed,1.59
SUB209098,P100126,S5161,2025-06-04 16:11:09.393216,19.4,completed,1.91
SUB209099,P100530,S5010,2025-06-04 16:18:13.957034,23.8,completed,3.21
SUB209100,P102772,S5241,2025-06-04 17:38:24.459909,13.1,rejected,0.0
SUB209101,P102699,S5001,2025-06-04 19:05:15.839633,6.2,completed,1.14
SUB209102,P101328,S5344,2025-06-04 19:30:33.013186,29.6,completed,5.0
SUB209103,P100003,S5112,2025-06-04 19:38:20.373423,17.6,completed,3.34
SUB209104,P100725,S5164,2025-06-04 20:04:05.858994,14.8,completed,2.6
SUB209105,P101703,S5309,2025-06-04 20:18:16.159889,24.1,completed,3.84
SUB209106,P100854,S5077,2025-06-04 20:45:19.299129,12.7,completed,2.08
SUB209107,P102244,S5271,2025-06-04 21:13:37.680929,13.1,completed,2.99
SUB209108,P102383,S5085,2025-06-04 21:39:08.885742,17.5,completed,3.89
SUB209109,P102595,S5410,2025-06-04 21:40:09.800568,8.0,completed,1.28
SUB209110,P100791,S5086,2025-06-04 22:03:00.371276,44.2,completed,10.04
SUB209111,P101647,S5113,2025-06-04 22:17:26.391723,10.5,completed,1.98
SUB209112,P101978,S5074,2025-06-04 22:45:37.478620,14.7,completed,3.1
SUB209113,P100058,S5037,2025-06-04 23:07:29.417148,9.1,returned,0.0
SUB209114,P101605,S5068,2025-06-04 23:50:10.630751,6.7,completed,1.02
SUB209115,P101833,S5179,2025-06-05 01:53:14.231593,7.7,returned,0.0
SUB209116,P102685,S5341,2025-06-05 01:54:06.066527,24.5,completed,3.95
SUB209117,P102230,S5216,2025-06-05 02:06:49.079453,16.6,completed,2.13
SUB209118,P101546,S5199,2025-06-05 02:23:21.122957,16.3,completed,2.43
SUB209119,P101353,S5034,2025-06-05 03:40:44.161113,17.6,completed,2.11
SUB209120,P101472,S5358,2025-06-05 04:30:11.427907,6.4,completed,0.91
SUB209121,P101589,S5445,2025-06-05 04:33:23.282282,14.1,completed,1.78
SUB209122,P101261,S5089,2025-06-05 05:49:57.183928,25.2,rejected,0.0
SUB209123,P102815,S5207,2025-06-05 06:12:19.313699,14.3,completed,1.78
SUB209124,P102730,S5392,2025-06-05 06:16:07.637577,22.9,completed,3.57
SUB209125,P102275,S5415,2025-06-05 06:27:58.543003,32.3,completed,6.13
SUB209126,P100438,S5045,2025-06-05 06:53:40.836139,18.9,completed,2.51
SUB209127,P101151,S5074,2025-06-05 07:08:02.688497,16.7,completed,3.1
SUB209128,P100659,S5434,2025-06-05 08:56:17.581354,19.9,completed,2.96
SUB209129,P102916,S5224,2025-06-05 09:10:32.229888,27.0,completed,3.95
SUB209130,P100388,S5020,2025-06-05 10:45:14.680578,27.0,completed,4.2
SUB209131,P102976,S5227,2025-06-05 10:47:00.252851,29.9,completed,5.59
SUB209132,P102685,S5090,2025-06-05 10:54:06.066527,27.5,rejected,0.0
SUB209133,P102955,S5218,2025-06-05 11:09:21.359736,6.8,completed,1.24
SUB209134,P100515,S5320,2025-06-05 11:31:13.694397,18.9,completed,3.5
SUB209135,P102210,S5250,2025-06-05 11:41:30.871573,6.2,completed,1.13
SUB209136,P100503,S5151,2025-06-05 12:05:31.961696,20.9,completed,3.74
SUB209137,P100972,S5117,2025-06-05 12:12:27.014772,18.4,completed,2.98
SUB209138,P100972,S5206,2025-06-05 12:12:27.014772,13.0,completed,1.88
SUB209139,P100972,S5449,2025-06-05 13:12:27.014772,30.2,completed,3.0
SUB209140,P100275,S5353,2025-06-05 13:29:08.604344,15.0,completed,2.92
SUB209141,P102046,S5221,2025-06-05 13:39:26.323379,15.4,completed,1.67
SUB209142,P101353,S5379,2025-06-05 13:40:44.161113,9.5,completed,1.42
SUB209143,P102520,S5257,2025-06-05 13:44:56.967535,20.9,completed,5.22
SUB209144,P100854,S5422,2025-06-05 13:45:19.299129,41.4,completed,5.85
SUB209145,P101102,S5296,2025-06-05 13:59:04.045346,13.1,completed,2.35
SUB209146,P102995,S5337,2025-06-05 14:06:52.104007,2.1,completed,0.41
SUB209147,P100389,S5305,2025-06-05 15:22:24.629579,3.7,completed,0.82
SUB209148,P101564,S5434,2025-06-05 16:27:24.401299,21.4,completed,2.96
SUB209149,P100755,S5372,2025-06-05 16:46:50.155461,8.5,completed,1.43
SUB209150,P100755,S5368,2025-06-05 16:46:50.155461,22.4,timed_out,0.0
SUB209151,P100270,S5171,2025-06-05 18:11:25.624765,2.5,completed,0.44
SUB209152,P101355,S5449,2025-06-05 18:21:22.283976,22.6,completed,3.0
SUB209153,P100659,S5040,2025-06-05 18:56:17.581354,25.5,completed,5.02
SUB209154,P100387,S5337,2025-06-05 19:37:10.612955,2.2,returned,0.0
SUB209155,P101234,S5256,2025-06-05 19:52:56.522958,20.7,completed,4.49
SUB209156,P102377,S5433,2025-06-05 20:05:14.327957,10.5,completed,2.07
SUB209157,P100429,S5427,2025-06-05 20:15:08.987265,27.5,returned,0.0
SUB209158,P101102,S5174,2025-06-05 20:59:04.045346,11.1,completed,1.75
SUB209159,P101280,S5217,2025-06-05 21:36:15.387330,13.6,completed,1.51
SUB209160,P101447,S5021,2025-06-05 21:50:48.827689,11.1,returned,0.0
SUB209161,P101029,S5069,2025-06-05 23:28:31.647798,18.5,completed,2.97
SUB209162,P101759,S5074,2025-06-05 23:31:07.560431,18.2,completed,3.1
SUB209163,P102748,S5096,2025-06-05 23:42:39.934809,7.8,completed,1.96
SUB209164,P101586,S5384,2025-06-05 23:57:07.440791,14.7,completed,2.81
SUB209165,P101791,S5387,2025-06-06 00:24:13.359350,11.8,completed,2.49
SUB209166,P100732,S5102,2025-06-06 01:04:31.042817,20.6,completed,3.21
SUB209167,P101942,S5326,2025-06-06 01:49:00.435438,31.4,completed,4.23
SUB209168,P101818,S5427,2025-06-06 02:55:18.247221,19.5,completed,3.87
SUB209169,P101649,S5436,2025-06-06 03:18:03.612907,34.2,completed,4.74
SUB209170,P102735,S5303,2025-06-06 03:56:36.532434,3.5,completed,0.63
SUB209171,P102389,S5064,2025-06-06 03:58:32.803531,12.2,completed,1.98
SUB209172,P101353,S5035,2025-06-06 04:40:44.161113,8.1,completed,1.11
SUB209173,P101907,S5086,2025-06-06 04:50:00.715462,35.5,completed,10.04
SUB209174,P101399,S5029,2025-06-06 04:50:32.867459,25.5,completed,2.96
SUB209175,P100892,S5264,2025-06-06 05:17:55.478415,4.6,completed,0.77
SUB209176,P101717,S5262,2025-06-06 05:30:06.669616,10.2,timed_out,0.0
SUB209177,P101933,S5140,2025-06-06 06:38:41.669441,8.2,completed,1.71
SUB209178,P102256,S5333,2025-06-06 06:39:59.180069,13.2,completed,1.94
SUB209179,P102214,S5039,2025-06-06 07:31:45.532869,31.2,returned,0.0
SUB209180,P100435,S5345,2025-06-06 08:10:48.145291,23.3,completed,3.79
SUB209181,P101123,S5235,2025-06-06 08:16:09.185295,12.2,returned,0.0
SUB209182,P100267,S5075,2025-06-06 10:10:54.897831,7.3,completed,0.89
SUB209183,P100435,S5374,2025-06-06 11:10:48.145291,12.3,completed,1.85
SUB209184,P100403,S5016,2025-06-06 12:02:58.511301,10.0,completed,1.61
SUB209185,P102046,S5449,2025-06-06 12:39:26.323379,24.0,completed,3.0
SUB209186,P101449,S5428,2025-06-06 12:57:22.618525,4.3,completed,0.53
SUB209187,P101123,S5375,2025-06-06 13:16:09.185295,45.1,completed,8.07
SUB209188,P101309,S5178,2025-06-06 14:12:52.859789,10.7,completed,1.47
SUB209189,P101421,S5400,2025-06-06 14:39:08.586862,14.8,completed,2.24
SUB209190,P101109,S5383,2025-06-06 15:02:47.975989,18.6,timed_out,0.0
SUB209191,P101573,S5397,2025-06-06 15:02:57.459224,16.3,completed,2.96
SUB209192,P102916,S5210,2025-06-06 15:10:32.229888,13.4,completed,1.79
SUB209193,P102412,S5147,2025-06-06 16:07:34.069164,14.2,completed,2.33
SUB209194,P100624,S5388,2025-06-06 16:23:32.119254,19.6,returned,0.0
SUB209195,P102620,S5129,2025-06-06 16:42:55.281439,8.4,completed,1.59
SUB209196,P100503,S5238,2025-06-06 17:05:31.961696,27.6,completed,3.77
SUB209197,P102121,S5083,2025-06-06 17:36:51.306396,7.8,completed,0.8
SUB209198,P102531,S5248,2025-06-06 17:44:23.867036,12.7,completed,2.27
SUB209199,P100709,S5150,2025-06-06 17:53:39.668219,8.8,completed,1.59
SUB209200,P102197,S5407,2025-06-06 18:25:06.766615,9.1,completed,1.37
SUB209201,P101706,S5222,2025-06-06 18:33:42.848387,32.3,completed,7.62
SUB209202,P100295,S5265,2025-06-06 19:04:15.414131,17.9,completed,3.01
SUB209203,P101107,S5089,2025-06-06 20:06:22.003671,27.9,returned,0.0
SUB209204,P100723,S5335,2025-06-06 20:49:49.831276,32.7,completed,5.53
SUB209205,P100978,S5405,2025-06-06 21:06:24.349101,13.6,completed,2.48
SUB209206,P101236,S5168,2025-06-06 22:00:50.519920,6.9,completed,1.46
SUB209207,P101109,S5240,2025-06-06 22:02:47.975989,19.6,completed,4.21
SUB209208,P100991,S5020,2025-06-06 22:15:33.001221,28.9,completed,4.2
SUB209209,P102149,S5422,2025-06-06 22:42:52.660961,44.6,completed,5.85
SUB209210,P100551,S5098,2025-06-06 23:11:29.712550,1.8,completed,0.37
SUB209211,P100594,S5284,2025-06-06 23:32:25.013599,9.2,completed,1.81
SUB209212,P101295,S5155,2025-06-06 23:47:41.272075,21.1,completed,2.42
SUB209213,P100570,S5403,2025-06-07 00:29:40.642345,15.3,completed,3.58
SUB209214,P101672,S5118,2025-06-07 00:52:07.548913,11.8,completed,1.89
SUB209215,P101429,S5320,2025-06-07 00:52:32.518887,13.4,returned,0.0
SUB209216,P102481,S5134,2025-06-07 01:28:39.362278,15.9,timed_out,0.0
SUB209217,P102723,S5315,2025-06-07 01:34:30.306036,13.6,completed,1.77
SUB209218,P101907,S5194,2025-06-07 01:50:00.715462,17.6,rejected,0.0
SUB209219,P102976,S5183,2025-06-07 03:47:00.252851,8.2,completed,1.35
SUB209220,P101683,S5364,2025-06-07 04:38:05.173525,16.3,completed,2.63
SUB209221,P100038,S5213,2025-06-07 04:42:44.345927,7.1,completed,1.08
SUB209222,P102781,S5381,2025-06-07 04:59:40.752210,11.1,completed,2.26
SUB209223,P101244,S5327,2025-06-07 05:27:26.288305,22.4,completed,4.13
SUB209224,P102772,S5175,2025-06-07 05:38:24.459909,6.6,returned,0.0
SUB209225,P100137,S5068,2025-06-07 05:58:02.469119,6.1,completed,1.02
SUB209226,P101186,S5118,2025-06-07 07:01:12.535046,10.1,returned,0.0
SUB209227,P100981,S5093,2025-06-07 07:12:45.742116,16.9,completed,2.24
SUB209228,P101472,S5085,2025-06-07 07:30:11.427907,15.8,completed,3.89
SUB209229,P100978,S5320,2025-06-07 08:06:24.349101,16.8,completed,3.5
SUB209230,P102137,S5174,2025-06-07 08:13:50.456765,10.4,completed,1.75
SUB209231,P100238,S5224,2025-06-07 11:43:01.467554,35.7,rejected,0.0
SUB209232,P101630,S5063,2025-06-07 12:48:58.136877,33.9,completed,5.72
SUB209233,P100220,S5070,2025-06-07 13:11:17.472849,12.4,completed,2.73
SUB209234,P100438,S5271,2025-06-07 13:53:40.836139,16.9,completed,2.99
SUB209235,P101457,S5204,2025-06-07 14:01:16.576729,3.3,completed,0.66
SUB209236,P102955,S5219,2025-06-07 14:09:21.359736,38.6,completed,5.27
SUB209237,P102311,S5300,2025-06-07 14:55:19.306918,34.4,completed,6.19
SUB209238,P101978,S5002,2025-06-07 15:45:37.478620,36.0,completed,7.35
SUB209239,P100707,S5403,2025-06-07 16:06:47.141215,22.8,completed,3.58
SUB209240,P102772,S5328,2025-06-07 16:38:24.459909,51.0,completed,6.81
SUB209241,P100136,S5041,2025-06-07 16:43:40.653199,18.1,completed,2.54
SUB209242,P101852,S5137,2025-06-07 16:51:26.776880,35.1,completed,6.57
SUB209243,P100169,S5323,2025-06-07 17:05:41.344291,24.9,completed,6.03
SUB209244,P101151,S5406,2025-06-07 17:08:02.688497,11.0,completed,1.69
SUB209245,P100749,S5424,2025-06-07 17:11:51.185910,19.1,completed,2.82
SUB209246,P101610,S5334,2025-06-07 17:36:43.357943,24.1,completed,3.44
SUB209247,P102699,S5230,2025-06-07 19:05:15.839633,27.4,completed,4.69
SUB209248,P102412,S5091,2025-06-07 19:07:34.069164,9.9,completed,1.53
SUB209249,P100165,S5399,2025-06-07 19:10:30.261650,12.6,completed,2.23
SUB209250,P102959,S5120,2025-06-07 19:23:44.403799,23.4,completed,3.32
SUB209251,P100541,S5139,2025-06-07 19:29:20.434338,34.4,completed,6.16
SUB209252,P102113,S5087,2025-06-07 20:05:06.826863,7.7,completed,1.52
SUB209253,P100275,S5264,2025-06-07 20:29:08.604344,4.5,completed,0.77
SUB209254,P100723,S5047,2025-06-07 20:49:49.831276,23.1,rejected,0.0
SUB209255,P100095,S5419,2025-06-07 21:40:18.129546,14.5,completed,1.81
SUB209256,P102891,S5206,2025-06-07 22:43:38.213294,18.5,completed,1.88
SUB209257,P101632,S5396,2025-06-07 23:03:25.259026,63.9,returned,0.0
SUB209258,P102699,S5068,2025-06-07 23:05:15.839633,6.1,completed,1.02
SUB209259,P102983,S5209,2025-06-07 23:24:58.869963,27.5,completed,4.12
SUB209260,P102218,S5045,2025-06-07 23:25:42.211432,13.4,completed,2.51
SUB209261,P102216,S5223,2025-06-07 23:54:11.981603,10.2,completed,1.76
SUB209262,P102585,S5373,2025-06-08 00:14:45.405803,34.8,completed,7.36
SUB209263,P102145,S5227,2025-06-08 00:25:23.368456,25.9,completed,5.59
SUB209264,P101342,S5122,2025-06-08 00:32:22.040989,20.5,completed,5.07
SUB209265,P102383,S5118,2025-06-08 00:39:08.885742,10.9,completed,1.89
SUB209266,P101817,S5027,2025-06-08 01:18:26.343408,49.4,returned,0.0
SUB209267,P101933,S5137,2025-06-08 01:38:41.669441,32.9,completed,6.57
SUB209268,P102950,S5424,2025-06-08 01:49:08.628177,13.9,completed,2.82
SUB209269,P100169,S5177,2025-06-08 02:05:41.344291,29.9,completed,4.72
SUB209270,P101791,S5349,2025-06-08 03:24:13.359350,12.8,completed,2.02
SUB209271,P102256,S5398,2025-06-08 03:39:59.180069,2.6,completed,0.55
SUB209272,P102392,S5261,2025-06-08 04:11:05.806393,5.2,completed,1.0
SUB209273,P100972,S5398,2025-06-08 04:12:27.014772,3.2,rejected,0.0
SUB209274,P102989,S5367,2025-06-08 04:23:54.491189,23.6,returned,0.0
SUB209275,P102328,S5048,2025-06-08 04:25:36.655565,4.7,completed,0.86
SUB209276,P102496,S5406,2025-06-08 04:31:11.895022,9.0,completed,1.69
SUB209277,P100107,S5276,2025-06-08 04:52:53.103135,21.5,completed,4.4
SUB209278,P100559,S5234,2025-06-08 05:48:41.273183,32.6,completed,3.29
SUB209279,P101994,S5215,2025-06-08 05:53:57.655550,15.6,completed,3.07
SUB209280,P101080,S5140,2025-06-08 05:59:50.310577,10.4,rejected,0.0
SUB209281,P102541,S5211,2025-06-08 06:21:45.441149,17.7,completed,3.62
SUB209282,P100541,S5037,2025-06-08 06:29:20.434338,9.3,completed,1.34
SUB209283,P102230,S5359,2025-06-08 07:06:49.079453,13.7,completed,2.5
SUB209284,P101586,S5073,2025-06-08 07:57:07.440791,9.4,completed,2.27
SUB209285,P101805,S5219,2025-06-08 08:12:21.130800,45.1,completed,5.27
SUB209286,P102046,S5043,2025-06-08 08:39:26.323379,16.4,completed,2.61
SUB209287,P101444,S5273,2025-06-08 08:41:47.745268,12.8,completed,1.67
SUB209288,P102501,S5264,2025-06-08 08:53:56.212082,6.7,completed,0.77
SUB209289,P100725,S5156,2025-06-08 09:04:05.858994,16.5,completed,1.7
SUB209290,P100193,S5203,2025-06-08 09:24:08.199817,11.6,returned,0.0
SUB209291,P100003,S5191,2025-06-08 09:38:20.373423,16.7,completed,3.82
SUB209292,P100388,S5290,2025-06-08 09:45:14.680578,4.5,completed,1.01
SUB209293,P102552,S5082,2025-06-08 09:59:45.815095,7.1,completed,1.14
SUB209294,P100530,S5003,2025-06-08 10:18:13.957034,10.2,completed,1.74
SUB209295,P102410,S5256,2025-06-08 10:20:07.057856,27.4,completed,4.49
SUB209296,P101244,S5250,2025-06-08 12:27:26.288305,7.6,returned,0.0
SUB209297,P101546,S5142,2025-06-08 15:23:21.122957,8.4,completed,1.79
SUB209298,P101916,S5018,2025-06-08 15:59:17.083324,28.5,completed,4.0
SUB209299,P101327,S5394,2025-06-08 16:24:40.384225,18.0,completed,2.62
SUB209300,P101225,S5035,2025-06-08 17:44:44.349542,8.9,completed,1.11
SUB209301,P100683,S5091,2025-06-08 18:29:31.267052,11.4,completed,1.53
SUB209302,P100388,S5413,2025-06-08 18:45:14.680578,14.8,completed,2.69
SUB209303,P101429,S5332,2025-06-08 18:52:32.518887,7.3,completed,1.23
SUB209304,P100709,S5392,2025-06-08 18:53:39.668219,16.3,completed,3.57
SUB209305,P100438,S5125,2025-06-08 18:53:40.836139,6.5,completed,1.2
SUB209306,P102995,S5098,2025-06-08 19:06:52.104007,2.6,completed,0.37
SUB209307,P101605,S5405,2025-06-08 21:50:10.630751,12.2,completed,2.48
SUB209308,P101309,S5311,2025-06-08 22:12:52.859789,33.5,completed,6.06
SUB209309,P100094,S5131,2025-06-08 22:55:35.885426,10.6,completed,2.11
SUB209310,P100968,S5329,2025-06-08 23:15:34.645273,11.1,completed,2.64
SUB209311,P102324,S5080,2025-06-08 23:44:32.502386,10.6,completed,2.72
SUB209312,P101894,S5054,2025-06-09 00:21:01.016721,24.7,completed,3.72
SUB209313,P100432,S5199,2025-06-09 00:51:57.534167,15.1,completed,2.43
SUB209314,P102944,S5172,2025-06-09 01:17:01.719711,12.7,completed,1.58
SUB209315,P101599,S5161,2025-06-09 02:22:56.105452,17.3,completed,1.91
SUB209316,P100095,S5358,2025-06-09 02:40:18.129546,8.3,completed,0.91
SUB209317,P101225,S5217,2025-06-09 03:44:44.349542,9.6,completed,1.51
SUB209318,P100853,S5294,2025-06-09 04:44:30.031681,16.4,completed,3.41
SUB209319,P101724,S5194,2025-06-09 04:54:07.187861,19.0,completed,3.46
SUB209320,P101244,S5288,2025-06-09 05:27:26.288305,34.3,timed_out,0.0
SUB209321,P100552,S5064,2025-06-09 06:11:18.229325,14.5,completed,1.98
SUB209322,P102999,S5442,2025-06-09 06:18:24.876713,9.4,completed,2.61
SUB209323,P102128,S5372,2025-06-09 06:41:26.078859,8.2,completed,1.43
SUB209324,P101060,S5224,2025-06-09 07:40:36.876937,25.3,completed,3.95
SUB209325,P101852,S5009,2025-06-09 07:51:26.776880,45.3,completed,7.89
SUB209326,P102479,S5298,2025-06-09 08:35:27.134341,8.6,completed,1.22
SUB209327,P102324,S5266,2025-06-09 08:44:32.502386,12.0,completed,1.78
SUB209328,P102276,S5031,2025-06-09 09:32:11.748763,6.1,completed,0.91
SUB209329,P102324,S5220,2025-06-09 10:44:32.502386,7.6,completed,1.0
SUB209330,P100877,S5070,2025-06-09 10:55:07.360943,16.8,rejected,0.0
SUB209331,P101102,S5429,2025-06-09 10:59:04.045346,28.8,completed,5.74
SUB209332,P100549,S5256,2025-06-09 11:06:50.167223,23.6,completed,4.49
SUB209333,P101589,S5087,2025-06-09 11:33:23.282282,7.5,completed,1.52
SUB209334,P102501,S5132,2025-06-09 13:53:56.212082,20.1,completed,4.18
SUB209335,P102496,S5374,2025-06-09 14:31:11.895022,9.3,completed,1.85
SUB209336,P100891,S5281,2025-06-09 15:43:23.806145,6.7,completed,1.47
SUB209337,P100559,S5279,2025-06-09 15:48:41.273183,11.1,completed,1.83
SUB209338,P102730,S5014,2025-06-09 16:16:07.637577,23.8,completed,5.76
SUB209339,P101447,S5261,2025-06-09 16:50:48.827689,4.6,completed,1.0
SUB209340,P101109,S5131,2025-06-09 17:02:47.975989,14.0,timed_out,0.0
SUB209341,P100114,S5287,2025-06-09 17:04:39.759021,22.2,completed,3.93
SUB209342,P100774,S5158,2025-06-09 17:26:39.060126,3.1,completed,0.51
SUB209343,P102149,S5218,2025-06-09 17:42:52.660961,6.4,completed,1.24
SUB209344,P102520,S5238,2025-06-09 17:44:56.967535,23.9,completed,3.77
SUB209345,P102950,S5196,2025-06-09 17:49:08.628177,12.2,returned,0.0
SUB209346,P102699,S5448,2025-06-09 18:05:15.839633,3.9,completed,0.76
SUB209347,P101724,S5219,2025-06-09 18:54:07.187861,41.6,timed_out,0.0
SUB209348,P100659,S5128,2025-06-09 18:56:17.581354,28.4,completed,4.88
SUB209349,P100858,S5032,2025-06-09 19:16:01.616564,10.3,timed_out,0.0
SUB209350,P101546,S5161,2025-06-09 19:23:21.122957,18.4,completed,1.91
SUB209351,P102059,S5428,2025-06-09 20:17:55.234874,4.7,completed,0.53
SUB209352,P101894,S5260,2025-06-09 20:21:01.016721,11.4,completed,1.81
SUB209353,P101386,S5168,2025-06-09 20:23:29.162442,6.6,completed,1.46
SUB209354,P102216,S5394,2025-06-09 20:54:11.981603,25.4,completed,2.62
SUB209355,P100920,S5358,2025-06-09 21:11:59.715075,7.0,completed,0.91
SUB209356,P100732,S5429,2025-06-09 22:04:31.042817,27.7,completed,5.74
SUB209357,P102218,S5435,2025-06-09 22:25:42.211432,33.2,completed,4.04
SUB209358,P100229,S5324,2025-06-09 23:05:48.975219,14.8,completed,2.12
SUB209359,P100327,S5233,2025-06-09 23:32:36.360089,11.0,completed,1.99
SUB209360,P101683,S5282,2025-06-09 23:38:05.173525,23.9,completed,3.47
SUB209361,P102207,S5068,2025-06-10 00:00:26.548182,6.8,returned,0.0
SUB209362,P100165,S5107,2025-06-10 00:10:30.261650,9.5,completed,1.66
SUB209363,P101125,S5449,2025-06-10 00:13:00.918610,20.0,timed_out,0.0
SUB209364,P102999,S5237,2025-06-10 00:18:24.876713,14.3,completed,2.36
SUB209365,P101769,S5196,2025-06-10 00:19:46.780244,14.3,completed,2.1
SUB209366,P102046,S5305,2025-06-10 01:39:26.323379,5.3,completed,0.82
SUB209367,P102135,S5211,2025-06-10 02:50:21.834150,16.0,completed,3.62
SUB209368,P101244,S5248,2025-06-10 04:27:26.288305,12.9,completed,2.27
SUB209369,P100107,S5014,2025-06-10 04:52:53.103135,23.9,completed,5.76
SUB209370,P102166,S5321,2025-06-10 05:26:14.561907,12.6,completed,3.12
SUB209371,P102202,S5103,2025-06-10 05:27:38.306088,18.9,completed,3.8
SUB209372,P102256,S5431,2025-06-10 05:39:59.180069,9.7,completed,2.03
SUB209373,P101524,S5294,2025-06-10 06:19:18.289396,15.8,completed,3.41
SUB209374,P101978,S5052,2025-06-10 06:45:37.478620,8.9,completed,1.48
SUB209375,P102541,S5117,2025-06-10 07:21:45.441149,16.7,completed,2.98
SUB209376,P100126,S5252,2025-06-10 08:11:09.393216,13.5,completed,2.01
SUB209377,P102117,S5017,2025-06-10 09:09:07.861523,10.5,completed,2.08
SUB209378,P101362,S5114,2025-06-10 09:36:48.597537,33.9,completed,6.95
SUB209379,P101907,S5341,2025-06-10 09:50:00.715462,22.6,completed,3.95
SUB209380,P100551,S5275,2025-06-10 10:11:29.712550,12.1,completed,1.52
SUB209381,P101244,S5106,2025-06-10 11:27:26.288305,35.6,completed,5.46
SUB209382,P102737,S5449,2025-06-10 12:28:48.239375,27.5,completed,3.0
SUB209383,P101060,S5179,2025-06-10 12:40:36.876937,9.2,timed_out,0.0
SUB209384,P101272,S5354,2025-06-10 12:49:54.889534,23.3,completed,5.67
SUB209385,P102571,S5440,2025-06-10 13:57:21.771122,21.8,completed,2.63
SUB209386,P100683,S5425,2025-06-10 14:29:31.267052,11.0,completed,2.54
SUB209387,P101485,S5371,2025-06-10 14:52:57.389523,8.4,completed,1.32
SUB209388,P102197,S5401,2025-06-10 15:25:06.766615,7.6,timed_out,0.0
SUB209389,P100275,S5306,2025-06-10 17:29:08.604344,14.4,completed,1.96
SUB209390,P102214,S5014,2025-06-10 17:31:45.532869,26.3,returned,0.0
SUB209391,P101125,S5010,2025-06-10 18:13:00.918610,20.4,completed,3.21
SUB209392,P100780,S5376,2025-06-10 18:37:04.096539,20.6,completed,4.64
SUB209393,P102492,S5092,2025-06-10 19:10:37.449514,11.4,returned,0.0
SUB209394,P102645,S5118,2025-06-10 21:06:50.794589,11.7,completed,1.89
SUB209395,P101907,S5084,2025-06-10 23:50:00.715462,6.3,completed,1.02
SUB209396,P100419,S5128,2025-06-10 23:54:36.802179,30.0,completed,4.88
SUB209397,P100614,S5016,2025-06-11 00:48:09.956407,10.1,completed,1.61
SUB209398,P101617,S5292,2025-06-11 00:52:18.376137,27.8,returned,0.0
SUB209399,P100659,S5296,2025-06-11 00:56:17.581354,13.5,completed,2.35
SUB209400,P101660,S5422,2025-06-11 01:02:40.345429,40.0,completed,5.85
SUB209401,P100732,S5178,2025-06-11 01:04:31.042817,11.9,completed,1.47
SUB209402,P102983,S5400,2025-06-11 01:24:58.869963,10.3,returned,0.0
SUB209403,P102137,S5049,2025-06-11 02:13:50.456765,22.2,completed,3.45
SUB209404,P102952,S5388,2025-06-11 02:40:12.776489,15.3,completed,3.85
SUB209405,P102722,S5018,2025-06-11 03:36:08.708914,21.1,completed,4.0
SUB209406,P100257,S5306,2025-06-11 03:47:57.824935,9.5,returned,0.0
SUB209407,P102815,S5365,2025-06-11 04:12:19.313699,11.2,returned,0.0
SUB209408,P100136,S5226,2025-06-11 04:43:40.653199,34.8,completed,4.72
SUB209409,P101933,S5067,2025-06-11 06:38:41.669441,16.2,completed,2.5
SUB209410,P100943,S5277,2025-06-11 06:56:55.556807,5.4,rejected,0.0
SUB209411,P102825,S5249,2025-06-11 08:12:54.227680,15.4,completed,2.91
SUB209412,P101186,S5329,2025-06-11 09:01:12.535046,12.6,completed,2.64
SUB209413,P100755,S5107,2025-06-11 09:46:50.155461,8.4,completed,1.66
SUB209414,P102753,S5139,2025-06-11 10:30:34.371813,27.7,completed,6.16
SUB209415,P102479,S5147,2025-06-11 10:35:27.134341,12.4,completed,2.33
SUB209416,P102838,S5064,2025-06-11 11:41:41.557217,12.1,completed,1.98
SUB209417,P102291,S5424,2025-06-11 11:53:19.688739,18.4,completed,2.82
SUB209418,P102117,S5415,2025-06-11 12:09:07.861523,42.3,completed,6.13
SUB209419,P102244,S5397,2025-06-11 12:13:37.680929,19.0,completed,2.96
SUB209420,P101447,S5366,2025-06-11 12:50:48.827689,21.7,completed,4.22
SUB209421,P100725,S5151,2025-06-11 13:04:05.858994,19.6,completed,3.74
SUB209422,P102730,S5091,2025-06-11 13:16:07.637577,10.6,completed,1.53
SUB209423,P101689,S5179,2025-06-11 13:46:59.152238,10.9,completed,1.28
SUB209424,P102944,S5317,2025-06-11 14:17:01.719711,16.8,completed,2.19
SUB209425,P100030,S5244,2025-06-11 14:23:45.456222,15.6,completed,2.03
SUB209426,P102369,S5252,2025-06-11 14:30:17.624035,13.6,timed_out,0.0
SUB209427,P101475,S5235,2025-06-11 14:30:52.627009,13.5,completed,1.93
SUB209428,P100058,S5203,2025-06-11 15:07:29.417148,10.6,completed,1.75
SUB209429,P102561,S5079,2025-06-11 16:21:33.076683,13.0,completed,2.35
SUB209430,P101879,S5141,2025-06-11 16:22:38.996594,18.3,completed,2.82
SUB209431,P102501,S5411,2025-06-11 17:53:56.212082,36.0,completed,5.63
SUB209432,P102481,S5106,2025-06-11 18:28:39.362278,33.4,completed,5.46
SUB209433,P101978,S5087,2025-06-11 18:45:37.478620,8.9,completed,1.52
SUB209434,P102860,S5394,2025-06-11 19:22:17.505859,26.5,completed,2.62
SUB209435,P101907,S5025,2025-06-11 19:50:00.715462,11.4,completed,3.06
SUB209436,P100848,S5145,2025-06-11 21:09:24.712006,7.0,completed,1.04
SUB209437,P102944,S5013,2025-06-11 21:17:01.719711,12.4,completed,2.39
SUB209438,P100530,S5194,2025-06-11 21:18:13.957034,17.0,completed,3.46
SUB209439,P101234,S5397,2025-06-11 21:52:56.522958,19.5,timed_out,0.0
SUB209440,P100549,S5191,2025-06-11 22:06:50.167223,24.7,completed,3.82
SUB209441,P100671,S5221,2025-06-11 22:36:21.392172,13.9,completed,1.67
SUB209442,P102846,S5061,2025-06-11 23:52:39.635421,8.4,completed,1.35
SUB209443,P101573,S5445,2025-06-12 00:02:57.459224,15.2,rejected,0.0
SUB209444,P102955,S5250,2025-06-12 00:09:21.359736,7.2,returned,0.0
SUB209445,P102916,S5206,2025-06-12 00:10:32.229888,18.4,completed,1.88
SUB209446,P102943,S5059,2025-06-12 00:11:47.462204,14.4,completed,2.37
SUB209447,P100570,S5047,2025-06-12 00:29:40.642345,22.5,completed,2.56
SUB209448,P100387,S5297,2025-06-12 00:37:10.612955,17.1,completed,2.85
SUB209449,P102385,S5195,2025-06-12 00:58:12.684853,16.0,completed,2.24
SUB209450,P100403,S5344,2025-06-12 01:02:58.511301,29.2,completed,5.0
SUB209451,P100094,S5172,2025-06-12 02:55:35.885426,13.2,returned,0.0
SUB209452,P102637,S5144,2025-06-12 03:11:09.180203,30.3,completed,6.85
SUB209453,P100931,S5422,2025-06-12 03:51:25.803193,30.5,completed,5.85
SUB209454,P102377,S5104,2025-06-12 04:05:14.327957,16.1,completed,3.03
SUB209455,P102392,S5423,2025-06-12 04:11:05.806393,18.8,completed,2.7
SUB209456,P102825,S5079,2025-06-12 04:12:54.227680,11.5,returned,0.0
SUB209457,P101154,S5002,2025-06-12 04:14:43.829597,48.6,completed,7.35
SUB209458,P102256,S5148,2025-06-12 04:39:59.180069,12.7,completed,2.06
SUB209459,P101979,S5041,2025-06-12 06:32:25.679227,21.2,completed,2.54
SUB209460,P102757,S5264,2025-06-12 07:00:56.084593,6.7,completed,0.77
SUB209461,P102385,S5038,2025-06-12 07:58:12.684853,24.0,returned,0.0
SUB209462,P100631,S5420,2025-06-12 08:39:12.835369,39.8,returned,0.0
SUB209463,P101123,S5071,2025-06-12 09:16:09.185295,5.6,completed,1.28
SUB209464,P102073,S5343,2025-06-12 09:22:56.270159,29.4,completed,5.58
SUB209465,P100398,S5268,2025-06-12 09:24:20.184764,20.9,returned,0.0
SUB209466,P102128,S5051,2025-06-12 09:41:26.078859,26.9,completed,4.21
SUB209467,P102175,S5211,2025-06-12 10:03:58.532908,20.3,returned,0.0
SUB209468,P100905,S5428,2025-06-12 10:35:58.082336,4.6,completed,0.53
SUB209469,P100872,S5366,2025-06-12 10:59:22.092375,27.1,completed,4.22
SUB209470,P101472,S5089,2025-06-12 11:30:11.427907,30.5,completed,3.23
SUB209471,P101769,S5434,2025-06-12 12:19:46.780244,14.6,completed,2.96
SUB209472,P102989,S5372,2025-06-12 12:23:54.491189,7.0,completed,1.43
SUB209473,P102698,S5129,2025-06-12 12:58:32.323405,11.3,returned,0.0
SUB209474,P102143,S5151,2025-06-12 12:58:47.006359,27.0,completed,3.74
SUB209475,P101724,S5165,2025-06-12 13:54:07.187861,6.8,completed,0.97
SUB209476,P100192,S5063,2025-06-12 13:55:56.001516,34.1,completed,5.72
SUB209477,P100659,S5344,2025-06-12 13:56:17.581354,26.2,completed,5.0
SUB209478,P102699,S5305,2025-06-12 14:05:15.839633,5.1,completed,0.82
SUB209479,P101355,S5049,2025-06-12 14:21:22.283976,26.0,completed,3.45
SUB209480,P102121,S5422,2025-06-12 14:36:51.306396,44.5,completed,5.85
SUB209481,P102322,S5143,2025-06-12 15:38:38.047409,15.7,completed,2.39
SUB209482,P101420,S5428,2025-06-12 15:58:14.456381,5.2,completed,0.53
SUB209483,P100418,S5127,2025-06-12 16:01:53.585881,14.9,completed,1.9
SUB209484,P102955,S5212,2025-06-12 16:09:21.359736,3.4,completed,0.76
SUB209485,P100991,S5116,2025-06-12 16:15:33.001221,13.5,completed,2.74
SUB209486,P101994,S5081,2025-06-12 17:53:57.655550,21.2,completed,3.29
SUB209487,P102944,S5241,2025-06-12 18:17:01.719711,18.4,completed,2.37
SUB209488,P102175,S5368,2025-06-12 19:03:58.532908,16.1,completed,4.1
SUB209489,P102075,S5329,2025-06-12 20:35:30.105223,13.1,completed,2.64
SUB209490,P101280,S5032,2025-06-12 20:36:15.387330,10.6,completed,1.77
SUB209491,P100853,S5415,2025-06-12 20:44:30.031681,44.4,returned,0.0
SUB209492,P102473,S5423,2025-06-12 21:12:45.588871,18.2,timed_out,0.0
SUB209493,P100193,S5258,2025-06-12 21:24:08.199817,15.7,completed,2.75
SUB209494,P102781,S5213,2025-06-12 21:59:40.752210,9.2,completed,1.08
SUB209495,P101872,S5401,2025-06-12 22:00:40.970375,7.6,completed,1.35
SUB209496,P102244,S5026,2025-06-12 23:13:37.680929,42.4,completed,6.67
SUB209497,P102959,S5096,2025-06-12 23:23:44.403799,9.8,completed,1.96
SUB209498,P101630,S5442,2025-06-13 00:48:58.136877,12.9,completed,2.61
SUB209499,P102520,S5438,2025-06-13 01:44:56.967535,18.7,completed,3.47
SUB209500,P101942,S5334,2025-06-13 01:49:00.435438,18.6,completed,3.44
SUB209501,P100884,S5309,2025-06-13 03:46:41.403007,24.3,completed,3.84
SUB209502,P100848,S5247,2025-06-13 05:09:24.712006,13.9,completed,2.43
SUB209503,P102392,S5140,2025-06-13 05:11:05.806393,12.6,completed,1.71
SUB209504,P102999,S5333,2025-06-13 05:18:24.876713,14.3,completed,1.94
SUB209505,P102916,S5436,2025-06-13 07:10:32.229888,27.7,completed,4.74
SUB209506,P101524,S5327,2025-06-13 07:19:18.289396,22.3,completed,4.13
SUB209507,P102412,S5289,2025-06-13 08:07:34.069164,40.7,completed,6.11
SUB209508,P102394,S5314,2025-06-13 08:16:59.451126,37.6,completed,4.48
SUB209509,P101524,S5238,2025-06-13 08:19:18.289396,32.3,completed,3.77
SUB209510,P100137,S5045,2025-06-13 08:58:02.469119,16.8,completed,2.51
SUB209511,P100385,S5260,2025-06-13 09:05:04.022431,11.7,completed,1.81
SUB209512,P100136,S5159,2025-06-13 09:43:40.653199,12.6,timed_out,0.0
SUB209513,P102950,S5115,2025-06-13 09:49:08.628177,3.1,completed,0.64
SUB209514,P100296,S5447,2025-06-13 09:59:24.039263,8.0,completed,1.56
SUB209515,P102247,S5061,2025-06-13 10:06:25.870196,9.1,completed,1.35
SUB209516,P101475,S5170,2025-06-13 10:30:52.627009,24.1,completed,3.95
SUB209517,P101805,S5224,2025-06-13 12:12:21.130800,36.7,completed,3.95
SUB209518,P102265,S5345,2025-06-13 13:35:23.351474,17.2,completed,3.79
SUB209519,P102520,S5323,2025-06-13 13:44:56.967535,28.0,completed,6.03
SUB209520,P100107,S5351,2025-06-13 13:52:53.103135,24.1,completed,2.75
SUB209521,P101109,S5388,2025-06-13 15:02:47.975989,19.3,completed,3.85
SUB209522,P100191,S5261,2025-06-13 15:06:29.388532,6.4,completed,1.0
SUB209523,P102916,S5306,2025-06-13 15:10:32.229888,13.9,completed,1.96
SUB209524,P102610,S5350,2025-06-13 15:42:35.718113,16.5,completed,3.08
SUB209525,P102265,S5115,2025-06-13 16:35:23.351474,3.5,completed,0.64
SUB209526,P100092,S5045,2025-06-13 16:45:16.848301,19.0,timed_out,0.0
SUB209527,P101420,S5389,2025-06-13 16:58:14.456381,30.8,completed,4.82
SUB209528,P102143,S5343,2025-06-13 16:58:47.006359,35.1,completed,5.58
SUB209529,P100825,S5397,2025-06-13 17:33:06.027806,23.4,completed,2.96
SUB209530,P102943,S5401,2025-06-13 18:11:47.462204,5.6,completed,1.35
SUB209531,P102251,S5144,2025-06-13 18:40:58.920628,35.2,completed,6.85
SUB209532,P102501,S5112,2025-06-13 19:53:56.212082,16.1,completed,3.34
SUB209533,P101724,S5282,2025-06-13 19:54:07.187861,19.7,completed,3.47
SUB209534,P101125,S5430,2025-06-13 20:13:00.918610,4.2,returned,0.0
SUB209535,P102113,S5102,2025-06-13 21:05:06.826863,13.9,completed,3.21
SUB209536,P102244,S5320,2025-06-13 21:13:37.680929,18.4,completed,3.5
SUB209537,P102831,S5190,2025-06-13 22:55:42.038774,20.4,completed,3.43
SUB209538,P101406,S5426,2025-06-13 22:57:57.623040,14.7,timed_out,0.0
SUB209539,P102955,S5113,2025-06-13 23:09:21.359736,11.1,returned,0.0
SUB209540,P100858,S5229,2025-06-13 23:16:01.616564,53.2,completed,7.54
SUB209541,P100881,S5350,2025-06-13 23:23:13.219135,17.3,returned,0.0
SUB209542,P100252,S5150,2025-06-14 00:09:57.081103,9.9,timed_out,0.0
SUB209543,P100825,S5141,2025-06-14 01:33:06.027806,17.7,completed,2.82
SUB209544,P102422,S5213,2025-06-14 02:37:41.680592,9.1,timed_out,0.0
SUB209545,P102950,S5065,2025-06-14 02:49:08.628177,12.9,completed,2.03
SUB209546,P101907,S5163,2025-06-14 02:50:00.715462,17.2,completed,4.66
SUB209547,P102117,S5129,2025-06-14 03:09:07.861523,8.6,timed_out,0.0
SUB209548,P100749,S5265,2025-06-14 03:11:51.185910,14.9,completed,3.01
SUB209549,P101429,S5271,2025-06-14 03:52:32.518887,15.3,completed,2.99
SUB209550,P102531,S5211,2025-06-14 04:44:23.867036,16.4,completed,3.62
SUB209551,P102502,S5351,2025-06-14 05:08:59.346407,18.0,completed,2.75
SUB209552,P101641,S5374,2025-06-14 05:52:16.488971,8.9,returned,0.0
SUB209553,P101805,S5015,2025-06-14 06:12:21.130800,37.7,completed,6.38
SUB209554,P102944,S5346,2025-06-14 07:17:01.719711,60.0,completed,10.53
SUB209555,P101599,S5202,2025-06-14 07:22:56.105452,15.7,completed,2.42
SUB209556,P101102,S5448,2025-06-14 07:59:04.045346,5.4,completed,0.76
SUB209557,P100881,S5244,2025-06-14 08:23:13.219135,15.5,completed,2.03
SUB209558,P101406,S5027,2025-06-14 08:57:57.623040,35.3,completed,7.63
SUB209559,P100385,S5287,2025-06-14 09:05:04.022431,23.2,completed,3.93
SUB209560,P100515,S5096,2025-06-14 09:31:13.694397,7.1,completed,1.96
SUB209561,P100114,S5073,2025-06-14 10:04:39.759021,11.9,completed,2.27
SUB209562,P101272,S5372,2025-06-14 10:49:54.889534,7.1,completed,1.43
SUB209563,P101186,S5301,2025-06-14 11:01:12.535046,39.2,completed,6.85
SUB209564,P101879,S5040,2025-06-14 11:22:38.996594,36.1,completed,5.02
SUB209565,P101461,S5148,2025-06-14 11:33:31.202955,15.4,completed,2.06
SUB209566,P100614,S5313,2025-06-14 11:48:09.956407,30.2,completed,4.36
SUB209567,P102385,S5069,2025-06-14 11:58:12.684853,19.5,completed,2.97
SUB209568,P101123,S5406,2025-06-14 12:16:09.185295,8.9,completed,1.69
SUB209569,P100193,S5149,2025-06-14 13:24:08.199817,7.1,completed,1.19
SUB209570,P100387,S5365,2025-06-14 13:37:10.612955,10.2,completed,1.75
SUB209571,P102722,S5004,2025-06-14 14:36:08.708914,17.2,returned,0.0
SUB209572,P100295,S5357,2025-06-14 15:04:15.414131,14.8,completed,2.46
SUB209573,P102494,S5275,2025-06-14 15:57:09.527205,11.4,completed,1.52
SUB209574,P100114,S5329,2025-06-14 16:04:39.759021,9.6,completed,2.64
SUB209575,P102230,S5031,2025-06-14 16:06:49.079453,7.7,completed,0.91
SUB209576,P102737,S5080,2025-06-14 16:28:48.239375,13.7,completed,2.72
SUB209577,P102723,S5203,2025-06-14 16:34:30.306036,9.8,completed,1.75
SUB209578,P100107,S5054,2025-06-14 16:52:53.103135,25.6,timed_out,0.0
SUB209579,P100758,S5043,2025-06-14 17:22:26.660681,12.1,completed,2.61
SUB209580,P101060,S5017,2025-06-14 17:40:36.876937,12.3,completed,2.08
SUB209581,P100828,S5371,2025-06-14 17:47:28.807503,7.0,completed,1.32
SUB209582,P102494,S5286,2025-06-14 17:57:09.527205,28.5,completed,6.85
SUB209583,P102105,S5184,2025-06-14 18:23:28.625488,6.0,returned,0.0
SUB209584,P102105,S5152,2025-06-14 18:23:28.625488,19.1,completed,2.63
SUB209585,P100774,S5061,2025-06-14 18:26:39.060126,10.3,completed,1.35
SUB209586,P100968,S5271,2025-06-14 19:15:34.645273,13.4,completed,2.99
SUB209587,P101328,S5161,2025-06-14 19:30:33.013186,18.3,returned,0.0
SUB209588,P102065,S5284,2025-06-14 19:38:01.368896,12.8,completed,1.81
SUB209589,P101630,S5152,2025-06-14 19:48:58.136877,21.7,completed,2.63
SUB209590,P101272,S5317,2025-06-14 21:49:54.889534,13.4,rejected,0.0
SUB209591,P100376,S5065,2025-06-14 22:47:56.980677,13.6,completed,2.03
SUB209592,P102860,S5279,2025-06-14 23:22:17.505859,12.0,timed_out,0.0
SUB209593,P101641,S5109,2025-06-14 23:52:16.488971,21.8,completed,3.53
SUB209594,P100659,S5231,2025-06-15 00:56:17.581354,12.4,completed,3.05
SUB209595,P102230,S5100,2025-06-15 01:06:49.079453,16.0,completed,2.55
SUB209596,P102730,S5387,2025-06-15 01:16:07.637577,13.9,completed,2.49
SUB209597,P102722,S5392,2025-06-15 01:36:08.708914,16.3,completed,3.57
SUB209598,P102620,S5346,2025-06-15 01:42:55.281439,58.2,completed,10.53
SUB209599,P101234,S5104,2025-06-15 01:52:56.522958,15.4,rejected,0.0
SUB209600,P100414,S5111,2025-06-15 02:38:53.940632,11.9,completed,1.79
SUB209601,P100920,S5387,2025-06-15 03:11:59.715075,16.8,completed,2.49
SUB209602,P102166,S5344,2025-06-15 03:26:14.561907,20.0,completed,5.0
SUB209603,P101689,S5154,2025-06-15 03:46:59.152238,8.4,completed,1.75
SUB209604,P100645,S5298,2025-06-15 05:36:29.835854,7.4,completed,1.22
SUB209605,P101916,S5338,2025-06-15 05:59:17.083324,29.6,completed,5.0
SUB209606,P101335,S5198,2025-06-15 06:33:47.727433,19.4,completed,1.92
SUB209607,P100003,S5274,2025-06-15 06:38:20.373423,7.9,completed,1.5
SUB209608,P100552,S5063,2025-06-15 07:11:18.229325,27.5,completed,5.72
SUB209609,P102104,S5093,2025-06-15 07:22:50.619073,17.8,completed,2.24
SUB209610,P100336,S5341,2025-06-15 07:57:23.270789,19.4,timed_out,0.0
SUB209611,P102197,S5051,2025-06-15 08:25:06.766615,22.5,completed,4.21
SUB209612,P100414,S5049,2025-06-15 09:38:53.940632,21.8,rejected,0.0
SUB209613,P100376,S5122,2025-06-15 09:47:56.980677,25.1,completed,5.07
SUB209614,P101610,S5093,2025-06-15 10:36:43.357943,16.0,completed,2.24
SUB209615,P101242,S5350,2025-06-15 10:44:50.771033,16.1,returned,0.0
SUB209616,P100725,S5398,2025-06-15 11:04:05.858994,3.6,completed,0.55
SUB209617,P100515,S5034,2025-06-15 11:31:13.694397,13.1,completed,2.11
SUB209618,P100046,S5198,2025-06-15 11:49:05.723747,12.2,completed,1.92
SUB209619,P100252,S5440,2025-06-15 12:09:57.081103,15.2,returned,0.0
SUB209620,P102075,S5221,2025-06-15 13:35:30.105223,10.8,completed,1.67
SUB209621,P100631,S5090,2025-06-15 13:39:12.835369,22.6,completed,4.43
SUB209622,P100558,S5199,2025-06-15 13:41:24.112349,13.5,completed,2.43
SUB209623,P102916,S5163,2025-06-15 14:10:32.229888,26.9,completed,4.66
SUB209624,P101878,S5371,2025-06-15 14:10:49.997613,7.8,returned,0.0
SUB209625,P101791,S5257,2025-06-15 15:24:13.359350,26.3,completed,5.22
SUB209626,P102723,S5219,2025-06-15 15:34:30.306036,32.3,completed,5.27
SUB209627,P100725,S5181,2025-06-15 16:04:05.858994,8.3,completed,1.59
SUB209628,P102251,S5003,2025-06-15 16:40:58.920628,9.3,completed,1.74
SUB209629,P101295,S5250,2025-06-15 16:47:41.272075,8.2,timed_out,0.0
SUB209630,P101894,S5441,2025-06-15 17:21:01.016721,27.7,completed,5.78
SUB209631,P102753,S5024,2025-06-15 17:30:34.371813,12.1,completed,1.93
SUB209632,P102753,S5366,2025-06-15 17:30:34.371813,20.9,completed,4.22
SUB209633,P102247,S5063,2025-06-15 18:06:25.870196,30.5,completed,5.72
SUB209634,P100414,S5431,2025-06-15 18:38:53.940632,10.0,completed,2.03
SUB209635,P100755,S5146,2025-06-15 18:46:50.155461,37.7,completed,6.57
SUB209636,P101524,S5298,2025-06-15 19:19:18.289396,8.6,completed,1.22
SUB209637,P100854,S5078,2025-06-15 19:45:19.299129,16.8,completed,2.96
SUB209638,P102046,S5416,2025-06-15 20:39:26.323379,8.6,completed,1.12
SUB209639,P100249,S5399,2025-06-15 20:44:28.790293,11.7,completed,2.23
SUB209640,P100362,S5340,2025-06-15 20:53:54.856113,14.5,completed,2.31
SUB209641,P100012,S5326,2025-06-15 21:16:27.569135,28.2,completed,4.23
SUB209642,P100046,S5374,2025-06-15 21:49:05.723747,9.2,returned,0.0
SUB209643,P102916,S5065,2025-06-15 22:10:32.229888,8.7,completed,2.03
SUB209644,P102976,S5449,2025-06-15 22:47:00.252851,25.6,completed,3.0
SUB209645,P100851,S5344,2025-06-15 22:57:57.675236,24.7,completed,5.0
SUB209646,P100749,S5183,2025-06-15 23:11:51.185910,9.9,completed,1.35
SUB209647,P100972,S5249,2025-06-15 23:12:27.014772,18.4,completed,2.91
SUB209648,P102926,S5078,2025-06-15 23:22:43.743516,17.1,completed,2.96
SUB209649,P101342,S5232,2025-06-16 00:32:22.040989,31.4,completed,5.33
SUB209650,P102685,S5389,2025-06-16 00:54:06.066527,23.5,completed,4.82
SUB209651,P100295,S5399,2025-06-16 01:04:15.414131,9.1,completed,2.23
SUB209652,P100707,S5064,2025-06-16 01:06:47.141215,15.1,completed,1.98
SUB209653,P100030,S5286,2025-06-16 01:23:45.456222,27.8,completed,6.85
SUB209654,P102326,S5273,2025-06-16 02:23:04.702097,14.1,timed_out,0.0
SUB209655,P102251,S5380,2025-06-16 02:40:58.920628,34.7,returned,0.0
SUB209656,P100092,S5301,2025-06-16 02:45:16.848301,38.0,completed,6.85
SUB209657,P102623,S5132,2025-06-16 03:12:20.509094,25.8,completed,4.18
SUB209658,P101244,S5008,2025-06-16 03:27:26.288305,50.9,completed,9.33
SUB209659,P101109,S5359,2025-06-16 04:02:47.975989,14.2,completed,2.5
SUB209660,P102541,S5424,2025-06-16 04:21:45.441149,13.7,completed,2.82
SUB209661,P101674,S5199,2025-06-16 05:26:03.563829,13.9,completed,2.43
SUB209662,P100414,S5347,2025-06-16 05:38:53.940632,16.1,completed,3.44
SUB209663,P102104,S5388,2025-06-16 06:22:50.619073,18.6,completed,3.85
SUB209664,P101599,S5118,2025-06-16 06:22:56.105452,10.4,completed,1.89
SUB209665,P101244,S5230,2025-06-16 06:27:26.288305,33.2,completed,4.69
SUB209666,P101225,S5231,2025-06-16 06:44:44.349542,12.5,completed,3.05
SUB209667,P102846,S5186,2025-06-16 06:52:39.635421,20.7,rejected,0.0
SUB209668,P100192,S5175,2025-06-16 06:55:56.001516,9.0,completed,1.17
SUB209669,P102552,S5044,2025-06-16 06:59:45.815095,16.4,returned,0.0
SUB209670,P100279,S5155,2025-06-16 07:36:42.191018,18.2,completed,2.42
SUB209671,P102251,S5094,2025-06-16 07:40:58.920628,50.9,completed,7.69
SUB209672,P101894,S5429,2025-06-16 08:21:01.016721,34.5,completed,5.74
SUB209673,P100030,S5401,2025-06-16 08:23:45.456222,6.1,completed,1.35
SUB209674,P100645,S5094,2025-06-16 08:36:29.835854,52.8,completed,7.69
SUB209675,P102363,S5016,2025-06-16 09:45:47.801212,8.8,completed,1.61
SUB209676,P101151,S5233,2025-06-16 10:08:02.688497,12.0,returned,0.0
SUB209677,P102753,S5141,2025-06-16 10:30:34.371813,12.0,completed,2.82
SUB209678,P102214,S5384,2025-06-16 10:31:45.532869,12.2,completed,2.81
SUB209679,P101353,S5100,2025-06-16 11:40:44.161113,17.7,completed,2.55
SUB209680,P101660,S5169,2025-06-16 13:02:40.345429,13.3,completed,2.64
SUB209681,P101029,S5151,2025-06-16 13:28:31.647798,23.6,completed,3.74
SUB209682,P101292,S5107,2025-06-16 13:41:52.455912,9.4,completed,1.66
SUB209683,P101292,S5067,2025-06-16 13:41:52.455912,16.6,completed,2.5
SUB209684,P101355,S5067,2025-06-16 14:21:22.283976,19.9,completed,2.5
SUB209685,P101617,S5134,2025-06-16 14:52:18.376137,20.6,completed,3.04
SUB209686,P101271,S5296,2025-06-16 15:12:07.674073,11.9,completed,2.35
SUB209687,P101617,S5175,2025-06-16 15:52:18.376137,7.4,completed,1.17
SUB209688,P101573,S5424,2025-06-16 16:02:57.459224,14.6,timed_out,0.0
SUB209689,P102247,S5358,2025-06-16 16:06:25.870196,5.9,completed,0.91
SUB209690,P102197,S5302,2025-06-16 16:25:06.766615,8.9,completed,1.84
SUB209691,P101355,S5351,2025-06-16 17:21:22.283976,17.7,timed_out,0.0
SUB209692,P100012,S5017,2025-06-16 19:16:27.569135,14.4,completed,2.08
SUB209693,P102541,S5199,2025-06-16 19:21:45.441149,17.1,completed,2.43
SUB209694,P100851,S5131,2025-06-16 19:57:57.675236,14.0,completed,2.11
SUB209695,P102722,S5365,2025-06-16 20:36:08.708914,11.1,completed,1.75
SUB209696,P101356,S5432,2025-06-16 20:43:08.643100,8.0,completed,1.14
SUB209697,P102976,S5199,2025-06-16 21:47:00.252851,14.2,completed,2.43
SUB209698,P100065,S5431,2025-06-16 22:05:21.763310,10.3,completed,2.03
SUB209699,P100848,S5262,2025-06-16 22:09:24.712006,15.0,completed,2.3
SUB209700,P102539,S5184,2025-06-16 22:25:49.598445,4.6,timed_out,0.0
SUB209701,P102496,S5269,2025-06-16 22:31:11.895022,3.9,completed,0.67
SUB209702,P102748,S5441,2025-06-16 23:42:39.934809,21.9,completed,5.78
SUB209703,P100432,S5311,2025-06-17 00:51:57.534167,24.5,completed,6.06
SUB209704,P100951,S5188,2025-06-17 01:02:14.251078,13.9,completed,1.52
SUB209705,P101689,S5445,2025-06-17 01:46:59.152238,15.2,completed,1.78
SUB209706,P101618,S5023,2025-06-17 02:20:31.355485,37.5,completed,5.41
SUB209707,P101292,S5273,2025-06-17 02:41:52.455912,12.5,timed_out,0.0
SUB209708,P101689,S5353,2025-06-17 02:46:59.152238,14.2,completed,2.92
SUB209709,P102377,S5366,2025-06-17 03:05:14.327957,20.5,completed,4.22
SUB209710,P101125,S5196,2025-06-17 04:13:00.918610,16.7,completed,2.1
SUB209711,P102326,S5095,2025-06-17 04:23:04.702097,8.7,completed,0.98
SUB209712,P101244,S5052,2025-06-17 04:27:26.288305,8.2,completed,1.48
SUB209713,P102202,S5061,2025-06-17 04:27:38.306088,8.4,completed,1.35
SUB209714,P100362,S5400,2025-06-17 04:53:54.856113,15.0,completed,2.24
SUB209715,P100877,S5396,2025-06-17 05:55:07.360943,62.5,completed,14.95
SUB209716,P102642,S5080,2025-06-17 06:02:06.342954,13.6,completed,2.72
SUB209717,P101610,S5162,2025-06-17 06:36:43.357943,9.4,completed,1.35
SUB209718,P100264,S5418,2025-06-17 07:41:55.923293,8.7,completed,1.77
SUB209719,P102473,S5341,2025-06-17 08:12:45.588871,28.2,completed,3.95
SUB209720,P101195,S5274,2025-06-17 08:27:53.354733,7.4,returned,0.0
SUB209721,P100594,S5109,2025-06-17 08:32:25.013599,19.2,completed,3.53
SUB209722,P100897,S5102,2025-06-17 09:10:20.755931,13.0,completed,3.21
SUB209723,P101618,S5068,2025-06-17 09:20:31.355485,7.0,completed,1.02
SUB209724,P100758,S5321,2025-06-17 10:22:26.660681,16.9,completed,3.12
SUB209725,P102870,S5388,2025-06-17 10:24:52.708091,16.6,completed,3.85
SUB209726,P101769,S5142,2025-06-17 11:19:46.780244,8.7,completed,1.79
SUB209727,P100549,S5446,2025-06-17 12:06:50.167223,10.0,returned,0.0
SUB209728,P101234,S5072,2025-06-17 12:52:56.522958,15.7,completed,2.03
SUB209729,P102065,S5279,2025-06-17 13:38:01.368896,13.1,completed,1.83
SUB209730,P101272,S5220,2025-06-17 13:49:54.889534,7.6,completed,1.0
SUB209731,P102322,S5221,2025-06-17 14:38:38.047409,10.5,completed,1.67
SUB209732,P102917,S5171,2025-06-17 15:00:24.525865,2.6,completed,0.44
SUB209733,P101617,S5088,2025-06-17 15:52:18.376137,8.2,completed,1.54
SUB209734,P102501,S5183,2025-06-17 15:53:56.212082,9.7,returned,0.0
SUB209735,P101945,S5041,2025-06-17 16:09:45.665663,24.5,completed,2.54
SUB209736,P101686,S5105,2025-06-17 16:53:18.734942,6.4,rejected,0.0
SUB209737,P101878,S5149,2025-06-17 17:10:49.997613,6.7,completed,1.19
SUB209738,P102944,S5234,2025-06-17 17:17:01.719711,22.3,completed,3.29
SUB209739,P100683,S5186,2025-06-17 17:29:31.267052,17.8,completed,2.4
SUB209740,P102276,S5262,2025-06-17 17:32:11.748763,12.3,completed,2.3
SUB209741,P100825,S5140,2025-06-17 17:33:06.027806,10.4,completed,1.71
SUB209742,P101674,S5155,2025-06-17 18:26:03.563829,21.9,completed,2.42
SUB209743,P100570,S5284,2025-06-17 18:29:40.642345,9.9,completed,1.81
SUB209744,P100062,S5344,2025-06-17 18:44:26.859794,22.3,completed,5.0
SUB209745,P101981,S5422,2025-06-17 19:21:25.647623,44.0,completed,5.85
SUB209746,P100509,S5128,2025-06-17 19:42:39.375446,24.8,timed_out,0.0
SUB209747,P100991,S5392,2025-06-17 20:15:33.001221,24.1,timed_out,0.0
SUB209748,P100112,S5097,2025-06-17 20:15:55.214894,12.6,completed,2.1
SUB209749,P101981,S5002,2025-06-17 21:21:25.647623,44.0,completed,7.35
SUB209750,P100506,S5423,2025-06-17 22:11:56.855909,13.9,completed,2.7
SUB209751,P101123,S5352,2025-06-17 22:16:09.185295,11.8,completed,2.32
SUB209752,P100414,S5168,2025-06-17 22:38:53.940632,8.9,completed,1.46
SUB209753,P100191,S5067,2025-06-17 23:06:29.388532,16.4,returned,0.0
SUB209754,P100570,S5375,2025-06-17 23:29:40.642345,58.9,completed,8.07
SUB209755,P100723,S5058,2025-06-17 23:49:49.831276,14.8,completed,1.95
SUB209756,P102135,S5170,2025-06-17 23:50:21.834150,22.0,completed,3.95
SUB209757,P101852,S5069,2025-06-17 23:51:26.776880,15.1,completed,2.97
SUB209758,P102501,S5219,2025-06-17 23:53:56.212082,41.8,completed,5.27
SUB209759,P101406,S5436,2025-06-17 23:57:57.623040,32.8,completed,4.74
SUB209760,P101916,S5068,2025-06-17 23:59:17.083324,6.3,completed,1.02
SUB209761,P102207,S5383,2025-06-18 00:00:26.548182,23.6,completed,3.52
SUB209762,P100732,S5380,2025-06-18 00:04:31.042817,48.0,returned,0.0
SUB209763,P100920,S5205,2025-06-18 00:11:59.715075,18.1,completed,3.34
SUB209764,P101292,S5069,2025-06-18 00:41:52.455912,16.0,completed,2.97
SUB209765,P100931,S5156,2025-06-18 00:51:25.803193,11.8,completed,1.7
SUB209766,P101420,S5061,2025-06-18 00:58:14.456381,7.1,completed,1.35
SUB209767,P102916,S5366,2025-06-18 01:10:32.229888,30.2,returned,0.0
SUB209768,P102425,S5240,2025-06-18 01:21:30.980838,20.4,completed,4.21
SUB209769,P101791,S5264,2025-06-18 01:24:13.359350,5.3,completed,0.77
SUB209770,P101553,S5155,2025-06-18 02:21:38.686243,24.6,completed,2.42
SUB209771,P102202,S5313,2025-06-18 03:27:38.306088,34.0,completed,4.36
SUB209772,P100891,S5440,2025-06-18 03:43:23.806145,21.8,completed,2.63
SUB209773,P102065,S5013,2025-06-18 05:38:01.368896,10.2,completed,2.39
SUB209774,P102772,S5139,2025-06-18 05:38:24.459909,31.5,timed_out,0.0
SUB209775,P101444,S5264,2025-06-18 05:41:47.745268,5.0,completed,0.77
SUB209776,P100877,S5227,2025-06-18 05:55:07.360943,34.9,completed,5.59
SUB209777,P102571,S5234,2025-06-18 05:57:21.771122,29.8,completed,3.29
SUB209778,P100058,S5193,2025-06-18 06:07:29.417148,1.7,completed,0.4
SUB209779,P101060,S5392,2025-06-18 06:40:36.876937,18.1,completed,3.57
SUB209780,P101630,S5407,2025-06-18 06:48:58.136877,10.1,completed,1.37
SUB209781,P101307,S5423,2025-06-18 07:12:56.275564,14.8,completed,2.7
SUB209782,P102722,S5106,2025-06-18 07:36:08.708914,34.0,timed_out,0.0
SUB209783,P101272,S5347,2025-06-18 07:49:54.889534,18.2,completed,3.44
SUB209784,P100252,S5353,2025-06-18 08:09:57.081103,16.2,completed,2.92
SUB209785,P100645,S5125,2025-06-18 08:36:29.835854,5.1,timed_out,0.0
SUB209786,P102496,S5106,2025-06-18 10:31:11.895022,23.6,completed,5.46
SUB209787,P101123,S5338,2025-06-18 11:16:09.185295,31.5,completed,5.0
SUB209788,P101610,S5415,2025-06-18 11:36:43.357943,46.4,completed,6.13
SUB209789,P101617,S5287,2025-06-18 11:52:18.376137,30.0,completed,3.93
SUB209790,P101633,S5040,2025-06-18 12:22:33.003817,24.3,returned,0.0
SUB209791,P101605,S5020,2025-06-18 12:50:10.630751,20.0,completed,4.2
SUB209792,P102324,S5315,2025-06-18 13:44:32.502386,13.0,completed,1.77
SUB209793,P100877,S5282,2025-06-18 13:55:07.360943,21.1,completed,3.47
SUB209794,P101292,S5240,2025-06-18 14:41:52.455912,28.4,completed,4.21
SUB209795,P100153,S5132,2025-06-18 14:57:14.114443,20.2,completed,4.18
SUB209796,P102137,S5392,2025-06-18 15:13:50.456765,22.5,completed,3.57
SUB209797,P101213,S5154,2025-06-18 15:19:58.739644,7.2,completed,1.75
SUB209798,P101185,S5042,2025-06-18 15:58:27.921137,43.2,completed,6.13
SUB209799,P100092,S5292,2025-06-18 17:45:16.848301,27.4,completed,4.41
SUB209800,P102135,S5083,2025-06-18 17:50:21.834150,6.0,returned,0.0
SUB209801,P102552,S5248,2025-06-18 17:59:45.815095,17.5,completed,2.27
SUB209802,P102275,S5161,2025-06-18 18:27:58.543003,14.5,completed,1.91
SUB209803,P101540,S5061,2025-06-18 18:35:47.652850,8.9,completed,1.35
SUB209804,P101060,S5195,2025-06-18 18:40:36.876937,17.9,completed,2.24
SUB209805,P100931,S5279,2025-06-18 18:51:25.803193,11.8,completed,1.83
SUB209806,P102846,S5249,2025-06-18 18:52:39.635421,14.6,returned,0.0
SUB209807,P102117,S5154,2025-06-18 19:09:07.861523,8.1,completed,1.75
SUB209808,P101805,S5122,2025-06-18 19:12:21.130800,24.9,completed,5.07
SUB209809,P102989,S5129,2025-06-18 19:23:54.491189,8.5,completed,1.59
SUB209810,P101706,S5352,2025-06-18 19:33:42.848387,9.9,completed,2.32
SUB209811,P101261,S5375,2025-06-18 19:49:57.183928,41.9,completed,8.07
SUB209812,P100732,S5094,2025-06-18 20:04:31.042817,36.5,completed,7.69
SUB209813,P100435,S5010,2025-06-18 20:10:48.145291,16.8,completed,3.21
SUB209814,P101178,S5136,2025-06-18 20:32:44.098320,15.0,completed,2.97
SUB209815,P100905,S5230,2025-06-18 20:35:58.082336,27.8,completed,4.69
SUB209816,P101981,S5260,2025-06-18 21:21:25.647623,10.9,completed,1.81
SUB209817,P100264,S5032,2025-06-18 22:41:55.923293,11.7,completed,1.77
SUB209818,P100897,S5384,2025-06-18 23:10:20.755931,14.4,completed,2.81
SUB209819,P100991,S5348,2025-06-18 23:15:33.001221,2.5,completed,0.71
SUB209820,P100046,S5091,2025-06-18 23:49:05.723747,10.7,completed,1.53
SUB209821,P102107,S5360,2025-06-18 23:55:05.751583,10.7,completed,1.58
SUB209822,P101186,S5156,2025-06-19 00:01:12.535046,14.6,completed,1.7
SUB209823,P101599,S5410,2025-06-19 00:22:56.105452,9.5,completed,1.28
SUB209824,P102073,S5408,2025-06-19 00:22:56.270159,18.3,returned,0.0
SUB209825,P102276,S5364,2025-06-19 00:32:11.748763,13.7,completed,2.63
SUB209826,P101706,S5402,2025-06-19 00:33:42.848387,9.1,completed,1.21
SUB209827,P102175,S5428,2025-06-19 01:03:58.532908,3.6,completed,0.53
SUB209828,P100659,S5082,2025-06-19 01:56:17.581354,8.7,completed,1.14
SUB209829,P101267,S5186,2025-06-19 02:15:58.112595,18.0,completed,2.4
SUB209830,P101225,S5183,2025-06-19 02:44:44.349542,8.4,completed,1.35
SUB209831,P100755,S5082,2025-06-19 02:46:50.155461,9.9,completed,1.14
SUB209832,P100892,S5136,2025-06-19 03:17:55.478415,22.2,completed,2.97
SUB209833,P100435,S5345,2025-06-19 04:10:48.145291,20.6,completed,3.79
SUB209834,P102987,S5387,2025-06-19 05:14:11.706602,11.1,completed,2.49
SUB209835,P101261,S5329,2025-06-19 05:49:57.183928,14.2,timed_out,0.0
SUB209836,P102541,S5061,2025-06-19 07:21:45.441149,9.5,returned,0.0
SUB209837,P100137,S5397,2025-06-19 07:58:02.469119,17.5,completed,2.96
SUB209838,P102730,S5085,2025-06-19 09:16:07.637577,17.2,completed,3.89
SUB209839,P100362,S5117,2025-06-19 09:53:54.856113,18.1,completed,2.98
SUB209840,P102757,S5251,2025-06-19 10:00:56.084593,15.8,timed_out,0.0
SUB209841,P102244,S5092,2025-06-19 10:13:37.680929,16.2,completed,2.72
SUB209842,P100891,S5103,2025-06-19 10:43:23.806145,23.0,completed,3.8
SUB209843,P101724,S5171,2025-06-19 10:54:07.187861,3.5,completed,0.44
SUB209844,P100229,S5330,2025-06-19 11:05:48.975219,12.3,completed,1.88
SUB209845,P101356,S5376,2025-06-19 11:43:08.643100,22.4,completed,4.64
SUB209846,P101080,S5182,2025-06-19 11:59:50.310577,11.7,rejected,0.0
SUB209847,P101475,S5208,2025-06-19 12:30:52.627009,4.5,timed_out,0.0
SUB209848,P102185,S5317,2025-06-19 12:54:53.420678,18.9,returned,0.0
SUB209849,P100192,S5257,2025-06-19 12:55:56.001516,31.5,completed,5.22
SUB209850,P102394,S5132,2025-06-19 13:16:59.451126,23.7,completed,4.18
SUB209851,P102950,S5033,2025-06-19 14:49:08.628177,14.9,completed,2.55
SUB209852,P102185,S5394,2025-06-19 14:54:53.420678,19.4,completed,2.62
SUB209853,P101225,S5141,2025-06-19 15:44:44.349542,17.8,completed,2.82
SUB209854,P101630,S5329,2025-06-19 15:48:58.136877,12.7,completed,2.64
SUB209855,P102571,S5203,2025-06-19 15:57:21.771122,8.0,completed,1.75
SUB209856,P100296,S5111,2025-06-19 16:59:24.039263,8.8,completed,1.79
SUB209857,P100774,S5010,2025-06-19 17:26:39.060126,18.8,completed,3.21
SUB209858,P100058,S5096,2025-06-19 18:07:29.417148,10.2,completed,1.96
SUB209859,P102276,S5265,2025-06-19 19:32:11.748763,12.0,completed,3.01
SUB209860,P102492,S5440,2025-06-19 20:10:37.449514,18.7,completed,2.63
SUB209861,P102276,S5339,2025-06-19 20:32:11.748763,36.9,completed,5.17
SUB209862,P102324,S5235,2025-06-19 20:44:32.502386,12.5,completed,1.93
SUB209863,P101630,S5069,2025-06-19 21:48:58.136877,19.7,completed,2.97
SUB209864,P101660,S5000,2025-06-19 23:02:40.345429,32.4,completed,6.05
SUB209865,P101791,S5014,2025-06-19 23:24:13.359350,27.1,timed_out,0.0
SUB209866,P100828,S5380,2025-06-19 23:47:28.807503,53.3,completed,9.78
SUB209867,P101292,S5380,2025-06-20 00:41:52.455912,36.7,completed,9.78
SUB209868,P101447,S5122,2025-06-20 00:50:48.827689,28.9,completed,5.07
SUB209869,P101457,S5232,2025-06-20 01:01:16.576729,21.2,completed,5.33
SUB209870,P100683,S5379,2025-06-20 01:29:31.267052,8.0,completed,1.42
SUB209871,P102781,S5350,2025-06-20 01:59:40.752210,16.6,completed,3.08
SUB209872,P100438,S5396,2025-06-20 02:53:40.836139,71.5,completed,14.95
SUB209873,P102059,S5328,2025-06-20 03:17:55.234874,50.8,completed,6.81
SUB209874,P101355,S5317,2025-06-20 03:21:22.283976,16.4,completed,2.19
SUB209875,P100094,S5159,2025-06-20 03:55:35.885426,15.7,completed,2.83
SUB209876,P102642,S5306,2025-06-20 04:02:06.342954,14.4,completed,1.96
SUB209877,P102121,S5124,2025-06-20 04:36:51.306396,7.1,completed,1.46
SUB209878,P101630,S5107,2025-06-20 04:48:58.136877,10.7,completed,1.66
SUB209879,P102059,S5266,2025-06-20 05:17:55.234874,9.7,timed_out,0.0
SUB209880,P100327,S5142,2025-06-20 05:32:36.360089,8.0,completed,1.79
SUB209881,P100327,S5292,2025-06-20 05:32:36.360089,40.2,completed,4.41
SUB209882,P101353,S5147,2025-06-20 05:40:44.161113,14.6,completed,2.33
SUB209883,P101151,S5430,2025-06-20 06:08:02.688497,3.4,completed,0.51
SUB209884,P101640,S5092,2025-06-20 06:19:14.845302,13.2,completed,2.72
SUB209885,P102275,S5361,2025-06-20 06:27:58.543003,25.5,completed,4.07
SUB209886,P102753,S5349,2025-06-20 06:30:34.371813,11.9,completed,2.02
SUB209887,P100453,S5307,2025-06-20 06:39:44.291293,26.5,completed,4.57
SUB209888,P100558,S5250,2025-06-20 06:41:24.112349,7.2,completed,1.13
SUB209889,P102128,S5013,2025-06-20 06:41:26.078859,11.3,completed,2.39
SUB209890,P102642,S5055,2025-06-20 07:02:06.342954,13.5,completed,2.11
SUB209891,P102410,S5422,2025-06-20 07:20:07.057856,45.7,completed,5.85
SUB209892,P102412,S5122,2025-06-20 08:07:34.069164,30.1,completed,5.07
SUB209893,P102730,S5010,2025-06-20 08:16:07.637577,20.5,completed,3.21
SUB209894,P101004,S5152,2025-06-20 08:32:52.367906,22.8,completed,2.63
SUB209895,P102685,S5010,2025-06-20 08:54:06.066527,20.0,completed,3.21
SUB209896,P102637,S5315,2025-06-20 10:11:09.180203,11.4,completed,1.77
SUB209897,P100485,S5066,2025-06-20 10:38:51.103254,7.7,completed,1.9
SUB209898,P100533,S5100,2025-06-20 11:12:49.427056,20.1,completed,2.55
SUB209899,P100683,S5048,2025-06-20 11:29:31.267052,4.7,completed,0.86
SUB209900,P102369,S5200,2025-06-20 11:30:17.624035,20.0,completed,2.77
SUB209901,P101475,S5065,2025-06-20 11:30:52.627009,9.3,completed,2.03
SUB209902,P100438,S5448,2025-06-20 11:53:40.836139,3.8,completed,0.76
SUB209903,P101872,S5106,2025-06-20 12:00:40.970375,33.1,completed,5.46
SUB209904,P101206,S5352,2025-06-20 12:03:36.367107,11.4,completed,2.32
SUB209905,P100725,S5247,2025-06-20 12:04:05.858994,15.9,completed,2.43
SUB209906,P100680,S5426,2025-06-20 12:07:33.630370,18.9,completed,2.16
SUB209907,P100552,S5268,2025-06-20 13:11:18.229325,23.8,completed,4.16
SUB209908,P100780,S5087,2025-06-20 13:37:04.096539,9.4,completed,1.52
SUB209909,P101833,S5307,2025-06-20 13:53:14.231593,32.5,rejected,0.0
SUB209910,P100624,S5065,2025-06-20 16:23:32.119254,8.7,completed,2.03
SUB209911,P100771,S5325,2025-06-20 17:44:45.928675,31.7,completed,5.38
SUB209912,P100570,S5122,2025-06-20 19:29:40.642345,26.4,completed,5.07
SUB209913,P100614,S5449,2025-06-20 19:48:09.956407,28.6,completed,3.0
SUB209914,P100308,S5368,2025-06-20 20:55:52.359778,14.5,completed,4.1
SUB209915,P102579,S5394,2025-06-20 21:48:02.970325,17.4,completed,2.62
SUB209916,P102815,S5072,2025-06-20 22:12:19.313699,15.3,completed,2.03
SUB209917,P101205,S5428,2025-06-20 22:37:49.321861,3.6,completed,0.53
SUB209918,P102188,S5138,2025-06-21 00:11:51.236907,9.0,completed,1.79
SUB209919,P102113,S5083,2025-06-21 01:05:06.826863,6.5,completed,0.8
SUB209920,P101894,S5179,2025-06-21 01:21:01.016721,7.9,completed,1.28
SUB209921,P102685,S5219,2025-06-21 01:54:06.066527,32.5,completed,5.27
SUB209922,P100112,S5118,2025-06-21 02:15:55.214894,9.3,completed,1.89
SUB209923,P102595,S5440,2025-06-21 02:40:09.800568,14.7,completed,2.63
SUB209924,P102121,S5221,2025-06-21 03:36:51.306396,9.6,completed,1.67
SUB209925,P101617,S5235,2025-06-21 03:52:18.376137,13.2,returned,0.0
SUB209926,P101213,S5011,2025-06-21 04:19:58.739644,24.1,rejected,0.0
SUB209927,P100055,S5382,2025-06-21 04:51:19.353964,6.6,completed,1.68
SUB209928,P101271,S5382,2025-06-21 05:12:07.674073,9.7,completed,1.68
SUB209929,P101559,S5221,2025-06-21 05:40:21.241528,10.4,completed,1.67
SUB209930,P100386,S5071,2025-06-21 05:52:24.198265,5.5,timed_out,0.0
SUB209931,P102623,S5197,2025-06-21 06:12:20.509094,12.9,returned,0.0
SUB209932,P100549,S5353,2025-06-21 07:06:50.167223,19.6,timed_out,0.0
SUB209933,P100165,S5210,2025-06-21 07:10:30.261650,8.6,completed,1.79
SUB209934,P102508,S5033,2025-06-21 08:14:43.882242,14.9,returned,0.0
SUB209935,P101415,S5113,2025-06-21 08:27:40.172854,10.4,completed,1.98
SUB209936,P102276,S5203,2025-06-21 08:32:11.748763,8.2,completed,1.75
SUB209937,P100238,S5015,2025-06-21 08:43:01.467554,35.8,completed,6.38
SUB209938,P102422,S5092,2025-06-21 09:37:41.680592,16.0,returned,0.0
SUB209939,P101242,S5447,2025-06-21 09:44:50.771033,9.3,returned,0.0
SUB209940,P100854,S5373,2025-06-21 09:45:19.299129,38.2,completed,7.36
SUB209941,P100114,S5223,2025-06-21 10:04:39.759021,12.2,completed,1.76
SUB209942,P101399,S5277,2025-06-21 10:50:32.867459,3.7,completed,0.88
SUB209943,P101553,S5246,2025-06-21 11:21:38.686243,15.9,completed,2.45
SUB209944,P101406,S5255,2025-06-21 11:57:57.623040,24.5,completed,4.13
SUB209945,P100296,S5061,2025-06-21 11:59:24.039263,9.3,completed,1.35
SUB209946,P101213,S5397,2025-06-21 12:19:58.739644,15.3,completed,2.96
SUB209947,P101225,S5406,2025-06-21 12:44:44.349542,10.5,completed,1.69
SUB209948,P101878,S5135,2025-06-21 13:10:49.997613,5.4,completed,1.23
SUB209949,P100264,S5073,2025-06-21 13:41:55.923293,12.3,returned,0.0
SUB209950,P102645,S5278,2025-06-21 14:06:50.794589,25.6,returned,0.0
SUB209951,P100267,S5434,2025-06-21 14:10:54.897831,14.2,completed,2.96
SUB209952,P100968,S5354,2025-06-21 14:15:34.645273,34.6,completed,5.67
SUB209953,P101649,S5364,2025-06-21 14:18:03.612907,16.9,completed,2.63
SUB209954,P101589,S5423,2025-06-21 14:33:23.282282,18.8,completed,2.7
SUB209955,P101353,S5100,2025-06-21 14:40:44.161113,22.9,completed,2.55
SUB209956,P102579,S5185,2025-06-21 14:48:02.970325,36.2,completed,5.65
SUB209957,P100414,S5441,2025-06-21 15:38:53.940632,25.7,completed,5.78
SUB209958,P102976,S5408,2025-06-21 16:47:00.252851,13.1,completed,2.33
SUB209959,P100828,S5407,2025-06-21 19:47:28.807503,10.5,completed,1.37
SUB209960,P102674,S5051,2025-06-21 20:05:43.862179,22.6,completed,4.21
SUB209961,P101945,S5432,2025-06-21 20:09:45.665663,5.8,completed,1.14
SUB209962,P100972,S5176,2025-06-21 20:12:27.014772,27.5,completed,3.77
SUB209963,P101759,S5063,2025-06-21 20:31:07.560431,31.0,completed,5.72
SUB209964,P101779,S5091,2025-06-21 20:55:22.755869,11.5,completed,1.53
SUB209965,P102247,S5074,2025-06-21 21:06:25.870196,18.4,completed,3.1
SUB209966,P102275,S5293,2025-06-21 22:27:58.543003,15.1,returned,0.0
SUB209967,P101662,S5032,2025-06-21 22:45:47.118827,8.9,completed,1.77
SUB209968,P102735,S5025,2025-06-21 22:56:36.532434,15.3,completed,3.06
SUB209969,P100435,S5042,2025-06-21 23:10:48.145291,40.5,completed,6.13
SUB209970,P101640,S5237,2025-06-21 23:19:14.845302,19.3,completed,2.36
SUB209971,P100351,S5343,2025-06-22 00:20:10.643309,25.8,completed,5.58
SUB209972,P101573,S5108,2025-06-22 01:02:57.459224,23.5,completed,3.24
SUB209973,P101894,S5150,2025-06-22 01:21:01.016721,10.1,completed,1.59
SUB209974,P101769,S5358,2025-06-22 02:19:46.780244,6.0,completed,0.91
SUB209975,P102723,S5383,2025-06-22 02:34:30.306036,22.7,completed,3.52
SUB209976,P101674,S5092,2025-06-22 04:26:03.563829,16.2,completed,2.72
SUB209977,P101356,S5117,2025-06-22 04:43:08.643100,14.7,timed_out,0.0
SUB209978,P102324,S5135,2025-06-22 05:44:32.502386,7.4,completed,1.23
SUB209979,P101564,S5362,2025-06-22 06:27:24.401299,22.1,completed,2.99
SUB209980,P100229,S5389,2025-06-22 07:05:48.975219,26.4,completed,4.82
SUB209981,P100683,S5068,2025-06-22 07:29:31.267052,8.4,rejected,0.0
SUB209982,P101353,S5365,2025-06-22 07:40:44.161113,9.6,completed,1.75
SUB209983,P101865,S5351,2025-06-22 07:42:31.041703,17.1,completed,2.75
SUB209984,P102160,S5016,2025-06-22 08:44:04.749852,11.5,returned,0.0
SUB209985,P100506,S5361,2025-06-22 10:11:56.855909,18.5,completed,4.07
SUB209986,P102475,S5134,2025-06-22 10:30:02.107133,20.0,completed,3.04
SUB209987,P102276,S5425,2025-06-22 10:32:11.748763,14.0,completed,2.54
SUB209988,P100453,S5018,2025-06-22 10:39:44.291293,19.5,completed,4.0
SUB209989,P101399,S5070,2025-06-22 11:50:32.867459,15.9,timed_out,0.0
SUB209990,P101485,S5108,2025-06-22 12:52:57.389523,27.2,completed,3.24
SUB209991,P100608,S5311,2025-06-22 14:20:19.594766,30.1,returned,0.0
SUB209992,P100279,S5025,2025-06-22 14:36:42.191018,13.7,completed,3.06
SUB209993,P100419,S5209,2025-06-22 15:54:36.802179,24.5,completed,4.12
SUB209994,P102757,S5188,2025-06-22 17:00:56.084593,12.7,completed,1.52
SUB209995,P101672,S5379,2025-06-22 17:52:07.548913,9.5,completed,1.42
SUB209996,P100972,S5316,2025-06-22 18:12:27.014772,7.1,completed,1.21
SUB209997,P101213,S5316,2025-06-22 18:19:58.739644,5.7,timed_out,0.0
SUB209998,P102561,S5297,2025-06-22 19:21:33.076683,13.2,completed,2.85
SUB209999,P101647,S5144,2025-06-22 20:17:26.391723,31.9,completed,6.85
SUB210000,P102479,S5015,2025-06-22 20:35:27.134341,37.7,completed,6.38
SUB210001,P102496,S5355,2025-06-22 22:31:11.895022,43.4,completed,9.92
SUB210002,P102530,S5148,2025-06-22 22:48:48.549517,13.9,completed,2.06
SUB210003,P102425,S5109,2025-06-22 23:21:30.980838,25.6,completed,3.53
SUB210004,P102952,S5339,2025-06-22 23:40:12.776489,31.3,completed,5.17
SUB210005,P101552,S5330,2025-06-23 00:23:14.077836,12.2,completed,1.88
SUB210006,P101589,S5138,2025-06-23 00:33:23.282282,6.8,completed,1.79
SUB210007,P101335,S5129,2025-06-23 00:33:47.727433,10.7,completed,1.59
SUB210008,P101242,S5266,2025-06-23 00:44:50.771033,8.2,rejected,0.0
SUB210009,P101586,S5404,2025-06-23 00:57:07.440791,6.9,completed,1.2
SUB210010,P102494,S5387,2025-06-23 00:57:09.527205,14.6,returned,0.0
SUB210011,P102754,S5264,2025-06-23 01:08:18.377442,6.6,completed,0.77
SUB210012,P102571,S5258,2025-06-23 01:57:21.771122,20.3,completed,2.75
SUB210013,P102100,S5153,2025-06-23 03:03:03.578514,30.6,completed,5.51
SUB210014,P100991,S5023,2025-06-23 03:15:33.001221,28.5,timed_out,0.0
SUB210015,P100825,S5408,2025-06-23 03:33:06.027806,12.7,completed,2.33
SUB210016,P100376,S5158,2025-06-23 03:47:56.980677,3.4,completed,0.51
SUB210017,P100825,S5291,2025-06-23 05:33:06.027806,22.0,completed,3.36
SUB210018,P102385,S5275,2025-06-23 05:58:12.684853,11.6,completed,1.52
SUB210019,P100418,S5404,2025-06-23 06:01:53.585881,7.6,completed,1.2
SUB210020,P101475,S5064,2025-06-23 07:30:52.627009,12.8,completed,1.98
SUB210021,P102311,S5122,2025-06-23 07:55:19.306918,25.0,timed_out,0.0
SUB210022,P101386,S5292,2025-06-23 08:23:29.162442,28.5,returned,0.0
SUB210023,P100659,S5094,2025-06-23 08:56:17.581354,38.9,returned,0.0
SUB210024,P100756,S5155,2025-06-23 09:36:50.779022,17.8,completed,2.42
SUB210025,P101517,S5131,2025-06-23 10:18:00.265539,13.7,completed,2.11
SUB210026,P102218,S5260,2025-06-23 10:25:42.211432,12.0,completed,1.81
SUB210027,P100429,S5060,2025-06-23 11:15:08.987265,26.3,completed,3.23
SUB210028,P101653,S5249,2025-06-23 11:41:23.874831,14.6,completed,2.91
SUB210029,P101420,S5238,2025-06-23 11:58:14.456381,33.2,completed,3.77
SUB210030,P102377,S5100,2025-06-23 13:05:14.327957,24.3,timed_out,0.0
SUB210031,P102730,S5351,2025-06-23 13:16:07.637577,25.8,timed_out,0.0
SUB210032,P102944,S5187,2025-06-23 13:17:01.719711,28.9,completed,3.11
SUB210033,P102949,S5037,2025-06-23 13:42:42.936600,9.2,completed,1.34
SUB210034,P102620,S5063,2025-06-23 13:42:55.281439,28.5,completed,5.72
SUB210035,P100112,S5216,2025-06-23 14:15:55.214894,14.7,completed,2.13
SUB210036,P101791,S5399,2025-06-23 14:24:13.359350,9.1,timed_out,0.0
SUB210037,P102531,S5232,2025-06-23 14:44:23.867036,32.0,completed,5.33
SUB210038,P101236,S5322,2025-06-23 15:00:50.519920,7.2,completed,0.75
SUB210039,P102492,S5313,2025-06-23 15:10:37.449514,28.9,completed,4.36
SUB210040,P101195,S5238,2025-06-23 15:27:53.354733,29.9,completed,3.77
SUB210041,P101540,S5107,2025-06-23 15:35:47.652850,13.5,completed,1.66
SUB210042,P100854,S5352,2025-06-23 15:45:19.299129,14.4,completed,2.32
SUB210043,P100755,S5396,2025-06-23 15:46:50.155461,55.3,completed,14.95
SUB210044,P102645,S5043,2025-06-23 16:06:50.794589,12.9,completed,2.61
SUB210045,P101244,S5141,2025-06-23 16:27:26.288305,13.3,timed_out,0.0
SUB210046,P100264,S5097,2025-06-23 16:41:55.923293,11.1,completed,2.1
SUB210047,P102473,S5040,2025-06-23 17:12:45.588871,37.3,completed,5.02
SUB210048,P100438,S5258,2025-06-23 18:53:40.836139,19.3,completed,2.75
SUB210049,P100951,S5440,2025-06-23 19:02:14.251078,23.5,completed,2.63
SUB210050,P100308,S5099,2025-06-23 19:55:52.359778,18.4,completed,2.46
SUB210051,P102788,S5349,2025-06-23 20:26:23.213681,15.3,completed,2.02
SUB210052,P100631,S5288,2025-06-23 20:39:12.835369,28.4,completed,5.04
SUB210053,P100245,S5131,2025-06-23 21:03:14.029205,11.1,completed,2.11
SUB210054,P100968,S5233,2025-06-23 21:15:34.645273,11.0,completed,1.99
SUB210055,P102197,S5369,2025-06-23 21:25:06.766615,3.1,completed,0.67
SUB210056,P102119,S5410,2025-06-23 21:31:14.055028,8.9,completed,1.28
SUB210057,P100065,S5363,2025-06-23 22:05:21.763310,11.9,completed,1.6
SUB210058,P102502,S5332,2025-06-23 22:08:59.346407,10.0,completed,1.23
SUB210059,P102621,S5261,2025-06-23 22:34:57.473304,4.2,completed,1.0
SUB210060,P100659,S5268,2025-06-23 22:56:17.581354,30.4,completed,4.16
SUB210061,P102385,S5175,2025-06-23 22:58:12.684853,8.1,completed,1.17
SUB210062,P102389,S5076,2025-06-23 22:58:32.803531,6.1,completed,0.74
SUB210063,P100683,S5086,2025-06-23 23:29:31.267052,43.6,returned,0.0
SUB210064,P102113,S5438,2025-06-24 01:05:06.826863,18.1,completed,3.47
SUB210065,P102815,S5188,2025-06-24 01:12:19.313699,12.5,completed,1.52
SUB210066,P102214,S5315,2025-06-24 01:31:45.532869,12.3,completed,1.77
SUB210067,P101178,S5306,2025-06-24 02:32:44.098320,11.2,completed,1.96
SUB210068,P100364,S5170,2025-06-24 02:52:03.327095,16.7,completed,3.95
SUB210069,P101779,S5347,2025-06-24 02:55:22.755869,16.8,returned,0.0
SUB210070,P100503,S5264,2025-06-24 03:05:31.961696,6.7,completed,0.77
SUB210071,P100981,S5158,2025-06-24 03:12:45.742116,3.4,completed,0.51
SUB210072,P102825,S5019,2025-06-24 03:12:54.227680,5.6,returned,0.0
SUB210073,P102170,S5090,2025-06-24 03:43:08.254928,25.9,completed,4.43
SUB210074,P100715,S5362,2025-06-24 04:25:17.896369,15.6,completed,2.99
SUB210075,P100038,S5312,2025-06-24 04:42:44.345927,11.1,completed,2.82
SUB210076,P101012,S5229,2025-06-24 06:41:53.343366,48.7,rejected,0.0
SUB210077,P101945,S5303,2025-06-24 07:09:45.665663,4.9,completed,0.63
SUB210078,P100252,S5257,2025-06-24 07:09:57.081103,28.2,completed,5.22
SUB210079,P102637,S5390,2025-06-24 07:11:09.180203,43.9,returned,0.0
SUB210080,P100137,S5068,2025-06-24 07:58:02.469119,6.5,completed,1.02
SUB210081,P101107,S5360,2025-06-24 08:06:22.003671,9.9,completed,1.58
SUB210082,P102065,S5113,2025-06-24 08:38:01.368896,8.6,completed,1.98
SUB210083,P102968,S5137,2025-06-24 08:39:28.869169,40.4,completed,6.57
SUB210084,P101878,S5449,2025-06-24 09:10:49.997613,22.9,completed,3.0
SUB210085,P100094,S5409,2025-06-24 09:55:35.885426,13.1,completed,2.05
SUB210086,P101186,S5048,2025-06-24 10:01:12.535046,4.4,completed,0.86
SUB210087,P100851,S5364,2025-06-24 11:57:57.675236,13.1,completed,2.63
SUB210088,P102916,S5238,2025-06-24 12:10:32.229888,29.4,rejected,0.0
SUB210089,P102473,S5106,2025-06-24 12:12:45.588871,28.2,completed,5.46
SUB210090,P102073,S5212,2025-06-24 13:22:56.270159,3.9,completed,0.76
SUB210091,P102075,S5208,2025-06-24 13:35:30.105223,5.3,completed,0.85
SUB210092,P100192,S5139,2025-06-24 13:55:56.001516,27.1,returned,0.0
SUB210093,P102579,S5025,2025-06-24 14:48:02.970325,15.7,completed,3.06
SUB210094,P102143,S5211,2025-06-24 14:58:47.006359,21.3,completed,3.62
SUB210095,P100680,S5255,2025-06-24 15:07:33.630370,21.8,completed,4.13
SUB210096,P100252,S5250,2025-06-24 15:09:57.081103,7.6,completed,1.13
SUB210097,P102441,S5023,2025-06-24 15:19:35.355589,35.1,completed,5.41
SUB210098,P102531,S5345,2025-06-24 15:44:23.867036,19.0,returned,0.0
SUB210099,P100192,S5343,2025-06-24 15:55:56.001516,25.7,completed,5.58
SUB210100,P102730,S5325,2025-06-24 17:16:07.637577,30.7,completed,5.38
SUB210101,P100228,S5137,2025-06-24 19:30:15.172155,27.6,completed,6.57
SUB210102,P100388,S5025,2025-06-24 19:45:14.680578,14.9,completed,3.06
SUB210103,P101102,S5125,2025-06-24 20:59:04.045346,4.9,completed,1.2
SUB210104,P101586,S5252,2025-06-24 21:57:07.440791,18.2,completed,2.01
SUB210105,P102552,S5250,2025-06-24 21:59:45.815095,5.5,completed,1.13
SUB210106,P102987,S5115,2025-06-24 22:14:11.706602,2.6,completed,0.64
SUB210107,P101052,S5221,2025-06-24 22:34:59.932373,10.2,completed,1.67
SUB210108,P100806,S5432,2025-06-24 22:57:14.558068,6.9,completed,1.14
SUB210109,P102214,S5198,2025-06-24 23:31:45.532869,14.8,completed,1.92
SUB210110,P102143,S5375,2025-06-24 23:58:47.006359,41.0,rejected,0.0
SUB210111,P102214,S5048,2025-06-25 00:31:45.532869,4.2,completed,0.86
SUB210112,P100385,S5198,2025-06-25 01:05:04.022431,15.6,completed,1.92
SUB210113,P100273,S5420,2025-06-25 01:50:07.099326,28.5,completed,7.8
SUB210114,P101605,S5426,2025-06-25 01:50:10.630751,16.3,completed,2.16
SUB210115,P101284,S5253,2025-06-25 02:07:21.003957,5.8,returned,0.0
SUB210116,P102117,S5230,2025-06-25 02:09:07.861523,33.3,timed_out,0.0
SUB210117,P100112,S5051,2025-06-25 02:15:55.214894,33.7,completed,4.21
SUB210118,P100758,S5244,2025-06-25 02:22:26.660681,10.4,completed,2.03
SUB210119,P101662,S5392,2025-06-25 02:45:47.118827,20.4,completed,3.57
SUB210120,P102422,S5384,2025-06-25 03:37:41.680592,14.1,completed,2.81
SUB210121,P102251,S5307,2025-06-25 03:40:58.920628,24.0,completed,4.57
SUB210122,P102753,S5384,2025-06-25 04:30:34.371813,11.2,completed,2.81
SUB210123,P101236,S5273,2025-06-25 05:00:50.519920,13.2,completed,1.67
SUB210124,P102917,S5001,2025-06-25 06:00:24.525865,5.3,completed,1.14
SUB210125,P102113,S5410,2025-06-25 06:05:06.826863,7.9,completed,1.28
SUB210126,P102412,S5074,2025-06-25 06:07:34.069164,20.9,completed,3.1
SUB210127,P101610,S5021,2025-06-25 06:36:43.357943,10.9,completed,1.58
SUB210128,P100509,S5278,2025-06-25 06:42:39.375446,23.4,completed,5.75
SUB210129,P102916,S5438,2025-06-25 08:10:32.229888,22.0,completed,3.47
SUB210130,P101125,S5001,2025-06-25 08:13:00.918610,6.4,completed,1.14
SUB210131,P102531,S5120,2025-06-25 08:44:23.867036,23.0,completed,3.32
SUB210132,P100165,S5117,2025-06-25 09:10:30.261650,18.7,completed,2.98
SUB210133,P100193,S5346,2025-06-25 09:24:08.199817,52.9,completed,10.53
SUB210134,P102735,S5327,2025-06-25 09:56:36.532434,28.9,completed,4.13
SUB210135,P100715,S5139,2025-06-25 10:25:17.896369,30.7,completed,6.16
SUB210136,P102952,S5360,2025-06-25 10:40:12.776489,8.4,completed,1.58
SUB210137,P101559,S5122,2025-06-25 10:40:21.241528,26.1,completed,5.07
SUB210138,P100388,S5346,2025-06-25 10:45:14.680578,59.2,completed,10.53
SUB210139,P100884,S5056,2025-06-25 11:46:41.403007,28.8,completed,5.22
SUB210140,P100296,S5351,2025-06-25 11:59:24.039263,22.2,completed,2.75
SUB210141,P100848,S5215,2025-06-25 12:09:24.712006,22.4,completed,3.07
SUB210142,P102501,S5034,2025-06-25 12:53:56.212082,16.5,completed,2.11
SUB210143,P101334,S5087,2025-06-25 12:56:16.864729,7.5,completed,1.52
SUB210144,P100220,S5373,2025-06-25 13:11:17.472849,35.4,completed,7.36
SUB210145,P101524,S5306,2025-06-25 13:19:18.289396,12.9,timed_out,0.0
SUB210146,P101791,S5013,2025-06-25 13:24:13.359350,13.2,timed_out,0.0
SUB210147,P100766,S5271,2025-06-25 13:48:36.350522,17.5,completed,2.99
SUB210148,P100931,S5150,2025-06-25 13:51:25.803193,6.9,completed,1.59
SUB210149,P101623,S5033,2025-06-25 14:09:41.882396,15.9,completed,2.55
SUB210150,P100749,S5342,2025-06-25 15:11:51.185910,41.1,returned,0.0
SUB210151,P102117,S5152,2025-06-25 16:09:07.861523,18.6,completed,2.63
SUB210152,P100220,S5143,2025-06-25 16:11:17.472849,14.2,completed,2.39
SUB210153,P101052,S5139,2025-06-25 16:34:59.932373,29.1,completed,6.16
SUB210154,P102699,S5040,2025-06-25 17:05:15.839633,32.1,completed,5.02
SUB210155,P100506,S5364,2025-06-25 17:11:56.855909,19.2,completed,2.63
SUB210156,P101485,S5227,2025-06-25 18:52:57.389523,31.1,completed,5.59
SUB210157,P102983,S5127,2025-06-25 19:24:58.869963,12.4,completed,1.9
SUB210158,P101029,S5058,2025-06-25 19:28:31.647798,13.6,completed,1.95
SUB210159,P102831,S5393,2025-06-25 19:55:42.038774,22.5,completed,4.54
SUB210160,P101852,S5103,2025-06-25 20:51:26.776880,16.4,completed,3.8
SUB210161,P100114,S5046,2025-06-25 21:04:39.759021,13.9,completed,2.19
SUB210162,P102394,S5203,2025-06-25 21:16:59.451126,10.8,completed,1.75
SUB210163,P102434,S5265,2025-06-25 21:41:17.752711,15.9,returned,0.0
SUB210164,P100755,S5388,2025-06-25 21:46:50.155461,14.9,completed,3.85
SUB210165,P100991,S5196,2025-06-25 22:15:33.001221,14.6,rejected,0.0
SUB210166,P101342,S5284,2025-06-25 22:32:22.040989,10.6,completed,1.81
SUB210167,P102434,S5034,2025-06-25 22:41:17.752711,13.1,completed,2.11
SUB210168,P101544,S5283,2025-06-25 22:44:48.699264,50.5,completed,12.16
SUB210169,P102389,S5255,2025-06-25 22:58:32.803531,22.1,completed,4.13
SUB210170,P101623,S5390,2025-06-25 23:09:41.882396,41.3,timed_out,0.0
SUB210171,P101633,S5288,2025-06-25 23:22:33.003817,33.4,timed_out,0.0
SUB210172,P102831,S5051,2025-06-25 23:55:42.038774,32.0,completed,4.21
SUB210173,P100191,S5058,2025-06-26 00:06:29.388532,14.0,returned,0.0
SUB210174,P102642,S5146,2025-06-26 01:02:06.342954,29.0,rejected,0.0
SUB210175,P100114,S5142,2025-06-26 01:04:39.759021,10.4,completed,1.79
SUB210176,P101107,S5010,2025-06-26 01:06:22.003671,19.4,completed,3.21
SUB210177,P100991,S5217,2025-06-26 01:15:33.001221,11.6,rejected,0.0
SUB210178,P101301,S5212,2025-06-26 01:44:42.244159,4.5,completed,0.76
SUB210179,P101589,S5284,2025-06-26 02:33:23.282282,9.4,completed,1.81
SUB210180,P101110,S5312,2025-06-26 03:00:50.570449,11.4,completed,2.82
SUB210181,P102197,S5269,2025-06-26 03:25:06.766615,4.1,completed,0.67
SUB210182,P102723,S5066,2025-06-26 03:34:30.306036,9.4,completed,1.9
SUB210183,P101815,S5336,2025-06-26 03:45:16.641068,18.2,completed,2.55
SUB210184,P101151,S5314,2025-06-26 04:08:02.688497,26.1,completed,4.48
SUB210185,P100559,S5424,2025-06-26 04:48:41.273183,16.6,completed,2.82
SUB210186,P100723,S5192,2025-06-26 04:49:49.831276,7.1,completed,1.3
SUB210187,P100796,S5250,2025-06-26 04:57:04.809423,6.0,completed,1.13
SUB210188,P100951,S5191,2025-06-26 05:02:14.251078,21.6,completed,3.82
SUB210189,P102412,S5155,2025-06-26 05:07:34.069164,20.1,completed,2.42
SUB210190,P100473,S5388,2025-06-26 05:10:22.588829,17.1,completed,3.85
SUB210191,P101301,S5358,2025-06-26 05:44:42.244159,6.7,completed,0.91
SUB210192,P101242,S5275,2025-06-26 05:44:50.771033,11.8,completed,1.52
SUB210193,P102642,S5217,2025-06-26 06:02:06.342954,12.4,completed,1.51
SUB210194,P100884,S5197,2025-06-26 06:46:41.403007,13.3,completed,1.83
SUB210195,P100279,S5077,2025-06-26 07:36:42.191018,13.0,rejected,0.0
SUB210196,P100362,S5016,2025-06-26 07:53:54.856113,8.0,timed_out,0.0
SUB210197,P102610,S5380,2025-06-26 08:42:35.718113,42.1,completed,9.78
SUB210198,P102073,S5047,2025-06-26 09:22:56.270159,19.5,completed,2.56
SUB210199,P101353,S5034,2025-06-26 09:40:44.161113,18.0,completed,2.11
SUB210200,P100959,S5422,2025-06-26 10:20:17.917379,34.5,returned,0.0
SUB210201,P102128,S5016,2025-06-26 10:41:26.078859,9.5,completed,1.61
SUB210202,P100559,S5356,2025-06-26 10:48:41.273183,6.4,completed,1.33
SUB210203,P100385,S5137,2025-06-26 11:05:04.022431,35.8,completed,6.57
SUB210204,P102029,S5425,2025-06-26 11:19:21.928813,13.6,completed,2.54
SUB210205,P100256,S5288,2025-06-26 11:39:40.767861,31.6,completed,5.04
SUB210206,P102029,S5340,2025-06-26 12:19:21.928813,13.1,completed,2.31
SUB210207,P100614,S5250,2025-06-26 13:48:09.956407,7.7,completed,1.13
SUB210208,P102571,S5243,2025-06-26 14:57:21.771122,8.3,completed,1.36
SUB210209,P100295,S5211,2025-06-26 15:04:15.414131,21.5,completed,3.62
SUB210210,P100766,S5093,2025-06-26 15:48:36.350522,16.8,completed,2.24
SUB210211,P100608,S5345,2025-06-26 16:20:19.594766,23.1,completed,3.79
SUB210212,P100273,S5440,2025-06-26 16:50:07.099326,22.1,completed,2.63
SUB210213,P101485,S5286,2025-06-26 16:52:57.389523,28.3,completed,6.85
SUB210214,P100968,S5217,2025-06-26 17:15:34.645273,10.6,completed,1.51
SUB210215,P100540,S5305,2025-06-26 17:29:33.172413,4.6,completed,0.82
SUB210216,P101353,S5106,2025-06-26 19:40:44.161113,27.6,returned,0.0
SUB210217,P102170,S5384,2025-06-26 19:43:08.254928,15.9,completed,2.81
SUB210218,P102207,S5067,2025-06-26 21:00:26.548182,17.9,completed,2.5
SUB210219,P100892,S5151,2025-06-26 21:17:55.478415,25.4,completed,3.74
SUB210220,P101653,S5318,2025-06-26 21:41:23.874831,7.8,timed_out,0.0
SUB210221,P102135,S5373,2025-06-26 21:50:21.834150,41.9,completed,7.36
SUB210222,P102100,S5251,2025-06-26 23:03:03.578514,15.8,completed,2.19
SUB210223,P101004,S5343,2025-06-26 23:32:52.367906,28.6,completed,5.58
SUB210224,P100897,S5324,2025-06-27 00:10:20.755931,18.1,completed,2.12
SUB210225,P101791,S5156,2025-06-27 00:24:13.359350,11.4,completed,1.7
SUB210226,P101589,S5335,2025-06-27 00:33:23.282282,35.0,completed,5.53
SUB210227,P102121,S5065,2025-06-27 00:36:51.306396,11.5,completed,2.03
SUB210228,P102699,S5252,2025-06-27 01:05:15.839633,15.1,completed,2.01
SUB210229,P100065,S5121,2025-06-27 01:05:21.763310,35.1,completed,4.46
SUB210230,P102369,S5379,2025-06-27 01:30:17.624035,9.2,completed,1.42
SUB210231,P100905,S5400,2025-06-27 01:35:58.082336,11.8,completed,2.24
SUB210232,P100631,S5311,2025-06-27 01:39:12.835369,27.3,completed,6.06
SUB210233,P102046,S5292,2025-06-27 01:39:26.323379,37.3,timed_out,0.0
SUB210234,P100851,S5027,2025-06-27 01:57:57.675236,47.7,returned,0.0
SUB210235,P100503,S5006,2025-06-27 02:05:31.961696,26.6,completed,4.18
SUB210236,P100715,S5383,2025-06-27 02:25:17.896369,22.0,completed,3.52
SUB210237,P102065,S5419,2025-06-27 03:38:01.368896,14.8,completed,1.81
SUB210238,P100414,S5299,2025-06-27 03:38:53.940632,19.2,completed,2.21
SUB210239,P100854,S5038,2025-06-27 03:45:19.299129,21.3,completed,4.91
SUB210240,P102040,S5258,2025-06-27 04:30:28.582358,15.4,completed,2.75
SUB210241,P102722,S5313,2025-06-27 04:36:08.708914,22.8,completed,4.36
SUB210242,P101261,S5420,2025-06-27 05:49:57.183928,46.2,completed,7.8
SUB210243,P100362,S5297,2025-06-27 05:53:54.856113,17.2,completed,2.85
SUB210244,P102473,S5004,2025-06-27 08:12:45.588871,12.3,completed,2.25
SUB210245,P100624,S5148,2025-06-27 08:23:32.119254,12.4,timed_out,0.0
SUB210246,P102166,S5106,2025-06-27 08:26:14.561907,32.0,completed,5.46
SUB210247,P102344,S5100,2025-06-27 09:18:02.493310,18.5,completed,2.55
SUB210248,P102959,S5430,2025-06-27 09:23:44.403799,4.1,completed,0.51
SUB210249,P102166,S5000,2025-06-27 09:26:14.561907,32.6,completed,6.05
SUB210250,P101475,S5194,2025-06-27 09:30:52.627009,22.9,completed,3.46
SUB210251,P101805,S5098,2025-06-27 10:12:21.130800,2.3,completed,0.37
SUB210252,P102059,S5191,2025-06-27 11:17:55.234874,18.4,timed_out,0.0
SUB210253,P100279,S5104,2025-06-27 11:36:42.191018,13.6,completed,3.03
SUB210254,P100193,S5047,2025-06-27 12:24:08.199817,19.8,completed,2.56
SUB210255,P102555,S5210,2025-06-27 12:59:00.108973,11.9,completed,1.79
SUB210256,P100398,S5018,2025-06-27 13:24:20.184764,27.6,completed,4.0
SUB210257,P101630,S5234,2025-06-27 13:48:58.136877,28.1,completed,3.29
SUB210258,P101916,S5343,2025-06-27 13:59:17.083324,34.6,rejected,0.0
SUB210259,P100191,S5077,2025-06-27 16:06:29.388532,13.1,completed,2.08
SUB210260,P102999,S5014,2025-06-27 16:18:24.876713,32.0,rejected,0.0
SUB210261,P101981,S5339,2025-06-27 17:21:25.647623,26.2,completed,5.17
SUB210262,P101004,S5358,2025-06-27 17:32:52.367906,7.7,completed,0.91
SUB210263,P101599,S5328,2025-06-27 18:22:56.105452,48.1,completed,6.81
SUB210264,P101559,S5212,2025-06-27 18:40:21.241528,3.1,completed,0.76
SUB210265,P102210,S5072,2025-06-27 18:41:30.871573,11.4,completed,2.03
SUB210266,P100362,S5010,2025-06-27 18:53:54.856113,20.8,completed,3.21
SUB210267,P101101,S5359,2025-06-27 19:20:23.119738,13.3,completed,2.5
SUB210268,P100905,S5434,2025-06-27 19:35:58.082336,18.5,completed,2.96
SUB210269,P100273,S5346,2025-06-27 19:50:07.099326,40.7,completed,10.53
SUB210270,P102623,S5399,2025-06-27 20:12:20.509094,11.1,completed,2.23
SUB210271,P100766,S5383,2025-06-27 20:48:36.350522,15.7,completed,3.52
SUB210272,P100003,S5356,2025-06-27 22:38:20.373423,6.4,rejected,0.0
SUB210273,P101617,S5196,2025-06-27 22:52:18.376137,16.6,completed,2.1
SUB210274,P102311,S5169,2025-06-27 22:55:19.306918,17.2,completed,2.64
SUB210275,P102531,S5055,2025-06-27 23:44:23.867036,12.2,completed,2.11
SUB210276,P100552,S5072,2025-06-28 00:11:18.229325,11.9,completed,2.03
SUB210277,P100619,S5102,2025-06-28 00:33:45.032348,14.9,returned,0.0
SUB210278,P102434,S5322,2025-06-28 00:41:17.752711,6.0,completed,0.75
SUB210279,P100435,S5428,2025-06-28 01:10:48.145291,4.0,completed,0.53
SUB210280,P101655,S5422,2025-06-28 01:22:59.015629,35.2,returned,0.0
SUB210281,P100853,S5289,2025-06-28 01:44:30.031681,31.8,completed,6.11
SUB210282,P102872,S5068,2025-06-28 02:44:42.863808,9.0,completed,1.02
SUB210283,P102754,S5358,2025-06-28 03:08:18.377442,5.8,completed,0.91
SUB210284,P101955,S5337,2025-06-28 03:43:41.993611,2.1,completed,0.41
SUB210285,P101779,S5120,2025-06-28 03:55:22.755869,26.7,timed_out,0.0
SUB210286,P102473,S5076,2025-06-28 04:12:45.588871,6.1,completed,0.74
SUB210287,P101195,S5422,2025-06-28 04:27:53.354733,47.9,completed,5.85
SUB210288,P100594,S5016,2025-06-28 04:32:25.013599,8.0,completed,1.61
SUB210289,P102976,S5272,2025-06-28 04:47:00.252851,13.3,completed,1.99
SUB210290,P102496,S5405,2025-06-28 05:31:11.895022,14.6,completed,2.48
SUB210291,P100485,S5181,2025-06-28 05:38:51.103254,10.3,completed,1.59
SUB210292,P102968,S5308,2025-06-28 05:39:28.869169,12.3,completed,2.35
SUB210293,P102862,S5105,2025-06-28 05:59:31.958164,7.2,completed,0.75
SUB210294,P102916,S5056,2025-06-28 06:10:32.229888,34.4,completed,5.22
SUB210295,P102389,S5095,2025-06-28 06:58:32.803531,8.5,completed,0.98
SUB210296,P101327,S5177,2025-06-28 07:24:40.384225,31.7,completed,4.72
SUB210297,P100336,S5125,2025-06-28 07:57:23.270789,6.7,completed,1.2
SUB210298,P100680,S5264,2025-06-28 08:07:33.630370,5.3,timed_out,0.0
SUB210299,P102481,S5259,2025-06-28 08:28:39.362278,44.1,completed,8.82
SUB210300,P102247,S5401,2025-06-28 09:06:25.870196,4.8,completed,1.35
SUB210301,P101213,S5245,2025-06-28 09:19:58.739644,24.6,completed,3.54
SUB210302,P101101,S5004,2025-06-28 09:20:23.119738,16.1,completed,2.25
SUB210303,P101540,S5435,2025-06-28 10:35:47.652850,29.2,completed,4.04
SUB210304,P102311,S5417,2025-06-28 10:55:19.306918,17.7,completed,1.78
SUB210305,P102917,S5038,2025-06-28 11:00:24.525865,21.3,completed,4.91
SUB210306,P100884,S5107,2025-06-28 11:46:41.403007,13.0,completed,1.66
SUB210307,P100947,S5009,2025-06-28 12:48:39.533767,40.1,completed,7.89
SUB210308,P102494,S5281,2025-06-28 12:57:09.527205,9.3,completed,1.47
SUB210309,P102885,S5276,2025-06-28 13:39:35.747663,22.7,completed,4.4
SUB210310,P102053,S5004,2025-06-28 14:02:31.656615,11.6,completed,2.25
SUB210311,P100503,S5321,2025-06-28 14:05:31.961696,17.9,completed,3.12
SUB210312,P100275,S5373,2025-06-28 15:29:08.604344,43.4,timed_out,0.0
SUB210313,P101996,S5262,2025-06-28 15:48:28.421680,11.4,completed,2.3
SUB210314,P101195,S5418,2025-06-28 16:27:53.354733,12.2,completed,1.77
SUB210315,P100092,S5258,2025-06-28 16:45:16.848301,17.1,completed,2.75
SUB210316,P102906,S5349,2025-06-28 17:05:47.163118,15.6,completed,2.02
SUB210317,P102820,S5376,2025-06-28 17:06:54.207759,18.9,completed,4.64
SUB210318,P100485,S5208,2025-06-28 18:38:51.103254,4.8,completed,0.85
SUB210319,P101151,S5239,2025-06-28 19:08:02.688497,13.2,completed,2.22
SUB210320,P102059,S5131,2025-06-28 19:17:55.234874,16.9,completed,2.11
SUB210321,P100522,S5441,2025-06-28 21:19:24.890104,21.2,completed,5.78
SUB210322,P101149,S5340,2025-06-28 21:32:45.610747,10.6,completed,2.31
SUB210323,P100891,S5158,2025-06-28 21:43:23.806145,3.4,returned,0.0
SUB210324,P100723,S5366,2025-06-28 21:49:49.831276,24.3,timed_out,0.0
SUB210325,P102872,S5231,2025-06-28 22:44:42.863808,16.2,returned,0.0
SUB210326,P100943,S5388,2025-06-28 22:56:55.556807,16.6,completed,3.85
SUB210327,P101552,S5291,2025-06-28 23:23:14.077836,18.1,completed,3.36
SUB210328,P101485,S5301,2025-06-29 00:52:57.389523,28.6,completed,6.85
SUB210329,P100385,S5304,2025-06-29 02:05:04.022431,19.8,completed,1.98
SUB210330,P102637,S5319,2025-06-29 02:11:09.180203,13.1,completed,2.06
SUB210331,P100540,S5277,2025-06-29 02:29:33.172413,4.1,completed,0.88
SUB210332,P100003,S5303,2025-06-29 02:38:20.373423,4.9,returned,0.0
SUB210333,P100386,S5061,2025-06-29 02:52:24.198265,7.9,completed,1.35
SUB210334,P100092,S5048,2025-06-29 03:45:16.848301,4.8,completed,0.86
SUB210335,P101485,S5406,2025-06-29 03:52:57.389523,11.9,completed,1.69
SUB210336,P100920,S5294,2025-06-29 05:11:59.715075,20.7,completed,3.41
SUB210337,P102623,S5007,2025-06-29 07:12:20.509094,10.9,completed,1.29
SUB210338,P102276,S5049,2025-06-29 07:32:11.748763,28.4,completed,3.45
SUB210339,P100615,S5282,2025-06-29 07:35:58.363918,25.6,completed,3.47
SUB210340,P102145,S5022,2025-06-29 08:25:23.368456,24.0,completed,3.93
SUB210341,P102121,S5313,2025-06-29 08:36:51.306396,30.7,completed,4.36
SUB210342,P101012,S5384,2025-06-29 08:41:53.343366,15.5,completed,2.81
SUB210343,P102987,S5379,2025-06-29 09:14:11.706602,8.5,completed,1.42
SUB210344,P102105,S5006,2025-06-29 09:23:28.625488,25.6,completed,4.18
SUB210345,P102722,S5171,2025-06-29 09:36:08.708914,3.1,timed_out,0.0
SUB210346,P100558,S5192,2025-06-29 09:41:24.112349,6.2,completed,1.3
SUB210347,P101779,S5099,2025-06-29 09:55:22.755869,23.1,completed,2.46
SUB210348,P102862,S5296,2025-06-29 09:59:31.958164,13.1,completed,2.35
SUB210349,P102394,S5226,2025-06-29 10:16:59.451126,27.2,completed,4.72
SUB210350,P102392,S5217,2025-06-29 11:11:05.806393,14.2,completed,1.51
SUB210351,P100038,S5297,2025-06-29 11:42:44.345927,11.1,completed,2.85
SUB210352,P102427,S5416,2025-06-29 11:48:05.489704,8.9,completed,1.12
SUB210353,P101833,S5042,2025-06-29 11:53:14.231593,40.0,returned,0.0
SUB210354,P102166,S5174,2025-06-29 12:26:14.561907,10.5,completed,1.75
SUB210355,P101553,S5327,2025-06-29 14:21:38.686243,20.7,completed,4.13
SUB210356,P100114,S5263,2025-06-29 15:04:39.759021,23.1,completed,5.29
SUB210357,P100920,S5022,2025-06-29 15:11:59.715075,24.4,completed,3.93
SUB210358,P102922,S5028,2025-06-29 15:20:14.300054,17.6,completed,2.51
SUB210359,P102872,S5096,2025-06-29 15:44:42.863808,6.9,completed,1.96
SUB210360,P101186,S5197,2025-06-29 16:01:12.535046,9.9,completed,1.83
SUB210361,P101599,S5332,2025-06-29 17:22:56.105452,10.4,completed,1.23
SUB210362,P102105,S5362,2025-06-29 17:23:28.625488,15.4,completed,2.99
SUB210363,P102723,S5281,2025-06-29 17:34:30.306036,9.0,completed,1.47
SUB210364,P102968,S5143,2025-06-29 17:39:28.869169,15.8,completed,2.39
SUB210365,P101674,S5158,2025-06-29 18:26:03.563829,2.5,completed,0.51
SUB210366,P100683,S5295,2025-06-29 18:29:31.267052,20.5,completed,3.85
SUB210367,P101178,S5113,2025-06-29 18:32:44.098320,12.4,completed,1.98
SUB210368,P100854,S5210,2025-06-29 18:45:19.299129,8.5,completed,1.79
SUB210369,P101800,S5297,2025-06-29 19:02:14.672906,11.3,completed,2.85
SUB210370,P102968,S5105,2025-06-29 19:39:28.869169,7.2,completed,0.75
SUB210371,P100107,S5218,2025-06-29 19:52:53.103135,6.5,completed,1.24
SUB210372,P101553,S5423,2025-06-29 21:21:38.686243,15.0,completed,2.7
SUB210373,P100715,S5058,2025-06-29 21:25:17.896369,12.5,completed,1.95
SUB210374,P101151,S5110,2025-06-29 22:08:02.688497,21.3,completed,3.19
SUB210375,P101103,S5223,2025-06-29 22:49:31.481444,13.0,completed,1.76
SUB210376,P100438,S5327,2025-06-29 22:53:40.836139,29.1,completed,4.13
SUB210377,P101110,S5280,2025-06-29 23:00:50.570449,58.3,completed,8.52
